pathway,mean_real,mean_synth,mean_diff,effect_size,var_real,var_synth,var_ratio,ks_stat,ks_pval,split_no,fold,origin
HALLMARK_ADIPOGENESIS,0.1509,0.1454,-0.0056,-0.0841,0.0043,0.0044,1.0233,0.0506,0.0003,3,3,MVN
HALLMARK_ALLOGRAFT_REJECTION,0.0646,0.0625,-0.0021,-0.0268,0.0058,0.0067,1.1552,0.0289,0.1109,3,3,MVN
HALLMARK_ANDROGEN_RESPONSE,0.1127,0.1074,-0.0053,-0.0841,0.0039,0.0042,1.0769,0.0584,0.0,3,3,MVN
HALLMARK_ANGIOGENESIS,0.2441,0.2371,-0.0071,-0.0852,0.0067,0.007,1.0448,0.0445,0.0021,3,3,MVN
HALLMARK_APICAL_JUNCTION,0.1232,0.1199,-0.0033,-0.0632,0.0025,0.0029,1.16,0.0419,0.0046,3,3,MVN
HALLMARK_APICAL_SURFACE,0.2004,0.1928,-0.0076,-0.1398,0.0028,0.0031,1.1071,0.0659,0.0,3,3,MVN
HALLMARK_APOPTOSIS,0.1434,0.1393,-0.0041,-0.1224,0.001,0.0012,1.2,0.0691,0.0,3,3,MVN
HALLMARK_BILE_ACID_METABOLISM,-0.0117,-0.0119,-0.0001,-0.0015,0.0083,0.0091,1.0964,0.0269,0.1639,3,3,MVN
HALLMARK_CHOLESTEROL_HOMEOSTASIS,-0.011,-0.0054,0.0056,0.0676,0.0069,0.007,1.0145,0.0529,0.0001,3,3,MVN
HALLMARK_COAGULATION,0.1122,0.1068,-0.0054,-0.0545,0.0094,0.0105,1.117,0.0379,0.014,3,3,MVN
HALLMARK_COMPLEMENT,0.1281,0.1229,-0.0052,-0.1139,0.0019,0.0022,1.1579,0.048,0.0007,3,3,MVN
HALLMARK_DNA_REPAIR,-0.024,-0.0208,0.0032,0.0585,0.0028,0.0033,1.1786,0.0451,0.0018,3,3,MVN
HALLMARK_E2F_TARGETS,-0.025,-0.0216,0.0034,0.0339,0.0097,0.0108,1.1134,0.0356,0.0252,3,3,MVN
HALLMARK_EPITHELIAL_MESENCHYMAL_TRANSITION,0.21,0.2027,-0.0074,-0.0949,0.0055,0.0066,1.2,0.0555,0.0,3,3,MVN
HALLMARK_ESTROGEN_RESPONSE_EARLY,0.1315,0.1268,-0.0046,-0.0711,0.0042,0.0043,1.0238,0.0529,0.0001,3,3,MVN
HALLMARK_ESTROGEN_RESPONSE_LATE,0.1113,0.1083,-0.003,-0.0627,0.0022,0.0023,1.0455,0.0549,0.0001,3,3,MVN
HALLMARK_FATTY_ACID_METABOLISM,0.0429,0.0406,-0.0023,-0.0273,0.0067,0.0069,1.0299,0.0283,0.1244,3,3,MVN
HALLMARK_G2M_CHECKPOINT,0.0269,0.0275,0.0006,0.0075,0.0067,0.0079,1.1791,0.0396,0.0088,3,3,MVN
HALLMARK_GLYCOLYSIS,0.0647,0.0625,-0.0021,-0.0508,0.0016,0.0018,1.125,0.0278,0.1391,3,3,MVN
HALLMARK_HEDGEHOG_SIGNALING,0.0097,0.011,0.0013,0.0143,0.0069,0.0087,1.2609,0.0457,0.0015,3,3,MVN
HALLMARK_HEME_METABOLISM,0.1162,0.1095,-0.0067,-0.1342,0.0024,0.0026,1.0833,0.0665,0.0,3,3,MVN
HALLMARK_HYPOXIA,0.141,0.1356,-0.0054,-0.0768,0.0049,0.005,1.0204,0.0344,0.0333,3,3,MVN
HALLMARK_IL2_STAT5_SIGNALING,0.1166,0.1116,-0.005,-0.1004,0.0024,0.0026,1.0833,0.059,0.0,3,3,MVN
HALLMARK_IL6_JAK_STAT3_SIGNALING,0.2099,0.1997,-0.0102,-0.1592,0.0039,0.0043,1.1026,0.0735,0.0,3,3,MVN
HALLMARK_INFLAMMATORY_RESPONSE,0.0887,0.0847,-0.004,-0.0474,0.0069,0.0076,1.1014,0.0373,0.0163,3,3,MVN
HALLMARK_INTERFERON_ALPHA_RESPONSE,0.1899,0.1757,-0.0142,-0.1329,0.0099,0.0128,1.2929,0.0682,0.0,3,3,MVN
HALLMARK_INTERFERON_GAMMA_RESPONSE,0.0994,0.0947,-0.0047,-0.0727,0.0038,0.0047,1.2368,0.0509,0.0003,3,3,MVN
HALLMARK_KRAS_SIGNALING_DN,-0.3452,-0.3249,0.0203,0.1625,0.0148,0.0163,1.1014,0.081,0.0,3,3,MVN
HALLMARK_KRAS_SIGNALING_UP,0.0241,0.0242,0.0001,0.0013,0.0052,0.0063,1.2115,0.0321,0.0567,3,3,MVN
HALLMARK_MITOTIC_SPINDLE,0.0893,0.0868,-0.0025,-0.0416,0.0033,0.0038,1.1515,0.0414,0.0054,3,3,MVN
HALLMARK_MTORC1_SIGNALING,0.1261,0.1229,-0.0033,-0.0838,0.0014,0.0016,1.1429,0.0396,0.0088,3,3,MVN
HALLMARK_MYC_TARGETS_V1,0.2141,0.2069,-0.0072,-0.1151,0.0036,0.0043,1.1944,0.0633,0.0,3,3,MVN
HALLMARK_MYC_TARGETS_V2,0.09,0.0885,-0.0015,-0.0171,0.0076,0.0084,1.1053,0.026,0.192,3,3,MVN
HALLMARK_MYOGENESIS,0.2319,0.222,-0.0099,-0.1708,0.0033,0.0034,1.0303,0.0703,0.0,3,3,MVN
HALLMARK_NOTCH_SIGNALING,0.1481,0.1414,-0.0066,-0.0802,0.0064,0.0073,1.1406,0.0573,0.0,3,3,MVN
HALLMARK_OXIDATIVE_PHOSPHORYLATION,0.1303,0.1256,-0.0046,-0.0651,0.0047,0.0054,1.1489,0.0625,0.0,3,3,MVN
HALLMARK_P53_PATHWAY,0.0279,0.0297,0.0018,0.046,0.0014,0.0017,1.2143,0.0379,0.014,3,3,MVN
HALLMARK_PANCREAS_BETA_CELLS,-0.1064,-0.0968,0.0096,0.0415,0.049,0.0588,1.2,0.0457,0.0015,3,3,MVN
HALLMARK_PEROXISOME,0.1025,0.0996,-0.003,-0.0585,0.0024,0.0027,1.125,0.0495,0.0004,3,3,MVN
HALLMARK_PI3K_AKT_MTOR_SIGNALING,0.0926,0.0908,-0.0018,-0.055,0.001,0.0012,1.2,0.0512,0.0002,3,3,MVN
HALLMARK_PROTEIN_SECRETION,0.2623,0.2534,-0.0089,-0.1956,0.0019,0.0023,1.2105,0.0839,0.0,3,3,MVN
HALLMARK_REACTIVE_OXYGEN_SPECIES_PATHWAY,0.1351,0.1271,-0.0081,-0.1043,0.0057,0.0062,1.0877,0.0547,0.0001,3,3,MVN
HALLMARK_SPERMATOGENESIS,-0.1245,-0.1127,0.0118,0.126,0.0081,0.0094,1.1605,0.0486,0.0006,3,3,MVN
HALLMARK_TGF_BETA_SIGNALING,0.1932,0.1866,-0.0066,-0.0735,0.0078,0.0083,1.0641,0.0419,0.0046,3,3,MVN
HALLMARK_TNFA_SIGNALING_VIA_NFKB,0.1165,0.1133,-0.0033,-0.0443,0.0051,0.0058,1.1373,0.0278,0.1391,3,3,MVN
HALLMARK_UNFOLDED_PROTEIN_RESPONSE,0.0906,0.0895,-0.0011,-0.0276,0.0016,0.0018,1.125,0.0515,0.0002,3,3,MVN
HALLMARK_UV_RESPONSE_DN,0.1109,0.1074,-0.0035,-0.0613,0.0031,0.0035,1.129,0.0361,0.0218,3,3,MVN
HALLMARK_UV_RESPONSE_UP,0.126,0.1223,-0.0037,-0.0884,0.0016,0.0019,1.1875,0.0503,0.0003,3,3,MVN
HALLMARK_WNT_BETA_CATENIN_SIGNALING,0.0994,0.0948,-0.0046,-0.0561,0.0061,0.0072,1.1803,0.0419,0.0046,3,3,MVN
HALLMARK_XENOBIOTIC_METABOLISM,0.1042,0.1023,-0.0019,-0.0297,0.0042,0.0042,1.0,0.0191,0.5545,3,3,MVN
HALLMARK_ADIPOGENESIS,0.1505,0.1467,-0.0038,-0.0584,0.0042,0.0044,1.0476,0.0526,0.0001,4,4,MVN
HALLMARK_ALLOGRAFT_REJECTION,0.0657,0.0639,-0.0018,-0.0224,0.0058,0.0065,1.1207,0.0278,0.1392,4,4,MVN
HALLMARK_ANDROGEN_RESPONSE,0.1136,0.1086,-0.005,-0.0781,0.004,0.0042,1.05,0.0463,0.0012,4,4,MVN
HALLMARK_ANGIOGENESIS,0.244,0.2354,-0.0087,-0.1043,0.0068,0.007,1.0294,0.0503,0.0003,4,4,MVN
HALLMARK_APICAL_JUNCTION,0.1234,0.1187,-0.0047,-0.0889,0.0026,0.0029,1.1154,0.0622,0.0,4,4,MVN
HALLMARK_APICAL_SURFACE,0.2007,0.1936,-0.0071,-0.1301,0.0028,0.0031,1.1071,0.0653,0.0,4,4,MVN
HALLMARK_APOPTOSIS,0.1431,0.1376,-0.0056,-0.1671,0.001,0.0012,1.2,0.0836,0.0,4,4,MVN
HALLMARK_BILE_ACID_METABOLISM,-0.0107,-0.0099,0.0008,0.0088,0.0081,0.0091,1.1235,0.0254,0.2129,4,4,MVN
HALLMARK_CHOLESTEROL_HOMEOSTASIS,-0.012,-0.0059,0.0061,0.0734,0.0069,0.007,1.0145,0.0613,0.0,4,4,MVN
HALLMARK_COAGULATION,0.1106,0.105,-0.0057,-0.0564,0.0097,0.0106,1.0928,0.0361,0.0218,4,4,MVN
HALLMARK_COMPLEMENT,0.1282,0.1231,-0.0051,-0.1132,0.0019,0.0021,1.1053,0.0544,0.0001,4,4,MVN
HALLMARK_DNA_REPAIR,-0.0245,-0.0197,0.0048,0.088,0.0028,0.0032,1.1429,0.0567,0.0,4,4,MVN
HALLMARK_E2F_TARGETS,-0.025,-0.0225,0.0025,0.0244,0.0096,0.0108,1.125,0.039,0.0103,4,4,MVN
HALLMARK_EPITHELIAL_MESENCHYMAL_TRANSITION,0.2085,0.1991,-0.0094,-0.1203,0.0055,0.0066,1.2,0.065,0.0,4,4,MVN
HALLMARK_ESTROGEN_RESPONSE_EARLY,0.1308,0.1248,-0.006,-0.0906,0.0043,0.0046,1.0698,0.0593,0.0,4,4,MVN
HALLMARK_ESTROGEN_RESPONSE_LATE,0.111,0.1063,-0.0047,-0.0963,0.0022,0.0025,1.1364,0.0581,0.0,4,4,MVN
HALLMARK_FATTY_ACID_METABOLISM,0.0426,0.0433,0.0007,0.0085,0.0067,0.0069,1.0299,0.0344,0.0333,4,4,MVN
HALLMARK_G2M_CHECKPOINT,0.0268,0.0261,-0.0007,-0.008,0.0066,0.0078,1.1818,0.0387,0.0111,4,4,MVN
HALLMARK_GLYCOLYSIS,0.0644,0.0627,-0.0017,-0.0408,0.0016,0.0018,1.125,0.0263,0.1824,4,4,MVN
HALLMARK_HEDGEHOG_SIGNALING,0.0105,0.0124,0.0019,0.0222,0.0068,0.0085,1.25,0.0405,0.0069,4,4,MVN
HALLMARK_HEME_METABOLISM,0.1169,0.1093,-0.0076,-0.1516,0.0024,0.0027,1.125,0.0743,0.0,4,4,MVN
HALLMARK_HYPOXIA,0.1403,0.1334,-0.0069,-0.0977,0.0049,0.0051,1.0408,0.0474,0.0008,4,4,MVN
HALLMARK_IL2_STAT5_SIGNALING,0.1169,0.1116,-0.0053,-0.1056,0.0024,0.0026,1.0833,0.052,0.0002,4,4,MVN
HALLMARK_IL6_JAK_STAT3_SIGNALING,0.2108,0.2003,-0.0105,-0.1637,0.0039,0.0042,1.0769,0.0789,0.0,4,4,MVN
HALLMARK_INFLAMMATORY_RESPONSE,0.0885,0.083,-0.0055,-0.0648,0.0069,0.0076,1.1014,0.0434,0.003,4,4,MVN
HALLMARK_INTERFERON_ALPHA_RESPONSE,0.1914,0.1808,-0.0106,-0.1002,0.0101,0.0123,1.2178,0.0486,0.0006,4,4,MVN
HALLMARK_INTERFERON_GAMMA_RESPONSE,0.1001,0.0962,-0.0039,-0.0604,0.0039,0.0045,1.1538,0.0425,0.0039,4,4,MVN
HALLMARK_KRAS_SIGNALING_DN,-0.3449,-0.3285,0.0164,0.1325,0.0149,0.016,1.0738,0.0734,0.0,4,4,MVN
HALLMARK_KRAS_SIGNALING_UP,0.0246,0.0247,0.0001,0.0007,0.0052,0.0061,1.1731,0.0292,0.1048,4,4,MVN
HALLMARK_MITOTIC_SPINDLE,0.0899,0.0869,-0.0029,-0.0492,0.0033,0.0039,1.1818,0.0515,0.0002,4,4,MVN
HALLMARK_MTORC1_SIGNALING,0.1256,0.1221,-0.0034,-0.0869,0.0015,0.0016,1.0667,0.0425,0.0039,4,4,MVN
HALLMARK_MYC_TARGETS_V1,0.2142,0.2071,-0.007,-0.112,0.0036,0.0043,1.1944,0.0674,0.0,4,4,MVN
HALLMARK_MYC_TARGETS_V2,0.0884,0.0874,-0.0009,-0.01,0.0075,0.009,1.2,0.0376,0.0151,4,4,MVN
HALLMARK_MYOGENESIS,0.2314,0.2209,-0.0105,-0.1763,0.0034,0.0038,1.1176,0.0757,0.0,4,4,MVN
HALLMARK_NOTCH_SIGNALING,0.1475,0.1385,-0.0091,-0.1075,0.0065,0.0077,1.1846,0.0749,0.0,4,4,MVN
HALLMARK_OXIDATIVE_PHOSPHORYLATION,0.1299,0.1263,-0.0036,-0.0514,0.0047,0.0053,1.1277,0.0515,0.0002,4,4,MVN
HALLMARK_P53_PATHWAY,0.0273,0.0277,0.0004,0.0099,0.0015,0.0017,1.1333,0.0272,0.1554,4,4,MVN
HALLMARK_PANCREAS_BETA_CELLS,-0.1043,-0.0973,0.007,0.03,0.0496,0.0587,1.1835,0.0486,0.0006,4,4,MVN
HALLMARK_PEROXISOME,0.1024,0.1011,-0.0013,-0.0256,0.0023,0.0027,1.1739,0.0422,0.0042,4,4,MVN
HALLMARK_PI3K_AKT_MTOR_SIGNALING,0.0924,0.089,-0.0034,-0.1018,0.001,0.0012,1.2,0.0616,0.0,4,4,MVN
HALLMARK_PROTEIN_SECRETION,0.2626,0.2541,-0.0084,-0.1825,0.0019,0.0024,1.2632,0.0827,0.0,4,4,MVN
HALLMARK_REACTIVE_OXYGEN_SPECIES_PATHWAY,0.1345,0.1282,-0.0063,-0.0812,0.0058,0.0064,1.1034,0.0477,0.0008,4,4,MVN
HALLMARK_SPERMATOGENESIS,-0.1245,-0.1134,0.011,0.1187,0.0081,0.0091,1.1235,0.0468,0.001,4,4,MVN
HALLMARK_TGF_BETA_SIGNALING,0.1938,0.1854,-0.0084,-0.0935,0.0078,0.0083,1.0641,0.0529,0.0001,4,4,MVN
HALLMARK_TNFA_SIGNALING_VIA_NFKB,0.1162,0.1115,-0.0047,-0.0633,0.0052,0.006,1.1538,0.0324,0.0532,4,4,MVN
HALLMARK_UNFOLDED_PROTEIN_RESPONSE,0.0899,0.0882,-0.0017,-0.0405,0.0016,0.0019,1.1875,0.0598,0.0,4,4,MVN
HALLMARK_UV_RESPONSE_DN,0.1104,0.1053,-0.0051,-0.0886,0.0031,0.0036,1.1613,0.046,0.0013,4,4,MVN
HALLMARK_UV_RESPONSE_UP,0.1258,0.1213,-0.0045,-0.1077,0.0016,0.0019,1.1875,0.0526,0.0001,4,4,MVN
HALLMARK_WNT_BETA_CATENIN_SIGNALING,0.0986,0.092,-0.0066,-0.0813,0.0061,0.0072,1.1803,0.0529,0.0001,4,4,MVN
HALLMARK_XENOBIOTIC_METABOLISM,0.1038,0.1023,-0.0015,-0.0234,0.0042,0.0044,1.0476,0.028,0.1317,4,4,MVN
HALLMARK_ADIPOGENESIS,0.1502,0.1453,-0.0049,-0.0734,0.0043,0.0045,1.0465,0.0532,0.0001,2,2,MVN
HALLMARK_ALLOGRAFT_REJECTION,0.0651,0.0611,-0.0039,-0.0503,0.0058,0.0065,1.1207,0.0353,0.027,2,2,MVN
HALLMARK_ANDROGEN_RESPONSE,0.1137,0.1088,-0.0048,-0.0766,0.0039,0.0041,1.0513,0.0454,0.0016,2,2,MVN
HALLMARK_ANGIOGENESIS,0.2434,0.234,-0.0094,-0.1117,0.0068,0.0072,1.0588,0.0506,0.0003,2,2,MVN
HALLMARK_APICAL_JUNCTION,0.1232,0.118,-0.0053,-0.1022,0.0026,0.0028,1.0769,0.0535,0.0001,2,2,MVN
HALLMARK_APICAL_SURFACE,0.2009,0.1932,-0.0078,-0.1412,0.0028,0.0032,1.1429,0.0717,0.0,2,2,MVN
HALLMARK_APOPTOSIS,0.143,0.138,-0.0051,-0.1525,0.0011,0.0011,1.0,0.0784,0.0,2,2,MVN
HALLMARK_BILE_ACID_METABOLISM,-0.0112,-0.0096,0.0016,0.0172,0.0082,0.0089,1.0854,0.033,0.0466,2,2,MVN
HALLMARK_CHOLESTEROL_HOMEOSTASIS,-0.0116,-0.0064,0.0052,0.0621,0.0069,0.007,1.0145,0.0512,0.0002,2,2,MVN
HALLMARK_COAGULATION,0.1112,0.1065,-0.0047,-0.0467,0.0097,0.0104,1.0722,0.0254,0.2128,2,2,MVN
HALLMARK_COMPLEMENT,0.1279,0.1224,-0.0054,-0.1198,0.0019,0.0022,1.1579,0.0448,0.0019,2,2,MVN
HALLMARK_DNA_REPAIR,-0.0247,-0.0188,0.0059,0.107,0.0028,0.0032,1.1429,0.0584,0.0,2,2,MVN
HALLMARK_E2F_TARGETS,-0.0256,-0.0216,0.004,0.0396,0.0095,0.0108,1.1368,0.0338,0.0382,2,2,MVN
HALLMARK_EPITHELIAL_MESENCHYMAL_TRANSITION,0.2091,0.201,-0.0081,-0.1043,0.0055,0.0065,1.1818,0.0547,0.0001,2,2,MVN
HALLMARK_ESTROGEN_RESPONSE_EARLY,0.1311,0.1253,-0.0058,-0.0878,0.0042,0.0045,1.0714,0.0711,0.0,2,2,MVN
HALLMARK_ESTROGEN_RESPONSE_LATE,0.1108,0.1065,-0.0043,-0.0891,0.0022,0.0025,1.1364,0.0578,0.0,2,2,MVN
HALLMARK_FATTY_ACID_METABOLISM,0.0424,0.0417,-0.0008,-0.0096,0.0067,0.0069,1.0299,0.0289,0.1109,2,2,MVN
HALLMARK_G2M_CHECKPOINT,0.0263,0.0265,0.0002,0.0018,0.0066,0.0077,1.1667,0.0333,0.0437,2,2,MVN
HALLMARK_GLYCOLYSIS,0.0646,0.0625,-0.002,-0.0491,0.0016,0.0018,1.125,0.0414,0.0054,2,2,MVN
HALLMARK_HEDGEHOG_SIGNALING,0.0112,0.0093,-0.0018,-0.0211,0.0068,0.0085,1.25,0.0359,0.0234,2,2,MVN
HALLMARK_HEME_METABOLISM,0.1167,0.1101,-0.0066,-0.1321,0.0023,0.0026,1.1304,0.0674,0.0,2,2,MVN
HALLMARK_HYPOXIA,0.141,0.1339,-0.0071,-0.0997,0.005,0.0052,1.04,0.0495,0.0004,2,2,MVN
HALLMARK_IL2_STAT5_SIGNALING,0.1167,0.1104,-0.0063,-0.1245,0.0024,0.0027,1.125,0.0607,0.0,2,2,MVN
HALLMARK_IL6_JAK_STAT3_SIGNALING,0.2105,0.1979,-0.0126,-0.1962,0.0039,0.0043,1.1026,0.0888,0.0,2,2,MVN
HALLMARK_INFLAMMATORY_RESPONSE,0.0887,0.0826,-0.0061,-0.0716,0.0069,0.0074,1.0725,0.0361,0.0218,2,2,MVN
HALLMARK_INTERFERON_ALPHA_RESPONSE,0.1891,0.1751,-0.014,-0.1308,0.0101,0.0128,1.2673,0.0575,0.0,2,2,MVN
HALLMARK_INTERFERON_GAMMA_RESPONSE,0.0991,0.0933,-0.0058,-0.0898,0.0039,0.0046,1.1795,0.0483,0.0006,2,2,MVN
HALLMARK_KRAS_SIGNALING_DN,-0.3445,-0.3258,0.0187,0.1494,0.0148,0.0165,1.1149,0.0682,0.0,2,2,MVN
HALLMARK_KRAS_SIGNALING_UP,0.0243,0.0239,-0.0004,-0.006,0.0052,0.0061,1.1731,0.0321,0.0567,2,2,MVN
HALLMARK_MITOTIC_SPINDLE,0.0895,0.0872,-0.0023,-0.0385,0.0033,0.0038,1.1515,0.0445,0.0021,2,2,MVN
HALLMARK_MTORC1_SIGNALING,0.1256,0.122,-0.0036,-0.092,0.0014,0.0016,1.1429,0.044,0.0025,2,2,MVN
HALLMARK_MYC_TARGETS_V1,0.2136,0.2083,-0.0053,-0.0847,0.0036,0.0043,1.1944,0.0584,0.0,2,2,MVN
HALLMARK_MYC_TARGETS_V2,0.0885,0.0891,0.0006,0.0067,0.0074,0.0084,1.1351,0.0257,0.2022,2,2,MVN
HALLMARK_MYOGENESIS,0.2316,0.222,-0.0097,-0.1618,0.0034,0.0038,1.1176,0.0717,0.0,2,2,MVN
HALLMARK_NOTCH_SIGNALING,0.1478,0.1402,-0.0076,-0.093,0.0063,0.0072,1.1429,0.0578,0.0,2,2,MVN
HALLMARK_OXIDATIVE_PHOSPHORYLATION,0.1296,0.1247,-0.0049,-0.0696,0.0047,0.0053,1.1277,0.0622,0.0,2,2,MVN
HALLMARK_P53_PATHWAY,0.0276,0.0276,0.0001,0.0016,0.0015,0.0017,1.1333,0.0249,0.2352,2,2,MVN
HALLMARK_PANCREAS_BETA_CELLS,-0.1016,-0.0877,0.0139,0.06,0.05,0.0577,1.154,0.0437,0.0027,2,2,MVN
HALLMARK_PEROXISOME,0.1023,0.0996,-0.0027,-0.0539,0.0024,0.0027,1.125,0.0454,0.0016,2,2,MVN
HALLMARK_PI3K_AKT_MTOR_SIGNALING,0.0922,0.0896,-0.0026,-0.078,0.001,0.0012,1.2,0.0616,0.0,2,2,MVN
HALLMARK_PROTEIN_SECRETION,0.2629,0.2544,-0.0085,-0.1821,0.0019,0.0024,1.2632,0.0816,0.0,2,2,MVN
HALLMARK_REACTIVE_OXYGEN_SPECIES_PATHWAY,0.1347,0.1268,-0.008,-0.1029,0.0057,0.0063,1.1053,0.0593,0.0,2,2,MVN
HALLMARK_SPERMATOGENESIS,-0.125,-0.1138,0.0112,0.1201,0.0081,0.0093,1.1481,0.0477,0.0008,2,2,MVN
HALLMARK_TGF_BETA_SIGNALING,0.1945,0.1876,-0.0069,-0.0776,0.0078,0.008,1.0256,0.0471,0.0009,2,2,MVN
HALLMARK_TNFA_SIGNALING_VIA_NFKB,0.1165,0.1104,-0.0061,-0.0824,0.0051,0.006,1.1765,0.0483,0.0006,2,2,MVN
HALLMARK_UNFOLDED_PROTEIN_RESPONSE,0.0902,0.0894,-0.0008,-0.0188,0.0016,0.0018,1.125,0.046,0.0013,2,2,MVN
HALLMARK_UV_RESPONSE_DN,0.1112,0.1071,-0.004,-0.0698,0.0031,0.0036,1.1613,0.0471,0.0009,2,2,MVN
HALLMARK_UV_RESPONSE_UP,0.1257,0.1194,-0.0063,-0.1522,0.0016,0.0018,1.125,0.0726,0.0,2,2,MVN
HALLMARK_WNT_BETA_CATENIN_SIGNALING,0.099,0.0948,-0.0042,-0.0533,0.0059,0.0067,1.1356,0.0454,0.0016,2,2,MVN
HALLMARK_XENOBIOTIC_METABOLISM,0.1034,0.1025,-0.0009,-0.0135,0.0043,0.0043,1.0,0.0185,0.5943,2,2,MVN
HALLMARK_ADIPOGENESIS,0.1501,0.1446,-0.0056,-0.0846,0.0043,0.0044,1.0233,0.0602,0.0,1,1,MVN
HALLMARK_ALLOGRAFT_REJECTION,0.0652,0.0642,-0.001,-0.0123,0.0058,0.0063,1.0862,0.0283,0.1244,1,1,MVN
HALLMARK_ANDROGEN_RESPONSE,0.1138,0.1096,-0.0042,-0.0659,0.0039,0.0041,1.0513,0.0396,0.0088,1,1,MVN
HALLMARK_ANGIOGENESIS,0.2436,0.2344,-0.0091,-0.1102,0.0068,0.007,1.0294,0.0602,0.0,1,1,MVN
HALLMARK_APICAL_JUNCTION,0.1232,0.1183,-0.0048,-0.0918,0.0026,0.003,1.1538,0.05,0.0003,1,1,MVN
HALLMARK_APICAL_SURFACE,0.2011,0.1937,-0.0074,-0.1362,0.0028,0.0031,1.1071,0.0639,0.0,1,1,MVN
HALLMARK_APOPTOSIS,0.1435,0.1378,-0.0057,-0.1748,0.001,0.0011,1.1,0.0928,0.0,1,1,MVN
HALLMARK_BILE_ACID_METABOLISM,-0.0115,-0.0097,0.0018,0.0195,0.0082,0.009,1.0976,0.0324,0.0532,1,1,MVN
HALLMARK_CHOLESTEROL_HOMEOSTASIS,-0.0114,-0.0046,0.0069,0.0821,0.0069,0.007,1.0145,0.0671,0.0,1,1,MVN
HALLMARK_COAGULATION,0.1114,0.1052,-0.0063,-0.0625,0.0096,0.0106,1.1042,0.0367,0.0189,1,1,MVN
HALLMARK_COMPLEMENT,0.1282,0.123,-0.0052,-0.1159,0.0019,0.0022,1.1579,0.0515,0.0002,1,1,MVN
HALLMARK_DNA_REPAIR,-0.0244,-0.0192,0.0052,0.0939,0.0028,0.0032,1.1429,0.0552,0.0001,1,1,MVN
HALLMARK_E2F_TARGETS,-0.0242,-0.0217,0.0025,0.0248,0.0097,0.0107,1.1031,0.037,0.0175,1,1,MVN
HALLMARK_EPITHELIAL_MESENCHYMAL_TRANSITION,0.2093,0.1982,-0.0111,-0.1424,0.0056,0.0066,1.1786,0.0604,0.0,1,1,MVN
HALLMARK_ESTROGEN_RESPONSE_EARLY,0.1317,0.1254,-0.0063,-0.0972,0.0042,0.0041,0.9762,0.0691,0.0,1,1,MVN
HALLMARK_ESTROGEN_RESPONSE_LATE,0.1115,0.1069,-0.0046,-0.0983,0.0022,0.0022,1.0,0.061,0.0,1,1,MVN
HALLMARK_FATTY_ACID_METABOLISM,0.0422,0.0409,-0.0012,-0.0152,0.0067,0.0067,1.0,0.0231,0.313,1,1,MVN
HALLMARK_G2M_CHECKPOINT,0.0272,0.0261,-0.0011,-0.0125,0.0067,0.0078,1.1642,0.0425,0.0039,1,1,MVN
HALLMARK_GLYCOLYSIS,0.0649,0.0621,-0.0028,-0.0687,0.0016,0.0018,1.125,0.039,0.0103,1,1,MVN
HALLMARK_HEDGEHOG_SIGNALING,0.0102,0.0102,0.0,0.0005,0.007,0.0089,1.2714,0.0405,0.0069,1,1,MVN
HALLMARK_HEME_METABOLISM,0.1167,0.1093,-0.0074,-0.1498,0.0024,0.0026,1.0833,0.0665,0.0,1,1,MVN
HALLMARK_HYPOXIA,0.1415,0.1336,-0.008,-0.1125,0.005,0.005,1.0,0.048,0.0007,1,1,MVN
HALLMARK_IL2_STAT5_SIGNALING,0.1171,0.1121,-0.005,-0.1002,0.0024,0.0026,1.0833,0.0625,0.0,1,1,MVN
HALLMARK_IL6_JAK_STAT3_SIGNALING,0.2104,0.2001,-0.0103,-0.161,0.0039,0.0043,1.1026,0.0682,0.0,1,1,MVN
HALLMARK_INFLAMMATORY_RESPONSE,0.0888,0.0853,-0.0034,-0.0402,0.007,0.0076,1.0857,0.0338,0.0382,1,1,MVN
HALLMARK_INTERFERON_ALPHA_RESPONSE,0.1897,0.1772,-0.0125,-0.1187,0.01,0.0122,1.22,0.0544,0.0001,1,1,MVN
HALLMARK_INTERFERON_GAMMA_RESPONSE,0.0995,0.0961,-0.0034,-0.0523,0.0039,0.0045,1.1538,0.0361,0.0218,1,1,MVN
HALLMARK_KRAS_SIGNALING_DN,-0.3465,-0.3249,0.0216,0.1721,0.0149,0.0165,1.1074,0.0902,0.0,1,1,MVN
HALLMARK_KRAS_SIGNALING_UP,0.0247,0.0248,0.0001,0.0007,0.0053,0.0063,1.1887,0.0315,0.0644,1,1,MVN
HALLMARK_MITOTIC_SPINDLE,0.0904,0.0866,-0.0038,-0.0638,0.0033,0.0039,1.1818,0.0561,0.0,1,1,MVN
HALLMARK_MTORC1_SIGNALING,0.1263,0.1225,-0.0038,-0.0974,0.0015,0.0016,1.0667,0.0477,0.0008,1,1,MVN
HALLMARK_MYC_TARGETS_V1,0.2143,0.2058,-0.0084,-0.1342,0.0036,0.0042,1.1667,0.0668,0.0,1,1,MVN
HALLMARK_MYC_TARGETS_V2,0.0891,0.0879,-0.0011,-0.0127,0.0077,0.0086,1.1169,0.0243,0.2594,1,1,MVN
HALLMARK_MYOGENESIS,0.2322,0.2202,-0.012,-0.2031,0.0034,0.0036,1.0588,0.0772,0.0,1,1,MVN
HALLMARK_NOTCH_SIGNALING,0.1477,0.1404,-0.0074,-0.089,0.0064,0.0072,1.125,0.0662,0.0,1,1,MVN
HALLMARK_OXIDATIVE_PHOSPHORYLATION,0.1298,0.125,-0.0048,-0.0683,0.0047,0.0052,1.1064,0.059,0.0,1,1,MVN
HALLMARK_P53_PATHWAY,0.0276,0.0288,0.0012,0.029,0.0014,0.0017,1.2143,0.0414,0.0054,1,1,MVN
HALLMARK_PANCREAS_BETA_CELLS,-0.1037,-0.0981,0.0055,0.0237,0.0503,0.0582,1.1571,0.0419,0.0046,1,1,MVN
HALLMARK_PEROXISOME,0.1024,0.1003,-0.0021,-0.0427,0.0024,0.0026,1.0833,0.0333,0.0437,1,1,MVN
HALLMARK_PI3K_AKT_MTOR_SIGNALING,0.0927,0.0893,-0.0034,-0.1007,0.001,0.0013,1.3,0.0697,0.0,1,1,MVN
HALLMARK_PROTEIN_SECRETION,0.2628,0.2518,-0.011,-0.2397,0.0019,0.0023,1.2105,0.092,0.0,1,1,MVN
HALLMARK_REACTIVE_OXYGEN_SPECIES_PATHWAY,0.1347,0.1262,-0.0085,-0.1107,0.0057,0.0061,1.0702,0.0474,0.0008,1,1,MVN
HALLMARK_SPERMATOGENESIS,-0.1243,-0.1129,0.0114,0.1211,0.0083,0.0094,1.1325,0.0431,0.0033,1,1,MVN
HALLMARK_TGF_BETA_SIGNALING,0.1946,0.1855,-0.0092,-0.1032,0.0078,0.0081,1.0385,0.057,0.0,1,1,MVN
HALLMARK_TNFA_SIGNALING_VIA_NFKB,0.1171,0.1136,-0.0035,-0.0469,0.0051,0.0058,1.1373,0.033,0.0466,1,1,MVN
HALLMARK_UNFOLDED_PROTEIN_RESPONSE,0.0908,0.0887,-0.0021,-0.0506,0.0016,0.0018,1.125,0.0587,0.0,1,1,MVN
HALLMARK_UV_RESPONSE_DN,0.1115,0.1066,-0.0049,-0.0853,0.0031,0.0034,1.0968,0.0474,0.0008,1,1,MVN
HALLMARK_UV_RESPONSE_UP,0.1259,0.1215,-0.0044,-0.1066,0.0016,0.0018,1.125,0.0512,0.0002,1,1,MVN
HALLMARK_WNT_BETA_CATENIN_SIGNALING,0.0988,0.0932,-0.0056,-0.0705,0.0059,0.0067,1.1356,0.0558,0.0,1,1,MVN
HALLMARK_XENOBIOTIC_METABOLISM,0.1037,0.1008,-0.0029,-0.0447,0.0043,0.0044,1.0233,0.0324,0.0532,1,1,MVN
HALLMARK_ADIPOGENESIS,0.1503,0.1446,-0.0057,-0.0866,0.0043,0.0044,1.0233,0.0503,0.0003,5,5,MVN
HALLMARK_ALLOGRAFT_REJECTION,0.0651,0.0622,-0.0029,-0.0376,0.0059,0.0064,1.0847,0.0237,0.2855,5,5,MVN
HALLMARK_ANDROGEN_RESPONSE,0.1134,0.1097,-0.0037,-0.0573,0.0039,0.0043,1.1026,0.0451,0.0018,5,5,MVN
HALLMARK_ANGIOGENESIS,0.2436,0.2351,-0.0085,-0.1019,0.0068,0.0072,1.0588,0.0454,0.0016,5,5,MVN
HALLMARK_APICAL_JUNCTION,0.1229,0.1174,-0.0055,-0.1053,0.0026,0.0029,1.1154,0.0552,0.0001,5,5,MVN
HALLMARK_APICAL_SURFACE,0.2007,0.193,-0.0077,-0.1387,0.0028,0.0033,1.1786,0.0685,0.0,5,5,MVN
HALLMARK_APOPTOSIS,0.1431,0.1368,-0.0062,-0.1847,0.001,0.0012,1.2,0.0882,0.0,5,5,MVN
HALLMARK_BILE_ACID_METABOLISM,-0.0111,-0.0075,0.0035,0.0381,0.0081,0.009,1.1111,0.0393,0.0095,5,5,MVN
HALLMARK_CHOLESTEROL_HOMEOSTASIS,-0.0119,-0.0066,0.0053,0.0638,0.007,0.007,1.0,0.0413,0.0054,5,5,MVN
HALLMARK_COAGULATION,0.1102,0.1019,-0.0082,-0.0827,0.0096,0.0103,1.0729,0.037,0.0175,5,5,MVN
HALLMARK_COMPLEMENT,0.1277,0.1213,-0.0064,-0.1409,0.0019,0.0023,1.2105,0.0642,0.0,5,5,MVN
HALLMARK_DNA_REPAIR,-0.0242,-0.0201,0.0042,0.0761,0.0028,0.0032,1.1429,0.0497,0.0004,5,5,MVN
HALLMARK_E2F_TARGETS,-0.0241,-0.0222,0.0018,0.0182,0.0098,0.0106,1.0816,0.0448,0.0019,5,5,MVN
HALLMARK_EPITHELIAL_MESENCHYMAL_TRANSITION,0.2081,0.1969,-0.0112,-0.1454,0.0055,0.0065,1.1818,0.0593,0.0,5,5,MVN
HALLMARK_ESTROGEN_RESPONSE_EARLY,0.1307,0.1236,-0.0071,-0.1084,0.0042,0.0043,1.0238,0.0598,0.0,5,5,MVN
HALLMARK_ESTROGEN_RESPONSE_LATE,0.111,0.1055,-0.0055,-0.1146,0.0022,0.0024,1.0909,0.0729,0.0,5,5,MVN
HALLMARK_FATTY_ACID_METABOLISM,0.0428,0.0415,-0.0013,-0.0158,0.0067,0.0068,1.0149,0.0197,0.5159,5,5,MVN
HALLMARK_G2M_CHECKPOINT,0.0276,0.026,-0.0017,-0.0194,0.0068,0.0077,1.1324,0.0382,0.013,5,5,MVN
HALLMARK_GLYCOLYSIS,0.0647,0.0622,-0.0025,-0.0614,0.0016,0.0017,1.0625,0.035,0.029,5,5,MVN
HALLMARK_HEDGEHOG_SIGNALING,0.0102,0.0134,0.0032,0.036,0.007,0.0086,1.2286,0.0422,0.0042,5,5,MVN
HALLMARK_HEME_METABOLISM,0.1167,0.1109,-0.0058,-0.1167,0.0024,0.0026,1.0833,0.0659,0.0,5,5,MVN
HALLMARK_HYPOXIA,0.1404,0.1327,-0.0077,-0.1097,0.0049,0.005,1.0204,0.046,0.0013,5,5,MVN
HALLMARK_IL2_STAT5_SIGNALING,0.1165,0.1105,-0.006,-0.1194,0.0024,0.0026,1.0833,0.0593,0.0,5,5,MVN
HALLMARK_IL6_JAK_STAT3_SIGNALING,0.2103,0.1983,-0.0119,-0.1855,0.0039,0.0043,1.1026,0.087,0.0,5,5,MVN
HALLMARK_INFLAMMATORY_RESPONSE,0.0885,0.082,-0.0065,-0.0762,0.0069,0.0076,1.1014,0.0489,0.0005,5,5,MVN
HALLMARK_INTERFERON_ALPHA_RESPONSE,0.191,0.1773,-0.0137,-0.1298,0.0099,0.0122,1.2323,0.063,0.0,5,5,MVN
HALLMARK_INTERFERON_GAMMA_RESPONSE,0.1002,0.0951,-0.0051,-0.0787,0.0039,0.0046,1.1795,0.0445,0.0021,5,5,MVN
HALLMARK_KRAS_SIGNALING_DN,-0.3464,-0.3265,0.0198,0.1602,0.0148,0.0158,1.0676,0.0859,0.0,5,5,MVN
HALLMARK_KRAS_SIGNALING_UP,0.0248,0.0237,-0.0011,-0.0142,0.0052,0.0062,1.1923,0.0312,0.0686,5,5,MVN
HALLMARK_MITOTIC_SPINDLE,0.0902,0.0866,-0.0037,-0.0619,0.0033,0.0037,1.1212,0.0578,0.0,5,5,MVN
HALLMARK_MTORC1_SIGNALING,0.1261,0.1218,-0.0043,-0.1072,0.0015,0.0017,1.1333,0.0494,0.0004,5,5,MVN
HALLMARK_MYC_TARGETS_V1,0.2146,0.2066,-0.008,-0.1279,0.0036,0.0042,1.1667,0.0682,0.0,5,5,MVN
HALLMARK_MYC_TARGETS_V2,0.0901,0.0884,-0.0017,-0.0191,0.0076,0.0085,1.1184,0.026,0.1922,5,5,MVN
HALLMARK_MYOGENESIS,0.2309,0.219,-0.0119,-0.2026,0.0033,0.0035,1.0606,0.0786,0.0,5,5,MVN
HALLMARK_NOTCH_SIGNALING,0.1477,0.1402,-0.0075,-0.091,0.0064,0.0074,1.1562,0.0578,0.0,5,5,MVN
HALLMARK_OXIDATIVE_PHOSPHORYLATION,0.1301,0.1255,-0.0046,-0.0649,0.0047,0.0052,1.1064,0.0541,0.0001,5,5,MVN
HALLMARK_P53_PATHWAY,0.0271,0.0275,0.0004,0.0091,0.0014,0.0018,1.2857,0.0364,0.0203,5,5,MVN
HALLMARK_PANCREAS_BETA_CELLS,-0.105,-0.0956,0.0093,0.0402,0.0497,0.0583,1.173,0.0405,0.0069,5,5,MVN
HALLMARK_PEROXISOME,0.1024,0.1009,-0.0015,-0.0307,0.0023,0.0026,1.1304,0.0437,0.0027,5,5,MVN
HALLMARK_PI3K_AKT_MTOR_SIGNALING,0.0923,0.0889,-0.0034,-0.1034,0.001,0.0012,1.2,0.0717,0.0,5,5,MVN
HALLMARK_PROTEIN_SECRETION,0.2625,0.2529,-0.0096,-0.2086,0.0019,0.0023,1.2105,0.0812,0.0,5,5,MVN
HALLMARK_REACTIVE_OXYGEN_SPECIES_PATHWAY,0.135,0.1288,-0.0062,-0.0802,0.0057,0.0061,1.0702,0.0347,0.0311,5,5,MVN
HALLMARK_SPERMATOGENESIS,-0.124,-0.1121,0.0118,0.1276,0.0082,0.0091,1.1098,0.0538,0.0001,5,5,MVN
HALLMARK_TGF_BETA_SIGNALING,0.1938,0.1838,-0.0099,-0.1124,0.0078,0.0079,1.0128,0.0561,0.0,5,5,MVN
HALLMARK_TNFA_SIGNALING_VIA_NFKB,0.1164,0.1102,-0.0062,-0.0826,0.0051,0.0061,1.1961,0.0396,0.0088,5,5,MVN
HALLMARK_UNFOLDED_PROTEIN_RESPONSE,0.0903,0.0884,-0.0019,-0.0452,0.0016,0.0019,1.1875,0.0581,0.0,5,5,MVN
HALLMARK_UV_RESPONSE_DN,0.1107,0.1055,-0.0053,-0.0929,0.003,0.0035,1.1667,0.0434,0.003,5,5,MVN
HALLMARK_UV_RESPONSE_UP,0.126,0.1208,-0.0052,-0.1253,0.0016,0.0019,1.1875,0.0587,0.0,5,5,MVN
HALLMARK_WNT_BETA_CATENIN_SIGNALING,0.0985,0.091,-0.0075,-0.0925,0.0061,0.0071,1.1639,0.0564,0.0,5,5,MVN
HALLMARK_XENOBIOTIC_METABOLISM,0.1037,0.1009,-0.0028,-0.0424,0.0043,0.0043,1.0,0.0275,0.1471,5,5,MVN
HALLMARK_ADIPOGENESIS,0.1501,0.16,0.0099,0.1528,0.0043,0.0041,0.9535,0.0769,0.0,1,1,CVAE
HALLMARK_ALLOGRAFT_REJECTION,0.0652,0.0698,0.0047,0.0644,0.0058,0.0047,0.8103,0.0593,0.0,1,1,CVAE
HALLMARK_ANDROGEN_RESPONSE,0.1138,0.1168,0.0031,0.0508,0.0039,0.0034,0.8718,0.0448,0.0019,1,1,CVAE
HALLMARK_ANGIOGENESIS,0.2436,0.2606,0.017,0.213,0.0068,0.0059,0.8676,0.1061,0.0,1,1,CVAE
HALLMARK_APICAL_JUNCTION,0.1232,0.1258,0.0026,0.0538,0.0026,0.0021,0.8077,0.0564,0.0,1,1,CVAE
HALLMARK_APICAL_SURFACE,0.2011,0.2108,0.0097,0.2,0.0028,0.0019,0.6786,0.0998,0.0,1,1,CVAE
HALLMARK_APOPTOSIS,0.1435,0.1524,0.0089,0.3009,0.001,0.0007,0.7,0.1426,0.0,1,1,CVAE
HALLMARK_BILE_ACID_METABOLISM,-0.0115,-0.0056,0.0059,0.0672,0.0082,0.0071,0.8659,0.0784,0.0,1,1,CVAE
HALLMARK_CHOLESTEROL_HOMEOSTASIS,-0.0114,-0.011,0.0004,0.0049,0.0069,0.0061,0.8841,0.07,0.0,1,1,CVAE
HALLMARK_COAGULATION,0.1114,0.1124,0.0009,0.01,0.0096,0.0076,0.7917,0.0382,0.013,1,1,CVAE
HALLMARK_COMPLEMENT,0.1282,0.1376,0.0093,0.2303,0.0019,0.0014,0.7368,0.118,0.0,1,1,CVAE
HALLMARK_DNA_REPAIR,-0.0244,-0.027,-0.0026,-0.0531,0.0028,0.0019,0.6786,0.0544,0.0001,1,1,CVAE
HALLMARK_E2F_TARGETS,-0.0242,-0.0239,0.0004,0.004,0.0097,0.0086,0.8866,0.0442,0.0023,1,1,CVAE
HALLMARK_EPITHELIAL_MESENCHYMAL_TRANSITION,0.2093,0.2174,0.0082,0.1159,0.0056,0.0044,0.7857,0.0639,0.0,1,1,CVAE
HALLMARK_ESTROGEN_RESPONSE_EARLY,0.1317,0.1373,0.0056,0.0885,0.0042,0.0039,0.9286,0.0584,0.0,1,1,CVAE
HALLMARK_ESTROGEN_RESPONSE_LATE,0.1115,0.1188,0.0073,0.159,0.0022,0.0021,0.9545,0.1113,0.0,1,1,CVAE
HALLMARK_FATTY_ACID_METABOLISM,0.0422,0.0511,0.0089,0.1135,0.0067,0.0056,0.8358,0.1001,0.0,1,1,CVAE
HALLMARK_G2M_CHECKPOINT,0.0272,0.0306,0.0034,0.043,0.0067,0.006,0.8955,0.044,0.0025,1,1,CVAE
HALLMARK_GLYCOLYSIS,0.0649,0.0755,0.0105,0.2732,0.0016,0.0014,0.875,0.1501,0.0,1,1,CVAE
HALLMARK_HEDGEHOG_SIGNALING,0.0102,0.0076,-0.0026,-0.0326,0.007,0.0055,0.7857,0.0477,0.0008,1,1,CVAE
HALLMARK_HEME_METABOLISM,0.1167,0.1253,0.0086,0.1871,0.0024,0.0018,0.75,0.0865,0.0,1,1,CVAE
HALLMARK_HYPOXIA,0.1415,0.1511,0.0096,0.1392,0.005,0.0046,0.92,0.0729,0.0,1,1,CVAE
HALLMARK_IL2_STAT5_SIGNALING,0.1171,0.125,0.0079,0.1725,0.0024,0.0018,0.75,0.1064,0.0,1,1,CVAE
HALLMARK_IL6_JAK_STAT3_SIGNALING,0.2104,0.2331,0.0228,0.3976,0.0039,0.0027,0.6923,0.1721,0.0,1,1,CVAE
HALLMARK_INFLAMMATORY_RESPONSE,0.0888,0.0952,0.0064,0.0814,0.007,0.0055,0.7857,0.0642,0.0,1,1,CVAE
HALLMARK_INTERFERON_ALPHA_RESPONSE,0.1897,0.2152,0.0255,0.2837,0.01,0.0061,0.61,0.1287,0.0,1,1,CVAE
HALLMARK_INTERFERON_GAMMA_RESPONSE,0.0995,0.113,0.0135,0.2361,0.0039,0.0027,0.6923,0.1203,0.0,1,1,CVAE
HALLMARK_KRAS_SIGNALING_DN,-0.3465,-0.3886,-0.0421,-0.3615,0.0149,0.0123,0.8255,0.2186,0.0,1,1,CVAE
HALLMARK_KRAS_SIGNALING_UP,0.0247,0.0266,0.0019,0.0267,0.0053,0.0045,0.8491,0.0361,0.0218,1,1,CVAE
HALLMARK_MITOTIC_SPINDLE,0.0904,0.0951,0.0047,0.085,0.0033,0.0027,0.8182,0.0445,0.0021,1,1,CVAE
HALLMARK_MTORC1_SIGNALING,0.1263,0.1348,0.0085,0.237,0.0015,0.0011,0.7333,0.1145,0.0,1,1,CVAE
HALLMARK_MYC_TARGETS_V1,0.2143,0.2241,0.0098,0.1707,0.0036,0.003,0.8333,0.1056,0.0,1,1,CVAE
HALLMARK_MYC_TARGETS_V2,0.0891,0.0874,-0.0017,-0.0205,0.0077,0.006,0.7792,0.0555,0.0,1,1,CVAE
HALLMARK_MYOGENESIS,0.2322,0.2443,0.0121,0.225,0.0034,0.0024,0.7059,0.1084,0.0,1,1,CVAE
HALLMARK_NOTCH_SIGNALING,0.1477,0.1489,0.0011,0.0149,0.0064,0.0048,0.75,0.0671,0.0,1,1,CVAE
HALLMARK_OXIDATIVE_PHOSPHORYLATION,0.1298,0.1418,0.012,0.187,0.0047,0.0036,0.766,0.1368,0.0,1,1,CVAE
HALLMARK_P53_PATHWAY,0.0276,0.0248,-0.0028,-0.0793,0.0014,0.0011,0.7857,0.0523,0.0002,1,1,CVAE
HALLMARK_PANCREAS_BETA_CELLS,-0.1037,-0.1201,-0.0164,-0.0777,0.0503,0.0393,0.7813,0.0804,0.0,1,1,CVAE
HALLMARK_PEROXISOME,0.1024,0.1095,0.007,0.1554,0.0024,0.0017,0.7083,0.1275,0.0,1,1,CVAE
HALLMARK_PI3K_AKT_MTOR_SIGNALING,0.0927,0.0987,0.0059,0.2182,0.001,0.0005,0.5,0.1348,0.0,1,1,CVAE
HALLMARK_PROTEIN_SECRETION,0.2628,0.2749,0.0121,0.295,0.0019,0.0015,0.7895,0.1113,0.0,1,1,CVAE
HALLMARK_REACTIVE_OXYGEN_SPECIES_PATHWAY,0.1347,0.1484,0.0137,0.1897,0.0057,0.0047,0.8246,0.1053,0.0,1,1,CVAE
HALLMARK_SPERMATOGENESIS,-0.1243,-0.1295,-0.0052,-0.059,0.0083,0.0071,0.8554,0.05,0.0003,1,1,CVAE
HALLMARK_TGF_BETA_SIGNALING,0.1946,0.1987,0.0041,0.0479,0.0078,0.0065,0.8333,0.0411,0.0059,1,1,CVAE
HALLMARK_TNFA_SIGNALING_VIA_NFKB,0.1171,0.1227,0.0056,0.0856,0.0051,0.0035,0.6863,0.0818,0.0,1,1,CVAE
HALLMARK_UNFOLDED_PROTEIN_RESPONSE,0.0908,0.0969,0.0061,0.1683,0.0016,0.0011,0.6875,0.1391,0.0,1,1,CVAE
HALLMARK_UV_RESPONSE_DN,0.1115,0.1108,-0.0007,-0.0142,0.0031,0.0021,0.6774,0.0662,0.0,1,1,CVAE
HALLMARK_UV_RESPONSE_UP,0.1259,0.1349,0.009,0.2451,0.0016,0.0011,0.6875,0.122,0.0,1,1,CVAE
HALLMARK_WNT_BETA_CATENIN_SIGNALING,0.0988,0.096,-0.0028,-0.0376,0.0059,0.0048,0.8136,0.0587,0.0,1,1,CVAE
HALLMARK_XENOBIOTIC_METABOLISM,0.1037,0.1108,0.0071,0.1082,0.0043,0.0043,1.0,0.0596,0.0,1,1,CVAE
HALLMARK_ADIPOGENESIS,0.1503,0.1576,0.0073,0.1112,0.0043,0.0042,0.9767,0.0656,0.0,5,5,CVAE
HALLMARK_ALLOGRAFT_REJECTION,0.0651,0.0697,0.0046,0.0642,0.0059,0.0045,0.7627,0.0691,0.0,5,5,CVAE
HALLMARK_ANDROGEN_RESPONSE,0.1134,0.1171,0.0037,0.0603,0.0039,0.0034,0.8718,0.0376,0.0151,5,5,CVAE
HALLMARK_ANGIOGENESIS,0.2436,0.2563,0.0127,0.1593,0.0068,0.006,0.8824,0.0737,0.0,5,5,CVAE
HALLMARK_APICAL_JUNCTION,0.1229,0.1269,0.004,0.0828,0.0026,0.002,0.7692,0.0726,0.0,5,5,CVAE
HALLMARK_APICAL_SURFACE,0.2007,0.2121,0.0114,0.2314,0.0028,0.002,0.7143,0.1018,0.0,5,5,CVAE
HALLMARK_APOPTOSIS,0.1431,0.1518,0.0087,0.2859,0.001,0.0008,0.8,0.1411,0.0,5,5,CVAE
HALLMARK_BILE_ACID_METABOLISM,-0.0111,-0.0107,0.0004,0.0046,0.0081,0.0076,0.9383,0.0778,0.0,5,5,CVAE
HALLMARK_CHOLESTEROL_HOMEOSTASIS,-0.0119,-0.0098,0.0021,0.0254,0.007,0.0066,0.9429,0.0451,0.0018,5,5,CVAE
HALLMARK_COAGULATION,0.1102,0.1136,0.0034,0.038,0.0096,0.0069,0.7188,0.063,0.0,5,5,CVAE
HALLMARK_COMPLEMENT,0.1277,0.136,0.0083,0.2048,0.0019,0.0014,0.7368,0.1165,0.0,5,5,CVAE
HALLMARK_DNA_REPAIR,-0.0242,-0.0262,-0.002,-0.0416,0.0028,0.0018,0.6429,0.0535,0.0001,5,5,CVAE
HALLMARK_E2F_TARGETS,-0.0241,-0.0157,0.0084,0.0869,0.0098,0.0088,0.898,0.0734,0.0,5,5,CVAE
HALLMARK_EPITHELIAL_MESENCHYMAL_TRANSITION,0.2081,0.2179,0.0098,0.1438,0.0055,0.0038,0.6909,0.0862,0.0,5,5,CVAE
HALLMARK_ESTROGEN_RESPONSE_EARLY,0.1307,0.1362,0.0056,0.088,0.0042,0.0037,0.881,0.0607,0.0,5,5,CVAE
HALLMARK_ESTROGEN_RESPONSE_LATE,0.111,0.12,0.0091,0.1976,0.0022,0.002,0.9091,0.126,0.0,5,5,CVAE
HALLMARK_FATTY_ACID_METABOLISM,0.0428,0.05,0.0073,0.0898,0.0067,0.0063,0.9403,0.0781,0.0,5,5,CVAE
HALLMARK_G2M_CHECKPOINT,0.0276,0.0376,0.01,0.1245,0.0068,0.0061,0.8971,0.0769,0.0,5,5,CVAE
HALLMARK_GLYCOLYSIS,0.0647,0.0719,0.0072,0.184,0.0016,0.0015,0.9375,0.1148,0.0,5,5,CVAE
HALLMARK_HEDGEHOG_SIGNALING,0.0102,0.0033,-0.0069,-0.0886,0.007,0.005,0.7143,0.0783,0.0,5,5,CVAE
HALLMARK_HEME_METABOLISM,0.1167,0.1212,0.0044,0.0978,0.0024,0.0017,0.7083,0.076,0.0,5,5,CVAE
HALLMARK_HYPOXIA,0.1404,0.148,0.0076,0.1114,0.0049,0.0043,0.8776,0.0809,0.0,5,5,CVAE
HALLMARK_IL2_STAT5_SIGNALING,0.1165,0.1214,0.0049,0.1052,0.0024,0.002,0.8333,0.0954,0.0,5,5,CVAE
HALLMARK_IL6_JAK_STAT3_SIGNALING,0.2103,0.2279,0.0177,0.3017,0.0039,0.003,0.7692,0.1506,0.0,5,5,CVAE
HALLMARK_INFLAMMATORY_RESPONSE,0.0885,0.0944,0.0059,0.0767,0.0069,0.0051,0.7391,0.0714,0.0,5,5,CVAE
HALLMARK_INTERFERON_ALPHA_RESPONSE,0.191,0.2122,0.0212,0.2358,0.0099,0.0062,0.6263,0.1223,0.0,5,5,CVAE
HALLMARK_INTERFERON_GAMMA_RESPONSE,0.1002,0.1114,0.0112,0.1955,0.0039,0.0027,0.6923,0.12,0.0,5,5,CVAE
HALLMARK_KRAS_SIGNALING_DN,-0.3464,-0.3874,-0.041,-0.3573,0.0148,0.0116,0.7838,0.1946,0.0,5,5,CVAE
HALLMARK_KRAS_SIGNALING_UP,0.0248,0.0246,-0.0002,-0.0031,0.0052,0.0039,0.75,0.0483,0.0006,5,5,CVAE
HALLMARK_MITOTIC_SPINDLE,0.0902,0.0986,0.0084,0.1495,0.0033,0.0029,0.8788,0.0968,0.0,5,5,CVAE
HALLMARK_MTORC1_SIGNALING,0.1261,0.1347,0.0087,0.236,0.0015,0.0012,0.8,0.1058,0.0,5,5,CVAE
HALLMARK_MYC_TARGETS_V1,0.2146,0.2274,0.0128,0.2209,0.0036,0.0031,0.8611,0.1044,0.0,5,5,CVAE
HALLMARK_MYC_TARGETS_V2,0.0901,0.0937,0.0036,0.0441,0.0076,0.0056,0.7368,0.0648,0.0,5,5,CVAE
HALLMARK_MYOGENESIS,0.2309,0.2421,0.0112,0.2095,0.0033,0.0024,0.7273,0.1067,0.0,5,5,CVAE
HALLMARK_NOTCH_SIGNALING,0.1477,0.1493,0.0016,0.0215,0.0064,0.0045,0.7031,0.0862,0.0,5,5,CVAE
HALLMARK_OXIDATIVE_PHOSPHORYLATION,0.1301,0.1358,0.0057,0.087,0.0047,0.0038,0.8085,0.0931,0.0,5,5,CVAE
HALLMARK_P53_PATHWAY,0.0271,0.0247,-0.0024,-0.0719,0.0014,0.0009,0.6429,0.0769,0.0,5,5,CVAE
HALLMARK_PANCREAS_BETA_CELLS,-0.105,-0.1257,-0.0208,-0.0998,0.0497,0.037,0.7445,0.0798,0.0,5,5,CVAE
HALLMARK_PEROXISOME,0.1024,0.1081,0.0057,0.1253,0.0023,0.0019,0.8261,0.1029,0.0,5,5,CVAE
HALLMARK_PI3K_AKT_MTOR_SIGNALING,0.0923,0.1003,0.0079,0.2909,0.001,0.0005,0.5,0.1506,0.0,5,5,CVAE
HALLMARK_PROTEIN_SECRETION,0.2625,0.2733,0.0108,0.2643,0.0019,0.0014,0.7368,0.1058,0.0,5,5,CVAE
HALLMARK_REACTIVE_OXYGEN_SPECIES_PATHWAY,0.135,0.1443,0.0093,0.1275,0.0057,0.0048,0.8421,0.0781,0.0,5,5,CVAE
HALLMARK_SPERMATOGENESIS,-0.124,-0.1255,-0.0016,-0.018,0.0082,0.007,0.8537,0.048,0.0007,5,5,CVAE
HALLMARK_TGF_BETA_SIGNALING,0.1938,0.202,0.0082,0.0991,0.0078,0.006,0.7692,0.0584,0.0,5,5,CVAE
HALLMARK_TNFA_SIGNALING_VIA_NFKB,0.1164,0.1212,0.0047,0.0726,0.0051,0.0033,0.6471,0.0853,0.0,5,5,CVAE
HALLMARK_UNFOLDED_PROTEIN_RESPONSE,0.0903,0.0968,0.0065,0.1786,0.0016,0.0011,0.6875,0.1258,0.0,5,5,CVAE
HALLMARK_UV_RESPONSE_DN,0.1107,0.1111,0.0003,0.0061,0.003,0.002,0.6667,0.0711,0.0,5,5,CVAE
HALLMARK_UV_RESPONSE_UP,0.126,0.1349,0.0089,0.2416,0.0016,0.0011,0.6875,0.1159,0.0,5,5,CVAE
HALLMARK_WNT_BETA_CATENIN_SIGNALING,0.0985,0.0921,-0.0065,-0.0869,0.0061,0.0051,0.8361,0.0703,0.0,5,5,CVAE
HALLMARK_XENOBIOTIC_METABOLISM,0.1037,0.111,0.0074,0.1132,0.0043,0.0042,0.9767,0.0636,0.0,5,5,CVAE
HALLMARK_ADIPOGENESIS,0.1502,0.1596,0.0094,0.1434,0.0043,0.0043,1.0,0.0726,0.0,2,2,CVAE
HALLMARK_ALLOGRAFT_REJECTION,0.0651,0.0647,-0.0003,-0.0049,0.0058,0.004,0.6897,0.0607,0.0,2,2,CVAE
HALLMARK_ANDROGEN_RESPONSE,0.1137,0.1176,0.0039,0.0644,0.0039,0.0035,0.8974,0.037,0.0175,2,2,CVAE
HALLMARK_ANGIOGENESIS,0.2434,0.257,0.0136,0.1695,0.0068,0.006,0.8824,0.0839,0.0,2,2,CVAE
HALLMARK_APICAL_JUNCTION,0.1232,0.1246,0.0013,0.0281,0.0026,0.0019,0.7308,0.0573,0.0,2,2,CVAE
HALLMARK_APICAL_SURFACE,0.2009,0.2122,0.0112,0.2318,0.0028,0.0019,0.6786,0.1119,0.0,2,2,CVAE
HALLMARK_APOPTOSIS,0.143,0.1505,0.0074,0.2454,0.0011,0.0008,0.7273,0.1102,0.0,2,2,CVAE
HALLMARK_BILE_ACID_METABOLISM,-0.0112,-0.0113,-0.0001,-0.0012,0.0082,0.0075,0.9146,0.0564,0.0,2,2,CVAE
HALLMARK_CHOLESTEROL_HOMEOSTASIS,-0.0116,-0.0046,0.0071,0.0874,0.0069,0.0062,0.8986,0.063,0.0,2,2,CVAE
HALLMARK_COAGULATION,0.1112,0.1164,0.0053,0.0572,0.0097,0.0074,0.7629,0.0645,0.0,2,2,CVAE
HALLMARK_COMPLEMENT,0.1279,0.1356,0.0077,0.1899,0.0019,0.0014,0.7368,0.1096,0.0,2,2,CVAE
HALLMARK_DNA_REPAIR,-0.0247,-0.0279,-0.0032,-0.0697,0.0028,0.0016,0.5714,0.0821,0.0,2,2,CVAE
HALLMARK_E2F_TARGETS,-0.0256,-0.0279,-0.0023,-0.0245,0.0095,0.0085,0.8947,0.0431,0.0033,2,2,CVAE
HALLMARK_EPITHELIAL_MESENCHYMAL_TRANSITION,0.2091,0.2222,0.0132,0.1874,0.0055,0.0043,0.7818,0.0882,0.0,2,2,CVAE
HALLMARK_ESTROGEN_RESPONSE_EARLY,0.1311,0.1431,0.012,0.1906,0.0042,0.0037,0.881,0.1252,0.0,2,2,CVAE
HALLMARK_ESTROGEN_RESPONSE_LATE,0.1108,0.1209,0.0101,0.2197,0.0022,0.002,0.9091,0.131,0.0,2,2,CVAE
HALLMARK_FATTY_ACID_METABOLISM,0.0424,0.0529,0.0105,0.1304,0.0067,0.0062,0.9254,0.0946,0.0,2,2,CVAE
HALLMARK_G2M_CHECKPOINT,0.0263,0.0294,0.0031,0.0382,0.0066,0.0061,0.9242,0.0315,0.0644,2,2,CVAE
HALLMARK_GLYCOLYSIS,0.0646,0.0771,0.0126,0.3163,0.0016,0.0016,1.0,0.1541,0.0,2,2,CVAE
HALLMARK_HEDGEHOG_SIGNALING,0.0112,0.0093,-0.0018,-0.024,0.0068,0.005,0.7353,0.0596,0.0,2,2,CVAE
HALLMARK_HEME_METABOLISM,0.1167,0.1226,0.0059,0.1326,0.0023,0.0016,0.6957,0.0989,0.0,2,2,CVAE
HALLMARK_HYPOXIA,0.141,0.1533,0.0123,0.1795,0.005,0.0044,0.88,0.1021,0.0,2,2,CVAE
HALLMARK_IL2_STAT5_SIGNALING,0.1167,0.1247,0.008,0.1748,0.0024,0.0018,0.75,0.1177,0.0,2,2,CVAE
HALLMARK_IL6_JAK_STAT3_SIGNALING,0.2105,0.2305,0.02,0.3492,0.0039,0.0026,0.6667,0.1634,0.0,2,2,CVAE
HALLMARK_INFLAMMATORY_RESPONSE,0.0887,0.0967,0.008,0.1033,0.0069,0.0051,0.7391,0.0758,0.0,2,2,CVAE
HALLMARK_INTERFERON_ALPHA_RESPONSE,0.1891,0.2102,0.0211,0.2374,0.0101,0.0057,0.5644,0.1267,0.0,2,2,CVAE
HALLMARK_INTERFERON_GAMMA_RESPONSE,0.0991,0.1087,0.0095,0.1713,0.0039,0.0023,0.5897,0.116,0.0,2,2,CVAE
HALLMARK_KRAS_SIGNALING_DN,-0.3445,-0.387,-0.0426,-0.3714,0.0148,0.0115,0.777,0.2062,0.0,2,2,CVAE
HALLMARK_KRAS_SIGNALING_UP,0.0243,0.0236,-0.0007,-0.0106,0.0052,0.0039,0.75,0.0477,0.0008,2,2,CVAE
HALLMARK_MITOTIC_SPINDLE,0.0895,0.0911,0.0016,0.029,0.0033,0.0029,0.8788,0.0393,0.0095,2,2,CVAE
HALLMARK_MTORC1_SIGNALING,0.1256,0.1361,0.0105,0.2913,0.0014,0.0012,0.8571,0.1171,0.0,2,2,CVAE
HALLMARK_MYC_TARGETS_V1,0.2136,0.2236,0.0101,0.1752,0.0036,0.003,0.8333,0.0928,0.0,2,2,CVAE
HALLMARK_MYC_TARGETS_V2,0.0885,0.0962,0.0077,0.0969,0.0074,0.0053,0.7162,0.087,0.0,2,2,CVAE
HALLMARK_MYOGENESIS,0.2316,0.2426,0.0109,0.204,0.0034,0.0024,0.7059,0.1058,0.0,2,2,CVAE
HALLMARK_NOTCH_SIGNALING,0.1478,0.1513,0.0035,0.0473,0.0063,0.0044,0.6984,0.0709,0.0,2,2,CVAE
HALLMARK_OXIDATIVE_PHOSPHORYLATION,0.1296,0.1397,0.0101,0.1532,0.0047,0.004,0.8511,0.1165,0.0,2,2,CVAE
HALLMARK_P53_PATHWAY,0.0276,0.0265,-0.0011,-0.0308,0.0015,0.001,0.6667,0.0561,0.0,2,2,CVAE
HALLMARK_PANCREAS_BETA_CELLS,-0.1016,-0.1324,-0.0308,-0.1512,0.05,0.0329,0.658,0.1093,0.0,2,2,CVAE
HALLMARK_PEROXISOME,0.1023,0.1064,0.0041,0.0873,0.0024,0.0019,0.7917,0.0894,0.0,2,2,CVAE
HALLMARK_PI3K_AKT_MTOR_SIGNALING,0.0922,0.0997,0.0074,0.2591,0.001,0.0006,0.6,0.1536,0.0,2,2,CVAE
HALLMARK_PROTEIN_SECRETION,0.2629,0.2758,0.013,0.309,0.0019,0.0016,0.8421,0.1209,0.0,2,2,CVAE
HALLMARK_REACTIVE_OXYGEN_SPECIES_PATHWAY,0.1347,0.1454,0.0107,0.1482,0.0057,0.0047,0.8246,0.0735,0.0,2,2,CVAE
HALLMARK_SPERMATOGENESIS,-0.125,-0.1329,-0.0079,-0.0908,0.0081,0.0069,0.8519,0.0538,0.0001,2,2,CVAE
HALLMARK_TGF_BETA_SIGNALING,0.1945,0.2001,0.0056,0.0671,0.0078,0.0063,0.8077,0.0604,0.0,2,2,CVAE
HALLMARK_TNFA_SIGNALING_VIA_NFKB,0.1165,0.1257,0.0092,0.1427,0.0051,0.0032,0.6275,0.1027,0.0,2,2,CVAE
HALLMARK_UNFOLDED_PROTEIN_RESPONSE,0.0902,0.1007,0.0105,0.2901,0.0016,0.001,0.625,0.1611,0.0,2,2,CVAE
HALLMARK_UV_RESPONSE_DN,0.1112,0.1116,0.0005,0.0092,0.0031,0.0019,0.6129,0.0735,0.0,2,2,CVAE
HALLMARK_UV_RESPONSE_UP,0.1257,0.1376,0.0119,0.3244,0.0016,0.0011,0.6875,0.1579,0.0,2,2,CVAE
HALLMARK_WNT_BETA_CATENIN_SIGNALING,0.099,0.0988,-0.0003,-0.0039,0.0059,0.0048,0.8136,0.0518,0.0002,2,2,CVAE
HALLMARK_XENOBIOTIC_METABOLISM,0.1034,0.1144,0.011,0.1673,0.0043,0.0044,1.0233,0.0836,0.0,2,2,CVAE
HALLMARK_ADIPOGENESIS,0.1505,0.1583,0.0078,0.1191,0.0042,0.0043,1.0238,0.057,0.0,4,4,CVAE
HALLMARK_ALLOGRAFT_REJECTION,0.0657,0.0719,0.0062,0.0867,0.0058,0.0045,0.7759,0.0697,0.0,4,4,CVAE
HALLMARK_ANDROGEN_RESPONSE,0.1136,0.1144,0.0008,0.0129,0.004,0.0033,0.825,0.0315,0.0645,4,4,CVAE
HALLMARK_ANGIOGENESIS,0.244,0.2565,0.0124,0.1539,0.0068,0.0063,0.9265,0.0856,0.0,4,4,CVAE
HALLMARK_APICAL_JUNCTION,0.1234,0.128,0.0046,0.096,0.0026,0.002,0.7692,0.0682,0.0,4,4,CVAE
HALLMARK_APICAL_SURFACE,0.2007,0.212,0.0113,0.2317,0.0028,0.002,0.7143,0.1067,0.0,4,4,CVAE
HALLMARK_APOPTOSIS,0.1431,0.152,0.0088,0.2897,0.001,0.0008,0.8,0.1292,0.0,4,4,CVAE
HALLMARK_BILE_ACID_METABOLISM,-0.0107,-0.0087,0.0021,0.0234,0.0081,0.0079,0.9753,0.0463,0.0012,4,4,CVAE
HALLMARK_CHOLESTEROL_HOMEOSTASIS,-0.012,-0.0103,0.0017,0.0214,0.0069,0.0059,0.8551,0.0711,0.0,4,4,CVAE
HALLMARK_COAGULATION,0.1106,0.1202,0.0095,0.105,0.0097,0.0068,0.701,0.0804,0.0,4,4,CVAE
HALLMARK_COMPLEMENT,0.1282,0.1383,0.0101,0.2496,0.0019,0.0014,0.7368,0.133,0.0,4,4,CVAE
HALLMARK_DNA_REPAIR,-0.0245,-0.0282,-0.0037,-0.0762,0.0028,0.0019,0.6786,0.0676,0.0,4,4,CVAE
HALLMARK_E2F_TARGETS,-0.025,-0.0199,0.005,0.0526,0.0096,0.0086,0.8958,0.057,0.0,4,4,CVAE
HALLMARK_EPITHELIAL_MESENCHYMAL_TRANSITION,0.2085,0.2198,0.0113,0.1637,0.0055,0.004,0.7273,0.089,0.0,4,4,CVAE
HALLMARK_ESTROGEN_RESPONSE_EARLY,0.1308,0.1394,0.0085,0.1336,0.0043,0.0039,0.907,0.0743,0.0,4,4,CVAE
HALLMARK_ESTROGEN_RESPONSE_LATE,0.111,0.1195,0.0085,0.1843,0.0022,0.002,0.9091,0.1136,0.0,4,4,CVAE
HALLMARK_FATTY_ACID_METABOLISM,0.0426,0.0492,0.0066,0.0818,0.0067,0.0065,0.9701,0.0549,0.0001,4,4,CVAE
HALLMARK_G2M_CHECKPOINT,0.0268,0.0346,0.0078,0.0978,0.0066,0.0062,0.9394,0.0648,0.0,4,4,CVAE
HALLMARK_GLYCOLYSIS,0.0644,0.0731,0.0088,0.2259,0.0016,0.0014,0.875,0.1148,0.0,4,4,CVAE
HALLMARK_HEDGEHOG_SIGNALING,0.0105,0.0109,0.0004,0.0049,0.0068,0.0054,0.7941,0.0422,0.0042,4,4,CVAE
HALLMARK_HEME_METABOLISM,0.1169,0.1212,0.0043,0.093,0.0024,0.0019,0.7917,0.0737,0.0,4,4,CVAE
HALLMARK_HYPOXIA,0.1403,0.1504,0.0101,0.1474,0.0049,0.0044,0.898,0.0729,0.0,4,4,CVAE
HALLMARK_IL2_STAT5_SIGNALING,0.1169,0.1229,0.006,0.1299,0.0024,0.0019,0.7917,0.0737,0.0,4,4,CVAE
HALLMARK_IL6_JAK_STAT3_SIGNALING,0.2108,0.2289,0.0181,0.311,0.0039,0.0028,0.7179,0.1408,0.0,4,4,CVAE
HALLMARK_INFLAMMATORY_RESPONSE,0.0885,0.0978,0.0093,0.1169,0.0069,0.0057,0.8261,0.0636,0.0,4,4,CVAE
HALLMARK_INTERFERON_ALPHA_RESPONSE,0.1914,0.2108,0.0193,0.21,0.0101,0.0068,0.6733,0.0974,0.0,4,4,CVAE
HALLMARK_INTERFERON_GAMMA_RESPONSE,0.1001,0.1116,0.0115,0.2016,0.0039,0.0026,0.6667,0.1055,0.0,4,4,CVAE
HALLMARK_KRAS_SIGNALING_DN,-0.3449,-0.3872,-0.0423,-0.3651,0.0149,0.012,0.8054,0.2053,0.0,4,4,CVAE
HALLMARK_KRAS_SIGNALING_UP,0.0246,0.0259,0.0013,0.0192,0.0052,0.0041,0.7885,0.0373,0.0163,4,4,CVAE
HALLMARK_MITOTIC_SPINDLE,0.0899,0.0961,0.0062,0.1116,0.0033,0.003,0.9091,0.0781,0.0,4,4,CVAE
HALLMARK_MTORC1_SIGNALING,0.1256,0.136,0.0105,0.2894,0.0015,0.0012,0.8,0.1367,0.0,4,4,CVAE
HALLMARK_MYC_TARGETS_V1,0.2142,0.2247,0.0105,0.1844,0.0036,0.003,0.8333,0.0986,0.0,4,4,CVAE
HALLMARK_MYC_TARGETS_V2,0.0884,0.0915,0.0032,0.0391,0.0075,0.0056,0.7467,0.0616,0.0,4,4,CVAE
HALLMARK_MYOGENESIS,0.2314,0.2419,0.0105,0.1949,0.0034,0.0025,0.7353,0.0989,0.0,4,4,CVAE
HALLMARK_NOTCH_SIGNALING,0.1475,0.1449,-0.0027,-0.0348,0.0065,0.0052,0.8,0.0653,0.0,4,4,CVAE
HALLMARK_OXIDATIVE_PHOSPHORYLATION,0.1299,0.1367,0.0067,0.1011,0.0047,0.0042,0.8936,0.0688,0.0,4,4,CVAE
HALLMARK_P53_PATHWAY,0.0273,0.0289,0.0015,0.0436,0.0015,0.001,0.6667,0.065,0.0,4,4,CVAE
HALLMARK_PANCREAS_BETA_CELLS,-0.1043,-0.1248,-0.0205,-0.0996,0.0496,0.0354,0.7137,0.0694,0.0,4,4,CVAE
HALLMARK_PEROXISOME,0.1024,0.1083,0.0059,0.1262,0.0023,0.002,0.8696,0.0937,0.0,4,4,CVAE
HALLMARK_PI3K_AKT_MTOR_SIGNALING,0.0924,0.1006,0.0083,0.2936,0.001,0.0006,0.6,0.1509,0.0,4,4,CVAE
HALLMARK_PROTEIN_SECRETION,0.2626,0.2737,0.0111,0.2643,0.0019,0.0016,0.8421,0.1032,0.0,4,4,CVAE
HALLMARK_REACTIVE_OXYGEN_SPECIES_PATHWAY,0.1345,0.1469,0.0124,0.1717,0.0058,0.0047,0.8103,0.0838,0.0,4,4,CVAE
HALLMARK_SPERMATOGENESIS,-0.1245,-0.1279,-0.0035,-0.0395,0.0081,0.0072,0.8889,0.039,0.0103,4,4,CVAE
HALLMARK_TGF_BETA_SIGNALING,0.1938,0.2027,0.009,0.1069,0.0078,0.0062,0.7949,0.0726,0.0,4,4,CVAE
HALLMARK_TNFA_SIGNALING_VIA_NFKB,0.1162,0.1252,0.009,0.1326,0.0052,0.004,0.7692,0.0685,0.0,4,4,CVAE
HALLMARK_UNFOLDED_PROTEIN_RESPONSE,0.0899,0.0979,0.008,0.2174,0.0016,0.0012,0.75,0.1492,0.0,4,4,CVAE
HALLMARK_UV_RESPONSE_DN,0.1104,0.1103,-0.0001,-0.0012,0.0031,0.0021,0.6774,0.0616,0.0,4,4,CVAE
HALLMARK_UV_RESPONSE_UP,0.1258,0.1362,0.0104,0.2715,0.0016,0.0013,0.8125,0.1122,0.0,4,4,CVAE
HALLMARK_WNT_BETA_CATENIN_SIGNALING,0.0986,0.0925,-0.0061,-0.0799,0.0061,0.0055,0.9016,0.0624,0.0,4,4,CVAE
HALLMARK_XENOBIOTIC_METABOLISM,0.1038,0.1106,0.0068,0.1032,0.0042,0.0045,1.0714,0.0477,0.0008,4,4,CVAE
HALLMARK_ADIPOGENESIS,0.1509,0.1565,0.0055,0.0834,0.0043,0.0045,1.0465,0.0373,0.0163,3,3,CVAE
HALLMARK_ALLOGRAFT_REJECTION,0.0646,0.0638,-0.0009,-0.0121,0.0058,0.0042,0.7241,0.0521,0.0002,3,3,CVAE
HALLMARK_ANDROGEN_RESPONSE,0.1127,0.1173,0.0046,0.0758,0.0039,0.0034,0.8718,0.0503,0.0003,3,3,CVAE
HALLMARK_ANGIOGENESIS,0.2441,0.251,0.0069,0.0868,0.0067,0.0059,0.8806,0.0509,0.0003,3,3,CVAE
HALLMARK_APICAL_JUNCTION,0.1232,0.123,-0.0002,-0.0053,0.0025,0.0018,0.72,0.0578,0.0,3,3,CVAE
HALLMARK_APICAL_SURFACE,0.2004,0.2086,0.0082,0.165,0.0028,0.0021,0.75,0.0763,0.0,3,3,CVAE
HALLMARK_APOPTOSIS,0.1434,0.1516,0.0082,0.2755,0.001,0.0008,0.8,0.1405,0.0,3,3,CVAE
HALLMARK_BILE_ACID_METABOLISM,-0.0117,-0.0081,0.0036,0.0408,0.0083,0.0076,0.9157,0.0625,0.0,3,3,CVAE
HALLMARK_CHOLESTEROL_HOMEOSTASIS,-0.011,-0.0091,0.0019,0.0236,0.0069,0.0066,0.9565,0.044,0.0025,3,3,CVAE
HALLMARK_COAGULATION,0.1122,0.109,-0.0032,-0.0357,0.0094,0.0071,0.7553,0.0642,0.0,3,3,CVAE
HALLMARK_COMPLEMENT,0.1281,0.131,0.003,0.073,0.0019,0.0014,0.7368,0.0674,0.0,3,3,CVAE
HALLMARK_DNA_REPAIR,-0.024,-0.0246,-0.0006,-0.0121,0.0028,0.0018,0.6429,0.0521,0.0002,3,3,CVAE
HALLMARK_E2F_TARGETS,-0.025,-0.0185,0.0065,0.0666,0.0097,0.0091,0.9381,0.0622,0.0,3,3,CVAE
HALLMARK_EPITHELIAL_MESENCHYMAL_TRANSITION,0.21,0.2157,0.0057,0.0823,0.0055,0.004,0.7273,0.0613,0.0,3,3,CVAE
HALLMARK_ESTROGEN_RESPONSE_EARLY,0.1315,0.1379,0.0065,0.1029,0.0042,0.0038,0.9048,0.0685,0.0,3,3,CVAE
HALLMARK_ESTROGEN_RESPONSE_LATE,0.1113,0.1198,0.0086,0.1852,0.0022,0.0021,0.9545,0.1035,0.0,3,3,CVAE
HALLMARK_FATTY_ACID_METABOLISM,0.0429,0.0496,0.0068,0.0843,0.0067,0.0061,0.9104,0.0789,0.0,3,3,CVAE
HALLMARK_G2M_CHECKPOINT,0.0269,0.0353,0.0084,0.103,0.0067,0.0064,0.9552,0.0599,0.0,3,3,CVAE
HALLMARK_GLYCOLYSIS,0.0647,0.0739,0.0093,0.2355,0.0016,0.0015,0.9375,0.1194,0.0,3,3,CVAE
HALLMARK_HEDGEHOG_SIGNALING,0.0097,0.0082,-0.0015,-0.0187,0.0069,0.0057,0.8261,0.0425,0.0039,3,3,CVAE
HALLMARK_HEME_METABOLISM,0.1162,0.1208,0.0046,0.102,0.0024,0.0017,0.7083,0.0697,0.0,3,3,CVAE
HALLMARK_HYPOXIA,0.141,0.1453,0.0044,0.0637,0.0049,0.0045,0.9184,0.0573,0.0,3,3,CVAE
HALLMARK_IL2_STAT5_SIGNALING,0.1166,0.1197,0.0031,0.0668,0.0024,0.002,0.8333,0.0784,0.0,3,3,CVAE
HALLMARK_IL6_JAK_STAT3_SIGNALING,0.2099,0.2244,0.0145,0.2495,0.0039,0.0028,0.7179,0.129,0.0,3,3,CVAE
HALLMARK_INFLAMMATORY_RESPONSE,0.0887,0.0938,0.0051,0.066,0.0069,0.0051,0.7391,0.0648,0.0,3,3,CVAE
HALLMARK_INTERFERON_ALPHA_RESPONSE,0.1899,0.2025,0.0127,0.1395,0.0099,0.0066,0.6667,0.0856,0.0,3,3,CVAE
HALLMARK_INTERFERON_GAMMA_RESPONSE,0.0994,0.1059,0.0065,0.1147,0.0038,0.0025,0.6579,0.0862,0.0,3,3,CVAE
HALLMARK_KRAS_SIGNALING_DN,-0.3452,-0.3885,-0.0433,-0.3767,0.0148,0.0117,0.7905,0.2264,0.0,3,3,CVAE
HALLMARK_KRAS_SIGNALING_UP,0.0241,0.0183,-0.0058,-0.0851,0.0052,0.0041,0.7885,0.0552,0.0001,3,3,CVAE
HALLMARK_MITOTIC_SPINDLE,0.0893,0.0967,0.0074,0.1334,0.0033,0.0029,0.8788,0.0792,0.0,3,3,CVAE
HALLMARK_MTORC1_SIGNALING,0.1261,0.1339,0.0078,0.2125,0.0014,0.0012,0.8571,0.0998,0.0,3,3,CVAE
HALLMARK_MYC_TARGETS_V1,0.2141,0.227,0.0129,0.2198,0.0036,0.0033,0.9167,0.1006,0.0,3,3,CVAE
HALLMARK_MYC_TARGETS_V2,0.09,0.096,0.0059,0.073,0.0076,0.0057,0.75,0.0639,0.0,3,3,CVAE
HALLMARK_MYOGENESIS,0.2319,0.2409,0.009,0.1679,0.0033,0.0024,0.7273,0.0859,0.0,3,3,CVAE
HALLMARK_NOTCH_SIGNALING,0.1481,0.1478,-0.0003,-0.0035,0.0064,0.005,0.7812,0.0625,0.0,3,3,CVAE
HALLMARK_OXIDATIVE_PHOSPHORYLATION,0.1303,0.1372,0.0069,0.1045,0.0047,0.004,0.8511,0.0949,0.0,3,3,CVAE
HALLMARK_P53_PATHWAY,0.0279,0.0228,-0.0051,-0.1466,0.0014,0.0009,0.6429,0.0827,0.0,3,3,CVAE
HALLMARK_PANCREAS_BETA_CELLS,-0.1064,-0.1297,-0.0233,-0.1108,0.049,0.0395,0.8061,0.0821,0.0,3,3,CVAE
HALLMARK_PEROXISOME,0.1025,0.1071,0.0046,0.0986,0.0024,0.002,0.8333,0.0813,0.0,3,3,CVAE
HALLMARK_PI3K_AKT_MTOR_SIGNALING,0.0926,0.0973,0.0047,0.1706,0.001,0.0005,0.5,0.1038,0.0,3,3,CVAE
HALLMARK_PROTEIN_SECRETION,0.2623,0.2744,0.0121,0.2975,0.0019,0.0014,0.7368,0.1105,0.0,3,3,CVAE
HALLMARK_REACTIVE_OXYGEN_SPECIES_PATHWAY,0.1351,0.1422,0.0071,0.0962,0.0057,0.0052,0.9123,0.0437,0.0027,3,3,CVAE
HALLMARK_SPERMATOGENESIS,-0.1245,-0.1265,-0.002,-0.0226,0.0081,0.0072,0.8889,0.0335,0.0408,3,3,CVAE
HALLMARK_TGF_BETA_SIGNALING,0.1932,0.1978,0.0046,0.0557,0.0078,0.006,0.7692,0.0547,0.0001,3,3,CVAE
HALLMARK_TNFA_SIGNALING_VIA_NFKB,0.1165,0.1203,0.0038,0.0581,0.0051,0.0034,0.6667,0.0674,0.0,3,3,CVAE
HALLMARK_UNFOLDED_PROTEIN_RESPONSE,0.0906,0.0984,0.0077,0.2105,0.0016,0.0011,0.6875,0.1463,0.0,3,3,CVAE
HALLMARK_UV_RESPONSE_DN,0.1109,0.1101,-0.0008,-0.0161,0.0031,0.0022,0.7097,0.0526,0.0001,3,3,CVAE
HALLMARK_UV_RESPONSE_UP,0.126,0.1309,0.0049,0.1321,0.0016,0.0012,0.75,0.0674,0.0,3,3,CVAE
HALLMARK_WNT_BETA_CATENIN_SIGNALING,0.0994,0.0951,-0.0043,-0.0554,0.0061,0.0059,0.9672,0.0518,0.0002,3,3,CVAE
HALLMARK_XENOBIOTIC_METABOLISM,0.1042,0.1099,0.0056,0.0853,0.0042,0.0045,1.0714,0.0495,0.0004,3,3,CVAE
HALLMARK_ADIPOGENESIS,0.1502,0.1358,-0.0144,-0.2625,0.0043,0.0018,0.4186,0.1339,0.0,2,2,DP-CVAE ε=4
HALLMARK_ALLOGRAFT_REJECTION,0.0651,0.0624,-0.0026,-0.0408,0.0058,0.0025,0.431,0.1411,0.0,2,2,DP-CVAE ε=4
HALLMARK_ANDROGEN_RESPONSE,0.1137,0.0863,-0.0274,-0.4958,0.0039,0.0022,0.5641,0.1877,0.0,2,2,DP-CVAE ε=4
HALLMARK_ANGIOGENESIS,0.2434,0.1692,-0.0742,-0.8565,0.0068,0.0082,1.2059,0.3195,0.0,2,2,DP-CVAE ε=4
HALLMARK_APICAL_JUNCTION,0.1232,0.1407,0.0174,0.3699,0.0026,0.0019,0.7308,0.1735,0.0,2,2,DP-CVAE ε=4
HALLMARK_APICAL_SURFACE,0.2009,0.2052,0.0043,0.0636,0.0028,0.0062,2.2143,0.12,0.0,2,2,DP-CVAE ε=4
HALLMARK_APOPTOSIS,0.143,0.1221,-0.021,-0.648,0.0011,0.001,0.9091,0.2767,0.0,2,2,DP-CVAE ε=4
HALLMARK_BILE_ACID_METABOLISM,-0.0112,0.0271,0.0383,0.4377,0.0082,0.0072,0.878,0.2195,0.0,2,2,DP-CVAE ε=4
HALLMARK_CHOLESTEROL_HOMEOSTASIS,-0.0116,-0.0179,-0.0063,-0.0864,0.0069,0.0036,0.5217,0.0769,0.0,2,2,DP-CVAE ε=4
HALLMARK_COAGULATION,0.1112,0.1015,-0.0096,-0.1138,0.0097,0.0047,0.4845,0.1602,0.0,2,2,DP-CVAE ε=4
HALLMARK_COMPLEMENT,0.1279,0.1359,0.008,0.1952,0.0019,0.0015,0.7895,0.109,0.0,2,2,DP-CVAE ε=4
HALLMARK_DNA_REPAIR,-0.0247,-0.0025,0.0222,0.4494,0.0028,0.0021,0.75,0.2123,0.0,2,2,DP-CVAE ε=4
HALLMARK_E2F_TARGETS,-0.0256,-0.0159,0.0097,0.1245,0.0095,0.0026,0.2737,0.2646,0.0,2,2,DP-CVAE ε=4
HALLMARK_EPITHELIAL_MESENCHYMAL_TRANSITION,0.2091,0.172,-0.0371,-0.606,0.0055,0.0019,0.3455,0.3155,0.0,2,2,DP-CVAE ε=4
HALLMARK_ESTROGEN_RESPONSE_EARLY,0.1311,0.0837,-0.0474,-0.8374,0.0042,0.0022,0.5238,0.3921,0.0,2,2,DP-CVAE ε=4
HALLMARK_ESTROGEN_RESPONSE_LATE,0.1108,0.1205,0.0098,0.216,0.0022,0.0019,0.8636,0.0711,0.0,2,2,DP-CVAE ε=4
HALLMARK_FATTY_ACID_METABOLISM,0.0424,0.0253,-0.0172,-0.2495,0.0067,0.0027,0.403,0.1058,0.0,2,2,DP-CVAE ε=4
HALLMARK_G2M_CHECKPOINT,0.0263,0.0224,-0.004,-0.0599,0.0066,0.0021,0.3182,0.2163,0.0,2,2,DP-CVAE ε=4
HALLMARK_GLYCOLYSIS,0.0646,0.0848,0.0202,0.536,0.0016,0.0012,0.75,0.2192,0.0,2,2,DP-CVAE ε=4
HALLMARK_HEDGEHOG_SIGNALING,0.0112,0.0369,0.0258,0.2642,0.0068,0.0122,1.7941,0.1709,0.0,2,2,DP-CVAE ε=4
HALLMARK_HEME_METABOLISM,0.1167,0.0774,-0.0393,-0.8601,0.0023,0.0018,0.7826,0.3433,0.0,2,2,DP-CVAE ε=4
HALLMARK_HYPOXIA,0.141,0.1112,-0.0298,-0.5164,0.005,0.0017,0.34,0.234,0.0,2,2,DP-CVAE ε=4
HALLMARK_IL2_STAT5_SIGNALING,0.1167,0.0711,-0.0456,-0.9325,0.0024,0.0024,1.0,0.3843,0.0,2,2,DP-CVAE ε=4
HALLMARK_IL6_JAK_STAT3_SIGNALING,0.2105,0.1533,-0.0572,-0.9144,0.0039,0.0039,1.0,0.3592,0.0,2,2,DP-CVAE ε=4
HALLMARK_INFLAMMATORY_RESPONSE,0.0887,0.0543,-0.0344,-0.461,0.0069,0.0042,0.6087,0.2149,0.0,2,2,DP-CVAE ε=4
HALLMARK_INTERFERON_ALPHA_RESPONSE,0.1891,0.1439,-0.0452,-0.5005,0.0101,0.0062,0.6139,0.2507,0.0,2,2,DP-CVAE ε=4
HALLMARK_INTERFERON_GAMMA_RESPONSE,0.0991,0.0922,-0.0069,-0.1289,0.0039,0.0019,0.4872,0.14,0.0,2,2,DP-CVAE ε=4
HALLMARK_KRAS_SIGNALING_DN,-0.3445,-0.2248,0.1197,0.839,0.0148,0.0259,1.75,0.3412,0.0,2,2,DP-CVAE ε=4
HALLMARK_KRAS_SIGNALING_UP,0.0243,0.0451,0.0208,0.3061,0.0052,0.004,0.7692,0.1495,0.0,2,2,DP-CVAE ε=4
HALLMARK_MITOTIC_SPINDLE,0.0895,0.0932,0.0037,0.0772,0.0033,0.0013,0.3939,0.1327,0.0,2,2,DP-CVAE ε=4
HALLMARK_MTORC1_SIGNALING,0.1256,0.1004,-0.0251,-0.7152,0.0014,0.001,0.7143,0.2681,0.0,2,2,DP-CVAE ε=4
HALLMARK_MYC_TARGETS_V1,0.2136,0.1771,-0.0365,-0.6953,0.0036,0.0019,0.5278,0.2727,0.0,2,2,DP-CVAE ε=4
HALLMARK_MYC_TARGETS_V2,0.0885,0.1021,0.0136,0.1784,0.0074,0.0043,0.5811,0.14,0.0,2,2,DP-CVAE ε=4
HALLMARK_MYOGENESIS,0.2316,0.1678,-0.0638,-1.1445,0.0034,0.0029,0.8529,0.4323,0.0,2,2,DP-CVAE ε=4
HALLMARK_NOTCH_SIGNALING,0.1478,0.0985,-0.0494,-0.6342,0.0063,0.0058,0.9206,0.2548,0.0,2,2,DP-CVAE ε=4
HALLMARK_OXIDATIVE_PHOSPHORYLATION,0.1296,0.1164,-0.0132,-0.2244,0.0047,0.0022,0.4681,0.1154,0.0,2,2,DP-CVAE ε=4
HALLMARK_P53_PATHWAY,0.0276,0.0022,-0.0254,-0.7008,0.0015,0.0012,0.8,0.2927,0.0,2,2,DP-CVAE ε=4
HALLMARK_PANCREAS_BETA_CELLS,-0.1016,-0.2045,-0.1029,-0.4494,0.05,0.0549,1.098,0.2608,0.0,2,2,DP-CVAE ε=4
HALLMARK_PEROXISOME,0.1023,0.1303,0.028,0.5747,0.0024,0.0024,1.0,0.2759,0.0,2,2,DP-CVAE ε=4
HALLMARK_PI3K_AKT_MTOR_SIGNALING,0.0922,0.0568,-0.0354,-0.9922,0.001,0.0015,1.5,0.4187,0.0,2,2,DP-CVAE ε=4
HALLMARK_PROTEIN_SECRETION,0.2629,0.1725,-0.0903,-1.8386,0.0019,0.0029,1.5263,0.6431,0.0,2,2,DP-CVAE ε=4
HALLMARK_REACTIVE_OXYGEN_SPECIES_PATHWAY,0.1347,0.0822,-0.0525,-0.6636,0.0057,0.0069,1.2105,0.2478,0.0,2,2,DP-CVAE ε=4
HALLMARK_SPERMATOGENESIS,-0.125,-0.1128,0.0122,0.1535,0.0081,0.0045,0.5556,0.1677,0.0,2,2,DP-CVAE ε=4
HALLMARK_TGF_BETA_SIGNALING,0.1945,0.1919,-0.0026,-0.0318,0.0078,0.0053,0.6795,0.0902,0.0,2,2,DP-CVAE ε=4
HALLMARK_TNFA_SIGNALING_VIA_NFKB,0.1165,0.1046,-0.0119,-0.2043,0.0051,0.0017,0.3333,0.19,0.0,2,2,DP-CVAE ε=4
HALLMARK_UNFOLDED_PROTEIN_RESPONSE,0.0902,0.0729,-0.0172,-0.4302,0.0016,0.0016,1.0,0.2128,0.0,2,2,DP-CVAE ε=4
HALLMARK_UV_RESPONSE_DN,0.1112,0.0379,-0.0732,-1.4141,0.0031,0.0023,0.7419,0.524,0.0,2,2,DP-CVAE ε=4
HALLMARK_UV_RESPONSE_UP,0.1257,0.1352,0.0095,0.2575,0.0016,0.0011,0.6875,0.1431,0.0,2,2,DP-CVAE ε=4
HALLMARK_WNT_BETA_CATENIN_SIGNALING,0.099,0.0222,-0.0768,-1.0314,0.0059,0.0052,0.8814,0.4167,0.0,2,2,DP-CVAE ε=4
HALLMARK_XENOBIOTIC_METABOLISM,0.1034,0.0841,-0.0192,-0.348,0.0043,0.0019,0.4419,0.1408,0.0,2,2,DP-CVAE ε=4
HALLMARK_ADIPOGENESIS,0.1503,0.1322,-0.0182,-0.3303,0.0043,0.0018,0.4186,0.1414,0.0,5,5,DP-CVAE ε=4
HALLMARK_ALLOGRAFT_REJECTION,0.0651,0.0601,-0.005,-0.0773,0.0059,0.0025,0.4237,0.1483,0.0,5,5,DP-CVAE ε=4
HALLMARK_ANDROGEN_RESPONSE,0.1134,0.0879,-0.0255,-0.4604,0.0039,0.0022,0.5641,0.172,0.0,5,5,DP-CVAE ε=4
HALLMARK_ANGIOGENESIS,0.2436,0.1661,-0.0775,-0.9139,0.0068,0.0076,1.1176,0.3385,0.0,5,5,DP-CVAE ε=4
HALLMARK_APICAL_JUNCTION,0.1229,0.139,0.016,0.3407,0.0026,0.0019,0.7308,0.1593,0.0,5,5,DP-CVAE ε=4
HALLMARK_APICAL_SURFACE,0.2007,0.1986,-0.0021,-0.0303,0.0028,0.0064,2.2857,0.1162,0.0,5,5,DP-CVAE ε=4
HALLMARK_APOPTOSIS,0.1431,0.1226,-0.0204,-0.6331,0.001,0.001,1.0,0.2703,0.0,5,5,DP-CVAE ε=4
HALLMARK_BILE_ACID_METABOLISM,-0.0111,0.0285,0.0396,0.4518,0.0081,0.0072,0.8889,0.2223,0.0,5,5,DP-CVAE ε=4
HALLMARK_CHOLESTEROL_HOMEOSTASIS,-0.0119,-0.0145,-0.0026,-0.0361,0.007,0.0035,0.5,0.0954,0.0,5,5,DP-CVAE ε=4
HALLMARK_COAGULATION,0.1102,0.1024,-0.0077,-0.0913,0.0096,0.0047,0.4896,0.1524,0.0,5,5,DP-CVAE ε=4
HALLMARK_COMPLEMENT,0.1277,0.1349,0.0072,0.1752,0.0019,0.0014,0.7368,0.1067,0.0,5,5,DP-CVAE ε=4
HALLMARK_DNA_REPAIR,-0.0242,-0.0036,0.0206,0.4241,0.0028,0.002,0.7143,0.2119,0.0,5,5,DP-CVAE ε=4
HALLMARK_E2F_TARGETS,-0.0241,-0.0146,0.0094,0.1192,0.0098,0.0027,0.2755,0.2533,0.0,5,5,DP-CVAE ε=4
HALLMARK_EPITHELIAL_MESENCHYMAL_TRANSITION,0.2081,0.1703,-0.0378,-0.6203,0.0055,0.0019,0.3455,0.3212,0.0,5,5,DP-CVAE ε=4
HALLMARK_ESTROGEN_RESPONSE_EARLY,0.1307,0.0841,-0.0466,-0.8183,0.0042,0.0022,0.5238,0.3848,0.0,5,5,DP-CVAE ε=4
HALLMARK_ESTROGEN_RESPONSE_LATE,0.111,0.1191,0.0081,0.1787,0.0022,0.0018,0.8182,0.0604,0.0,5,5,DP-CVAE ε=4
HALLMARK_FATTY_ACID_METABOLISM,0.0428,0.0245,-0.0182,-0.2644,0.0067,0.0028,0.4179,0.1081,0.0,5,5,DP-CVAE ε=4
HALLMARK_G2M_CHECKPOINT,0.0276,0.0242,-0.0034,-0.0501,0.0068,0.0023,0.3382,0.2131,0.0,5,5,DP-CVAE ε=4
HALLMARK_GLYCOLYSIS,0.0647,0.0822,0.0176,0.47,0.0016,0.0012,0.75,0.2035,0.0,5,5,DP-CVAE ε=4
HALLMARK_HEDGEHOG_SIGNALING,0.0102,0.0339,0.0237,0.2418,0.007,0.0123,1.7571,0.1616,0.0,5,5,DP-CVAE ε=4
HALLMARK_HEME_METABOLISM,0.1167,0.0762,-0.0405,-0.8765,0.0024,0.0019,0.7917,0.3599,0.0,5,5,DP-CVAE ε=4
HALLMARK_HYPOXIA,0.1404,0.1087,-0.0317,-0.5526,0.0049,0.0017,0.3469,0.2486,0.0,5,5,DP-CVAE ε=4
HALLMARK_IL2_STAT5_SIGNALING,0.1165,0.069,-0.0474,-0.9648,0.0024,0.0024,1.0,0.3854,0.0,5,5,DP-CVAE ε=4
HALLMARK_IL6_JAK_STAT3_SIGNALING,0.2103,0.1529,-0.0573,-0.9282,0.0039,0.0037,0.9487,0.3672,0.0,5,5,DP-CVAE ε=4
HALLMARK_INFLAMMATORY_RESPONSE,0.0885,0.0497,-0.0388,-0.5254,0.0069,0.004,0.5797,0.2385,0.0,5,5,DP-CVAE ε=4
HALLMARK_INTERFERON_ALPHA_RESPONSE,0.191,0.1462,-0.0448,-0.4992,0.0099,0.0062,0.6263,0.2472,0.0,5,5,DP-CVAE ε=4
HALLMARK_INTERFERON_GAMMA_RESPONSE,0.1002,0.094,-0.0062,-0.1147,0.0039,0.0019,0.4872,0.1408,0.0,5,5,DP-CVAE ε=4
HALLMARK_KRAS_SIGNALING_DN,-0.3464,-0.2163,0.1301,0.912,0.0148,0.0259,1.75,0.3669,0.0,5,5,DP-CVAE ε=4
HALLMARK_KRAS_SIGNALING_UP,0.0248,0.0457,0.0209,0.3065,0.0052,0.0041,0.7885,0.1411,0.0,5,5,DP-CVAE ε=4
HALLMARK_MITOTIC_SPINDLE,0.0902,0.0909,0.0007,0.0138,0.0033,0.0014,0.4242,0.1217,0.0,5,5,DP-CVAE ε=4
HALLMARK_MTORC1_SIGNALING,0.1261,0.1005,-0.0256,-0.7185,0.0015,0.0011,0.7333,0.2657,0.0,5,5,DP-CVAE ε=4
HALLMARK_MYC_TARGETS_V1,0.2146,0.1779,-0.0367,-0.6951,0.0036,0.002,0.5556,0.2772,0.0,5,5,DP-CVAE ε=4
HALLMARK_MYC_TARGETS_V2,0.0901,0.0996,0.0095,0.1233,0.0076,0.0043,0.5658,0.1223,0.0,5,5,DP-CVAE ε=4
HALLMARK_MYOGENESIS,0.2309,0.1648,-0.0661,-1.1923,0.0033,0.0028,0.8485,0.4553,0.0,5,5,DP-CVAE ε=4
HALLMARK_NOTCH_SIGNALING,0.1477,0.0974,-0.0503,-0.6533,0.0064,0.0055,0.8594,0.2848,0.0,5,5,DP-CVAE ε=4
HALLMARK_OXIDATIVE_PHOSPHORYLATION,0.1301,0.1143,-0.0157,-0.2689,0.0047,0.0021,0.4468,0.1208,0.0,5,5,DP-CVAE ε=4
HALLMARK_P53_PATHWAY,0.0271,0.0017,-0.0255,-0.7131,0.0014,0.0011,0.7857,0.2931,0.0,5,5,DP-CVAE ε=4
HALLMARK_PANCREAS_BETA_CELLS,-0.105,-0.2048,-0.0998,-0.44,0.0497,0.0532,1.0704,0.2431,0.0,5,5,DP-CVAE ε=4
HALLMARK_PEROXISOME,0.1024,0.1316,0.0292,0.5967,0.0023,0.0024,1.0435,0.2903,0.0,5,5,DP-CVAE ε=4
HALLMARK_PI3K_AKT_MTOR_SIGNALING,0.0923,0.0561,-0.0362,-1.024,0.001,0.0015,1.5,0.423,0.0,5,5,DP-CVAE ε=4
HALLMARK_PROTEIN_SECRETION,0.2625,0.1728,-0.0897,-1.8351,0.0019,0.0029,1.5263,0.6363,0.0,5,5,DP-CVAE ε=4
HALLMARK_REACTIVE_OXYGEN_SPECIES_PATHWAY,0.135,0.0849,-0.0501,-0.6358,0.0057,0.0067,1.1754,0.2241,0.0,5,5,DP-CVAE ε=4
HALLMARK_SPERMATOGENESIS,-0.124,-0.104,0.0199,0.2495,0.0082,0.0046,0.561,0.1995,0.0,5,5,DP-CVAE ε=4
HALLMARK_TGF_BETA_SIGNALING,0.1938,0.1905,-0.0032,-0.04,0.0078,0.0052,0.6667,0.0896,0.0,5,5,DP-CVAE ε=4
HALLMARK_TNFA_SIGNALING_VIA_NFKB,0.1164,0.1032,-0.0132,-0.2254,0.0051,0.0017,0.3333,0.209,0.0,5,5,DP-CVAE ε=4
HALLMARK_UNFOLDED_PROTEIN_RESPONSE,0.0903,0.0747,-0.0156,-0.3873,0.0016,0.0016,1.0,0.1966,0.0,5,5,DP-CVAE ε=4
HALLMARK_UV_RESPONSE_DN,0.1107,0.0371,-0.0736,-1.4404,0.003,0.0022,0.7333,0.5345,0.0,5,5,DP-CVAE ε=4
HALLMARK_UV_RESPONSE_UP,0.126,0.1348,0.0088,0.2387,0.0016,0.0011,0.6875,0.1341,0.0,5,5,DP-CVAE ε=4
HALLMARK_WNT_BETA_CATENIN_SIGNALING,0.0985,0.0187,-0.0798,-1.0706,0.0061,0.005,0.8197,0.427,0.0,5,5,DP-CVAE ε=4
HALLMARK_XENOBIOTIC_METABOLISM,0.1037,0.0841,-0.0196,-0.352,0.0043,0.0019,0.4419,0.1451,0.0,5,5,DP-CVAE ε=4
HALLMARK_ADIPOGENESIS,0.1505,0.1372,-0.0133,-0.2404,0.0042,0.0019,0.4524,0.1159,0.0,4,4,DP-CVAE ε=4
HALLMARK_ALLOGRAFT_REJECTION,0.0657,0.0334,-0.0322,-0.5034,0.0058,0.0024,0.4138,0.257,0.0,4,4,DP-CVAE ε=4
HALLMARK_ANDROGEN_RESPONSE,0.1136,0.1054,-0.0082,-0.1377,0.004,0.0031,0.775,0.0555,0.0,4,4,DP-CVAE ε=4
HALLMARK_ANGIOGENESIS,0.244,0.2508,0.0068,0.0883,0.0068,0.0049,0.7206,0.0893,0.0,4,4,DP-CVAE ε=4
HALLMARK_APICAL_JUNCTION,0.1234,0.101,-0.0224,-0.4744,0.0026,0.0019,0.7308,0.2099,0.0,4,4,DP-CVAE ε=4
HALLMARK_APICAL_SURFACE,0.2007,0.1762,-0.0245,-0.3895,0.0028,0.0051,1.8214,0.2003,0.0,4,4,DP-CVAE ε=4
HALLMARK_APOPTOSIS,0.1431,0.1314,-0.0118,-0.3573,0.001,0.0011,1.1,0.1645,0.0,4,4,DP-CVAE ε=4
HALLMARK_BILE_ACID_METABOLISM,-0.0107,0.0308,0.0416,0.5022,0.0081,0.0056,0.6914,0.2602,0.0,4,4,DP-CVAE ε=4
HALLMARK_CHOLESTEROL_HOMEOSTASIS,-0.012,0.0033,0.0154,0.2074,0.0069,0.0041,0.5942,0.1847,0.0,4,4,DP-CVAE ε=4
HALLMARK_COAGULATION,0.1106,0.0763,-0.0343,-0.3845,0.0097,0.0062,0.6392,0.1882,0.0,4,4,DP-CVAE ε=4
HALLMARK_COMPLEMENT,0.1282,0.1007,-0.0275,-0.666,0.0019,0.0015,0.7895,0.2666,0.0,4,4,DP-CVAE ε=4
HALLMARK_DNA_REPAIR,-0.0245,-0.0203,0.0042,0.0912,0.0028,0.0015,0.5357,0.1162,0.0,4,4,DP-CVAE ε=4
HALLMARK_E2F_TARGETS,-0.025,0.0047,0.0297,0.3894,0.0096,0.0021,0.2188,0.362,0.0,4,4,DP-CVAE ε=4
HALLMARK_EPITHELIAL_MESENCHYMAL_TRANSITION,0.2085,0.1862,-0.0223,-0.3605,0.0055,0.0021,0.3818,0.2371,0.0,4,4,DP-CVAE ε=4
HALLMARK_ESTROGEN_RESPONSE_EARLY,0.1308,0.1303,-0.0006,-0.0106,0.0043,0.0017,0.3953,0.1188,0.0,4,4,DP-CVAE ε=4
HALLMARK_ESTROGEN_RESPONSE_LATE,0.111,0.1061,-0.0049,-0.1094,0.0022,0.0018,0.8182,0.0966,0.0,4,4,DP-CVAE ε=4
HALLMARK_FATTY_ACID_METABOLISM,0.0426,0.0294,-0.0132,-0.1934,0.0067,0.0026,0.3881,0.1055,0.0,4,4,DP-CVAE ε=4
HALLMARK_G2M_CHECKPOINT,0.0268,0.0551,0.0284,0.4277,0.0066,0.0022,0.3333,0.3481,0.0,4,4,DP-CVAE ε=4
HALLMARK_GLYCOLYSIS,0.0644,0.0715,0.0071,0.1747,0.0016,0.0017,1.0625,0.0786,0.0,4,4,DP-CVAE ε=4
HALLMARK_HEDGEHOG_SIGNALING,0.0105,-0.0053,-0.0158,-0.1689,0.0068,0.0107,1.5735,0.1278,0.0,4,4,DP-CVAE ε=4
HALLMARK_HEME_METABOLISM,0.1169,0.1045,-0.0124,-0.2833,0.0024,0.0014,0.5833,0.1636,0.0,4,4,DP-CVAE ε=4
HALLMARK_HYPOXIA,0.1403,0.1474,0.0071,0.1208,0.0049,0.0021,0.4286,0.1509,0.0,4,4,DP-CVAE ε=4
HALLMARK_IL2_STAT5_SIGNALING,0.1169,0.1298,0.0129,0.2808,0.0024,0.0018,0.75,0.1064,0.0,4,4,DP-CVAE ε=4
HALLMARK_IL6_JAK_STAT3_SIGNALING,0.2108,0.1942,-0.0166,-0.2841,0.0039,0.0029,0.7436,0.1486,0.0,4,4,DP-CVAE ε=4
HALLMARK_INFLAMMATORY_RESPONSE,0.0885,0.0688,-0.0196,-0.2604,0.0069,0.0044,0.6377,0.1576,0.0,4,4,DP-CVAE ε=4
HALLMARK_INTERFERON_ALPHA_RESPONSE,0.1914,0.1369,-0.0545,-0.6188,0.0101,0.0054,0.5347,0.3117,0.0,4,4,DP-CVAE ε=4
HALLMARK_INTERFERON_GAMMA_RESPONSE,0.1001,0.0766,-0.0234,-0.455,0.0039,0.0014,0.359,0.2648,0.0,4,4,DP-CVAE ε=4
HALLMARK_KRAS_SIGNALING_DN,-0.3449,-0.2413,0.1036,0.7261,0.0149,0.0258,1.7315,0.3007,0.0,4,4,DP-CVAE ε=4
HALLMARK_KRAS_SIGNALING_UP,0.0246,0.0499,0.0253,0.3734,0.0052,0.004,0.7692,0.168,0.0,4,4,DP-CVAE ε=4
HALLMARK_MITOTIC_SPINDLE,0.0899,0.0986,0.0087,0.176,0.0033,0.0017,0.5152,0.1367,0.0,4,4,DP-CVAE ε=4
HALLMARK_MTORC1_SIGNALING,0.1256,0.124,-0.0015,-0.0438,0.0015,0.0009,0.6,0.072,0.0,4,4,DP-CVAE ε=4
HALLMARK_MYC_TARGETS_V1,0.2142,0.1784,-0.0358,-0.6702,0.0036,0.0022,0.6111,0.255,0.0,4,4,DP-CVAE ε=4
HALLMARK_MYC_TARGETS_V2,0.0884,0.0277,-0.0606,-0.7545,0.0075,0.0054,0.72,0.2842,0.0,4,4,DP-CVAE ε=4
HALLMARK_MYOGENESIS,0.2314,0.1801,-0.0513,-0.9367,0.0034,0.0026,0.7647,0.3689,0.0,4,4,DP-CVAE ε=4
HALLMARK_NOTCH_SIGNALING,0.1475,0.0839,-0.0636,-0.7703,0.0065,0.0072,1.1077,0.3157,0.0,4,4,DP-CVAE ε=4
HALLMARK_OXIDATIVE_PHOSPHORYLATION,0.1299,0.1086,-0.0214,-0.3809,0.0047,0.0016,0.3404,0.1584,0.0,4,4,DP-CVAE ε=4
HALLMARK_P53_PATHWAY,0.0273,0.0524,0.0251,0.6895,0.0015,0.0012,0.8,0.2605,0.0,4,4,DP-CVAE ε=4
HALLMARK_PANCREAS_BETA_CELLS,-0.1043,-0.1617,-0.0574,-0.2448,0.0496,0.0605,1.2198,0.1743,0.0,4,4,DP-CVAE ε=4
HALLMARK_PEROXISOME,0.1024,0.0777,-0.0247,-0.4856,0.0023,0.0028,1.2174,0.181,0.0,4,4,DP-CVAE ε=4
HALLMARK_PI3K_AKT_MTOR_SIGNALING,0.0924,0.0853,-0.0071,-0.191,0.001,0.0018,1.8,0.1356,0.0,4,4,DP-CVAE ε=4
HALLMARK_PROTEIN_SECRETION,0.2626,0.1995,-0.063,-1.3771,0.0019,0.0023,1.2105,0.5106,0.0,4,4,DP-CVAE ε=4
HALLMARK_REACTIVE_OXYGEN_SPECIES_PATHWAY,0.1345,0.1166,-0.0179,-0.2514,0.0058,0.0044,0.7586,0.1035,0.0,4,4,DP-CVAE ε=4
HALLMARK_SPERMATOGENESIS,-0.1245,-0.0577,0.0668,0.8474,0.0081,0.0043,0.5309,0.3854,0.0,4,4,DP-CVAE ε=4
HALLMARK_TGF_BETA_SIGNALING,0.1938,0.2226,0.0288,0.3698,0.0078,0.0043,0.5513,0.1723,0.0,4,4,DP-CVAE ε=4
HALLMARK_TNFA_SIGNALING_VIA_NFKB,0.1162,0.115,-0.0012,-0.0195,0.0052,0.0018,0.3462,0.1419,0.0,4,4,DP-CVAE ε=4
HALLMARK_UNFOLDED_PROTEIN_RESPONSE,0.0899,0.0527,-0.0372,-0.9334,0.0016,0.0016,1.0,0.4134,0.0,4,4,DP-CVAE ε=4
HALLMARK_UV_RESPONSE_DN,0.1104,0.1425,0.0321,0.6376,0.0031,0.002,0.6452,0.2642,0.0,4,4,DP-CVAE ε=4
HALLMARK_UV_RESPONSE_UP,0.1258,0.0883,-0.0375,-0.965,0.0016,0.0014,0.875,0.3721,0.0,4,4,DP-CVAE ε=4
HALLMARK_WNT_BETA_CATENIN_SIGNALING,0.0986,0.0984,-0.0002,-0.0021,0.0061,0.0054,0.8852,0.033,0.0467,4,4,DP-CVAE ε=4
HALLMARK_XENOBIOTIC_METABOLISM,0.1038,0.1121,0.0083,0.1523,0.0042,0.0017,0.4048,0.1894,0.0,4,4,DP-CVAE ε=4
HALLMARK_ADIPOGENESIS,0.1501,0.1251,-0.025,-0.4411,0.0043,0.0022,0.5116,0.1484,0.0,1,1,DP-CVAE ε=4
HALLMARK_ALLOGRAFT_REJECTION,0.0652,0.0682,0.003,0.047,0.0058,0.0023,0.3966,0.1547,0.0,1,1,DP-CVAE ε=4
HALLMARK_ANDROGEN_RESPONSE,0.1138,0.091,-0.0228,-0.3937,0.0039,0.0028,0.7179,0.1336,0.0,1,1,DP-CVAE ε=4
HALLMARK_ANGIOGENESIS,0.2436,0.2052,-0.0384,-0.471,0.0068,0.0065,0.9559,0.214,0.0,1,1,DP-CVAE ε=4
HALLMARK_APICAL_JUNCTION,0.1232,0.1118,-0.0114,-0.2452,0.0026,0.0017,0.6538,0.1371,0.0,1,1,DP-CVAE ε=4
HALLMARK_APICAL_SURFACE,0.2011,0.1213,-0.0798,-1.1115,0.0028,0.0075,2.6786,0.4442,0.0,1,1,DP-CVAE ε=4
HALLMARK_APOPTOSIS,0.1435,0.1114,-0.0321,-0.9502,0.001,0.0013,1.3,0.3687,0.0,1,1,DP-CVAE ε=4
HALLMARK_BILE_ACID_METABOLISM,-0.0115,-0.0018,0.0097,0.1113,0.0082,0.0069,0.8415,0.0966,0.0,1,1,DP-CVAE ε=4
HALLMARK_CHOLESTEROL_HOMEOSTASIS,-0.0114,0.0116,0.023,0.3062,0.0069,0.0044,0.6377,0.2221,0.0,1,1,DP-CVAE ε=4
HALLMARK_COAGULATION,0.1114,0.0812,-0.0303,-0.3423,0.0096,0.0061,0.6354,0.1845,0.0,1,1,DP-CVAE ε=4
HALLMARK_COMPLEMENT,0.1282,0.1231,-0.0051,-0.1221,0.0019,0.0016,0.8421,0.0839,0.0,1,1,DP-CVAE ε=4
HALLMARK_DNA_REPAIR,-0.0244,-0.0129,0.0115,0.2377,0.0028,0.0019,0.6786,0.1486,0.0,1,1,DP-CVAE ε=4
HALLMARK_E2F_TARGETS,-0.0242,0.0355,0.0597,0.7656,0.0097,0.0025,0.2577,0.4109,0.0,1,1,DP-CVAE ε=4
HALLMARK_EPITHELIAL_MESENCHYMAL_TRANSITION,0.2093,0.1252,-0.0841,-1.2425,0.0056,0.0036,0.6429,0.4772,0.0,1,1,DP-CVAE ε=4
HALLMARK_ESTROGEN_RESPONSE_EARLY,0.1317,0.1506,0.0189,0.3304,0.0042,0.0023,0.5476,0.1449,0.0,1,1,DP-CVAE ε=4
HALLMARK_ESTROGEN_RESPONSE_LATE,0.1115,0.1067,-0.0049,-0.1055,0.0022,0.0021,0.9545,0.0801,0.0,1,1,DP-CVAE ε=4
HALLMARK_FATTY_ACID_METABOLISM,0.0422,0.0439,0.0017,0.0244,0.0067,0.0028,0.4179,0.0954,0.0,1,1,DP-CVAE ε=4
HALLMARK_G2M_CHECKPOINT,0.0272,0.0674,0.0403,0.5931,0.0067,0.0025,0.3731,0.3586,0.0,1,1,DP-CVAE ε=4
HALLMARK_GLYCOLYSIS,0.0649,0.0492,-0.0157,-0.3987,0.0016,0.0015,0.9375,0.1634,0.0,1,1,DP-CVAE ε=4
HALLMARK_HEDGEHOG_SIGNALING,0.0102,-0.0375,-0.0477,-0.4775,0.007,0.013,1.8571,0.2204,0.0,1,1,DP-CVAE ε=4
HALLMARK_HEME_METABOLISM,0.1167,0.0392,-0.0775,-1.5189,0.0024,0.0029,1.2083,0.5367,0.0,1,1,DP-CVAE ε=4
HALLMARK_HYPOXIA,0.1415,0.1098,-0.0317,-0.5383,0.005,0.002,0.4,0.236,0.0,1,1,DP-CVAE ε=4
HALLMARK_IL2_STAT5_SIGNALING,0.1171,0.107,-0.0101,-0.222,0.0024,0.0017,0.7083,0.1275,0.0,1,1,DP-CVAE ε=4
HALLMARK_IL6_JAK_STAT3_SIGNALING,0.2104,0.1753,-0.0351,-0.5797,0.0039,0.0034,0.8718,0.229,0.0,1,1,DP-CVAE ε=4
HALLMARK_INFLAMMATORY_RESPONSE,0.0888,0.1225,0.0338,0.4506,0.007,0.0043,0.6143,0.2458,0.0,1,1,DP-CVAE ε=4
HALLMARK_INTERFERON_ALPHA_RESPONSE,0.1897,0.1537,-0.036,-0.4075,0.01,0.0056,0.56,0.2302,0.0,1,1,DP-CVAE ε=4
HALLMARK_INTERFERON_GAMMA_RESPONSE,0.0995,0.0963,-0.0032,-0.0624,0.0039,0.0016,0.4103,0.146,0.0,1,1,DP-CVAE ε=4
HALLMARK_KRAS_SIGNALING_DN,-0.3465,-0.1876,0.1589,1.122,0.0149,0.0252,1.6913,0.4358,0.0,1,1,DP-CVAE ε=4
HALLMARK_KRAS_SIGNALING_UP,0.0247,0.0275,0.0028,0.0393,0.0053,0.0049,0.9245,0.0399,0.0081,1,1,DP-CVAE ε=4
HALLMARK_MITOTIC_SPINDLE,0.0904,0.1134,0.023,0.4614,0.0033,0.0017,0.5152,0.2325,0.0,1,1,DP-CVAE ε=4
HALLMARK_MTORC1_SIGNALING,0.1263,0.0764,-0.0498,-1.4141,0.0015,0.001,0.6667,0.5101,0.0,1,1,DP-CVAE ε=4
HALLMARK_MYC_TARGETS_V1,0.2143,0.1917,-0.0226,-0.4346,0.0036,0.0018,0.5,0.2195,0.0,1,1,DP-CVAE ε=4
HALLMARK_MYC_TARGETS_V2,0.0891,0.0635,-0.0256,-0.3209,0.0077,0.0051,0.6623,0.1625,0.0,1,1,DP-CVAE ε=4
HALLMARK_MYOGENESIS,0.2322,0.1571,-0.0751,-1.3358,0.0034,0.0029,0.8529,0.4957,0.0,1,1,DP-CVAE ε=4
HALLMARK_NOTCH_SIGNALING,0.1477,0.1081,-0.0397,-0.4856,0.0064,0.0069,1.0781,0.2126,0.0,1,1,DP-CVAE ε=4
HALLMARK_OXIDATIVE_PHOSPHORYLATION,0.1298,0.0665,-0.0633,-1.0939,0.0047,0.002,0.4255,0.4092,0.0,1,1,DP-CVAE ε=4
HALLMARK_P53_PATHWAY,0.0276,0.0343,0.0066,0.1752,0.0014,0.0014,1.0,0.0729,0.0,1,1,DP-CVAE ε=4
HALLMARK_PANCREAS_BETA_CELLS,-0.1037,0.0113,0.1149,0.4469,0.0503,0.082,1.6302,0.2241,0.0,1,1,DP-CVAE ε=4
HALLMARK_PEROXISOME,0.1024,0.0759,-0.0266,-0.497,0.0024,0.0033,1.375,0.2079,0.0,1,1,DP-CVAE ε=4
HALLMARK_PI3K_AKT_MTOR_SIGNALING,0.0927,0.078,-0.0147,-0.3937,0.001,0.0018,1.8,0.2152,0.0,1,1,DP-CVAE ε=4
HALLMARK_PROTEIN_SECRETION,0.2628,0.1794,-0.0834,-1.6317,0.0019,0.0033,1.7368,0.5868,0.0,1,1,DP-CVAE ε=4
HALLMARK_REACTIVE_OXYGEN_SPECIES_PATHWAY,0.1347,0.1021,-0.0326,-0.43,0.0057,0.0058,1.0175,0.1455,0.0,1,1,DP-CVAE ε=4
HALLMARK_SPERMATOGENESIS,-0.1243,-0.0282,0.0961,1.1468,0.0083,0.0058,0.6988,0.4474,0.0,1,1,DP-CVAE ε=4
HALLMARK_TGF_BETA_SIGNALING,0.1946,0.1364,-0.0582,-0.7049,0.0078,0.0059,0.7564,0.3143,0.0,1,1,DP-CVAE ε=4
HALLMARK_TNFA_SIGNALING_VIA_NFKB,0.1171,0.1077,-0.0094,-0.1613,0.0051,0.0016,0.3137,0.192,0.0,1,1,DP-CVAE ε=4
HALLMARK_UNFOLDED_PROTEIN_RESPONSE,0.0908,0.0867,-0.0041,-0.0959,0.0016,0.0021,1.3125,0.1105,0.0,1,1,DP-CVAE ε=4
HALLMARK_UV_RESPONSE_DN,0.1115,0.1124,0.0009,0.0179,0.0031,0.0019,0.6129,0.074,0.0,1,1,DP-CVAE ε=4
HALLMARK_UV_RESPONSE_UP,0.1259,0.1028,-0.0231,-0.6173,0.0016,0.0012,0.75,0.2551,0.0,1,1,DP-CVAE ε=4
HALLMARK_WNT_BETA_CATENIN_SIGNALING,0.0988,0.1105,0.0117,0.157,0.0059,0.0052,0.8814,0.0656,0.0,1,1,DP-CVAE ε=4
HALLMARK_XENOBIOTIC_METABOLISM,0.1037,0.0847,-0.019,-0.3272,0.0043,0.0025,0.5814,0.1119,0.0,1,1,DP-CVAE ε=4
HALLMARK_ADIPOGENESIS,0.1509,0.1317,-0.0192,-0.3495,0.0043,0.0018,0.4186,0.1536,0.0,3,3,DP-CVAE ε=4
HALLMARK_ALLOGRAFT_REJECTION,0.0646,0.059,-0.0056,-0.0885,0.0058,0.0023,0.3966,0.1582,0.0,3,3,DP-CVAE ε=4
HALLMARK_ANDROGEN_RESPONSE,0.1127,0.0855,-0.0273,-0.4947,0.0039,0.0022,0.5641,0.1894,0.0,3,3,DP-CVAE ε=4
HALLMARK_ANGIOGENESIS,0.2441,0.166,-0.0782,-0.9016,0.0067,0.0083,1.2388,0.3366,0.0,3,3,DP-CVAE ε=4
HALLMARK_APICAL_JUNCTION,0.1232,0.1397,0.0165,0.3514,0.0025,0.0019,0.76,0.1614,0.0,3,3,DP-CVAE ε=4
HALLMARK_APICAL_SURFACE,0.2004,0.201,0.0006,0.0085,0.0028,0.0065,2.3214,0.1142,0.0,3,3,DP-CVAE ε=4
HALLMARK_APOPTOSIS,0.1434,0.1225,-0.0208,-0.6442,0.001,0.0011,1.1,0.271,0.0,3,3,DP-CVAE ε=4
HALLMARK_BILE_ACID_METABOLISM,-0.0117,0.0238,0.0356,0.4039,0.0083,0.0072,0.8675,0.2056,0.0,3,3,DP-CVAE ε=4
HALLMARK_CHOLESTEROL_HOMEOSTASIS,-0.011,-0.0155,-0.0044,-0.0617,0.0069,0.0035,0.5072,0.0789,0.0,3,3,DP-CVAE ε=4
HALLMARK_COAGULATION,0.1122,0.1016,-0.0106,-0.1262,0.0094,0.0046,0.4894,0.1536,0.0,3,3,DP-CVAE ε=4
HALLMARK_COMPLEMENT,0.1281,0.1355,0.0075,0.1829,0.0019,0.0014,0.7368,0.109,0.0,3,3,DP-CVAE ε=4
HALLMARK_DNA_REPAIR,-0.024,-0.0035,0.0206,0.4164,0.0028,0.002,0.7143,0.2036,0.0,3,3,DP-CVAE ε=4
HALLMARK_E2F_TARGETS,-0.025,-0.0147,0.0103,0.1306,0.0097,0.0027,0.2784,0.2669,0.0,3,3,DP-CVAE ε=4
HALLMARK_EPITHELIAL_MESENCHYMAL_TRANSITION,0.21,0.1704,-0.0396,-0.6527,0.0055,0.0019,0.3455,0.33,0.0,3,3,DP-CVAE ε=4
HALLMARK_ESTROGEN_RESPONSE_EARLY,0.1315,0.083,-0.0484,-0.8567,0.0042,0.0022,0.5238,0.3887,0.0,3,3,DP-CVAE ε=4
HALLMARK_ESTROGEN_RESPONSE_LATE,0.1113,0.1177,0.0065,0.1436,0.0022,0.0018,0.8182,0.0532,0.0001,3,3,DP-CVAE ε=4
HALLMARK_FATTY_ACID_METABOLISM,0.0429,0.0224,-0.0204,-0.297,0.0067,0.0027,0.403,0.1197,0.0,3,3,DP-CVAE ε=4
HALLMARK_G2M_CHECKPOINT,0.0269,0.024,-0.0029,-0.0427,0.0067,0.0022,0.3284,0.2128,0.0,3,3,DP-CVAE ε=4
HALLMARK_GLYCOLYSIS,0.0647,0.0829,0.0182,0.4807,0.0016,0.0013,0.8125,0.1952,0.0,3,3,DP-CVAE ε=4
HALLMARK_HEDGEHOG_SIGNALING,0.0097,0.0389,0.0292,0.2997,0.0069,0.0121,1.7536,0.1735,0.0,3,3,DP-CVAE ε=4
HALLMARK_HEME_METABOLISM,0.1162,0.0737,-0.0425,-0.9267,0.0024,0.0018,0.75,0.3655,0.0,3,3,DP-CVAE ε=4
HALLMARK_HYPOXIA,0.141,0.1097,-0.0313,-0.5457,0.0049,0.0017,0.3469,0.2501,0.0,3,3,DP-CVAE ε=4
HALLMARK_IL2_STAT5_SIGNALING,0.1166,0.07,-0.0466,-0.9555,0.0024,0.0024,1.0,0.3858,0.0,3,3,DP-CVAE ε=4
HALLMARK_IL6_JAK_STAT3_SIGNALING,0.2099,0.1524,-0.0575,-0.9254,0.0039,0.0038,0.9744,0.3577,0.0,3,3,DP-CVAE ε=4
HALLMARK_INFLAMMATORY_RESPONSE,0.0887,0.0539,-0.0348,-0.4746,0.0069,0.0038,0.5507,0.2218,0.0,3,3,DP-CVAE ε=4
HALLMARK_INTERFERON_ALPHA_RESPONSE,0.1899,0.1422,-0.0476,-0.5352,0.0099,0.0059,0.596,0.2658,0.0,3,3,DP-CVAE ε=4
HALLMARK_INTERFERON_GAMMA_RESPONSE,0.0994,0.0927,-0.0067,-0.1257,0.0038,0.0018,0.4737,0.1408,0.0,3,3,DP-CVAE ε=4
HALLMARK_KRAS_SIGNALING_DN,-0.3452,-0.217,0.1282,0.898,0.0148,0.026,1.7568,0.3574,0.0,3,3,DP-CVAE ε=4
HALLMARK_KRAS_SIGNALING_UP,0.0241,0.0445,0.0204,0.301,0.0052,0.0039,0.75,0.1559,0.0,3,3,DP-CVAE ε=4
HALLMARK_MITOTIC_SPINDLE,0.0893,0.0926,0.0034,0.0696,0.0033,0.0014,0.4242,0.1278,0.0,3,3,DP-CVAE ε=4
HALLMARK_MTORC1_SIGNALING,0.1261,0.1013,-0.0249,-0.7124,0.0014,0.001,0.7143,0.2695,0.0,3,3,DP-CVAE ε=4
HALLMARK_MYC_TARGETS_V1,0.2141,0.1779,-0.0362,-0.6851,0.0036,0.002,0.5556,0.2643,0.0,3,3,DP-CVAE ε=4
HALLMARK_MYC_TARGETS_V2,0.09,0.1015,0.0115,0.1489,0.0076,0.0044,0.5789,0.1342,0.0,3,3,DP-CVAE ε=4
HALLMARK_MYOGENESIS,0.2319,0.167,-0.0649,-1.1721,0.0033,0.0028,0.8485,0.4468,0.0,3,3,DP-CVAE ε=4
HALLMARK_NOTCH_SIGNALING,0.1481,0.0976,-0.0505,-0.6517,0.0064,0.0057,0.8906,0.2695,0.0,3,3,DP-CVAE ε=4
HALLMARK_OXIDATIVE_PHOSPHORYLATION,0.1303,0.1118,-0.0185,-0.3118,0.0047,0.0023,0.4894,0.1229,0.0,3,3,DP-CVAE ε=4
HALLMARK_P53_PATHWAY,0.0279,0.0016,-0.0263,-0.734,0.0014,0.0011,0.7857,0.2964,0.0,3,3,DP-CVAE ε=4
HALLMARK_PANCREAS_BETA_CELLS,-0.1064,-0.2046,-0.0981,-0.435,0.049,0.0528,1.0776,0.2452,0.0,3,3,DP-CVAE ε=4
HALLMARK_PEROXISOME,0.1025,0.1281,0.0256,0.5284,0.0024,0.0023,0.9583,0.2525,0.0,3,3,DP-CVAE ε=4
HALLMARK_PI3K_AKT_MTOR_SIGNALING,0.0926,0.0565,-0.0361,-1.0181,0.001,0.0015,1.5,0.4158,0.0,3,3,DP-CVAE ε=4
HALLMARK_PROTEIN_SECRETION,0.2623,0.1738,-0.0884,-1.809,0.0019,0.0029,1.5263,0.6356,0.0,3,3,DP-CVAE ε=4
HALLMARK_REACTIVE_OXYGEN_SPECIES_PATHWAY,0.1351,0.0835,-0.0517,-0.6517,0.0057,0.0068,1.193,0.2392,0.0,3,3,DP-CVAE ε=4
HALLMARK_SPERMATOGENESIS,-0.1245,-0.1068,0.0177,0.2255,0.0081,0.0042,0.5185,0.1964,0.0,3,3,DP-CVAE ε=4
HALLMARK_TGF_BETA_SIGNALING,0.1932,0.1899,-0.0033,-0.0407,0.0078,0.0054,0.6923,0.0784,0.0,3,3,DP-CVAE ε=4
HALLMARK_TNFA_SIGNALING_VIA_NFKB,0.1165,0.1055,-0.011,-0.1889,0.0051,0.0017,0.3333,0.1949,0.0,3,3,DP-CVAE ε=4
HALLMARK_UNFOLDED_PROTEIN_RESPONSE,0.0906,0.0721,-0.0186,-0.4591,0.0016,0.0016,1.0,0.2253,0.0,3,3,DP-CVAE ε=4
HALLMARK_UV_RESPONSE_DN,0.1109,0.0382,-0.0726,-1.4105,0.0031,0.0022,0.7097,0.5211,0.0,3,3,DP-CVAE ε=4
HALLMARK_UV_RESPONSE_UP,0.126,0.1334,0.0075,0.2027,0.0016,0.0011,0.6875,0.1163,0.0,3,3,DP-CVAE ε=4
HALLMARK_WNT_BETA_CATENIN_SIGNALING,0.0994,0.0196,-0.0797,-1.0801,0.0061,0.0048,0.7869,0.4326,0.0,3,3,DP-CVAE ε=4
HALLMARK_XENOBIOTIC_METABOLISM,0.1042,0.0833,-0.0209,-0.3798,0.0042,0.0018,0.4286,0.1536,0.0,3,3,DP-CVAE ε=4
HALLMARK_ADIPOGENESIS,0.1501,0.1787,0.0286,0.3409,0.0043,0.0098,2.2791,0.2932,0.0,1,1,CTGAN
HALLMARK_ALLOGRAFT_REJECTION,0.0652,0.0809,0.0157,0.2248,0.0058,0.004,0.6897,0.1243,0.0,1,1,CTGAN
HALLMARK_ANDROGEN_RESPONSE,0.1138,0.1378,0.0241,0.4616,0.0039,0.0015,0.3846,0.277,0.0,1,1,CTGAN
HALLMARK_ANGIOGENESIS,0.2436,0.2931,0.0495,0.5279,0.0068,0.0108,1.5882,0.3065,0.0,1,1,CTGAN
HALLMARK_APICAL_JUNCTION,0.1232,0.1419,0.0187,0.3352,0.0026,0.0037,1.4231,0.1712,0.0,1,1,CTGAN
HALLMARK_APICAL_SURFACE,0.2011,0.2207,0.0196,0.4448,0.0028,0.0011,0.3929,0.2316,0.0,1,1,CTGAN
HALLMARK_APOPTOSIS,0.1435,0.1707,0.0272,0.9181,0.001,0.0007,0.7,0.3441,0.0,1,1,CTGAN
HALLMARK_BILE_ACID_METABOLISM,-0.0115,-0.0065,0.005,0.0538,0.0082,0.0093,1.1341,0.2076,0.0,1,1,CTGAN
HALLMARK_CHOLESTEROL_HOMEOSTASIS,-0.0114,-0.0119,-0.0005,-0.0051,0.0069,0.0108,1.5652,0.1538,0.0,1,1,CTGAN
HALLMARK_COAGULATION,0.1114,0.1539,0.0425,0.4551,0.0096,0.0078,0.8125,0.2024,0.0,1,1,CTGAN
HALLMARK_COMPLEMENT,0.1282,0.1583,0.0301,0.7644,0.0019,0.0012,0.6316,0.2924,0.0,1,1,CTGAN
HALLMARK_DNA_REPAIR,-0.0244,-0.03,-0.0056,-0.1111,0.0028,0.0023,0.8214,0.0434,0.003,1,1,CTGAN
HALLMARK_E2F_TARGETS,-0.0242,-0.0368,-0.0126,-0.1154,0.0097,0.014,1.4433,0.1964,0.0,1,1,CTGAN
HALLMARK_EPITHELIAL_MESENCHYMAL_TRANSITION,0.2093,0.2516,0.0423,0.5656,0.0056,0.0056,1.0,0.2444,0.0,1,1,CTGAN
HALLMARK_ESTROGEN_RESPONSE_EARLY,0.1317,0.1566,0.0249,0.4602,0.0042,0.0017,0.4048,0.2212,0.0,1,1,CTGAN
HALLMARK_ESTROGEN_RESPONSE_LATE,0.1115,0.128,0.0165,0.3875,0.0022,0.0014,0.6364,0.1403,0.0,1,1,CTGAN
HALLMARK_FATTY_ACID_METABOLISM,0.0422,0.0479,0.0057,0.0532,0.0067,0.0164,2.4478,0.2594,0.0,1,1,CTGAN
HALLMARK_G2M_CHECKPOINT,0.0272,0.03,0.0028,0.0305,0.0067,0.0106,1.5821,0.1698,0.0,1,1,CTGAN
HALLMARK_GLYCOLYSIS,0.0649,0.0801,0.0152,0.4391,0.0016,0.0008,0.5,0.2073,0.0,1,1,CTGAN
HALLMARK_HEDGEHOG_SIGNALING,0.0102,0.01,-0.0002,-0.0031,0.007,0.005,0.7143,0.0665,0.0,1,1,CTGAN
HALLMARK_HEME_METABOLISM,0.1167,0.134,0.0173,0.385,0.0024,0.0017,0.7083,0.1541,0.0,1,1,CTGAN
HALLMARK_HYPOXIA,0.1415,0.1658,0.0243,0.3275,0.005,0.006,1.2,0.225,0.0,1,1,CTGAN
HALLMARK_IL2_STAT5_SIGNALING,0.1171,0.135,0.018,0.3542,0.0024,0.0027,1.125,0.1885,0.0,1,1,CTGAN
HALLMARK_IL6_JAK_STAT3_SIGNALING,0.2104,0.2573,0.047,0.8362,0.0039,0.0024,0.6154,0.2889,0.0,1,1,CTGAN
HALLMARK_INFLAMMATORY_RESPONSE,0.0888,0.1171,0.0283,0.3824,0.007,0.004,0.5714,0.2027,0.0,1,1,CTGAN
HALLMARK_INTERFERON_ALPHA_RESPONSE,0.1897,0.2182,0.0285,0.2756,0.01,0.0113,1.13,0.2079,0.0,1,1,CTGAN
HALLMARK_INTERFERON_GAMMA_RESPONSE,0.0995,0.1172,0.0176,0.3091,0.0039,0.0026,0.6667,0.1281,0.0,1,1,CTGAN
HALLMARK_KRAS_SIGNALING_DN,-0.3465,-0.4394,-0.0929,-0.9121,0.0149,0.0059,0.396,0.3485,0.0,1,1,CTGAN
HALLMARK_KRAS_SIGNALING_UP,0.0247,0.0251,0.0003,0.0042,0.0053,0.0083,1.566,0.0908,0.0,1,1,CTGAN
HALLMARK_MITOTIC_SPINDLE,0.0904,0.1027,0.0123,0.1906,0.0033,0.0051,1.5455,0.1729,0.0,1,1,CTGAN
HALLMARK_MTORC1_SIGNALING,0.1263,0.1532,0.027,0.7555,0.0015,0.0011,0.7333,0.2802,0.0,1,1,CTGAN
HALLMARK_MYC_TARGETS_V1,0.2143,0.2454,0.0311,0.4677,0.0036,0.0052,1.4444,0.225,0.0,1,1,CTGAN
HALLMARK_MYC_TARGETS_V2,0.0891,0.1149,0.0258,0.2825,0.0077,0.009,1.1688,0.1588,0.0,1,1,CTGAN
HALLMARK_MYOGENESIS,0.2322,0.2775,0.0453,0.8872,0.0034,0.0018,0.5294,0.3485,0.0,1,1,CTGAN
HALLMARK_NOTCH_SIGNALING,0.1477,0.1825,0.0348,0.4365,0.0064,0.0063,0.9844,0.1796,0.0,1,1,CTGAN
HALLMARK_OXIDATIVE_PHOSPHORYLATION,0.1298,0.1562,0.0264,0.3022,0.0047,0.0106,2.2553,0.2773,0.0,1,1,CTGAN
HALLMARK_P53_PATHWAY,0.0276,0.0389,0.0113,0.2686,0.0014,0.0021,1.5,0.1669,0.0,1,1,CTGAN
HALLMARK_PANCREAS_BETA_CELLS,-0.1037,-0.0763,0.0274,0.1148,0.0503,0.0635,1.2624,0.2447,0.0,1,1,CTGAN
HALLMARK_PEROXISOME,0.1024,0.1223,0.0199,0.3512,0.0024,0.0041,1.7083,0.2822,0.0,1,1,CTGAN
HALLMARK_PI3K_AKT_MTOR_SIGNALING,0.0927,0.0964,0.0037,0.1142,0.001,0.0011,1.1,0.1203,0.0,1,1,CTGAN
HALLMARK_PROTEIN_SECRETION,0.2628,0.292,0.0292,0.6946,0.0019,0.0016,0.8421,0.26,0.0,1,1,CTGAN
HALLMARK_REACTIVE_OXYGEN_SPECIES_PATHWAY,0.1347,0.1668,0.032,0.3951,0.0057,0.0074,1.2982,0.2366,0.0,1,1,CTGAN
HALLMARK_SPERMATOGENESIS,-0.1243,-0.1544,-0.0301,-0.3374,0.0083,0.0077,0.9277,0.1695,0.0,1,1,CTGAN
HALLMARK_TGF_BETA_SIGNALING,0.1946,0.2292,0.0346,0.3777,0.0078,0.009,1.1538,0.1703,0.0,1,1,CTGAN
HALLMARK_TNFA_SIGNALING_VIA_NFKB,0.1171,0.1426,0.0255,0.3644,0.0051,0.0047,0.9216,0.1712,0.0,1,1,CTGAN
HALLMARK_UNFOLDED_PROTEIN_RESPONSE,0.0908,0.1141,0.0233,0.6517,0.0016,0.001,0.625,0.2527,0.0,1,1,CTGAN
HALLMARK_UV_RESPONSE_DN,0.1115,0.1297,0.0182,0.3185,0.0031,0.0035,1.129,0.1452,0.0,1,1,CTGAN
HALLMARK_UV_RESPONSE_UP,0.1259,0.1554,0.0295,0.7037,0.0016,0.0019,1.1875,0.3094,0.0,1,1,CTGAN
HALLMARK_WNT_BETA_CATENIN_SIGNALING,0.0988,0.1168,0.018,0.2036,0.0059,0.0097,1.6441,0.1677,0.0,1,1,CTGAN
HALLMARK_XENOBIOTIC_METABOLISM,0.1037,0.1327,0.029,0.388,0.0043,0.0069,1.6047,0.2626,0.0,1,1,CTGAN
HALLMARK_ADIPOGENESIS,0.1503,0.1827,0.0324,0.4202,0.0043,0.0076,1.7674,0.2862,0.0,5,5,CTGAN
HALLMARK_ALLOGRAFT_REJECTION,0.0651,0.0832,0.0181,0.2524,0.0059,0.0044,0.7458,0.118,0.0,5,5,CTGAN
HALLMARK_ANDROGEN_RESPONSE,0.1134,0.1289,0.0155,0.2971,0.0039,0.0015,0.3846,0.2082,0.0,5,5,CTGAN
HALLMARK_ANGIOGENESIS,0.2436,0.2873,0.0437,0.5013,0.0068,0.0084,1.2353,0.2356,0.0,5,5,CTGAN
HALLMARK_APICAL_JUNCTION,0.1229,0.1395,0.0165,0.2723,0.0026,0.0048,1.8462,0.2243,0.0,5,5,CTGAN
HALLMARK_APICAL_SURFACE,0.2007,0.2228,0.0221,0.454,0.0028,0.0019,0.6786,0.1853,0.0,5,5,CTGAN
HALLMARK_APOPTOSIS,0.1431,0.1701,0.0271,1.0065,0.001,0.0004,0.4,0.4204,0.0,5,5,CTGAN
HALLMARK_BILE_ACID_METABOLISM,-0.0111,-0.0056,0.0055,0.0566,0.0081,0.0106,1.3086,0.2171,0.0,5,5,CTGAN
HALLMARK_CHOLESTEROL_HOMEOSTASIS,-0.0119,0.0,0.0119,0.1389,0.007,0.0078,1.1143,0.1639,0.0,5,5,CTGAN
HALLMARK_COAGULATION,0.1102,0.1466,0.0364,0.4226,0.0096,0.0053,0.5521,0.1966,0.0,5,5,CTGAN
HALLMARK_COMPLEMENT,0.1277,0.1573,0.0296,0.7973,0.0019,0.0009,0.4737,0.3351,0.0,5,5,CTGAN
HALLMARK_DNA_REPAIR,-0.0242,-0.0339,-0.0097,-0.1929,0.0028,0.0023,0.8214,0.0749,0.0,5,5,CTGAN
HALLMARK_E2F_TARGETS,-0.0241,-0.0524,-0.0283,-0.2508,0.0098,0.0157,1.602,0.2969,0.0,5,5,CTGAN
HALLMARK_EPITHELIAL_MESENCHYMAL_TRANSITION,0.2081,0.2494,0.0412,0.5449,0.0055,0.0059,1.0727,0.2347,0.0,5,5,CTGAN
HALLMARK_ESTROGEN_RESPONSE_EARLY,0.1307,0.1504,0.0197,0.3465,0.0042,0.0022,0.5238,0.1451,0.0,5,5,CTGAN
HALLMARK_ESTROGEN_RESPONSE_LATE,0.111,0.1248,0.0138,0.327,0.0022,0.0013,0.5909,0.133,0.0,5,5,CTGAN
HALLMARK_FATTY_ACID_METABOLISM,0.0428,0.066,0.0232,0.2365,0.0067,0.0125,1.8657,0.2796,0.0,5,5,CTGAN
HALLMARK_G2M_CHECKPOINT,0.0276,0.0206,-0.007,-0.0729,0.0068,0.0117,1.7206,0.2478,0.0,5,5,CTGAN
HALLMARK_GLYCOLYSIS,0.0647,0.078,0.0133,0.3829,0.0016,0.0008,0.5,0.1931,0.0,5,5,CTGAN
HALLMARK_HEDGEHOG_SIGNALING,0.0102,0.0094,-0.0008,-0.0106,0.007,0.0045,0.6429,0.0778,0.0,5,5,CTGAN
HALLMARK_HEME_METABOLISM,0.1167,0.1427,0.026,0.5787,0.0024,0.0016,0.6667,0.2154,0.0,5,5,CTGAN
HALLMARK_HYPOXIA,0.1404,0.1716,0.0312,0.4549,0.0049,0.0045,0.9184,0.2483,0.0,5,5,CTGAN
HALLMARK_IL2_STAT5_SIGNALING,0.1165,0.1199,0.0034,0.0675,0.0024,0.0028,1.1667,0.0694,0.0,5,5,CTGAN
HALLMARK_IL6_JAK_STAT3_SIGNALING,0.2103,0.2495,0.0393,0.681,0.0039,0.0027,0.6923,0.277,0.0,5,5,CTGAN
HALLMARK_INFLAMMATORY_RESPONSE,0.0885,0.1182,0.0297,0.3872,0.0069,0.0048,0.6957,0.1928,0.0,5,5,CTGAN
HALLMARK_INTERFERON_ALPHA_RESPONSE,0.191,0.2234,0.0324,0.3116,0.0099,0.0117,1.1818,0.2122,0.0,5,5,CTGAN
HALLMARK_INTERFERON_GAMMA_RESPONSE,0.1002,0.1167,0.0165,0.2703,0.0039,0.0036,0.9231,0.1367,0.0,5,5,CTGAN
HALLMARK_KRAS_SIGNALING_DN,-0.3464,-0.4379,-0.0915,-0.846,0.0148,0.0086,0.5811,0.3874,0.0,5,5,CTGAN
HALLMARK_KRAS_SIGNALING_UP,0.0248,0.0175,-0.0073,-0.08,0.0052,0.0115,2.2115,0.1795,0.0,5,5,CTGAN
HALLMARK_MITOTIC_SPINDLE,0.0902,0.0915,0.0012,0.0192,0.0033,0.0049,1.4848,0.1165,0.0,5,5,CTGAN
HALLMARK_MTORC1_SIGNALING,0.1261,0.1511,0.025,0.6833,0.0015,0.0012,0.8,0.2619,0.0,5,5,CTGAN
HALLMARK_MYC_TARGETS_V1,0.2146,0.242,0.0275,0.3871,0.0036,0.0065,1.8056,0.2388,0.0,5,5,CTGAN
HALLMARK_MYC_TARGETS_V2,0.0901,0.1018,0.0117,0.1154,0.0076,0.0127,1.6711,0.1758,0.0,5,5,CTGAN
HALLMARK_MYOGENESIS,0.2309,0.282,0.0512,0.9177,0.0033,0.0029,0.8788,0.331,0.0,5,5,CTGAN
HALLMARK_NOTCH_SIGNALING,0.1477,0.1974,0.0497,0.638,0.0064,0.0058,0.9062,0.2518,0.0,5,5,CTGAN
HALLMARK_OXIDATIVE_PHOSPHORYLATION,0.1301,0.1664,0.0363,0.4321,0.0047,0.0094,2.0,0.3076,0.0,5,5,CTGAN
HALLMARK_P53_PATHWAY,0.0271,0.037,0.0099,0.2701,0.0014,0.0013,0.9286,0.0954,0.0,5,5,CTGAN
HALLMARK_PANCREAS_BETA_CELLS,-0.105,-0.077,0.0279,0.1181,0.0497,0.0621,1.2495,0.2428,0.0,5,5,CTGAN
HALLMARK_PEROXISOME,0.1024,0.1251,0.0227,0.4018,0.0023,0.004,1.7391,0.2966,0.0,5,5,CTGAN
HALLMARK_PI3K_AKT_MTOR_SIGNALING,0.0923,0.0987,0.0064,0.2014,0.001,0.001,1.0,0.1252,0.0,5,5,CTGAN
HALLMARK_PROTEIN_SECRETION,0.2625,0.2958,0.0333,0.8665,0.0019,0.001,0.5263,0.3145,0.0,5,5,CTGAN
HALLMARK_REACTIVE_OXYGEN_SPECIES_PATHWAY,0.135,0.1576,0.0226,0.2795,0.0057,0.0073,1.2807,0.2241,0.0,5,5,CTGAN
HALLMARK_SPERMATOGENESIS,-0.124,-0.1632,-0.0392,-0.4443,0.0082,0.0074,0.9024,0.2541,0.0,5,5,CTGAN
HALLMARK_TGF_BETA_SIGNALING,0.1938,0.2266,0.0329,0.3206,0.0078,0.0133,1.7051,0.2171,0.0,5,5,CTGAN
HALLMARK_TNFA_SIGNALING_VIA_NFKB,0.1164,0.1517,0.0352,0.4931,0.0051,0.0051,1.0,0.2281,0.0,5,5,CTGAN
HALLMARK_UNFOLDED_PROTEIN_RESPONSE,0.0903,0.1162,0.0259,0.629,0.0016,0.0018,1.125,0.3064,0.0,5,5,CTGAN
HALLMARK_UV_RESPONSE_DN,0.1107,0.1142,0.0035,0.0651,0.003,0.0026,0.8667,0.0596,0.0,5,5,CTGAN
HALLMARK_UV_RESPONSE_UP,0.126,0.1617,0.0357,0.9835,0.0016,0.001,0.625,0.3718,0.0,5,5,CTGAN
HALLMARK_WNT_BETA_CATENIN_SIGNALING,0.0985,0.1298,0.0312,0.3562,0.0061,0.0093,1.5246,0.2217,0.0,5,5,CTGAN
HALLMARK_XENOBIOTIC_METABOLISM,0.1037,0.1414,0.0377,0.5246,0.0043,0.0061,1.4186,0.2816,0.0,5,5,CTGAN
HALLMARK_ADIPOGENESIS,0.1505,0.1867,0.0361,0.4638,0.0042,0.0079,1.881,0.2975,0.0,4,4,CTGAN
HALLMARK_ALLOGRAFT_REJECTION,0.0657,0.0766,0.0109,0.1436,0.0058,0.0058,1.0,0.0685,0.0,4,4,CTGAN
HALLMARK_ANDROGEN_RESPONSE,0.1136,0.132,0.0184,0.3196,0.004,0.0027,0.675,0.168,0.0,4,4,CTGAN
HALLMARK_ANGIOGENESIS,0.244,0.2976,0.0536,0.669,0.0068,0.006,0.8824,0.229,0.0,4,4,CTGAN
HALLMARK_APICAL_JUNCTION,0.1234,0.133,0.0096,0.1475,0.0026,0.0059,2.2692,0.2041,0.0,4,4,CTGAN
HALLMARK_APICAL_SURFACE,0.2007,0.2142,0.0135,0.2756,0.0028,0.002,0.7143,0.1286,0.0,4,4,CTGAN
HALLMARK_APOPTOSIS,0.1431,0.1693,0.0262,1.013,0.001,0.0003,0.3,0.4409,0.0,4,4,CTGAN
HALLMARK_BILE_ACID_METABOLISM,-0.0107,-0.0089,0.0018,0.0184,0.0081,0.011,1.358,0.1951,0.0,4,4,CTGAN
HALLMARK_CHOLESTEROL_HOMEOSTASIS,-0.012,-0.0078,0.0042,0.0481,0.0069,0.0082,1.1884,0.148,0.0,4,4,CTGAN
HALLMARK_COAGULATION,0.1106,0.12,0.0094,0.1051,0.0097,0.0064,0.6598,0.0882,0.0,4,4,CTGAN
HALLMARK_COMPLEMENT,0.1282,0.1402,0.012,0.3156,0.0019,0.001,0.5263,0.1868,0.0,4,4,CTGAN
HALLMARK_DNA_REPAIR,-0.0245,-0.034,-0.0095,-0.1624,0.0028,0.004,1.4286,0.148,0.0,4,4,CTGAN
HALLMARK_E2F_TARGETS,-0.025,-0.0434,-0.0185,-0.1743,0.0096,0.0129,1.3438,0.1937,0.0,4,4,CTGAN
HALLMARK_EPITHELIAL_MESENCHYMAL_TRANSITION,0.2085,0.2403,0.0318,0.4016,0.0055,0.007,1.2727,0.2012,0.0,4,4,CTGAN
HALLMARK_ESTROGEN_RESPONSE_EARLY,0.1308,0.1438,0.013,0.239,0.0043,0.0016,0.3721,0.1552,0.0,4,4,CTGAN
HALLMARK_ESTROGEN_RESPONSE_LATE,0.111,0.1153,0.0043,0.101,0.0022,0.0014,0.6364,0.0844,0.0,4,4,CTGAN
HALLMARK_FATTY_ACID_METABOLISM,0.0426,0.0618,0.0192,0.2042,0.0067,0.011,1.6418,0.2535,0.0,4,4,CTGAN
HALLMARK_G2M_CHECKPOINT,0.0268,0.0243,-0.0025,-0.0279,0.0066,0.0094,1.4242,0.1564,0.0,4,4,CTGAN
HALLMARK_GLYCOLYSIS,0.0644,0.0747,0.0104,0.3089,0.0016,0.0007,0.4375,0.2003,0.0,4,4,CTGAN
HALLMARK_HEDGEHOG_SIGNALING,0.0105,0.0372,0.0267,0.3795,0.0068,0.0031,0.4559,0.1865,0.0,4,4,CTGAN
HALLMARK_HEME_METABOLISM,0.1169,0.1369,0.0199,0.4214,0.0024,0.0021,0.875,0.1451,0.0,4,4,CTGAN
HALLMARK_HYPOXIA,0.1403,0.1608,0.0204,0.2752,0.0049,0.0061,1.2449,0.2165,0.0,4,4,CTGAN
HALLMARK_IL2_STAT5_SIGNALING,0.1169,0.1239,0.007,0.1285,0.0024,0.0035,1.4583,0.1333,0.0,4,4,CTGAN
HALLMARK_IL6_JAK_STAT3_SIGNALING,0.2108,0.2476,0.0368,0.6324,0.0039,0.0028,0.7179,0.2408,0.0,4,4,CTGAN
HALLMARK_INFLAMMATORY_RESPONSE,0.0885,0.0983,0.0098,0.1195,0.0069,0.0065,0.942,0.0642,0.0,4,4,CTGAN
HALLMARK_INTERFERON_ALPHA_RESPONSE,0.1914,0.2199,0.0284,0.3137,0.0101,0.0063,0.6238,0.1154,0.0,4,4,CTGAN
HALLMARK_INTERFERON_GAMMA_RESPONSE,0.1001,0.1119,0.0118,0.1983,0.0039,0.0032,0.8205,0.0795,0.0,4,4,CTGAN
HALLMARK_KRAS_SIGNALING_DN,-0.3449,-0.4408,-0.0958,-0.9179,0.0149,0.0069,0.4631,0.3654,0.0,4,4,CTGAN
HALLMARK_KRAS_SIGNALING_UP,0.0246,0.0126,-0.012,-0.1334,0.0052,0.0109,2.0962,0.1547,0.0,4,4,CTGAN
HALLMARK_MITOTIC_SPINDLE,0.0899,0.0979,0.0081,0.1468,0.0033,0.0028,0.8485,0.0619,0.0,4,4,CTGAN
HALLMARK_MTORC1_SIGNALING,0.1256,0.1494,0.0239,0.6412,0.0015,0.0013,0.8667,0.2561,0.0,4,4,CTGAN
HALLMARK_MYC_TARGETS_V1,0.2142,0.2438,0.0296,0.443,0.0036,0.0054,1.5,0.2154,0.0,4,4,CTGAN
HALLMARK_MYC_TARGETS_V2,0.0884,0.1023,0.014,0.1382,0.0075,0.0129,1.72,0.1665,0.0,4,4,CTGAN
HALLMARK_MYOGENESIS,0.2314,0.2767,0.0453,0.7702,0.0034,0.0036,1.0588,0.3064,0.0,4,4,CTGAN
HALLMARK_NOTCH_SIGNALING,0.1475,0.1818,0.0343,0.4197,0.0065,0.0069,1.0615,0.1602,0.0,4,4,CTGAN
HALLMARK_OXIDATIVE_PHOSPHORYLATION,0.1299,0.1675,0.0375,0.4721,0.0047,0.008,1.7021,0.3099,0.0,4,4,CTGAN
HALLMARK_P53_PATHWAY,0.0273,0.036,0.0087,0.2347,0.0015,0.0013,0.8667,0.1026,0.0,4,4,CTGAN
HALLMARK_PANCREAS_BETA_CELLS,-0.1043,-0.0492,0.055,0.2401,0.0496,0.0555,1.119,0.2631,0.0,4,4,CTGAN
HALLMARK_PEROXISOME,0.1024,0.1239,0.0214,0.3693,0.0023,0.0044,1.913,0.2848,0.0,4,4,CTGAN
HALLMARK_PI3K_AKT_MTOR_SIGNALING,0.0924,0.0955,0.0031,0.1026,0.001,0.0009,0.9,0.0601,0.0,4,4,CTGAN
HALLMARK_PROTEIN_SECRETION,0.2626,0.2963,0.0337,0.7554,0.0019,0.0021,1.1053,0.277,0.0,4,4,CTGAN
HALLMARK_REACTIVE_OXYGEN_SPECIES_PATHWAY,0.1345,0.1736,0.0391,0.5124,0.0058,0.0059,1.0172,0.2093,0.0,4,4,CTGAN
HALLMARK_SPERMATOGENESIS,-0.1245,-0.1556,-0.0312,-0.3525,0.0081,0.0075,0.9259,0.2249,0.0,4,4,CTGAN
HALLMARK_TGF_BETA_SIGNALING,0.1938,0.2049,0.0112,0.0962,0.0078,0.019,2.4359,0.2188,0.0,4,4,CTGAN
HALLMARK_TNFA_SIGNALING_VIA_NFKB,0.1162,0.1476,0.0314,0.4329,0.0052,0.0053,1.0192,0.2272,0.0,4,4,CTGAN
HALLMARK_UNFOLDED_PROTEIN_RESPONSE,0.0899,0.1053,0.0154,0.4144,0.0016,0.0012,0.75,0.1862,0.0,4,4,CTGAN
HALLMARK_UV_RESPONSE_DN,0.1104,0.113,0.0026,0.0424,0.0031,0.0046,1.4839,0.0937,0.0,4,4,CTGAN
HALLMARK_UV_RESPONSE_UP,0.1258,0.1567,0.0309,0.866,0.0016,0.0009,0.5625,0.3492,0.0,4,4,CTGAN
HALLMARK_WNT_BETA_CATENIN_SIGNALING,0.0986,0.1215,0.0229,0.2681,0.0061,0.0086,1.4098,0.1697,0.0,4,4,CTGAN
HALLMARK_XENOBIOTIC_METABOLISM,0.1038,0.1309,0.027,0.3728,0.0042,0.0063,1.5,0.2645,0.0,4,4,CTGAN
HALLMARK_ADIPOGENESIS,0.1502,0.1757,0.0254,0.2816,0.0043,0.012,2.7907,0.2973,0.0,2,2,CTGAN
HALLMARK_ALLOGRAFT_REJECTION,0.0651,0.0784,0.0134,0.1916,0.0058,0.004,0.6897,0.1203,0.0,2,2,CTGAN
HALLMARK_ANDROGEN_RESPONSE,0.1137,0.1375,0.0238,0.4907,0.0039,0.0008,0.2051,0.3566,0.0,2,2,CTGAN
HALLMARK_ANGIOGENESIS,0.2434,0.2866,0.0432,0.4873,0.0068,0.0089,1.3088,0.2513,0.0,2,2,CTGAN
HALLMARK_APICAL_JUNCTION,0.1232,0.135,0.0117,0.2009,0.0026,0.0043,1.6538,0.1683,0.0,2,2,CTGAN
HALLMARK_APICAL_SURFACE,0.2009,0.2195,0.0186,0.3983,0.0028,0.0015,0.5357,0.1862,0.0,2,2,CTGAN
HALLMARK_APOPTOSIS,0.143,0.1727,0.0296,0.9782,0.0011,0.0008,0.7273,0.358,0.0,2,2,CTGAN
HALLMARK_BILE_ACID_METABOLISM,-0.0112,-0.0036,0.0076,0.0756,0.0082,0.012,1.4634,0.2516,0.0,2,2,CTGAN
HALLMARK_CHOLESTEROL_HOMEOSTASIS,-0.0116,-0.0029,0.0087,0.0916,0.0069,0.0113,1.6377,0.1807,0.0,2,2,CTGAN
HALLMARK_COAGULATION,0.1112,0.1333,0.0221,0.2527,0.0097,0.0056,0.5773,0.1342,0.0,2,2,CTGAN
HALLMARK_COMPLEMENT,0.1279,0.1491,0.0212,0.5763,0.0019,0.0008,0.4211,0.2883,0.0,2,2,CTGAN
HALLMARK_DNA_REPAIR,-0.0247,-0.0254,-0.0007,-0.0148,0.0028,0.0018,0.6429,0.0593,0.0,2,2,CTGAN
HALLMARK_E2F_TARGETS,-0.0256,-0.0353,-0.0097,-0.0894,0.0095,0.014,1.4737,0.2062,0.0,2,2,CTGAN
HALLMARK_EPITHELIAL_MESENCHYMAL_TRANSITION,0.2091,0.2423,0.0333,0.4439,0.0055,0.0057,1.0364,0.1764,0.0,2,2,CTGAN
HALLMARK_ESTROGEN_RESPONSE_EARLY,0.1311,0.1609,0.0298,0.539,0.0042,0.0019,0.4524,0.229,0.0,2,2,CTGAN
HALLMARK_ESTROGEN_RESPONSE_LATE,0.1108,0.131,0.0202,0.5136,0.0022,0.0009,0.4091,0.2389,0.0,2,2,CTGAN
HALLMARK_FATTY_ACID_METABOLISM,0.0424,0.0558,0.0134,0.1236,0.0067,0.0167,2.4925,0.2739,0.0,2,2,CTGAN
HALLMARK_G2M_CHECKPOINT,0.0263,0.036,0.0097,0.1043,0.0066,0.0106,1.6061,0.1698,0.0,2,2,CTGAN
HALLMARK_GLYCOLYSIS,0.0646,0.0765,0.0119,0.3338,0.0016,0.0009,0.5625,0.1657,0.0,2,2,CTGAN
HALLMARK_HEDGEHOG_SIGNALING,0.0112,0.0165,0.0053,0.0729,0.0068,0.0037,0.5441,0.0876,0.0,2,2,CTGAN
HALLMARK_HEME_METABOLISM,0.1167,0.1365,0.0198,0.4647,0.0023,0.0013,0.5652,0.2065,0.0,2,2,CTGAN
HALLMARK_HYPOXIA,0.141,0.1702,0.0293,0.4266,0.005,0.0044,0.88,0.2247,0.0,2,2,CTGAN
HALLMARK_IL2_STAT5_SIGNALING,0.1167,0.1369,0.0201,0.3966,0.0024,0.0027,1.125,0.2042,0.0,2,2,CTGAN
HALLMARK_IL6_JAK_STAT3_SIGNALING,0.2105,0.2564,0.0459,0.8344,0.0039,0.0021,0.5385,0.3005,0.0,2,2,CTGAN
HALLMARK_INFLAMMATORY_RESPONSE,0.0887,0.1166,0.0279,0.3793,0.0069,0.0039,0.5652,0.2024,0.0,2,2,CTGAN
HALLMARK_INTERFERON_ALPHA_RESPONSE,0.1891,0.2389,0.0499,0.5158,0.0101,0.0086,0.8515,0.2166,0.0,2,2,CTGAN
HALLMARK_INTERFERON_GAMMA_RESPONSE,0.0991,0.1247,0.0256,0.4348,0.0039,0.0031,0.7949,0.1669,0.0,2,2,CTGAN
HALLMARK_KRAS_SIGNALING_DN,-0.3445,-0.4428,-0.0984,-0.9442,0.0148,0.0069,0.4662,0.3777,0.0,2,2,CTGAN
HALLMARK_KRAS_SIGNALING_UP,0.0243,0.0225,-0.0018,-0.0199,0.0052,0.0105,2.0192,0.1264,0.0,2,2,CTGAN
HALLMARK_MITOTIC_SPINDLE,0.0895,0.0998,0.0103,0.1621,0.0033,0.0048,1.4545,0.1541,0.0,2,2,CTGAN
HALLMARK_MTORC1_SIGNALING,0.1256,0.1522,0.0266,0.7419,0.0014,0.0011,0.7857,0.2779,0.0,2,2,CTGAN
HALLMARK_MYC_TARGETS_V1,0.2136,0.255,0.0414,0.6159,0.0036,0.0055,1.5278,0.2649,0.0,2,2,CTGAN
HALLMARK_MYC_TARGETS_V2,0.0885,0.1168,0.0283,0.3199,0.0074,0.0083,1.1216,0.17,0.0,2,2,CTGAN
HALLMARK_MYOGENESIS,0.2316,0.2777,0.046,0.8917,0.0034,0.002,0.5882,0.3592,0.0,2,2,CTGAN
HALLMARK_NOTCH_SIGNALING,0.1478,0.1901,0.0422,0.485,0.0063,0.0088,1.3968,0.2429,0.0,2,2,CTGAN
HALLMARK_OXIDATIVE_PHOSPHORYLATION,0.1296,0.1627,0.0331,0.3595,0.0047,0.0122,2.5957,0.2999,0.0,2,2,CTGAN
HALLMARK_P53_PATHWAY,0.0276,0.0382,0.0106,0.2525,0.0015,0.002,1.3333,0.1562,0.0,2,2,CTGAN
HALLMARK_PANCREAS_BETA_CELLS,-0.1016,-0.071,0.0306,0.1292,0.05,0.0623,1.246,0.2392,0.0,2,2,CTGAN
HALLMARK_PEROXISOME,0.1023,0.1252,0.0229,0.3802,0.0024,0.0049,2.0417,0.3034,0.0,2,2,CTGAN
HALLMARK_PI3K_AKT_MTOR_SIGNALING,0.0922,0.1021,0.0099,0.2921,0.001,0.0013,1.3,0.1848,0.0,2,2,CTGAN
HALLMARK_PROTEIN_SECRETION,0.2629,0.2956,0.0327,0.803,0.0019,0.0014,0.7368,0.2981,0.0,2,2,CTGAN
HALLMARK_REACTIVE_OXYGEN_SPECIES_PATHWAY,0.1347,0.1607,0.026,0.3237,0.0057,0.0072,1.2632,0.2053,0.0,2,2,CTGAN
HALLMARK_SPERMATOGENESIS,-0.125,-0.1574,-0.0324,-0.3938,0.0081,0.0055,0.679,0.1935,0.0,2,2,CTGAN
HALLMARK_TGF_BETA_SIGNALING,0.1945,0.2261,0.0316,0.3199,0.0078,0.0118,1.5128,0.1932,0.0,2,2,CTGAN
HALLMARK_TNFA_SIGNALING_VIA_NFKB,0.1165,0.1448,0.0283,0.4111,0.0051,0.0044,0.8627,0.1891,0.0,2,2,CTGAN
HALLMARK_UNFOLDED_PROTEIN_RESPONSE,0.0902,0.1165,0.0263,0.7467,0.0016,0.0009,0.5625,0.2981,0.0,2,2,CTGAN
HALLMARK_UV_RESPONSE_DN,0.1112,0.1226,0.0114,0.2068,0.0031,0.003,0.9677,0.0792,0.0,2,2,CTGAN
HALLMARK_UV_RESPONSE_UP,0.1257,0.1614,0.0357,0.9487,0.0016,0.0012,0.75,0.3554,0.0,2,2,CTGAN
HALLMARK_WNT_BETA_CATENIN_SIGNALING,0.099,0.1344,0.0353,0.3769,0.0059,0.0116,1.9661,0.2681,0.0,2,2,CTGAN
HALLMARK_XENOBIOTIC_METABOLISM,0.1034,0.129,0.0256,0.3407,0.0043,0.007,1.6279,0.271,0.0,2,2,CTGAN
HALLMARK_ADIPOGENESIS,0.1509,0.1818,0.0309,0.3782,0.0043,0.009,2.093,0.2921,0.0,3,3,CTGAN
HALLMARK_ALLOGRAFT_REJECTION,0.0646,0.076,0.0114,0.1658,0.0058,0.0036,0.6207,0.1307,0.0,3,3,CTGAN
HALLMARK_ANDROGEN_RESPONSE,0.1127,0.1043,-0.0085,-0.1582,0.0039,0.0018,0.4615,0.1203,0.0,3,3,CTGAN
HALLMARK_ANGIOGENESIS,0.2441,0.299,0.0548,0.6035,0.0067,0.0098,1.4627,0.3262,0.0,3,3,CTGAN
HALLMARK_APICAL_JUNCTION,0.1232,0.1381,0.0148,0.2611,0.0025,0.0039,1.56,0.1909,0.0,3,3,CTGAN
HALLMARK_APICAL_SURFACE,0.2004,0.2186,0.0182,0.389,0.0028,0.0015,0.5357,0.1807,0.0,3,3,CTGAN
HALLMARK_APOPTOSIS,0.1434,0.1694,0.026,0.9349,0.001,0.0005,0.5,0.3835,0.0,3,3,CTGAN
HALLMARK_BILE_ACID_METABOLISM,-0.0117,-0.0067,0.005,0.0531,0.0083,0.0095,1.1446,0.2175,0.0,3,3,CTGAN
HALLMARK_CHOLESTEROL_HOMEOSTASIS,-0.011,-0.011,0.0,0.0005,0.0069,0.0082,1.1884,0.1177,0.0,3,3,CTGAN
HALLMARK_COAGULATION,0.1122,0.1389,0.0267,0.3083,0.0094,0.0056,0.5957,0.1579,0.0,3,3,CTGAN
HALLMARK_COMPLEMENT,0.1281,0.1546,0.0266,0.7183,0.0019,0.0008,0.4211,0.3262,0.0,3,3,CTGAN
HALLMARK_DNA_REPAIR,-0.024,-0.0219,0.0022,0.0423,0.0028,0.0024,0.8571,0.0648,0.0,3,3,CTGAN
HALLMARK_E2F_TARGETS,-0.025,-0.0347,-0.0097,-0.0865,0.0097,0.0153,1.5773,0.2279,0.0,3,3,CTGAN
HALLMARK_EPITHELIAL_MESENCHYMAL_TRANSITION,0.21,0.2542,0.0441,0.5808,0.0055,0.0061,1.1091,0.2643,0.0,3,3,CTGAN
HALLMARK_ESTROGEN_RESPONSE_EARLY,0.1315,0.1342,0.0027,0.0527,0.0042,0.0011,0.2619,0.1591,0.0,3,3,CTGAN
HALLMARK_ESTROGEN_RESPONSE_LATE,0.1113,0.1154,0.0041,0.0984,0.0022,0.0013,0.5909,0.0891,0.0,3,3,CTGAN
HALLMARK_FATTY_ACID_METABOLISM,0.0429,0.0676,0.0248,0.234,0.0067,0.0157,2.3433,0.3031,0.0,3,3,CTGAN
HALLMARK_G2M_CHECKPOINT,0.0269,0.0319,0.005,0.0523,0.0067,0.0113,1.6866,0.1966,0.0,3,3,CTGAN
HALLMARK_GLYCOLYSIS,0.0647,0.0809,0.0162,0.4517,0.0016,0.001,0.625,0.1799,0.0,3,3,CTGAN
HALLMARK_HEDGEHOG_SIGNALING,0.0097,-0.009,-0.0187,-0.2634,0.0069,0.0031,0.4493,0.1799,0.0,3,3,CTGAN
HALLMARK_HEME_METABOLISM,0.1162,0.1402,0.024,0.4772,0.0024,0.0027,1.125,0.2085,0.0,3,3,CTGAN
HALLMARK_HYPOXIA,0.141,0.1702,0.0292,0.3957,0.0049,0.006,1.2245,0.2484,0.0,3,3,CTGAN
HALLMARK_IL2_STAT5_SIGNALING,0.1166,0.1327,0.0161,0.3486,0.0024,0.0019,0.7917,0.1781,0.0,3,3,CTGAN
HALLMARK_IL6_JAK_STAT3_SIGNALING,0.2099,0.2583,0.0484,0.8433,0.0039,0.0027,0.6923,0.2872,0.0,3,3,CTGAN
HALLMARK_INFLAMMATORY_RESPONSE,0.0887,0.1113,0.0225,0.3004,0.0069,0.0043,0.6232,0.1602,0.0,3,3,CTGAN
HALLMARK_INTERFERON_ALPHA_RESPONSE,0.1899,0.2396,0.0498,0.4381,0.0099,0.0159,1.6061,0.3097,0.0,3,3,CTGAN
HALLMARK_INTERFERON_GAMMA_RESPONSE,0.0994,0.1183,0.0188,0.3155,0.0038,0.0033,0.8684,0.168,0.0,3,3,CTGAN
HALLMARK_KRAS_SIGNALING_DN,-0.3452,-0.4339,-0.0887,-0.8032,0.0148,0.0096,0.6486,0.4049,0.0,3,3,CTGAN
HALLMARK_KRAS_SIGNALING_UP,0.0241,0.0248,0.0007,0.0086,0.0052,0.0097,1.8654,0.1342,0.0,3,3,CTGAN
HALLMARK_MITOTIC_SPINDLE,0.0893,0.0981,0.0088,0.1465,0.0033,0.004,1.2121,0.1377,0.0,3,3,CTGAN
HALLMARK_MTORC1_SIGNALING,0.1261,0.1521,0.0259,0.7282,0.0014,0.0011,0.7857,0.2906,0.0,3,3,CTGAN
HALLMARK_MYC_TARGETS_V1,0.2141,0.252,0.0379,0.5499,0.0036,0.0059,1.6389,0.2658,0.0,3,3,CTGAN
HALLMARK_MYC_TARGETS_V2,0.09,0.111,0.021,0.2114,0.0076,0.0122,1.6053,0.1891,0.0,3,3,CTGAN
HALLMARK_MYOGENESIS,0.2319,0.2721,0.0402,0.7469,0.0033,0.0025,0.7576,0.2857,0.0,3,3,CTGAN
HALLMARK_NOTCH_SIGNALING,0.1481,0.1641,0.016,0.1997,0.0064,0.0066,1.0312,0.109,0.0,3,3,CTGAN
HALLMARK_OXIDATIVE_PHOSPHORYLATION,0.1303,0.1687,0.0385,0.4416,0.0047,0.0104,2.2128,0.3146,0.0,3,3,CTGAN
HALLMARK_P53_PATHWAY,0.0279,0.0318,0.0039,0.0988,0.0014,0.0017,1.2143,0.0775,0.0,3,3,CTGAN
HALLMARK_PANCREAS_BETA_CELLS,-0.1064,-0.0559,0.0505,0.2136,0.049,0.0628,1.2816,0.2903,0.0,3,3,CTGAN
HALLMARK_PEROXISOME,0.1025,0.1288,0.0263,0.4917,0.0024,0.0034,1.4167,0.3216,0.0,3,3,CTGAN
HALLMARK_PI3K_AKT_MTOR_SIGNALING,0.0926,0.0895,-0.0032,-0.0947,0.001,0.0012,1.2,0.1472,0.0,3,3,CTGAN
HALLMARK_PROTEIN_SECRETION,0.2623,0.298,0.0357,0.8929,0.0019,0.0013,0.6842,0.3187,0.0,3,3,CTGAN
HALLMARK_REACTIVE_OXYGEN_SPECIES_PATHWAY,0.1351,0.1715,0.0364,0.4148,0.0057,0.0096,1.6842,0.2898,0.0,3,3,CTGAN
HALLMARK_SPERMATOGENESIS,-0.1245,-0.1651,-0.0406,-0.4439,0.0081,0.0086,1.0617,0.2545,0.0,3,3,CTGAN
HALLMARK_TGF_BETA_SIGNALING,0.1932,0.2175,0.0243,0.236,0.0078,0.0134,1.7179,0.1819,0.0,3,3,CTGAN
HALLMARK_TNFA_SIGNALING_VIA_NFKB,0.1165,0.1487,0.0322,0.4523,0.0051,0.005,0.9804,0.238,0.0,3,3,CTGAN
HALLMARK_UNFOLDED_PROTEIN_RESPONSE,0.0906,0.1023,0.0116,0.3176,0.0016,0.001,0.625,0.092,0.0,3,3,CTGAN
HALLMARK_UV_RESPONSE_DN,0.1109,0.115,0.0042,0.0803,0.0031,0.0023,0.7419,0.0703,0.0,3,3,CTGAN
HALLMARK_UV_RESPONSE_UP,0.126,0.1621,0.0361,0.9505,0.0016,0.0013,0.8125,0.3467,0.0,3,3,CTGAN
HALLMARK_WNT_BETA_CATENIN_SIGNALING,0.0994,0.1234,0.024,0.2593,0.0061,0.0111,1.8197,0.2238,0.0,3,3,CTGAN
HALLMARK_XENOBIOTIC_METABOLISM,0.1042,0.1384,0.0342,0.4895,0.0042,0.0055,1.3095,0.2843,0.0,3,3,CTGAN
HALLMARK_ADIPOGENESIS,0.1501,0.1658,0.0157,0.3384,0.0043,0.0,0.0,0.5804,0.0,1,1,DP-CTGAN ε=50
HALLMARK_ALLOGRAFT_REJECTION,0.0652,0.1863,0.1211,2.2024,0.0058,0.0003,0.0517,0.8473,0.0,1,1,DP-CTGAN ε=50
HALLMARK_ANDROGEN_RESPONSE,0.1138,0.0059,-0.1079,-2.4326,0.0039,0.0,0.0,0.9439,0.0,1,1,DP-CTGAN ε=50
HALLMARK_ANGIOGENESIS,0.2436,0.1024,-0.1411,-2.4094,0.0068,0.0001,0.0147,0.9161,0.0,1,1,DP-CTGAN ε=50
HALLMARK_APICAL_JUNCTION,0.1232,0.1141,-0.009,-0.2458,0.0026,0.0001,0.0385,0.38,0.0,1,1,DP-CTGAN ε=50
HALLMARK_APICAL_SURFACE,0.2011,0.133,-0.0681,-1.801,0.0028,0.0001,0.0357,0.8083,0.0,1,1,DP-CTGAN ε=50
HALLMARK_APOPTOSIS,0.1435,0.21,0.0665,2.9064,0.001,0.0,0.0,0.9696,0.0,1,1,DP-CTGAN ε=50
HALLMARK_BILE_ACID_METABOLISM,-0.0115,0.046,0.0576,0.8891,0.0082,0.0002,0.0244,0.6634,0.0,1,1,DP-CTGAN ε=50
HALLMARK_CHOLESTEROL_HOMEOSTASIS,-0.0114,-0.0967,-0.0853,-1.448,0.0069,0.0,0.0,0.8071,0.0,1,1,DP-CTGAN ε=50
HALLMARK_COAGULATION,0.1114,0.1653,0.0539,0.7738,0.0096,0.0001,0.0104,0.5891,0.0,1,1,DP-CTGAN ε=50
HALLMARK_COMPLEMENT,0.1282,0.1546,0.0264,0.8489,0.0019,0.0,0.0,0.609,0.0,1,1,DP-CTGAN ε=50
HALLMARK_DNA_REPAIR,-0.0244,0.001,0.0254,0.6545,0.0028,0.0002,0.0714,0.524,0.0,1,1,DP-CTGAN ε=50
HALLMARK_E2F_TARGETS,-0.0242,0.0031,0.0274,0.3915,0.0097,0.0001,0.0103,0.5466,0.0,1,1,DP-CTGAN ε=50
HALLMARK_EPITHELIAL_MESENCHYMAL_TRANSITION,0.2093,0.234,0.0247,0.4669,0.0056,0.0,0.0,0.5399,0.0,1,1,DP-CTGAN ε=50
HALLMARK_ESTROGEN_RESPONSE_EARLY,0.1317,0.1118,-0.0199,-0.4344,0.0042,0.0,0.0,0.5868,0.0,1,1,DP-CTGAN ε=50
HALLMARK_ESTROGEN_RESPONSE_LATE,0.1115,0.1502,0.0387,1.1596,0.0022,0.0,0.0,0.6906,0.0,1,1,DP-CTGAN ε=50
HALLMARK_FATTY_ACID_METABOLISM,0.0422,0.1396,0.0975,1.6803,0.0067,0.0,0.0,0.8783,0.0,1,1,DP-CTGAN ε=50
HALLMARK_G2M_CHECKPOINT,0.0272,0.0817,0.0545,0.9335,0.0067,0.0001,0.0149,0.6429,0.0,1,1,DP-CTGAN ε=50
HALLMARK_GLYCOLYSIS,0.0649,0.1205,0.0555,1.9456,0.0016,0.0,0.0,0.8621,0.0,1,1,DP-CTGAN ε=50
HALLMARK_HEDGEHOG_SIGNALING,0.0102,-0.1016,-0.1118,-1.8805,0.007,0.0001,0.0143,0.8548,0.0,1,1,DP-CTGAN ε=50
HALLMARK_HEME_METABOLISM,0.1167,0.1635,0.0468,1.3549,0.0024,0.0,0.0,0.7267,0.0,1,1,DP-CTGAN ε=50
HALLMARK_HYPOXIA,0.1415,0.2364,0.0949,1.9042,0.005,0.0,0.0,0.8704,0.0,1,1,DP-CTGAN ε=50
HALLMARK_IL2_STAT5_SIGNALING,0.1171,0.0592,-0.0579,-1.6387,0.0024,0.0001,0.0417,0.7429,0.0,1,1,DP-CTGAN ε=50
HALLMARK_IL6_JAK_STAT3_SIGNALING,0.2104,0.3445,0.1341,3.021,0.0039,0.0,0.0,0.9835,0.0,1,1,DP-CTGAN ε=50
HALLMARK_INFLAMMATORY_RESPONSE,0.0888,0.1372,0.0485,0.8023,0.007,0.0003,0.0429,0.5523,0.0,1,1,DP-CTGAN ε=50
HALLMARK_INTERFERON_ALPHA_RESPONSE,0.1897,0.2227,0.033,0.4632,0.01,0.0001,0.01,0.4919,0.0,1,1,DP-CTGAN ε=50
HALLMARK_INTERFERON_GAMMA_RESPONSE,0.0995,0.2369,0.1374,3.0859,0.0039,0.0001,0.0256,0.9725,0.0,1,1,DP-CTGAN ε=50
HALLMARK_KRAS_SIGNALING_DN,-0.3465,-0.6077,-0.2612,-2.9488,0.0149,0.0008,0.0537,0.9861,0.0,1,1,DP-CTGAN ε=50
HALLMARK_KRAS_SIGNALING_UP,0.0247,-0.1751,-0.1998,-3.8495,0.0053,0.0001,0.0189,0.9905,0.0,1,1,DP-CTGAN ε=50
HALLMARK_MITOTIC_SPINDLE,0.0904,0.2111,0.1207,2.9326,0.0033,0.0001,0.0303,0.9523,0.0,1,1,DP-CTGAN ε=50
HALLMARK_MTORC1_SIGNALING,0.1263,0.1647,0.0385,1.4196,0.0015,0.0,0.0,0.7626,0.0,1,1,DP-CTGAN ε=50
HALLMARK_MYC_TARGETS_V1,0.2143,0.2072,-0.007,-0.1646,0.0036,0.0,0.0,0.419,0.0,1,1,DP-CTGAN ε=50
HALLMARK_MYC_TARGETS_V2,0.0891,0.104,0.015,0.2395,0.0077,0.0001,0.013,0.4641,0.0,1,1,DP-CTGAN ε=50
HALLMARK_MYOGENESIS,0.2322,0.1018,-0.1304,-3.1604,0.0034,0.0,0.0,0.9728,0.0,1,1,DP-CTGAN ε=50
HALLMARK_NOTCH_SIGNALING,0.1477,0.0464,-0.1013,-1.7719,0.0064,0.0001,0.0156,0.8297,0.0,1,1,DP-CTGAN ε=50
HALLMARK_OXIDATIVE_PHOSPHORYLATION,0.1298,0.2305,0.1007,2.0832,0.0047,0.0,0.0,0.8846,0.0,1,1,DP-CTGAN ε=50
HALLMARK_P53_PATHWAY,0.0276,0.0174,-0.0103,-0.3794,0.0014,0.0,0.0,0.5069,0.0,1,1,DP-CTGAN ε=50
HALLMARK_PANCREAS_BETA_CELLS,-0.1037,-0.0616,0.0421,0.2634,0.0503,0.0008,0.0159,0.5194,0.0,1,1,DP-CTGAN ε=50
HALLMARK_PEROXISOME,0.1024,0.1848,0.0824,2.3774,0.0024,0.0,0.0,0.9164,0.0,1,1,DP-CTGAN ε=50
HALLMARK_PI3K_AKT_MTOR_SIGNALING,0.0927,0.187,0.0943,4.1219,0.001,0.0,0.0,0.9873,0.0,1,1,DP-CTGAN ε=50
HALLMARK_PROTEIN_SECRETION,0.2628,0.3627,0.0999,3.2186,0.0019,0.0,0.0,0.9936,0.0,1,1,DP-CTGAN ε=50
HALLMARK_REACTIVE_OXYGEN_SPECIES_PATHWAY,0.1347,0.0568,-0.0779,-1.4415,0.0057,0.0001,0.0175,0.7556,0.0,1,1,DP-CTGAN ε=50
HALLMARK_SPERMATOGENESIS,-0.1243,-0.0819,0.0424,0.6328,0.0083,0.0007,0.0843,0.5396,0.0,1,1,DP-CTGAN ε=50
HALLMARK_TGF_BETA_SIGNALING,0.1946,0.3239,0.1293,2.0615,0.0078,0.0001,0.0128,0.8736,0.0,1,1,DP-CTGAN ε=50
HALLMARK_TNFA_SIGNALING_VIA_NFKB,0.1171,0.188,0.0709,1.3994,0.0051,0.0,0.0,0.7918,0.0,1,1,DP-CTGAN ε=50
HALLMARK_UNFOLDED_PROTEIN_RESPONSE,0.0908,0.1102,0.0193,0.6828,0.0016,0.0,0.0,0.5581,0.0,1,1,DP-CTGAN ε=50
HALLMARK_UV_RESPONSE_DN,0.1115,0.0533,-0.0582,-1.4804,0.0031,0.0,0.0,0.7788,0.0,1,1,DP-CTGAN ε=50
HALLMARK_UV_RESPONSE_UP,0.1259,0.2306,0.1047,3.6899,0.0016,0.0,0.0,0.989,0.0,1,1,DP-CTGAN ε=50
HALLMARK_WNT_BETA_CATENIN_SIGNALING,0.0988,0.0489,-0.0499,-0.908,0.0059,0.0001,0.0169,0.6599,0.0,1,1,DP-CTGAN ε=50
HALLMARK_XENOBIOTIC_METABOLISM,0.1037,0.1196,0.0159,0.3397,0.0043,0.0001,0.0233,0.5506,0.0,1,1,DP-CTGAN ε=50
HALLMARK_ADIPOGENESIS,0.1509,0.164,0.0131,0.2815,0.0043,0.0,0.0,0.5651,0.0,3,3,DP-CTGAN ε=50
HALLMARK_ALLOGRAFT_REJECTION,0.0646,0.0883,0.0237,0.4387,0.0058,0.0,0.0,0.5766,0.0,3,3,DP-CTGAN ε=50
HALLMARK_ANDROGEN_RESPONSE,0.1127,0.2185,0.1057,2.3919,0.0039,0.0,0.0,0.917,0.0,3,3,DP-CTGAN ε=50
HALLMARK_ANGIOGENESIS,0.2441,0.1376,-0.1065,-1.8299,0.0067,0.0,0.0,0.8329,0.0,3,3,DP-CTGAN ε=50
HALLMARK_APICAL_JUNCTION,0.1232,0.1938,0.0706,1.9735,0.0025,0.0,0.0,0.8803,0.0,3,3,DP-CTGAN ε=50
HALLMARK_APICAL_SURFACE,0.2004,0.0395,-0.1609,-4.1839,0.0028,0.0001,0.0357,0.9902,0.0,3,3,DP-CTGAN ε=50
HALLMARK_APOPTOSIS,0.1434,0.1356,-0.0078,-0.3405,0.001,0.0,0.0,0.5176,0.0,3,3,DP-CTGAN ε=50
HALLMARK_BILE_ACID_METABOLISM,-0.0117,0.0632,0.0749,1.1624,0.0083,0.0001,0.012,0.7788,0.0,3,3,DP-CTGAN ε=50
HALLMARK_CHOLESTEROL_HOMEOSTASIS,-0.011,-0.0361,-0.025,-0.4201,0.0069,0.0002,0.029,0.4211,0.0,3,3,DP-CTGAN ε=50
HALLMARK_COAGULATION,0.1122,0.1447,0.0325,0.472,0.0094,0.0,0.0,0.5506,0.0,3,3,DP-CTGAN ε=50
HALLMARK_COMPLEMENT,0.1281,0.1911,0.063,2.0357,0.0019,0.0,0.0,0.8623,0.0,3,3,DP-CTGAN ε=50
HALLMARK_DNA_REPAIR,-0.024,-0.0272,-0.0031,-0.0829,0.0028,0.0,0.0,0.4069,0.0,3,3,DP-CTGAN ε=50
HALLMARK_E2F_TARGETS,-0.025,0.0804,0.1054,1.5137,0.0097,0.0,0.0,0.7684,0.0,3,3,DP-CTGAN ε=50
HALLMARK_EPITHELIAL_MESENCHYMAL_TRANSITION,0.21,0.1597,-0.0503,-0.9597,0.0055,0.0,0.0,0.692,0.0,3,3,DP-CTGAN ε=50
HALLMARK_ESTROGEN_RESPONSE_EARLY,0.1315,0.0995,-0.0319,-0.696,0.0042,0.0,0.0,0.6521,0.0,3,3,DP-CTGAN ε=50
HALLMARK_ESTROGEN_RESPONSE_LATE,0.1113,0.1286,0.0173,0.5195,0.0022,0.0,0.0,0.5191,0.0,3,3,DP-CTGAN ε=50
HALLMARK_FATTY_ACID_METABOLISM,0.0429,0.072,0.0292,0.5007,0.0067,0.0,0.0,0.6374,0.0,3,3,DP-CTGAN ε=50
HALLMARK_G2M_CHECKPOINT,0.0269,0.0989,0.072,1.2391,0.0067,0.0,0.0,0.701,0.0,3,3,DP-CTGAN ε=50
HALLMARK_GLYCOLYSIS,0.0647,0.096,0.0314,1.0974,0.0016,0.0,0.0,0.699,0.0,3,3,DP-CTGAN ε=50
HALLMARK_HEDGEHOG_SIGNALING,0.0097,0.0707,0.061,1.0235,0.0069,0.0002,0.029,0.6189,0.0,3,3,DP-CTGAN ε=50
HALLMARK_HEME_METABOLISM,0.1162,0.2195,0.1033,2.9898,0.0024,0.0,0.0,0.98,0.0,3,3,DP-CTGAN ε=50
HALLMARK_HYPOXIA,0.141,0.1598,0.0188,0.3774,0.0049,0.0001,0.0204,0.535,0.0,3,3,DP-CTGAN ε=50
HALLMARK_IL2_STAT5_SIGNALING,0.1166,0.0758,-0.0408,-1.1719,0.0024,0.0,0.0,0.7374,0.0,3,3,DP-CTGAN ε=50
HALLMARK_IL6_JAK_STAT3_SIGNALING,0.2099,0.3696,0.1597,3.5803,0.0039,0.0,0.0,0.9991,0.0,3,3,DP-CTGAN ε=50
HALLMARK_INFLAMMATORY_RESPONSE,0.0887,0.0644,-0.0243,-0.4088,0.0069,0.0001,0.0145,0.4228,0.0,3,3,DP-CTGAN ε=50
HALLMARK_INTERFERON_ALPHA_RESPONSE,0.1899,0.2229,0.0331,0.4686,0.0099,0.0001,0.0101,0.5272,0.0,3,3,DP-CTGAN ε=50
HALLMARK_INTERFERON_GAMMA_RESPONSE,0.0994,0.0941,-0.0053,-0.1198,0.0038,0.0001,0.0263,0.3994,0.0,3,3,DP-CTGAN ε=50
HALLMARK_KRAS_SIGNALING_DN,-0.3452,-0.6046,-0.2594,-3.0173,0.0148,0.0,0.0,1.0,0.0,3,3,DP-CTGAN ε=50
HALLMARK_KRAS_SIGNALING_UP,0.0241,0.0214,-0.0027,-0.0514,0.0052,0.0001,0.0192,0.4127,0.0,3,3,DP-CTGAN ε=50
HALLMARK_MITOTIC_SPINDLE,0.0893,0.1077,0.0185,0.4537,0.0033,0.0,0.0,0.5205,0.0,3,3,DP-CTGAN ε=50
HALLMARK_MTORC1_SIGNALING,0.1261,0.1386,0.0124,0.4628,0.0014,0.0,0.0,0.55,0.0,3,3,DP-CTGAN ε=50
HALLMARK_MYC_TARGETS_V1,0.2141,0.2325,0.0183,0.4314,0.0036,0.0,0.0,0.5503,0.0,3,3,DP-CTGAN ε=50
HALLMARK_MYC_TARGETS_V2,0.09,0.2909,0.2009,3.2533,0.0076,0.0001,0.0132,0.9798,0.0,3,3,DP-CTGAN ε=50
HALLMARK_MYOGENESIS,0.2319,0.1562,-0.0757,-1.8543,0.0033,0.0,0.0,0.8615,0.0,3,3,DP-CTGAN ε=50
HALLMARK_NOTCH_SIGNALING,0.1481,0.1501,0.0021,0.0363,0.0064,0.0001,0.0156,0.3872,0.0,3,3,DP-CTGAN ε=50
HALLMARK_OXIDATIVE_PHOSPHORYLATION,0.1303,0.17,0.0398,0.8161,0.0047,0.0,0.0,0.7302,0.0,3,3,DP-CTGAN ε=50
HALLMARK_P53_PATHWAY,0.0279,-0.0339,-0.0618,-2.2635,0.0014,0.0001,0.0714,0.8629,0.0,3,3,DP-CTGAN ε=50
HALLMARK_PANCREAS_BETA_CELLS,-0.1064,-0.2843,-0.1779,-1.112,0.049,0.0022,0.0449,0.5813,0.0,3,3,DP-CTGAN ε=50
HALLMARK_PEROXISOME,0.1025,0.2407,0.1382,3.9887,0.0024,0.0,0.0,0.9748,0.0,3,3,DP-CTGAN ε=50
HALLMARK_PI3K_AKT_MTOR_SIGNALING,0.0926,0.2065,0.1139,5.0571,0.001,0.0,0.0,0.9988,0.0,3,3,DP-CTGAN ε=50
HALLMARK_PROTEIN_SECRETION,0.2623,0.2509,-0.0114,-0.3692,0.0019,0.0,0.0,0.5107,0.0,3,3,DP-CTGAN ε=50
HALLMARK_REACTIVE_OXYGEN_SPECIES_PATHWAY,0.1351,0.0826,-0.0525,-0.9726,0.0057,0.0001,0.0175,0.6298,0.0,3,3,DP-CTGAN ε=50
HALLMARK_SPERMATOGENESIS,-0.1245,-0.1165,0.008,0.1237,0.0081,0.0002,0.0247,0.4598,0.0,3,3,DP-CTGAN ε=50
HALLMARK_TGF_BETA_SIGNALING,0.1932,0.1367,-0.0565,-0.9009,0.0078,0.0001,0.0128,0.6596,0.0,3,3,DP-CTGAN ε=50
HALLMARK_TNFA_SIGNALING_VIA_NFKB,0.1165,0.1155,-0.0011,-0.0213,0.0051,0.0,0.0,0.4283,0.0,3,3,DP-CTGAN ε=50
HALLMARK_UNFOLDED_PROTEIN_RESPONSE,0.0906,0.0975,0.0069,0.2381,0.0016,0.0001,0.0625,0.3895,0.0,3,3,DP-CTGAN ε=50
HALLMARK_UV_RESPONSE_DN,0.1109,0.1325,0.0216,0.5499,0.0031,0.0,0.0,0.5466,0.0,3,3,DP-CTGAN ε=50
HALLMARK_UV_RESPONSE_UP,0.126,0.1598,0.0338,1.1809,0.0016,0.0,0.0,0.7076,0.0,3,3,DP-CTGAN ε=50
HALLMARK_WNT_BETA_CATENIN_SIGNALING,0.0994,0.1554,0.056,1.0078,0.0061,0.0001,0.0164,0.6512,0.0,3,3,DP-CTGAN ε=50
HALLMARK_XENOBIOTIC_METABOLISM,0.1042,0.1178,0.0135,0.2935,0.0042,0.0,0.0,0.5752,0.0,3,3,DP-CTGAN ε=50
HALLMARK_ADIPOGENESIS,0.1502,0.1295,-0.0207,-0.445,0.0043,0.0,0.0,0.4847,0.0,2,2,DP-CTGAN ε=50
HALLMARK_ALLOGRAFT_REJECTION,0.0651,0.169,0.104,1.9325,0.0058,0.0,0.0,0.8516,0.0,2,2,DP-CTGAN ε=50
HALLMARK_ANDROGEN_RESPONSE,0.1137,0.2051,0.0915,2.0408,0.0039,0.0001,0.0256,0.8722,0.0,2,2,DP-CTGAN ε=50
HALLMARK_ANGIOGENESIS,0.2434,0.0801,-0.1633,-2.7776,0.0068,0.0001,0.0147,0.9468,0.0,2,2,DP-CTGAN ε=50
HALLMARK_APICAL_JUNCTION,0.1232,0.1798,0.0566,1.5742,0.0026,0.0,0.0,0.8025,0.0,2,2,DP-CTGAN ε=50
HALLMARK_APICAL_SURFACE,0.2009,-0.007,-0.2079,-5.4634,0.0028,0.0001,0.0357,0.9971,0.0,2,2,DP-CTGAN ε=50
HALLMARK_APOPTOSIS,0.143,0.1842,0.0412,1.7837,0.0011,0.0,0.0,0.8355,0.0,2,2,DP-CTGAN ε=50
HALLMARK_BILE_ACID_METABOLISM,-0.0112,-0.0419,-0.0307,-0.4792,0.0082,0.0,0.0,0.5263,0.0,2,2,DP-CTGAN ε=50
HALLMARK_CHOLESTEROL_HOMEOSTASIS,-0.0116,0.0507,0.0623,1.0525,0.0069,0.0001,0.0145,0.7675,0.0,2,2,DP-CTGAN ε=50
HALLMARK_COAGULATION,0.1112,0.2896,0.1784,2.5274,0.0097,0.0003,0.0309,0.943,0.0,2,2,DP-CTGAN ε=50
HALLMARK_COMPLEMENT,0.1279,0.2185,0.0906,2.8873,0.0019,0.0001,0.0526,0.9595,0.0,2,2,DP-CTGAN ε=50
HALLMARK_DNA_REPAIR,-0.0247,-0.0756,-0.051,-1.3593,0.0028,0.0,0.0,0.7623,0.0,2,2,DP-CTGAN ε=50
HALLMARK_E2F_TARGETS,-0.0256,0.0624,0.088,1.2737,0.0095,0.0,0.0,0.7348,0.0,2,2,DP-CTGAN ε=50
HALLMARK_EPITHELIAL_MESENCHYMAL_TRANSITION,0.2091,0.192,-0.017,-0.3211,0.0055,0.0001,0.0182,0.5121,0.0,2,2,DP-CTGAN ε=50
HALLMARK_ESTROGEN_RESPONSE_EARLY,0.1311,0.2345,0.1034,2.2494,0.0042,0.0,0.0,0.9318,0.0,2,2,DP-CTGAN ε=50
HALLMARK_ESTROGEN_RESPONSE_LATE,0.1108,0.2366,0.1258,3.7549,0.0022,0.0,0.0,0.9977,0.0,2,2,DP-CTGAN ε=50
HALLMARK_FATTY_ACID_METABOLISM,0.0424,0.0966,0.0541,0.9309,0.0067,0.0,0.0,0.7704,0.0,2,2,DP-CTGAN ε=50
HALLMARK_G2M_CHECKPOINT,0.0263,0.1607,0.1344,2.3304,0.0066,0.0,0.0,0.9121,0.0,2,2,DP-CTGAN ε=50
HALLMARK_GLYCOLYSIS,0.0646,0.082,0.0174,0.6135,0.0016,0.0,0.0,0.5763,0.0,2,2,DP-CTGAN ε=50
HALLMARK_HEDGEHOG_SIGNALING,0.0112,-0.0282,-0.0394,-0.6661,0.0068,0.0001,0.0147,0.5795,0.0,2,2,DP-CTGAN ε=50
HALLMARK_HEME_METABOLISM,0.1167,0.1764,0.0597,1.7395,0.0023,0.0,0.0,0.8271,0.0,2,2,DP-CTGAN ε=50
HALLMARK_HYPOXIA,0.141,0.2183,0.0773,1.5472,0.005,0.0,0.0,0.8343,0.0,2,2,DP-CTGAN ε=50
HALLMARK_IL2_STAT5_SIGNALING,0.1167,0.1833,0.0666,1.9076,0.0024,0.0,0.0,0.8739,0.0,2,2,DP-CTGAN ε=50
HALLMARK_IL6_JAK_STAT3_SIGNALING,0.2105,0.3815,0.171,3.839,0.0039,0.0,0.0,1.0,0.0,2,2,DP-CTGAN ε=50
HALLMARK_INFLAMMATORY_RESPONSE,0.0887,0.239,0.1503,2.5435,0.0069,0.0,0.0,0.9381,0.0,2,2,DP-CTGAN ε=50
HALLMARK_INTERFERON_ALPHA_RESPONSE,0.1891,0.1834,-0.0056,-0.079,0.0101,0.0,0.0,0.4884,0.0,2,2,DP-CTGAN ε=50
HALLMARK_INTERFERON_GAMMA_RESPONSE,0.0991,0.1124,0.0133,0.3009,0.0039,0.0,0.0,0.524,0.0,2,2,DP-CTGAN ε=50
HALLMARK_KRAS_SIGNALING_DN,-0.3445,-0.3147,0.0298,0.3408,0.0148,0.0005,0.0338,0.5917,0.0,2,2,DP-CTGAN ε=50
HALLMARK_KRAS_SIGNALING_UP,0.0243,-0.1112,-0.1355,-2.6528,0.0052,0.0,0.0,0.9508,0.0,2,2,DP-CTGAN ε=50
HALLMARK_MITOTIC_SPINDLE,0.0895,0.1834,0.0939,2.3192,0.0033,0.0,0.0,0.9072,0.0,2,2,DP-CTGAN ε=50
HALLMARK_MTORC1_SIGNALING,0.1256,0.2143,0.0887,3.295,0.0014,0.0,0.0,0.9777,0.0,2,2,DP-CTGAN ε=50
HALLMARK_MYC_TARGETS_V1,0.2136,0.253,0.0394,0.9256,0.0036,0.0001,0.0278,0.6625,0.0,2,2,DP-CTGAN ε=50
HALLMARK_MYC_TARGETS_V2,0.0885,0.1668,0.0783,1.2845,0.0074,0.0001,0.0135,0.7224,0.0,2,2,DP-CTGAN ε=50
HALLMARK_MYOGENESIS,0.2316,0.1974,-0.0343,-0.833,0.0034,0.0,0.0,0.657,0.0,2,2,DP-CTGAN ε=50
HALLMARK_NOTCH_SIGNALING,0.1478,0.1401,-0.0077,-0.1364,0.0063,0.0001,0.0159,0.4662,0.0,2,2,DP-CTGAN ε=50
HALLMARK_OXIDATIVE_PHOSPHORYLATION,0.1296,0.245,0.1154,2.3711,0.0047,0.0,0.0,0.9031,0.0,2,2,DP-CTGAN ε=50
HALLMARK_P53_PATHWAY,0.0276,0.0243,-0.0033,-0.1206,0.0015,0.0,0.0,0.461,0.0,2,2,DP-CTGAN ε=50
HALLMARK_PANCREAS_BETA_CELLS,-0.1016,-0.3057,-0.204,-1.2834,0.05,0.0006,0.012,0.7076,0.0,2,2,DP-CTGAN ε=50
HALLMARK_PEROXISOME,0.1023,0.1316,0.0293,0.8478,0.0024,0.0,0.0,0.6536,0.0,2,2,DP-CTGAN ε=50
HALLMARK_PI3K_AKT_MTOR_SIGNALING,0.0922,0.2112,0.119,5.2193,0.001,0.0,0.0,0.9994,0.0,2,2,DP-CTGAN ε=50
HALLMARK_PROTEIN_SECRETION,0.2629,0.3802,0.1173,3.7756,0.0019,0.0,0.0,0.9988,0.0,2,2,DP-CTGAN ε=50
HALLMARK_REACTIVE_OXYGEN_SPECIES_PATHWAY,0.1347,0.2327,0.098,1.8328,0.0057,0.0,0.0,0.8366,0.0,2,2,DP-CTGAN ε=50
HALLMARK_SPERMATOGENESIS,-0.125,-0.0859,0.0391,0.6128,0.0081,0.0001,0.0123,0.5986,0.0,2,2,DP-CTGAN ε=50
HALLMARK_TGF_BETA_SIGNALING,0.1945,0.2941,0.0996,1.5899,0.0078,0.0001,0.0128,0.777,0.0,2,2,DP-CTGAN ε=50
HALLMARK_TNFA_SIGNALING_VIA_NFKB,0.1165,0.1975,0.081,1.6059,0.0051,0.0,0.0,0.8308,0.0,2,2,DP-CTGAN ε=50
HALLMARK_UNFOLDED_PROTEIN_RESPONSE,0.0902,0.032,-0.0582,-2.0474,0.0016,0.0,0.0,0.9075,0.0,2,2,DP-CTGAN ε=50
HALLMARK_UV_RESPONSE_DN,0.1112,0.1921,0.081,2.0198,0.0031,0.0001,0.0323,0.8592,0.0,2,2,DP-CTGAN ε=50
HALLMARK_UV_RESPONSE_UP,0.1257,0.2065,0.0808,2.8376,0.0016,0.0,0.0,0.9641,0.0,2,2,DP-CTGAN ε=50
HALLMARK_WNT_BETA_CATENIN_SIGNALING,0.099,0.1366,0.0375,0.6847,0.0059,0.0001,0.0169,0.5619,0.0,2,2,DP-CTGAN ε=50
HALLMARK_XENOBIOTIC_METABOLISM,0.1034,0.081,-0.0224,-0.483,0.0043,0.0,0.0,0.5185,0.0,2,2,DP-CTGAN ε=50
HALLMARK_ADIPOGENESIS,0.1503,0.1495,-0.0008,-0.0173,0.0043,0.0,0.0,0.4394,0.0,5,5,DP-CTGAN ε=50
HALLMARK_ALLOGRAFT_REJECTION,0.0651,0.1161,0.0509,0.9393,0.0059,0.0,0.0,0.6713,0.0,5,5,DP-CTGAN ε=50
HALLMARK_ANDROGEN_RESPONSE,0.1134,0.2239,0.1104,2.4807,0.0039,0.0,0.0,0.9179,0.0,5,5,DP-CTGAN ε=50
HALLMARK_ANGIOGENESIS,0.2436,0.0155,-0.2281,-3.8605,0.0068,0.0002,0.0294,0.9861,0.0,5,5,DP-CTGAN ε=50
HALLMARK_APICAL_JUNCTION,0.1229,0.1582,0.0352,0.9771,0.0026,0.0,0.0,0.6539,0.0,5,5,DP-CTGAN ε=50
HALLMARK_APICAL_SURFACE,0.2007,-0.0289,-0.2296,-5.9362,0.0028,0.0001,0.0357,0.9983,0.0,5,5,DP-CTGAN ε=50
HALLMARK_APOPTOSIS,0.1431,0.183,0.0399,1.7282,0.001,0.0,0.0,0.8086,0.0,5,5,DP-CTGAN ε=50
HALLMARK_BILE_ACID_METABOLISM,-0.0111,0.1142,0.1253,1.9554,0.0081,0.0001,0.0123,0.8997,0.0,5,5,DP-CTGAN ε=50
HALLMARK_CHOLESTEROL_HOMEOSTASIS,-0.0119,0.0044,0.0163,0.2748,0.007,0.0,0.0,0.599,0.0,5,5,DP-CTGAN ε=50
HALLMARK_COAGULATION,0.1102,0.2239,0.1138,1.6085,0.0096,0.0004,0.0417,0.7028,0.0,5,5,DP-CTGAN ε=50
HALLMARK_COMPLEMENT,0.1277,0.2173,0.0895,2.8801,0.0019,0.0,0.0,0.95,0.0,5,5,DP-CTGAN ε=50
HALLMARK_DNA_REPAIR,-0.0242,-0.0069,0.0173,0.4626,0.0028,0.0001,0.0357,0.5189,0.0,5,5,DP-CTGAN ε=50
HALLMARK_E2F_TARGETS,-0.0241,0.0168,0.0409,0.5843,0.0098,0.0,0.0,0.5739,0.0,5,5,DP-CTGAN ε=50
HALLMARK_EPITHELIAL_MESENCHYMAL_TRANSITION,0.2081,0.2607,0.0526,0.9913,0.0055,0.0001,0.0182,0.6172,0.0,5,5,DP-CTGAN ε=50
HALLMARK_ESTROGEN_RESPONSE_EARLY,0.1307,0.216,0.0853,1.8419,0.0042,0.0,0.0,0.8696,0.0,5,5,DP-CTGAN ε=50
HALLMARK_ESTROGEN_RESPONSE_LATE,0.111,0.0877,-0.0233,-0.6899,0.0022,0.0,0.0,0.6036,0.0,5,5,DP-CTGAN ε=50
HALLMARK_FATTY_ACID_METABOLISM,0.0428,0.045,0.0022,0.0374,0.0067,0.0,0.0,0.4724,0.0,5,5,DP-CTGAN ε=50
HALLMARK_G2M_CHECKPOINT,0.0276,0.127,0.0994,1.6915,0.0068,0.0001,0.0147,0.7543,0.0,5,5,DP-CTGAN ε=50
HALLMARK_GLYCOLYSIS,0.0647,0.0931,0.0285,1.0018,0.0016,0.0,0.0,0.6485,0.0,5,5,DP-CTGAN ε=50
HALLMARK_HEDGEHOG_SIGNALING,0.0102,0.3605,0.3504,5.9059,0.007,0.0001,0.0143,1.0,0.0,5,5,DP-CTGAN ε=50
HALLMARK_HEME_METABOLISM,0.1167,0.176,0.0593,1.7012,0.0024,0.0,0.0,0.7921,0.0,5,5,DP-CTGAN ε=50
HALLMARK_HYPOXIA,0.1404,0.18,0.0396,0.7974,0.0049,0.0,0.0,0.6889,0.0,5,5,DP-CTGAN ε=50
HALLMARK_IL2_STAT5_SIGNALING,0.1165,0.1211,0.0047,0.1333,0.0024,0.0,0.0,0.3854,0.0,5,5,DP-CTGAN ε=50
HALLMARK_IL6_JAK_STAT3_SIGNALING,0.2103,0.2616,0.0513,1.1544,0.0039,0.0,0.0,0.7008,0.0,5,5,DP-CTGAN ε=50
HALLMARK_INFLAMMATORY_RESPONSE,0.0885,0.1788,0.0903,1.5259,0.0069,0.0001,0.0145,0.7589,0.0,5,5,DP-CTGAN ε=50
HALLMARK_INTERFERON_ALPHA_RESPONSE,0.191,0.3366,0.1456,2.0605,0.0099,0.0001,0.0101,0.8971,0.0,5,5,DP-CTGAN ε=50
HALLMARK_INTERFERON_GAMMA_RESPONSE,0.1002,0.1991,0.0989,2.2219,0.0039,0.0001,0.0256,0.9003,0.0,5,5,DP-CTGAN ε=50
HALLMARK_KRAS_SIGNALING_DN,-0.3464,-0.3946,-0.0483,-0.413,0.0148,0.0125,0.8446,0.2793,0.0,5,5,DP-CTGAN ε=50
HALLMARK_KRAS_SIGNALING_UP,0.0248,-0.1374,-0.1623,-3.1653,0.0052,0.0001,0.0192,0.9676,0.0,5,5,DP-CTGAN ε=50
HALLMARK_MITOTIC_SPINDLE,0.0902,0.1378,0.0475,1.1507,0.0033,0.0001,0.0303,0.6594,0.0,5,5,DP-CTGAN ε=50
HALLMARK_MTORC1_SIGNALING,0.1261,0.0856,-0.0404,-1.475,0.0015,0.0,0.0,0.7722,0.0,5,5,DP-CTGAN ε=50
HALLMARK_MYC_TARGETS_V1,0.2146,0.1966,-0.018,-0.42,0.0036,0.0001,0.0278,0.4681,0.0,5,5,DP-CTGAN ε=50
HALLMARK_MYC_TARGETS_V2,0.0901,0.195,0.1049,1.6895,0.0076,0.0001,0.0132,0.8057,0.0,5,5,DP-CTGAN ε=50
HALLMARK_MYOGENESIS,0.2309,0.1394,-0.0915,-2.2369,0.0033,0.0,0.0,0.9081,0.0,5,5,DP-CTGAN ε=50
HALLMARK_NOTCH_SIGNALING,0.1477,0.1669,0.0192,0.3333,0.0064,0.0003,0.0469,0.4302,0.0,5,5,DP-CTGAN ε=50
HALLMARK_OXIDATIVE_PHOSPHORYLATION,0.1301,0.0495,-0.0806,-1.6527,0.0047,0.0,0.0,0.8523,0.0,5,5,DP-CTGAN ε=50
HALLMARK_P53_PATHWAY,0.0271,-0.0183,-0.0455,-1.6974,0.0014,0.0,0.0,0.8063,0.0,5,5,DP-CTGAN ε=50
HALLMARK_PANCREAS_BETA_CELLS,-0.105,-0.3448,-0.2398,-1.5104,0.0497,0.0007,0.0141,0.7537,0.0,5,5,DP-CTGAN ε=50
HALLMARK_PEROXISOME,0.1024,0.0897,-0.0127,-0.3663,0.0023,0.0001,0.0435,0.4423,0.0,5,5,DP-CTGAN ε=50
HALLMARK_PI3K_AKT_MTOR_SIGNALING,0.0923,0.1731,0.0807,3.5657,0.001,0.0,0.0,0.985,0.0,5,5,DP-CTGAN ε=50
HALLMARK_PROTEIN_SECRETION,0.2625,0.2656,0.0031,0.0981,0.0019,0.0,0.0,0.3859,0.0,5,5,DP-CTGAN ε=50
HALLMARK_REACTIVE_OXYGEN_SPECIES_PATHWAY,0.135,0.1218,-0.0132,-0.2296,0.0057,0.0009,0.1579,0.2741,0.0,5,5,DP-CTGAN ε=50
HALLMARK_SPERMATOGENESIS,-0.124,-0.1573,-0.0333,-0.5189,0.0082,0.0,0.0,0.5042,0.0,5,5,DP-CTGAN ε=50
HALLMARK_TGF_BETA_SIGNALING,0.1938,0.3696,0.1758,2.8096,0.0078,0.0001,0.0128,0.9827,0.0,5,5,DP-CTGAN ε=50
HALLMARK_TNFA_SIGNALING_VIA_NFKB,0.1164,0.217,0.1006,1.9703,0.0051,0.0001,0.0196,0.8638,0.0,5,5,DP-CTGAN ε=50
HALLMARK_UNFOLDED_PROTEIN_RESPONSE,0.0903,0.1117,0.0214,0.7424,0.0016,0.0,0.0,0.5519,0.0,5,5,DP-CTGAN ε=50
HALLMARK_UV_RESPONSE_DN,0.1107,0.0854,-0.0253,-0.6431,0.003,0.0001,0.0333,0.514,0.0,5,5,DP-CTGAN ε=50
HALLMARK_UV_RESPONSE_UP,0.126,0.1661,0.0402,1.3925,0.0016,0.0,0.0,0.7522,0.0,5,5,DP-CTGAN ε=50
HALLMARK_WNT_BETA_CATENIN_SIGNALING,0.0985,0.0262,-0.0724,-1.2966,0.0061,0.0002,0.0328,0.7219,0.0,5,5,DP-CTGAN ε=50
HALLMARK_XENOBIOTIC_METABOLISM,0.1037,0.1538,0.0501,1.083,0.0043,0.0,0.0,0.7635,0.0,5,5,DP-CTGAN ε=50
HALLMARK_ADIPOGENESIS,0.1505,0.2824,0.1319,2.7964,0.0042,0.0002,0.0476,0.9199,0.0,4,4,DP-CTGAN ε=50
HALLMARK_ALLOGRAFT_REJECTION,0.0657,-0.0547,-0.1204,-2.1811,0.0058,0.0003,0.0517,0.8378,0.0,4,4,DP-CTGAN ε=50
HALLMARK_ANDROGEN_RESPONSE,0.1136,0.1829,0.0693,1.4612,0.004,0.0005,0.125,0.6872,0.0,4,4,DP-CTGAN ε=50
HALLMARK_ANGIOGENESIS,0.244,0.2294,-0.0146,-0.2477,0.0068,0.0001,0.0147,0.4756,0.0,4,4,DP-CTGAN ε=50
HALLMARK_APICAL_JUNCTION,0.1234,0.1753,0.052,1.4291,0.0026,0.0001,0.0385,0.7248,0.0,4,4,DP-CTGAN ε=50
HALLMARK_APICAL_SURFACE,0.2007,-0.1039,-0.3046,-5.5883,0.0028,0.0032,1.1429,0.9939,0.0,4,4,DP-CTGAN ε=50
HALLMARK_APOPTOSIS,0.1431,0.0962,-0.047,-2.0188,0.001,0.0,0.0,0.8317,0.0,4,4,DP-CTGAN ε=50
HALLMARK_BILE_ACID_METABOLISM,-0.0107,-0.007,0.0038,0.0583,0.0081,0.0002,0.0247,0.4117,0.0,4,4,DP-CTGAN ε=50
HALLMARK_CHOLESTEROL_HOMEOSTASIS,-0.012,0.0152,0.0272,0.4604,0.0069,0.0001,0.0145,0.6034,0.0,4,4,DP-CTGAN ε=50
HALLMARK_COAGULATION,0.1106,0.2881,0.1775,2.5358,0.0097,0.0001,0.0103,0.9318,0.0,4,4,DP-CTGAN ε=50
HALLMARK_COMPLEMENT,0.1282,0.2742,0.146,4.5481,0.0019,0.0002,0.1053,0.998,0.0,4,4,DP-CTGAN ε=50
HALLMARK_DNA_REPAIR,-0.0245,-0.0806,-0.0561,-1.4751,0.0028,0.0001,0.0357,0.7291,0.0,4,4,DP-CTGAN ε=50
HALLMARK_E2F_TARGETS,-0.025,-0.0679,-0.043,-0.6188,0.0096,0.0001,0.0104,0.5201,0.0,4,4,DP-CTGAN ε=50
HALLMARK_EPITHELIAL_MESENCHYMAL_TRANSITION,0.2085,0.3715,0.1631,3.0835,0.0055,0.0,0.0,0.9821,0.0,4,4,DP-CTGAN ε=50
HALLMARK_ESTROGEN_RESPONSE_EARLY,0.1308,0.2546,0.1238,2.6553,0.0043,0.0001,0.0233,0.9228,0.0,4,4,DP-CTGAN ε=50
HALLMARK_ESTROGEN_RESPONSE_LATE,0.111,0.267,0.156,4.5804,0.0022,0.0001,0.0455,0.9983,0.0,4,4,DP-CTGAN ε=50
HALLMARK_FATTY_ACID_METABOLISM,0.0426,0.1186,0.076,1.2758,0.0067,0.0004,0.0597,0.7389,0.0,4,4,DP-CTGAN ε=50
HALLMARK_G2M_CHECKPOINT,0.0268,0.0831,0.0563,0.9624,0.0066,0.0002,0.0303,0.597,0.0,4,4,DP-CTGAN ε=50
HALLMARK_GLYCOLYSIS,0.0644,0.0433,-0.021,-0.7061,0.0016,0.0002,0.125,0.4704,0.0,4,4,DP-CTGAN ε=50
HALLMARK_HEDGEHOG_SIGNALING,0.0105,0.1005,0.09,1.5299,0.0068,0.0001,0.0147,0.7664,0.0,4,4,DP-CTGAN ε=50
HALLMARK_HEME_METABOLISM,0.1169,0.194,0.0771,2.2004,0.0024,0.0001,0.0417,0.8679,0.0,4,4,DP-CTGAN ε=50
HALLMARK_HYPOXIA,0.1403,0.1835,0.0432,0.8592,0.0049,0.0002,0.0408,0.6175,0.0,4,4,DP-CTGAN ε=50
HALLMARK_IL2_STAT5_SIGNALING,0.1169,0.1233,0.0064,0.1802,0.0024,0.0002,0.0833,0.3351,0.0,4,4,DP-CTGAN ε=50
HALLMARK_IL6_JAK_STAT3_SIGNALING,0.2108,0.4645,0.2537,5.6537,0.0039,0.0001,0.0256,1.0,0.0,4,4,DP-CTGAN ε=50
HALLMARK_INFLAMMATORY_RESPONSE,0.0885,0.2258,0.1373,2.2469,0.0069,0.0005,0.0725,0.8589,0.0,4,4,DP-CTGAN ε=50
HALLMARK_INTERFERON_ALPHA_RESPONSE,0.1914,0.3651,0.1737,2.4243,0.0101,0.0001,0.0099,0.9384,0.0,4,4,DP-CTGAN ε=50
HALLMARK_INTERFERON_GAMMA_RESPONSE,0.1001,0.2452,0.1451,3.2068,0.0039,0.0002,0.0513,0.9572,0.0,4,4,DP-CTGAN ε=50
HALLMARK_KRAS_SIGNALING_DN,-0.3449,0.0493,0.3942,4.5266,0.0149,0.0003,0.0201,0.9977,0.0,4,4,DP-CTGAN ε=50
HALLMARK_KRAS_SIGNALING_UP,0.0246,0.0699,0.0452,0.8795,0.0052,0.0001,0.0192,0.6169,0.0,4,4,DP-CTGAN ε=50
HALLMARK_MITOTIC_SPINDLE,0.0899,0.2333,0.1434,3.4725,0.0033,0.0002,0.0606,0.9627,0.0,4,4,DP-CTGAN ε=50
HALLMARK_MTORC1_SIGNALING,0.1256,0.1186,-0.007,-0.251,0.0015,0.0001,0.0667,0.3695,0.0,4,4,DP-CTGAN ε=50
HALLMARK_MYC_TARGETS_V1,0.2142,0.3939,0.1798,4.0938,0.0036,0.0003,0.0833,0.987,0.0,4,4,DP-CTGAN ε=50
HALLMARK_MYC_TARGETS_V2,0.0884,0.2062,0.1178,1.8539,0.0075,0.0006,0.08,0.7785,0.0,4,4,DP-CTGAN ε=50
HALLMARK_MYOGENESIS,0.2314,0.1905,-0.0409,-0.9877,0.0034,0.0001,0.0294,0.6511,0.0,4,4,DP-CTGAN ε=50
HALLMARK_NOTCH_SIGNALING,0.1475,0.3689,0.2214,3.8571,0.0065,0.0001,0.0154,0.9951,0.0,4,4,DP-CTGAN ε=50
HALLMARK_OXIDATIVE_PHOSPHORYLATION,0.1299,0.3192,0.1893,3.8969,0.0047,0.0,0.0,0.9725,0.0,4,4,DP-CTGAN ε=50
HALLMARK_P53_PATHWAY,0.0273,-0.0142,-0.0416,-1.5197,0.0015,0.0,0.0,0.7511,0.0,4,4,DP-CTGAN ε=50
HALLMARK_PANCREAS_BETA_CELLS,-0.1043,-0.1816,-0.0774,-0.4863,0.0496,0.001,0.0202,0.4415,0.0,4,4,DP-CTGAN ε=50
HALLMARK_PEROXISOME,0.1024,0.2182,0.1157,3.3108,0.0023,0.0001,0.0435,0.941,0.0,4,4,DP-CTGAN ε=50
HALLMARK_PI3K_AKT_MTOR_SIGNALING,0.0924,0.2612,0.1688,7.0373,0.001,0.0002,0.2,1.0,0.0,4,4,DP-CTGAN ε=50
HALLMARK_PROTEIN_SECRETION,0.2626,0.3937,0.1311,4.1365,0.0019,0.0001,0.0526,0.9971,0.0,4,4,DP-CTGAN ε=50
HALLMARK_REACTIVE_OXYGEN_SPECIES_PATHWAY,0.1345,0.1918,0.0572,0.9125,0.0058,0.0021,0.3621,0.5285,0.0,4,4,DP-CTGAN ε=50
HALLMARK_SPERMATOGENESIS,-0.1245,-0.1542,-0.0297,-0.449,0.0081,0.0006,0.0741,0.3825,0.0,4,4,DP-CTGAN ε=50
HALLMARK_TGF_BETA_SIGNALING,0.1938,0.6494,0.4557,7.1531,0.0078,0.0003,0.0385,1.0,0.0,4,4,DP-CTGAN ε=50
HALLMARK_TNFA_SIGNALING_VIA_NFKB,0.1162,0.2921,0.1759,3.4151,0.0052,0.0001,0.0192,0.9829,0.0,4,4,DP-CTGAN ε=50
HALLMARK_UNFOLDED_PROTEIN_RESPONSE,0.0899,0.0941,0.0042,0.1387,0.0016,0.0002,0.125,0.2715,0.0,4,4,DP-CTGAN ε=50
HALLMARK_UV_RESPONSE_DN,0.1104,0.1529,0.0425,1.0366,0.0031,0.0003,0.0968,0.547,0.0,4,4,DP-CTGAN ε=50
HALLMARK_UV_RESPONSE_UP,0.1258,0.2894,0.1636,5.3654,0.0016,0.0002,0.125,1.0,0.0,4,4,DP-CTGAN ε=50
HALLMARK_WNT_BETA_CATENIN_SIGNALING,0.0986,-0.0168,-0.1154,-2.0709,0.0061,0.0001,0.0164,0.8595,0.0,4,4,DP-CTGAN ε=50
HALLMARK_XENOBIOTIC_METABOLISM,0.1038,0.1334,0.0296,0.6398,0.0042,0.0001,0.0238,0.6354,0.0,4,4,DP-CTGAN ε=50
HALLMARK_ADIPOGENESIS,0.1501,0.1559,0.0057,0.0839,0.0043,0.005,1.1628,0.0604,0.0,1,1,WGAN-GP
HALLMARK_ALLOGRAFT_REJECTION,0.0652,0.0584,-0.0068,-0.0896,0.0058,0.0058,1.0,0.0584,0.0,1,1,WGAN-GP
HALLMARK_ANDROGEN_RESPONSE,0.1138,0.1109,-0.0029,-0.0461,0.0039,0.0038,0.9744,0.0396,0.0088,1,1,WGAN-GP
HALLMARK_ANGIOGENESIS,0.2436,0.2514,0.0079,0.0969,0.0068,0.0063,0.9265,0.0694,0.0,1,1,WGAN-GP
HALLMARK_APICAL_JUNCTION,0.1232,0.1213,-0.0018,-0.0358,0.0026,0.0027,1.0385,0.0263,0.1823,1,1,WGAN-GP
HALLMARK_APICAL_SURFACE,0.2011,0.2035,0.0024,0.0483,0.0028,0.0022,0.7857,0.0607,0.0,1,1,WGAN-GP
HALLMARK_APOPTOSIS,0.1435,0.1466,0.0031,0.0948,0.001,0.001,1.0,0.0729,0.0,1,1,WGAN-GP
HALLMARK_BILE_ACID_METABOLISM,-0.0115,-0.0121,-0.0005,-0.0057,0.0082,0.0095,1.1585,0.0281,0.1316,1,1,WGAN-GP
HALLMARK_CHOLESTEROL_HOMEOSTASIS,-0.0114,-0.0159,-0.0044,-0.0524,0.0069,0.0075,1.087,0.057,0.0,1,1,WGAN-GP
HALLMARK_COAGULATION,0.1114,0.1126,0.0011,0.012,0.0096,0.0086,0.8958,0.0327,0.0498,1,1,WGAN-GP
HALLMARK_COMPLEMENT,0.1282,0.1303,0.002,0.0455,0.0019,0.002,1.0526,0.0304,0.0825,1,1,WGAN-GP
HALLMARK_DNA_REPAIR,-0.0244,-0.0226,0.0018,0.0333,0.0028,0.0031,1.1071,0.0266,0.1729,1,1,WGAN-GP
HALLMARK_E2F_TARGETS,-0.0242,-0.018,0.0063,0.0598,0.0097,0.0124,1.2784,0.0512,0.0002,1,1,WGAN-GP
HALLMARK_EPITHELIAL_MESENCHYMAL_TRANSITION,0.2093,0.2116,0.0023,0.0304,0.0056,0.0057,1.0179,0.0341,0.0357,1,1,WGAN-GP
HALLMARK_ESTROGEN_RESPONSE_EARLY,0.1317,0.1402,0.0085,0.1305,0.0042,0.0043,1.0238,0.0827,0.0,1,1,WGAN-GP
HALLMARK_ESTROGEN_RESPONSE_LATE,0.1115,0.1211,0.0096,0.2041,0.0022,0.0022,1.0,0.0914,0.0,1,1,WGAN-GP
HALLMARK_FATTY_ACID_METABOLISM,0.0422,0.0498,0.0076,0.0871,0.0067,0.0085,1.2687,0.0604,0.0,1,1,WGAN-GP
HALLMARK_G2M_CHECKPOINT,0.0272,0.0331,0.0059,0.0651,0.0067,0.0095,1.4179,0.0677,0.0,1,1,WGAN-GP
HALLMARK_GLYCOLYSIS,0.0649,0.0657,0.0007,0.0188,0.0016,0.0015,0.9375,0.0341,0.0357,1,1,WGAN-GP
HALLMARK_HEDGEHOG_SIGNALING,0.0102,0.0031,-0.0071,-0.088,0.007,0.0059,0.8429,0.0758,0.0,1,1,WGAN-GP
HALLMARK_HEME_METABOLISM,0.1167,0.1171,0.0004,0.0077,0.0024,0.0025,1.0417,0.026,0.192,1,1,WGAN-GP
HALLMARK_HYPOXIA,0.1415,0.1408,-0.0007,-0.0105,0.005,0.0053,1.06,0.0153,0.8114,1,1,WGAN-GP
HALLMARK_IL2_STAT5_SIGNALING,0.1171,0.1184,0.0013,0.0271,0.0024,0.0024,1.0,0.0448,0.0019,1,1,WGAN-GP
HALLMARK_IL6_JAK_STAT3_SIGNALING,0.2104,0.2169,0.0065,0.1019,0.0039,0.0043,1.1026,0.0654,0.0,1,1,WGAN-GP
HALLMARK_INFLAMMATORY_RESPONSE,0.0888,0.085,-0.0037,-0.0436,0.007,0.0076,1.0857,0.0419,0.0046,1,1,WGAN-GP
HALLMARK_INTERFERON_ALPHA_RESPONSE,0.1897,0.1917,0.002,0.0213,0.01,0.0084,0.84,0.0515,0.0002,1,1,WGAN-GP
HALLMARK_INTERFERON_GAMMA_RESPONSE,0.0995,0.0981,-0.0014,-0.0233,0.0039,0.0037,0.9487,0.0309,0.073,1,1,WGAN-GP
HALLMARK_KRAS_SIGNALING_DN,-0.3465,-0.3668,-0.0203,-0.1731,0.0149,0.0127,0.8523,0.0882,0.0,1,1,WGAN-GP
HALLMARK_KRAS_SIGNALING_UP,0.0247,0.017,-0.0077,-0.1063,0.0053,0.0051,0.9623,0.0633,0.0,1,1,WGAN-GP
HALLMARK_MITOTIC_SPINDLE,0.0904,0.095,0.0046,0.0736,0.0033,0.0046,1.3939,0.063,0.0,1,1,WGAN-GP
HALLMARK_MTORC1_SIGNALING,0.1263,0.132,0.0057,0.1507,0.0015,0.0014,0.9333,0.0688,0.0,1,1,WGAN-GP
HALLMARK_MYC_TARGETS_V1,0.2143,0.2257,0.0114,0.179,0.0036,0.0045,1.25,0.0807,0.0,1,1,WGAN-GP
HALLMARK_MYC_TARGETS_V2,0.0891,0.0939,0.0049,0.0549,0.0077,0.0079,1.026,0.0373,0.0163,1,1,WGAN-GP
HALLMARK_MYOGENESIS,0.2322,0.237,0.0048,0.0823,0.0034,0.0034,1.0,0.063,0.0,1,1,WGAN-GP
HALLMARK_NOTCH_SIGNALING,0.1477,0.1533,0.0056,0.0746,0.0064,0.0049,0.7656,0.0521,0.0002,1,1,WGAN-GP
HALLMARK_OXIDATIVE_PHOSPHORYLATION,0.1298,0.1376,0.0078,0.1089,0.0047,0.0056,1.1915,0.0729,0.0,1,1,WGAN-GP
HALLMARK_P53_PATHWAY,0.0276,0.0208,-0.0068,-0.1858,0.0014,0.0013,0.9286,0.0752,0.0,1,1,WGAN-GP
HALLMARK_PANCREAS_BETA_CELLS,-0.1037,-0.1167,-0.0131,-0.0629,0.0503,0.0361,0.7177,0.0633,0.0,1,1,WGAN-GP
HALLMARK_PEROXISOME,0.1024,0.1062,0.0038,0.0757,0.0024,0.0026,1.0833,0.0604,0.0,1,1,WGAN-GP
HALLMARK_PI3K_AKT_MTOR_SIGNALING,0.0927,0.0949,0.0022,0.0751,0.001,0.0008,0.8,0.0442,0.0023,1,1,WGAN-GP
HALLMARK_PROTEIN_SECRETION,0.2628,0.2711,0.0083,0.1805,0.0019,0.0023,1.2105,0.1171,0.0,1,1,WGAN-GP
HALLMARK_REACTIVE_OXYGEN_SPECIES_PATHWAY,0.1347,0.1343,-0.0005,-0.0062,0.0057,0.0061,1.0702,0.0298,0.093,1,1,WGAN-GP
HALLMARK_SPERMATOGENESIS,-0.1243,-0.1253,-0.001,-0.0106,0.0083,0.0107,1.2892,0.0816,0.0,1,1,WGAN-GP
HALLMARK_TGF_BETA_SIGNALING,0.1946,0.1949,0.0002,0.0026,0.0078,0.0083,1.0641,0.0338,0.0382,1,1,WGAN-GP
HALLMARK_TNFA_SIGNALING_VIA_NFKB,0.1171,0.1155,-0.0015,-0.0216,0.0051,0.005,0.9804,0.0523,0.0002,1,1,WGAN-GP
HALLMARK_UNFOLDED_PROTEIN_RESPONSE,0.0908,0.0923,0.0015,0.039,0.0016,0.0014,0.875,0.074,0.0,1,1,WGAN-GP
HALLMARK_UV_RESPONSE_DN,0.1115,0.1074,-0.0041,-0.0718,0.0031,0.0034,1.0968,0.0307,0.0776,1,1,WGAN-GP
HALLMARK_UV_RESPONSE_UP,0.1259,0.1325,0.0066,0.1719,0.0016,0.0013,0.8125,0.1139,0.0,1,1,WGAN-GP
HALLMARK_WNT_BETA_CATENIN_SIGNALING,0.0988,0.0917,-0.0071,-0.0942,0.0059,0.0054,0.9153,0.0544,0.0001,1,1,WGAN-GP
HALLMARK_XENOBIOTIC_METABOLISM,0.1037,0.1082,0.0044,0.0653,0.0043,0.005,1.1628,0.0431,0.0033,1,1,WGAN-GP
HALLMARK_ADIPOGENESIS,0.1509,0.1575,0.0065,0.0992,0.0043,0.0044,1.0233,0.0584,0.0,3,3,WGAN-GP
HALLMARK_ALLOGRAFT_REJECTION,0.0646,0.0593,-0.0053,-0.0688,0.0058,0.0061,1.0517,0.046,0.0013,3,3,WGAN-GP
HALLMARK_ANDROGEN_RESPONSE,0.1127,0.1134,0.0006,0.0103,0.0039,0.0035,0.8974,0.0523,0.0002,3,3,WGAN-GP
HALLMARK_ANGIOGENESIS,0.2441,0.2522,0.0081,0.1019,0.0067,0.0058,0.8657,0.0616,0.0,3,3,WGAN-GP
HALLMARK_APICAL_JUNCTION,0.1232,0.1217,-0.0015,-0.0291,0.0025,0.0027,1.08,0.0194,0.535,3,3,WGAN-GP
HALLMARK_APICAL_SURFACE,0.2004,0.2078,0.0074,0.1439,0.0028,0.0025,0.8929,0.0772,0.0,3,3,WGAN-GP
HALLMARK_APOPTOSIS,0.1434,0.1478,0.0044,0.1473,0.001,0.0008,0.8,0.0711,0.0,3,3,WGAN-GP
HALLMARK_BILE_ACID_METABOLISM,-0.0117,-0.0074,0.0043,0.0496,0.0083,0.0069,0.8313,0.0717,0.0,3,3,WGAN-GP
HALLMARK_CHOLESTEROL_HOMEOSTASIS,-0.011,-0.0195,-0.0085,-0.1024,0.0069,0.0068,0.9855,0.0896,0.0,3,3,WGAN-GP
HALLMARK_COAGULATION,0.1122,0.119,0.0068,0.0731,0.0094,0.0079,0.8404,0.0674,0.0,3,3,WGAN-GP
HALLMARK_COMPLEMENT,0.1281,0.1305,0.0025,0.0583,0.0019,0.0017,0.8947,0.0477,0.0008,3,3,WGAN-GP
HALLMARK_DNA_REPAIR,-0.024,-0.0263,-0.0022,-0.042,0.0028,0.0029,1.0357,0.0468,0.001,3,3,WGAN-GP
HALLMARK_E2F_TARGETS,-0.025,-0.0271,-0.0021,-0.0215,0.0097,0.0097,1.0,0.0318,0.0604,3,3,WGAN-GP
HALLMARK_EPITHELIAL_MESENCHYMAL_TRANSITION,0.21,0.2203,0.0102,0.1412,0.0055,0.005,0.9091,0.1038,0.0,3,3,WGAN-GP
HALLMARK_ESTROGEN_RESPONSE_EARLY,0.1315,0.1343,0.0029,0.0421,0.0042,0.0051,1.2143,0.0587,0.0,3,3,WGAN-GP
HALLMARK_ESTROGEN_RESPONSE_LATE,0.1113,0.1151,0.0038,0.0793,0.0022,0.0024,1.0909,0.068,0.0,3,3,WGAN-GP
HALLMARK_FATTY_ACID_METABOLISM,0.0429,0.0436,0.0008,0.0091,0.0067,0.0069,1.0299,0.0286,0.1175,3,3,WGAN-GP
HALLMARK_G2M_CHECKPOINT,0.0269,0.0258,-0.0011,-0.0132,0.0067,0.0072,1.0746,0.0304,0.0825,3,3,WGAN-GP
HALLMARK_GLYCOLYSIS,0.0647,0.0639,-0.0007,-0.0193,0.0016,0.0013,0.8125,0.0405,0.0069,3,3,WGAN-GP
HALLMARK_HEDGEHOG_SIGNALING,0.0097,0.006,-0.0037,-0.0471,0.0069,0.0054,0.7826,0.059,0.0,3,3,WGAN-GP
HALLMARK_HEME_METABOLISM,0.1162,0.1237,0.0075,0.158,0.0024,0.0022,0.9167,0.0761,0.0,3,3,WGAN-GP
HALLMARK_HYPOXIA,0.141,0.1437,0.0027,0.0386,0.0049,0.0051,1.0408,0.0376,0.0151,3,3,WGAN-GP
HALLMARK_IL2_STAT5_SIGNALING,0.1166,0.1166,0.0,0.0004,0.0024,0.0022,0.9167,0.0266,0.1729,3,3,WGAN-GP
HALLMARK_IL6_JAK_STAT3_SIGNALING,0.2099,0.2166,0.0067,0.1084,0.0039,0.0038,0.9744,0.048,0.0007,3,3,WGAN-GP
HALLMARK_INFLAMMATORY_RESPONSE,0.0887,0.0833,-0.0054,-0.0646,0.0069,0.0073,1.058,0.035,0.029,3,3,WGAN-GP
HALLMARK_INTERFERON_ALPHA_RESPONSE,0.1899,0.1952,0.0053,0.0577,0.0099,0.0072,0.7273,0.0549,0.0001,3,3,WGAN-GP
HALLMARK_INTERFERON_GAMMA_RESPONSE,0.0994,0.0962,-0.0032,-0.053,0.0038,0.0034,0.8947,0.0434,0.003,3,3,WGAN-GP
HALLMARK_KRAS_SIGNALING_DN,-0.3452,-0.3752,-0.03,-0.2638,0.0148,0.0112,0.7568,0.1353,0.0,3,3,WGAN-GP
HALLMARK_KRAS_SIGNALING_UP,0.0241,0.0161,-0.008,-0.115,0.0052,0.0045,0.8654,0.0801,0.0,3,3,WGAN-GP
HALLMARK_MITOTIC_SPINDLE,0.0893,0.091,0.0018,0.0308,0.0033,0.0034,1.0303,0.0483,0.0006,3,3,WGAN-GP
HALLMARK_MTORC1_SIGNALING,0.1261,0.1268,0.0007,0.0187,0.0014,0.0014,1.0,0.0393,0.0095,3,3,WGAN-GP
HALLMARK_MYC_TARGETS_V1,0.2141,0.2176,0.0035,0.0568,0.0036,0.0038,1.0556,0.0521,0.0002,3,3,WGAN-GP
HALLMARK_MYC_TARGETS_V2,0.09,0.0854,-0.0047,-0.0536,0.0076,0.0075,0.9868,0.0581,0.0,3,3,WGAN-GP
HALLMARK_MYOGENESIS,0.2319,0.2425,0.0106,0.188,0.0033,0.003,0.9091,0.1145,0.0,3,3,WGAN-GP
HALLMARK_NOTCH_SIGNALING,0.1481,0.1521,0.0041,0.0562,0.0064,0.0042,0.6562,0.063,0.0,3,3,WGAN-GP
HALLMARK_OXIDATIVE_PHOSPHORYLATION,0.1303,0.1344,0.0042,0.0603,0.0047,0.0048,1.0213,0.0523,0.0002,3,3,WGAN-GP
HALLMARK_P53_PATHWAY,0.0279,0.0237,-0.0042,-0.1166,0.0014,0.0012,0.8571,0.0645,0.0,3,3,WGAN-GP
HALLMARK_PANCREAS_BETA_CELLS,-0.1064,-0.1356,-0.0292,-0.1385,0.049,0.0399,0.8143,0.0772,0.0,3,3,WGAN-GP
HALLMARK_PEROXISOME,0.1025,0.1063,0.0037,0.079,0.0024,0.0021,0.875,0.0746,0.0,3,3,WGAN-GP
HALLMARK_PI3K_AKT_MTOR_SIGNALING,0.0926,0.0877,-0.0049,-0.1693,0.001,0.0007,0.7,0.1087,0.0,3,3,WGAN-GP
HALLMARK_PROTEIN_SECRETION,0.2623,0.2692,0.0069,0.1527,0.0019,0.0022,1.1579,0.1136,0.0,3,3,WGAN-GP
HALLMARK_REACTIVE_OXYGEN_SPECIES_PATHWAY,0.1351,0.1392,0.0041,0.0549,0.0057,0.0053,0.9298,0.0567,0.0,3,3,WGAN-GP
HALLMARK_SPERMATOGENESIS,-0.1245,-0.1342,-0.0097,-0.1075,0.0081,0.0083,1.0247,0.0677,0.0,3,3,WGAN-GP
HALLMARK_TGF_BETA_SIGNALING,0.1932,0.2037,0.0105,0.1211,0.0078,0.0074,0.9487,0.0642,0.0,3,3,WGAN-GP
HALLMARK_TNFA_SIGNALING_VIA_NFKB,0.1165,0.1164,-0.0001,-0.0021,0.0051,0.0045,0.8824,0.057,0.0,3,3,WGAN-GP
HALLMARK_UNFOLDED_PROTEIN_RESPONSE,0.0906,0.0928,0.0021,0.0544,0.0016,0.0014,0.875,0.1113,0.0,3,3,WGAN-GP
HALLMARK_UV_RESPONSE_DN,0.1109,0.1111,0.0003,0.0047,0.0031,0.0029,0.9355,0.0492,0.0005,3,3,WGAN-GP
HALLMARK_UV_RESPONSE_UP,0.126,0.1282,0.0022,0.0552,0.0016,0.0015,0.9375,0.0714,0.0,3,3,WGAN-GP
HALLMARK_WNT_BETA_CATENIN_SIGNALING,0.0994,0.1052,0.0058,0.0788,0.0061,0.0049,0.8033,0.0775,0.0,3,3,WGAN-GP
HALLMARK_XENOBIOTIC_METABOLISM,0.1042,0.1058,0.0015,0.0237,0.0042,0.0042,1.0,0.0223,0.358,3,3,WGAN-GP
HALLMARK_ADIPOGENESIS,0.1503,0.1512,0.0008,0.012,0.0043,0.0049,1.1395,0.026,0.1922,5,5,WGAN-GP
HALLMARK_ALLOGRAFT_REJECTION,0.0651,0.0616,-0.0035,-0.0467,0.0059,0.0053,0.8983,0.0361,0.0218,5,5,WGAN-GP
HALLMARK_ANDROGEN_RESPONSE,0.1134,0.115,0.0016,0.0259,0.0039,0.0039,1.0,0.0494,0.0004,5,5,WGAN-GP
HALLMARK_ANGIOGENESIS,0.2436,0.2454,0.0018,0.0221,0.0068,0.0065,0.9559,0.0463,0.0012,5,5,WGAN-GP
HALLMARK_APICAL_JUNCTION,0.1229,0.1226,-0.0003,-0.0067,0.0026,0.0025,0.9615,0.0179,0.6349,5,5,WGAN-GP
HALLMARK_APICAL_SURFACE,0.2007,0.2045,0.0038,0.0752,0.0028,0.0023,0.8214,0.0491,0.0005,5,5,WGAN-GP
HALLMARK_APOPTOSIS,0.1431,0.1469,0.0039,0.1248,0.001,0.0009,0.9,0.0622,0.0,5,5,WGAN-GP
HALLMARK_BILE_ACID_METABOLISM,-0.0111,-0.0126,-0.0015,-0.0169,0.0081,0.0074,0.9136,0.0552,0.0001,5,5,WGAN-GP
HALLMARK_CHOLESTEROL_HOMEOSTASIS,-0.0119,-0.0149,-0.003,-0.0346,0.007,0.0082,1.1714,0.0622,0.0,5,5,WGAN-GP
HALLMARK_COAGULATION,0.1102,0.1137,0.0035,0.0382,0.0096,0.0074,0.7708,0.0552,0.0001,5,5,WGAN-GP
HALLMARK_COMPLEMENT,0.1277,0.1301,0.0023,0.0543,0.0019,0.0018,0.9474,0.0506,0.0003,5,5,WGAN-GP
HALLMARK_DNA_REPAIR,-0.0242,-0.0243,0.0,-0.0008,0.0028,0.0027,0.9643,0.0489,0.0005,5,5,WGAN-GP
HALLMARK_E2F_TARGETS,-0.0241,-0.0193,0.0048,0.047,0.0098,0.0108,1.102,0.0321,0.0568,5,5,WGAN-GP
HALLMARK_EPITHELIAL_MESENCHYMAL_TRANSITION,0.2081,0.2145,0.0064,0.0875,0.0055,0.0051,0.9273,0.0668,0.0,5,5,WGAN-GP
HALLMARK_ESTROGEN_RESPONSE_EARLY,0.1307,0.1374,0.0067,0.1038,0.0042,0.0041,0.9762,0.0781,0.0,5,5,WGAN-GP
HALLMARK_ESTROGEN_RESPONSE_LATE,0.111,0.115,0.004,0.0836,0.0022,0.0024,1.0909,0.0509,0.0003,5,5,WGAN-GP
HALLMARK_FATTY_ACID_METABOLISM,0.0428,0.041,-0.0018,-0.0211,0.0067,0.0071,1.0597,0.0402,0.0075,5,5,WGAN-GP
HALLMARK_G2M_CHECKPOINT,0.0276,0.0349,0.0073,0.0843,0.0068,0.008,1.1765,0.0526,0.0001,5,5,WGAN-GP
HALLMARK_GLYCOLYSIS,0.0647,0.0643,-0.0004,-0.0092,0.0016,0.0014,0.875,0.0358,0.0235,5,5,WGAN-GP
HALLMARK_HEDGEHOG_SIGNALING,0.0102,0.0119,0.0017,0.0217,0.007,0.0054,0.7714,0.0393,0.0095,5,5,WGAN-GP
HALLMARK_HEME_METABOLISM,0.1167,0.1212,0.0045,0.0941,0.0024,0.0022,0.9167,0.0546,0.0001,5,5,WGAN-GP
HALLMARK_HYPOXIA,0.1404,0.143,0.0025,0.0362,0.0049,0.0049,1.0,0.028,0.1317,5,5,WGAN-GP
HALLMARK_IL2_STAT5_SIGNALING,0.1165,0.1197,0.0033,0.068,0.0024,0.0023,0.9583,0.0483,0.0006,5,5,WGAN-GP
HALLMARK_IL6_JAK_STAT3_SIGNALING,0.2103,0.2156,0.0053,0.089,0.0039,0.0032,0.8205,0.0517,0.0002,5,5,WGAN-GP
HALLMARK_INFLAMMATORY_RESPONSE,0.0885,0.0893,0.0008,0.01,0.0069,0.0067,0.971,0.0234,0.2991,5,5,WGAN-GP
HALLMARK_INTERFERON_ALPHA_RESPONSE,0.191,0.1911,0.0001,0.001,0.0099,0.008,0.8081,0.0581,0.0,5,5,WGAN-GP
HALLMARK_INTERFERON_GAMMA_RESPONSE,0.1002,0.0994,-0.0008,-0.013,0.0039,0.0034,0.8718,0.0413,0.0054,5,5,WGAN-GP
HALLMARK_KRAS_SIGNALING_DN,-0.3464,-0.3729,-0.0265,-0.2318,0.0148,0.0114,0.7703,0.1237,0.0,5,5,WGAN-GP
HALLMARK_KRAS_SIGNALING_UP,0.0248,0.0186,-0.0062,-0.0896,0.0052,0.0044,0.8462,0.0596,0.0,5,5,WGAN-GP
HALLMARK_MITOTIC_SPINDLE,0.0902,0.0954,0.0052,0.0873,0.0033,0.0038,1.1515,0.0578,0.0,5,5,WGAN-GP
HALLMARK_MTORC1_SIGNALING,0.1261,0.1276,0.0015,0.0395,0.0015,0.0015,1.0,0.037,0.0175,5,5,WGAN-GP
HALLMARK_MYC_TARGETS_V1,0.2146,0.2249,0.0103,0.1682,0.0036,0.0039,1.0833,0.0916,0.0,5,5,WGAN-GP
HALLMARK_MYC_TARGETS_V2,0.0901,0.1024,0.0123,0.1396,0.0076,0.0079,1.0395,0.061,0.0,5,5,WGAN-GP
HALLMARK_MYOGENESIS,0.2309,0.2347,0.0039,0.0682,0.0033,0.0031,0.9394,0.0743,0.0,5,5,WGAN-GP
HALLMARK_NOTCH_SIGNALING,0.1477,0.148,0.0003,0.0041,0.0064,0.005,0.7812,0.0564,0.0,5,5,WGAN-GP
HALLMARK_OXIDATIVE_PHOSPHORYLATION,0.1301,0.1348,0.0047,0.0684,0.0047,0.0049,1.0426,0.046,0.0013,5,5,WGAN-GP
HALLMARK_P53_PATHWAY,0.0271,0.0244,-0.0027,-0.0745,0.0014,0.0013,0.9286,0.0572,0.0,5,5,WGAN-GP
HALLMARK_PANCREAS_BETA_CELLS,-0.105,-0.1303,-0.0253,-0.1203,0.0497,0.0388,0.7807,0.0731,0.0,5,5,WGAN-GP
HALLMARK_PEROXISOME,0.1024,0.1027,0.0003,0.0068,0.0023,0.0021,0.913,0.048,0.0007,5,5,WGAN-GP
HALLMARK_PI3K_AKT_MTOR_SIGNALING,0.0923,0.0934,0.0011,0.0375,0.001,0.0008,0.8,0.0413,0.0054,5,5,WGAN-GP
HALLMARK_PROTEIN_SECRETION,0.2625,0.2641,0.0015,0.0344,0.0019,0.002,1.0526,0.0454,0.0016,5,5,WGAN-GP
HALLMARK_REACTIVE_OXYGEN_SPECIES_PATHWAY,0.135,0.1394,0.0044,0.0619,0.0057,0.0042,0.7368,0.0648,0.0,5,5,WGAN-GP
HALLMARK_SPERMATOGENESIS,-0.124,-0.1223,0.0017,0.0179,0.0082,0.0092,1.122,0.0425,0.0039,5,5,WGAN-GP
HALLMARK_TGF_BETA_SIGNALING,0.1938,0.1847,-0.009,-0.1004,0.0078,0.0084,1.0769,0.0477,0.0008,5,5,WGAN-GP
HALLMARK_TNFA_SIGNALING_VIA_NFKB,0.1164,0.1196,0.0032,0.0464,0.0051,0.0044,0.8627,0.0622,0.0,5,5,WGAN-GP
HALLMARK_UNFOLDED_PROTEIN_RESPONSE,0.0903,0.0914,0.0011,0.0281,0.0016,0.0013,0.8125,0.0769,0.0,5,5,WGAN-GP
HALLMARK_UV_RESPONSE_DN,0.1107,0.1115,0.0007,0.0132,0.003,0.0028,0.9333,0.035,0.029,5,5,WGAN-GP
HALLMARK_UV_RESPONSE_UP,0.126,0.1328,0.0068,0.1738,0.0016,0.0014,0.875,0.0997,0.0,5,5,WGAN-GP
HALLMARK_WNT_BETA_CATENIN_SIGNALING,0.0985,0.102,0.0034,0.0453,0.0061,0.0053,0.8689,0.0676,0.0,5,5,WGAN-GP
HALLMARK_XENOBIOTIC_METABOLISM,0.1037,0.1002,-0.0035,-0.053,0.0043,0.0043,1.0,0.0367,0.0189,5,5,WGAN-GP
HALLMARK_ADIPOGENESIS,0.1502,0.1464,-0.0038,-0.056,0.0043,0.0048,1.1163,0.0495,0.0004,2,2,WGAN-GP
HALLMARK_ALLOGRAFT_REJECTION,0.0651,0.0539,-0.0111,-0.1448,0.0058,0.0061,1.0517,0.0882,0.0,2,2,WGAN-GP
HALLMARK_ANDROGEN_RESPONSE,0.1137,0.1082,-0.0054,-0.0876,0.0039,0.0039,1.0,0.0662,0.0,2,2,WGAN-GP
HALLMARK_ANGIOGENESIS,0.2434,0.2504,0.007,0.087,0.0068,0.006,0.8824,0.0593,0.0,2,2,WGAN-GP
HALLMARK_APICAL_JUNCTION,0.1232,0.1182,-0.005,-0.1019,0.0026,0.0023,0.8846,0.0607,0.0,2,2,WGAN-GP
HALLMARK_APICAL_SURFACE,0.2009,0.1995,-0.0014,-0.0274,0.0028,0.0023,0.8214,0.0379,0.014,2,2,WGAN-GP
HALLMARK_APOPTOSIS,0.143,0.1424,-0.0007,-0.0219,0.0011,0.0009,0.8182,0.0304,0.0825,2,2,WGAN-GP
HALLMARK_BILE_ACID_METABOLISM,-0.0112,-0.0236,-0.0124,-0.1358,0.0082,0.0085,1.0366,0.0769,0.0,2,2,WGAN-GP
HALLMARK_CHOLESTEROL_HOMEOSTASIS,-0.0116,-0.0269,-0.0152,-0.181,0.0069,0.0073,1.058,0.129,0.0,2,2,WGAN-GP
HALLMARK_COAGULATION,0.1112,0.1011,-0.0101,-0.1055,0.0097,0.0085,0.8763,0.0613,0.0,2,2,WGAN-GP
HALLMARK_COMPLEMENT,0.1279,0.1203,-0.0075,-0.1711,0.0019,0.002,1.0526,0.0752,0.0,2,2,WGAN-GP
HALLMARK_DNA_REPAIR,-0.0247,-0.0222,0.0024,0.048,0.0028,0.0024,0.8571,0.0483,0.0006,2,2,WGAN-GP
HALLMARK_E2F_TARGETS,-0.0256,-0.0248,0.0008,0.0076,0.0095,0.0105,1.1053,0.0269,0.1639,2,2,WGAN-GP
HALLMARK_EPITHELIAL_MESENCHYMAL_TRANSITION,0.2091,0.2058,-0.0033,-0.0455,0.0055,0.0047,0.8545,0.0685,0.0,2,2,WGAN-GP
HALLMARK_ESTROGEN_RESPONSE_EARLY,0.1311,0.1325,0.0013,0.02,0.0042,0.0048,1.1429,0.0442,0.0023,2,2,WGAN-GP
HALLMARK_ESTROGEN_RESPONSE_LATE,0.1108,0.1115,0.0007,0.0152,0.0022,0.0026,1.1818,0.0442,0.0023,2,2,WGAN-GP
HALLMARK_FATTY_ACID_METABOLISM,0.0424,0.0402,-0.0022,-0.027,0.0067,0.0071,1.0597,0.0466,0.0011,2,2,WGAN-GP
HALLMARK_G2M_CHECKPOINT,0.0263,0.0271,0.0007,0.0086,0.0066,0.0076,1.1515,0.0266,0.1729,2,2,WGAN-GP
HALLMARK_GLYCOLYSIS,0.0646,0.0623,-0.0022,-0.0564,0.0016,0.0015,0.9375,0.0341,0.0357,2,2,WGAN-GP
HALLMARK_HEDGEHOG_SIGNALING,0.0112,-0.0079,-0.019,-0.2439,0.0068,0.0053,0.7794,0.1359,0.0,2,2,WGAN-GP
HALLMARK_HEME_METABOLISM,0.1167,0.1164,-0.0002,-0.0052,0.0023,0.0023,1.0,0.0205,0.4596,2,2,WGAN-GP
HALLMARK_HYPOXIA,0.141,0.1345,-0.0065,-0.0919,0.005,0.005,1.0,0.0665,0.0,2,2,WGAN-GP
HALLMARK_IL2_STAT5_SIGNALING,0.1167,0.1159,-0.0008,-0.0169,0.0024,0.002,0.8333,0.0364,0.0203,2,2,WGAN-GP
HALLMARK_IL6_JAK_STAT3_SIGNALING,0.2105,0.2076,-0.0029,-0.0465,0.0039,0.0038,0.9744,0.0541,0.0001,2,2,WGAN-GP
HALLMARK_INFLAMMATORY_RESPONSE,0.0887,0.0744,-0.0143,-0.1702,0.0069,0.0072,1.0435,0.0975,0.0,2,2,WGAN-GP
HALLMARK_INTERFERON_ALPHA_RESPONSE,0.1891,0.1783,-0.0107,-0.1112,0.0101,0.0085,0.8416,0.0732,0.0,2,2,WGAN-GP
HALLMARK_INTERFERON_GAMMA_RESPONSE,0.0991,0.0908,-0.0083,-0.1343,0.0039,0.0038,0.9744,0.0917,0.0,2,2,WGAN-GP
HALLMARK_KRAS_SIGNALING_DN,-0.3445,-0.3719,-0.0275,-0.2394,0.0148,0.0115,0.777,0.1426,0.0,2,2,WGAN-GP
HALLMARK_KRAS_SIGNALING_UP,0.0243,0.0125,-0.0118,-0.1631,0.0052,0.0052,1.0,0.1001,0.0,2,2,WGAN-GP
HALLMARK_MITOTIC_SPINDLE,0.0895,0.0898,0.0003,0.0058,0.0033,0.0036,1.0909,0.039,0.0103,2,2,WGAN-GP
HALLMARK_MTORC1_SIGNALING,0.1256,0.1239,-0.0017,-0.0441,0.0014,0.0014,1.0,0.0422,0.0042,2,2,WGAN-GP
HALLMARK_MYC_TARGETS_V1,0.2136,0.2181,0.0045,0.0736,0.0036,0.004,1.1111,0.0495,0.0004,2,2,WGAN-GP
HALLMARK_MYC_TARGETS_V2,0.0885,0.088,-0.0006,-0.0066,0.0074,0.0065,0.8784,0.0307,0.0776,2,2,WGAN-GP
HALLMARK_MYOGENESIS,0.2316,0.2297,-0.0019,-0.0342,0.0034,0.0029,0.8529,0.0587,0.0,2,2,WGAN-GP
HALLMARK_NOTCH_SIGNALING,0.1478,0.1507,0.0028,0.0396,0.0063,0.004,0.6349,0.0769,0.0,2,2,WGAN-GP
HALLMARK_OXIDATIVE_PHOSPHORYLATION,0.1296,0.1353,0.0056,0.0802,0.0047,0.0051,1.0851,0.0471,0.0009,2,2,WGAN-GP
HALLMARK_P53_PATHWAY,0.0276,0.024,-0.0036,-0.0976,0.0015,0.0013,0.8667,0.0564,0.0,2,2,WGAN-GP
HALLMARK_PANCREAS_BETA_CELLS,-0.1016,-0.1022,-0.0006,-0.0027,0.05,0.0395,0.79,0.0558,0.0,2,2,WGAN-GP
HALLMARK_PEROXISOME,0.1023,0.0999,-0.0024,-0.0503,0.0024,0.0023,0.9583,0.0636,0.0,2,2,WGAN-GP
HALLMARK_PI3K_AKT_MTOR_SIGNALING,0.0922,0.0899,-0.0023,-0.0751,0.001,0.0009,0.9,0.0518,0.0002,2,2,WGAN-GP
HALLMARK_PROTEIN_SECRETION,0.2629,0.2648,0.0019,0.0433,0.0019,0.002,1.0526,0.0544,0.0001,2,2,WGAN-GP
HALLMARK_REACTIVE_OXYGEN_SPECIES_PATHWAY,0.1347,0.1371,0.0024,0.0318,0.0057,0.0058,1.0175,0.033,0.0466,2,2,WGAN-GP
HALLMARK_SPERMATOGENESIS,-0.125,-0.1241,0.0009,0.0097,0.0081,0.009,1.1111,0.0356,0.0252,2,2,WGAN-GP
HALLMARK_TGF_BETA_SIGNALING,0.1945,0.1938,-0.0007,-0.0082,0.0078,0.007,0.8974,0.0312,0.0686,2,2,WGAN-GP
HALLMARK_TNFA_SIGNALING_VIA_NFKB,0.1165,0.1093,-0.0072,-0.1058,0.0051,0.0043,0.8431,0.0795,0.0,2,2,WGAN-GP
HALLMARK_UNFOLDED_PROTEIN_RESPONSE,0.0902,0.0829,-0.0073,-0.1846,0.0016,0.0015,0.9375,0.1186,0.0,2,2,WGAN-GP
HALLMARK_UV_RESPONSE_DN,0.1112,0.1064,-0.0048,-0.0868,0.0031,0.0029,0.9355,0.0405,0.0069,2,2,WGAN-GP
HALLMARK_UV_RESPONSE_UP,0.1257,0.1228,-0.0029,-0.0727,0.0016,0.0015,0.9375,0.0457,0.0015,2,2,WGAN-GP
HALLMARK_WNT_BETA_CATENIN_SIGNALING,0.099,0.1,0.0009,0.0124,0.0059,0.0051,0.8644,0.0547,0.0001,2,2,WGAN-GP
HALLMARK_XENOBIOTIC_METABOLISM,0.1034,0.0987,-0.0047,-0.0702,0.0043,0.0046,1.0698,0.0607,0.0,2,2,WGAN-GP
HALLMARK_ADIPOGENESIS,0.1505,0.1549,0.0043,0.0631,0.0042,0.0051,1.2143,0.0439,0.0025,4,4,WGAN-GP
HALLMARK_ALLOGRAFT_REJECTION,0.0657,0.0708,0.0051,0.0675,0.0058,0.0058,1.0,0.052,0.0002,4,4,WGAN-GP
HALLMARK_ANDROGEN_RESPONSE,0.1136,0.1194,0.0058,0.0939,0.004,0.0037,0.925,0.0564,0.0,4,4,WGAN-GP
HALLMARK_ANGIOGENESIS,0.244,0.2556,0.0115,0.1437,0.0068,0.0061,0.8971,0.0836,0.0,4,4,WGAN-GP
HALLMARK_APICAL_JUNCTION,0.1234,0.1304,0.0071,0.1403,0.0026,0.0025,0.9615,0.065,0.0,4,4,WGAN-GP
HALLMARK_APICAL_SURFACE,0.2007,0.2099,0.0092,0.1843,0.0028,0.0022,0.7857,0.0997,0.0,4,4,WGAN-GP
HALLMARK_APOPTOSIS,0.1431,0.1458,0.0026,0.0829,0.001,0.001,1.0,0.0714,0.0,4,4,WGAN-GP
HALLMARK_BILE_ACID_METABOLISM,-0.0107,-0.0111,-0.0003,-0.0034,0.0081,0.0083,1.0247,0.0549,0.0001,4,4,WGAN-GP
HALLMARK_CHOLESTEROL_HOMEOSTASIS,-0.012,-0.0173,-0.0053,-0.0612,0.0069,0.0081,1.1739,0.0662,0.0,4,4,WGAN-GP
HALLMARK_COAGULATION,0.1106,0.1175,0.0068,0.0726,0.0097,0.0081,0.8351,0.0489,0.0005,4,4,WGAN-GP
HALLMARK_COMPLEMENT,0.1282,0.1354,0.0071,0.1652,0.0019,0.0018,0.9474,0.076,0.0,4,4,WGAN-GP
HALLMARK_DNA_REPAIR,-0.0245,-0.0262,-0.0016,-0.0312,0.0028,0.0028,1.0,0.0399,0.0081,4,4,WGAN-GP
HALLMARK_E2F_TARGETS,-0.025,-0.0371,-0.0121,-0.1263,0.0096,0.0089,0.9271,0.0676,0.0,4,4,WGAN-GP
HALLMARK_EPITHELIAL_MESENCHYMAL_TRANSITION,0.2085,0.2136,0.0052,0.0706,0.0055,0.0052,0.9455,0.0624,0.0,4,4,WGAN-GP
HALLMARK_ESTROGEN_RESPONSE_EARLY,0.1308,0.1376,0.0068,0.0993,0.0043,0.005,1.1628,0.076,0.0,4,4,WGAN-GP
HALLMARK_ESTROGEN_RESPONSE_LATE,0.111,0.1169,0.0059,0.1232,0.0022,0.0024,1.0909,0.0821,0.0,4,4,WGAN-GP
HALLMARK_FATTY_ACID_METABOLISM,0.0426,0.0484,0.0058,0.0684,0.0067,0.0077,1.1493,0.037,0.0175,4,4,WGAN-GP
HALLMARK_G2M_CHECKPOINT,0.0268,0.0196,-0.0072,-0.0889,0.0066,0.0066,1.0,0.0607,0.0,4,4,WGAN-GP
HALLMARK_GLYCOLYSIS,0.0644,0.0609,-0.0035,-0.0886,0.0016,0.0014,0.875,0.0506,0.0003,4,4,WGAN-GP
HALLMARK_HEDGEHOG_SIGNALING,0.0105,0.0023,-0.0081,-0.1074,0.0068,0.0047,0.6912,0.1047,0.0,4,4,WGAN-GP
HALLMARK_HEME_METABOLISM,0.1169,0.1247,0.0078,0.1609,0.0024,0.0023,0.9583,0.0841,0.0,4,4,WGAN-GP
HALLMARK_HYPOXIA,0.1403,0.1453,0.005,0.0702,0.0049,0.0051,1.0408,0.0463,0.0012,4,4,WGAN-GP
HALLMARK_IL2_STAT5_SIGNALING,0.1169,0.1196,0.0027,0.0551,0.0024,0.0025,1.0417,0.0723,0.0,4,4,WGAN-GP
HALLMARK_IL6_JAK_STAT3_SIGNALING,0.2108,0.2211,0.0103,0.1648,0.0039,0.0039,1.0,0.0789,0.0,4,4,WGAN-GP
HALLMARK_INFLAMMATORY_RESPONSE,0.0885,0.0911,0.0027,0.0319,0.0069,0.0069,1.0,0.0402,0.0075,4,4,WGAN-GP
HALLMARK_INTERFERON_ALPHA_RESPONSE,0.1914,0.201,0.0095,0.0986,0.0101,0.0085,0.8416,0.0584,0.0,4,4,WGAN-GP
HALLMARK_INTERFERON_GAMMA_RESPONSE,0.1001,0.1066,0.0065,0.1055,0.0039,0.0036,0.9231,0.0668,0.0,4,4,WGAN-GP
HALLMARK_KRAS_SIGNALING_DN,-0.3449,-0.3821,-0.0371,-0.325,0.0149,0.0112,0.7517,0.1631,0.0,4,4,WGAN-GP
HALLMARK_KRAS_SIGNALING_UP,0.0246,0.0269,0.0023,0.0341,0.0052,0.0042,0.8077,0.0538,0.0001,4,4,WGAN-GP
HALLMARK_MITOTIC_SPINDLE,0.0899,0.0851,-0.0047,-0.0824,0.0033,0.0033,1.0,0.0454,0.0016,4,4,WGAN-GP
HALLMARK_MTORC1_SIGNALING,0.1256,0.1283,0.0027,0.073,0.0015,0.0014,0.9333,0.0428,0.0036,4,4,WGAN-GP
HALLMARK_MYC_TARGETS_V1,0.2142,0.2134,-0.0007,-0.0122,0.0036,0.0035,0.9722,0.0306,0.0777,4,4,WGAN-GP
HALLMARK_MYC_TARGETS_V2,0.0884,0.0803,-0.0081,-0.0969,0.0075,0.0064,0.8533,0.0755,0.0,4,4,WGAN-GP
HALLMARK_MYOGENESIS,0.2314,0.2388,0.0074,0.13,0.0034,0.0031,0.9118,0.0723,0.0,4,4,WGAN-GP
HALLMARK_NOTCH_SIGNALING,0.1475,0.1603,0.0128,0.1681,0.0065,0.0052,0.8,0.1281,0.0,4,4,WGAN-GP
HALLMARK_OXIDATIVE_PHOSPHORYLATION,0.1299,0.1402,0.0102,0.1441,0.0047,0.0054,1.1489,0.0734,0.0,4,4,WGAN-GP
HALLMARK_P53_PATHWAY,0.0273,0.0238,-0.0036,-0.099,0.0015,0.0011,0.7333,0.0665,0.0,4,4,WGAN-GP
HALLMARK_PANCREAS_BETA_CELLS,-0.1043,-0.1246,-0.0203,-0.0976,0.0496,0.0372,0.75,0.0682,0.0,4,4,WGAN-GP
HALLMARK_PEROXISOME,0.1024,0.1068,0.0043,0.0911,0.0023,0.0022,0.9565,0.0818,0.0,4,4,WGAN-GP
HALLMARK_PI3K_AKT_MTOR_SIGNALING,0.0924,0.0937,0.0013,0.0452,0.001,0.0007,0.7,0.0454,0.0016,4,4,WGAN-GP
HALLMARK_PROTEIN_SECRETION,0.2626,0.2699,0.0073,0.1668,0.0019,0.002,1.0526,0.0916,0.0,4,4,WGAN-GP
HALLMARK_REACTIVE_OXYGEN_SPECIES_PATHWAY,0.1345,0.1416,0.0071,0.0924,0.0058,0.0061,1.0517,0.0674,0.0,4,4,WGAN-GP
HALLMARK_SPERMATOGENESIS,-0.1245,-0.1393,-0.0148,-0.1668,0.0081,0.0077,0.9506,0.0992,0.0,4,4,WGAN-GP
HALLMARK_TGF_BETA_SIGNALING,0.1938,0.2011,0.0073,0.0825,0.0078,0.0079,1.0128,0.0567,0.0,4,4,WGAN-GP
HALLMARK_TNFA_SIGNALING_VIA_NFKB,0.1162,0.1199,0.0037,0.0541,0.0052,0.0042,0.8077,0.0853,0.0,4,4,WGAN-GP
HALLMARK_UNFOLDED_PROTEIN_RESPONSE,0.0899,0.0935,0.0036,0.0926,0.0016,0.0014,0.875,0.1298,0.0,4,4,WGAN-GP
HALLMARK_UV_RESPONSE_DN,0.1104,0.1113,0.0009,0.0157,0.0031,0.0034,1.0968,0.0422,0.0042,4,4,WGAN-GP
HALLMARK_UV_RESPONSE_UP,0.1258,0.1301,0.0043,0.1086,0.0016,0.0015,0.9375,0.0841,0.0,4,4,WGAN-GP
HALLMARK_WNT_BETA_CATENIN_SIGNALING,0.0986,0.1001,0.0015,0.019,0.0061,0.0062,1.0164,0.0815,0.0,4,4,WGAN-GP
HALLMARK_XENOBIOTIC_METABOLISM,0.1038,0.1061,0.0022,0.033,0.0042,0.0049,1.1667,0.0321,0.0568,4,4,WGAN-GP
HALLMARK_ADIPOGENESIS,0.1501,0.155,0.0049,0.0744,0.0043,0.0044,1.0233,0.0428,0.0035,1,1,CVAE-GMM
HALLMARK_ALLOGRAFT_REJECTION,0.0652,0.067,0.0018,0.0239,0.0058,0.0055,0.9483,0.0208,0.4417,1,1,CVAE-GMM
HALLMARK_ANDROGEN_RESPONSE,0.1138,0.1175,0.0038,0.0617,0.0039,0.0036,0.9231,0.0448,0.0019,1,1,CVAE-GMM
HALLMARK_ANGIOGENESIS,0.2436,0.259,0.0154,0.1868,0.0068,0.0068,1.0,0.1255,0.0,1,1,CVAE-GMM
HALLMARK_APICAL_JUNCTION,0.1232,0.1276,0.0045,0.0914,0.0026,0.0022,0.8462,0.0416,0.005,1,1,CVAE-GMM
HALLMARK_APICAL_SURFACE,0.2011,0.2134,0.0123,0.251,0.0028,0.002,0.7143,0.1024,0.0,1,1,CVAE-GMM
HALLMARK_APOPTOSIS,0.1435,0.1515,0.008,0.2659,0.001,0.0008,0.8,0.133,0.0,1,1,CVAE-GMM
HALLMARK_BILE_ACID_METABOLISM,-0.0115,-0.0039,0.0076,0.0868,0.0082,0.0071,0.8659,0.0836,0.0,1,1,CVAE-GMM
HALLMARK_CHOLESTEROL_HOMEOSTASIS,-0.0114,-0.0266,-0.0152,-0.1841,0.0069,0.0067,0.971,0.1313,0.0,1,1,CVAE-GMM
HALLMARK_COAGULATION,0.1114,0.1088,-0.0026,-0.0276,0.0096,0.0083,0.8646,0.039,0.0103,1,1,CVAE-GMM
HALLMARK_COMPLEMENT,0.1282,0.1367,0.0084,0.1987,0.0019,0.0017,0.8947,0.0844,0.0,1,1,CVAE-GMM
HALLMARK_DNA_REPAIR,-0.0244,-0.0321,-0.0078,-0.1533,0.0028,0.0023,0.8214,0.0714,0.0,1,1,CVAE-GMM
HALLMARK_E2F_TARGETS,-0.0242,-0.0262,-0.0019,-0.0195,0.0097,0.0097,1.0,0.0616,0.0,1,1,CVAE-GMM
HALLMARK_EPITHELIAL_MESENCHYMAL_TRANSITION,0.2093,0.2166,0.0073,0.1034,0.0056,0.0044,0.7857,0.0547,0.0001,1,1,CVAE-GMM
HALLMARK_ESTROGEN_RESPONSE_EARLY,0.1317,0.1406,0.0089,0.1352,0.0042,0.0045,1.0714,0.0879,0.0,1,1,CVAE-GMM
HALLMARK_ESTROGEN_RESPONSE_LATE,0.1115,0.1204,0.0089,0.1814,0.0022,0.0026,1.1818,0.1391,0.0,1,1,CVAE-GMM
HALLMARK_FATTY_ACID_METABOLISM,0.0422,0.0434,0.0013,0.0153,0.0067,0.0067,1.0,0.0356,0.0252,1,1,CVAE-GMM
HALLMARK_G2M_CHECKPOINT,0.0272,0.0305,0.0033,0.0402,0.0067,0.0068,1.0149,0.0408,0.0064,1,1,CVAE-GMM
HALLMARK_GLYCOLYSIS,0.0649,0.0636,-0.0014,-0.0349,0.0016,0.0014,0.875,0.0373,0.0163,1,1,CVAE-GMM
HALLMARK_HEDGEHOG_SIGNALING,0.0102,-0.0001,-0.0103,-0.1325,0.007,0.0051,0.7286,0.0807,0.0,1,1,CVAE-GMM
HALLMARK_HEME_METABOLISM,0.1167,0.1289,0.0122,0.2611,0.0024,0.002,0.8333,0.0902,0.0,1,1,CVAE-GMM
HALLMARK_HYPOXIA,0.1415,0.1464,0.0048,0.0684,0.005,0.0051,1.02,0.0382,0.013,1,1,CVAE-GMM
HALLMARK_IL2_STAT5_SIGNALING,0.1171,0.1239,0.0068,0.1461,0.0024,0.002,0.8333,0.0816,0.0,1,1,CVAE-GMM
HALLMARK_IL6_JAK_STAT3_SIGNALING,0.2104,0.2293,0.0189,0.3243,0.0039,0.0029,0.7436,0.1426,0.0,1,1,CVAE-GMM
HALLMARK_INFLAMMATORY_RESPONSE,0.0888,0.0903,0.0016,0.0191,0.007,0.0065,0.9286,0.0315,0.0644,1,1,CVAE-GMM
HALLMARK_INTERFERON_ALPHA_RESPONSE,0.1897,0.2089,0.0192,0.2117,0.01,0.0064,0.64,0.0928,0.0,1,1,CVAE-GMM
HALLMARK_INTERFERON_GAMMA_RESPONSE,0.0995,0.1066,0.0071,0.1188,0.0039,0.0033,0.8462,0.0613,0.0,1,1,CVAE-GMM
HALLMARK_KRAS_SIGNALING_DN,-0.3465,-0.388,-0.0415,-0.3556,0.0149,0.0124,0.8322,0.2163,0.0,1,1,CVAE-GMM
HALLMARK_KRAS_SIGNALING_UP,0.0247,0.0216,-0.0031,-0.0431,0.0053,0.005,0.9434,0.0341,0.0357,1,1,CVAE-GMM
HALLMARK_MITOTIC_SPINDLE,0.0904,0.0988,0.0084,0.151,0.0033,0.0029,0.8788,0.0827,0.0,1,1,CVAE-GMM
HALLMARK_MTORC1_SIGNALING,0.1263,0.1256,-0.0006,-0.0173,0.0015,0.0012,0.8,0.0385,0.012,1,1,CVAE-GMM
HALLMARK_MYC_TARGETS_V1,0.2143,0.2265,0.0122,0.2002,0.0036,0.0038,1.0556,0.0755,0.0,1,1,CVAE-GMM
HALLMARK_MYC_TARGETS_V2,0.0891,0.0881,-0.001,-0.0111,0.0077,0.0071,0.9221,0.0286,0.1175,1,1,CVAE-GMM
HALLMARK_MYOGENESIS,0.2322,0.2474,0.0152,0.2707,0.0034,0.0029,0.8529,0.1243,0.0,1,1,CVAE-GMM
HALLMARK_NOTCH_SIGNALING,0.1477,0.1526,0.0049,0.0663,0.0064,0.0045,0.7031,0.07,0.0,1,1,CVAE-GMM
HALLMARK_OXIDATIVE_PHOSPHORYLATION,0.1298,0.1356,0.0058,0.0868,0.0047,0.0044,0.9362,0.07,0.0,1,1,CVAE-GMM
HALLMARK_P53_PATHWAY,0.0276,0.023,-0.0047,-0.1349,0.0014,0.0009,0.6429,0.0795,0.0,1,1,CVAE-GMM
HALLMARK_PANCREAS_BETA_CELLS,-0.1037,-0.1094,-0.0057,-0.027,0.0503,0.039,0.7753,0.0755,0.0,1,1,CVAE-GMM
HALLMARK_PEROXISOME,0.1024,0.1118,0.0093,0.2073,0.0024,0.0017,0.7083,0.1371,0.0,1,1,CVAE-GMM
HALLMARK_PI3K_AKT_MTOR_SIGNALING,0.0927,0.0945,0.0018,0.0634,0.001,0.0006,0.6,0.0561,0.0,1,1,CVAE-GMM
HALLMARK_PROTEIN_SECRETION,0.2628,0.2751,0.0123,0.2965,0.0019,0.0016,0.8421,0.1252,0.0,1,1,CVAE-GMM
HALLMARK_REACTIVE_OXYGEN_SPECIES_PATHWAY,0.1347,0.1464,0.0117,0.1569,0.0057,0.0054,0.9474,0.1006,0.0,1,1,CVAE-GMM
HALLMARK_SPERMATOGENESIS,-0.1243,-0.1391,-0.0149,-0.1666,0.0083,0.0076,0.9157,0.0636,0.0,1,1,CVAE-GMM
HALLMARK_TGF_BETA_SIGNALING,0.1946,0.2079,0.0133,0.1537,0.0078,0.0072,0.9231,0.0899,0.0,1,1,CVAE-GMM
HALLMARK_TNFA_SIGNALING_VIA_NFKB,0.1171,0.1237,0.0066,0.1022,0.0051,0.0033,0.6471,0.1015,0.0,1,1,CVAE-GMM
HALLMARK_UNFOLDED_PROTEIN_RESPONSE,0.0908,0.0895,-0.0013,-0.0348,0.0016,0.0013,0.8125,0.1058,0.0,1,1,CVAE-GMM
HALLMARK_UV_RESPONSE_DN,0.1115,0.119,0.0075,0.1455,0.0031,0.0023,0.7419,0.0853,0.0,1,1,CVAE-GMM
HALLMARK_UV_RESPONSE_UP,0.1259,0.1328,0.0069,0.1845,0.0016,0.0012,0.75,0.087,0.0,1,1,CVAE-GMM
HALLMARK_WNT_BETA_CATENIN_SIGNALING,0.0988,0.0992,0.0005,0.0063,0.0059,0.0046,0.7797,0.0523,0.0002,1,1,CVAE-GMM
HALLMARK_XENOBIOTIC_METABOLISM,0.1037,0.1077,0.004,0.0595,0.0043,0.0045,1.0465,0.0318,0.0604,1,1,CVAE-GMM
HALLMARK_ADIPOGENESIS,0.1503,0.1563,0.006,0.0903,0.0043,0.0045,1.0465,0.0474,0.0008,5,5,CVAE-GMM
HALLMARK_ALLOGRAFT_REJECTION,0.0651,0.0641,-0.001,-0.0132,0.0059,0.005,0.8475,0.0353,0.0271,5,5,CVAE-GMM
HALLMARK_ANDROGEN_RESPONSE,0.1134,0.1176,0.0042,0.0689,0.0039,0.0034,0.8718,0.0468,0.001,5,5,CVAE-GMM
HALLMARK_ANGIOGENESIS,0.2436,0.2597,0.0161,0.2033,0.0068,0.0058,0.8529,0.107,0.0,5,5,CVAE-GMM
HALLMARK_APICAL_JUNCTION,0.1229,0.1281,0.0051,0.1046,0.0026,0.0022,0.8462,0.0544,0.0001,5,5,CVAE-GMM
HALLMARK_APICAL_SURFACE,0.2007,0.212,0.0113,0.2269,0.0028,0.0021,0.75,0.0905,0.0,5,5,CVAE-GMM
HALLMARK_APOPTOSIS,0.1431,0.153,0.0099,0.3268,0.001,0.0008,0.8,0.1506,0.0,5,5,CVAE-GMM
HALLMARK_BILE_ACID_METABOLISM,-0.0111,-0.0114,-0.0003,-0.0036,0.0081,0.0077,0.9506,0.0425,0.0039,5,5,CVAE-GMM
HALLMARK_CHOLESTEROL_HOMEOSTASIS,-0.0119,-0.0154,-0.0035,-0.0421,0.007,0.0068,0.9714,0.0682,0.0,5,5,CVAE-GMM
HALLMARK_COAGULATION,0.1102,0.1149,0.0047,0.0511,0.0096,0.0076,0.7917,0.0457,0.0015,5,5,CVAE-GMM
HALLMARK_COMPLEMENT,0.1277,0.1359,0.0082,0.1985,0.0019,0.0015,0.7895,0.0847,0.0,5,5,CVAE-GMM
HALLMARK_DNA_REPAIR,-0.0242,-0.028,-0.0038,-0.0743,0.0028,0.0023,0.8214,0.0474,0.0008,5,5,CVAE-GMM
HALLMARK_E2F_TARGETS,-0.0241,-0.023,0.001,0.0103,0.0098,0.011,1.1224,0.05,0.0003,5,5,CVAE-GMM
HALLMARK_EPITHELIAL_MESENCHYMAL_TRANSITION,0.2081,0.2209,0.0127,0.1834,0.0055,0.0041,0.7455,0.0893,0.0,5,5,CVAE-GMM
HALLMARK_ESTROGEN_RESPONSE_EARLY,0.1307,0.1403,0.0096,0.1434,0.0042,0.0046,1.0952,0.0931,0.0,5,5,CVAE-GMM
HALLMARK_ESTROGEN_RESPONSE_LATE,0.111,0.121,0.0101,0.2091,0.0022,0.0024,1.0909,0.1341,0.0,5,5,CVAE-GMM
HALLMARK_FATTY_ACID_METABOLISM,0.0428,0.0472,0.0044,0.0536,0.0067,0.0069,1.0299,0.0356,0.0252,5,5,CVAE-GMM
HALLMARK_G2M_CHECKPOINT,0.0276,0.0333,0.0057,0.0661,0.0068,0.0082,1.2059,0.07,0.0,5,5,CVAE-GMM
HALLMARK_GLYCOLYSIS,0.0647,0.0704,0.0057,0.1434,0.0016,0.0016,1.0,0.0783,0.0,5,5,CVAE-GMM
HALLMARK_HEDGEHOG_SIGNALING,0.0102,0.0031,-0.0071,-0.0936,0.007,0.0047,0.6714,0.0775,0.0,5,5,CVAE-GMM
HALLMARK_HEME_METABOLISM,0.1167,0.1281,0.0114,0.237,0.0024,0.0022,0.9167,0.0847,0.0,5,5,CVAE-GMM
HALLMARK_HYPOXIA,0.1404,0.1504,0.01,0.1429,0.0049,0.0048,0.9796,0.0636,0.0,5,5,CVAE-GMM
HALLMARK_IL2_STAT5_SIGNALING,0.1165,0.1228,0.0064,0.1361,0.0024,0.0019,0.7917,0.0682,0.0,5,5,CVAE-GMM
HALLMARK_IL6_JAK_STAT3_SIGNALING,0.2103,0.2281,0.0179,0.3044,0.0039,0.003,0.7692,0.1391,0.0,5,5,CVAE-GMM
HALLMARK_INFLAMMATORY_RESPONSE,0.0885,0.0907,0.0022,0.0272,0.0069,0.0063,0.913,0.0347,0.0311,5,5,CVAE-GMM
HALLMARK_INTERFERON_ALPHA_RESPONSE,0.191,0.2105,0.0195,0.2154,0.0099,0.0065,0.6566,0.1029,0.0,5,5,CVAE-GMM
HALLMARK_INTERFERON_GAMMA_RESPONSE,0.1002,0.1061,0.0059,0.0993,0.0039,0.0031,0.7949,0.0645,0.0,5,5,CVAE-GMM
HALLMARK_KRAS_SIGNALING_DN,-0.3464,-0.3907,-0.0443,-0.3846,0.0148,0.0118,0.7973,0.235,0.0,5,5,CVAE-GMM
HALLMARK_KRAS_SIGNALING_UP,0.0248,0.023,-0.0018,-0.0261,0.0052,0.0044,0.8462,0.0376,0.0151,5,5,CVAE-GMM
HALLMARK_MITOTIC_SPINDLE,0.0902,0.0988,0.0086,0.1458,0.0033,0.0036,1.0909,0.0757,0.0,5,5,CVAE-GMM
HALLMARK_MTORC1_SIGNALING,0.1261,0.1324,0.0063,0.1664,0.0015,0.0014,0.9333,0.0755,0.0,5,5,CVAE-GMM
HALLMARK_MYC_TARGETS_V1,0.2146,0.2296,0.015,0.2372,0.0036,0.0044,1.2222,0.1044,0.0,5,5,CVAE-GMM
HALLMARK_MYC_TARGETS_V2,0.0901,0.0944,0.0043,0.049,0.0076,0.0075,0.9868,0.0304,0.0826,5,5,CVAE-GMM
HALLMARK_MYOGENESIS,0.2309,0.2434,0.0126,0.2253,0.0033,0.0029,0.8788,0.107,0.0,5,5,CVAE-GMM
HALLMARK_NOTCH_SIGNALING,0.1477,0.158,0.0103,0.1396,0.0064,0.0045,0.7031,0.1029,0.0,5,5,CVAE-GMM
HALLMARK_OXIDATIVE_PHOSPHORYLATION,0.1301,0.1386,0.0085,0.1252,0.0047,0.0046,0.9787,0.0726,0.0,5,5,CVAE-GMM
HALLMARK_P53_PATHWAY,0.0271,0.0246,-0.0026,-0.0737,0.0014,0.001,0.7143,0.0581,0.0,5,5,CVAE-GMM
HALLMARK_PANCREAS_BETA_CELLS,-0.105,-0.131,-0.0261,-0.1247,0.0497,0.0376,0.7565,0.1061,0.0,5,5,CVAE-GMM
HALLMARK_PEROXISOME,0.1024,0.1068,0.0044,0.0941,0.0023,0.0021,0.913,0.0737,0.0,5,5,CVAE-GMM
HALLMARK_PI3K_AKT_MTOR_SIGNALING,0.0923,0.0945,0.0021,0.0766,0.001,0.0005,0.5,0.076,0.0,5,5,CVAE-GMM
HALLMARK_PROTEIN_SECRETION,0.2625,0.2768,0.0143,0.3367,0.0019,0.0017,0.8947,0.1393,0.0,5,5,CVAE-GMM
HALLMARK_REACTIVE_OXYGEN_SPECIES_PATHWAY,0.135,0.1485,0.0135,0.1858,0.0057,0.0049,0.8596,0.0954,0.0,5,5,CVAE-GMM
HALLMARK_SPERMATOGENESIS,-0.124,-0.1336,-0.0096,-0.1047,0.0082,0.0087,1.061,0.0711,0.0,5,5,CVAE-GMM
HALLMARK_TGF_BETA_SIGNALING,0.1938,0.2062,0.0124,0.1431,0.0078,0.0074,0.9487,0.0838,0.0,5,5,CVAE-GMM
HALLMARK_TNFA_SIGNALING_VIA_NFKB,0.1164,0.1246,0.0081,0.1239,0.0051,0.0034,0.6667,0.0908,0.0,5,5,CVAE-GMM
HALLMARK_UNFOLDED_PROTEIN_RESPONSE,0.0903,0.0938,0.0035,0.0908,0.0016,0.0014,0.875,0.1463,0.0,5,5,CVAE-GMM
HALLMARK_UV_RESPONSE_DN,0.1107,0.1154,0.0047,0.0888,0.003,0.0025,0.8333,0.0549,0.0001,5,5,CVAE-GMM
HALLMARK_UV_RESPONSE_UP,0.126,0.1352,0.0092,0.239,0.0016,0.0013,0.8125,0.1049,0.0,5,5,CVAE-GMM
HALLMARK_WNT_BETA_CATENIN_SIGNALING,0.0985,0.1001,0.0016,0.0212,0.0061,0.0052,0.8525,0.0439,0.0025,5,5,CVAE-GMM
HALLMARK_XENOBIOTIC_METABOLISM,0.1037,0.1086,0.0049,0.0734,0.0043,0.0046,1.0698,0.0445,0.0021,5,5,CVAE-GMM
HALLMARK_ADIPOGENESIS,0.1505,0.159,0.0085,0.1306,0.0042,0.0041,0.9762,0.0656,0.0,4,4,CVAE-GMM
HALLMARK_ALLOGRAFT_REJECTION,0.0657,0.0615,-0.0042,-0.057,0.0058,0.005,0.8621,0.0471,0.0009,4,4,CVAE-GMM
HALLMARK_ANDROGEN_RESPONSE,0.1136,0.1182,0.0046,0.0742,0.004,0.0036,0.9,0.0532,0.0001,4,4,CVAE-GMM
HALLMARK_ANGIOGENESIS,0.244,0.2612,0.0172,0.2138,0.0068,0.0061,0.8971,0.1165,0.0,4,4,CVAE-GMM
HALLMARK_APICAL_JUNCTION,0.1234,0.1271,0.0037,0.0765,0.0026,0.0021,0.8077,0.0468,0.001,4,4,CVAE-GMM
HALLMARK_APICAL_SURFACE,0.2007,0.208,0.0074,0.1479,0.0028,0.0022,0.7857,0.0711,0.0,4,4,CVAE-GMM
HALLMARK_APOPTOSIS,0.1431,0.1503,0.0071,0.2342,0.001,0.0008,0.8,0.1391,0.0,4,4,CVAE-GMM
HALLMARK_BILE_ACID_METABOLISM,-0.0107,-0.0099,0.0008,0.0092,0.0081,0.0073,0.9012,0.0445,0.0021,4,4,CVAE-GMM
HALLMARK_CHOLESTEROL_HOMEOSTASIS,-0.012,-0.0222,-0.0102,-0.1259,0.0069,0.0062,0.8986,0.0963,0.0,4,4,CVAE-GMM
HALLMARK_COAGULATION,0.1106,0.1129,0.0023,0.0242,0.0097,0.0084,0.866,0.026,0.1922,4,4,CVAE-GMM
HALLMARK_COMPLEMENT,0.1282,0.1349,0.0067,0.1597,0.0019,0.0016,0.8421,0.0746,0.0,4,4,CVAE-GMM
HALLMARK_DNA_REPAIR,-0.0245,-0.0298,-0.0052,-0.1056,0.0028,0.0021,0.75,0.0598,0.0,4,4,CVAE-GMM
HALLMARK_E2F_TARGETS,-0.025,-0.0302,-0.0052,-0.0538,0.0096,0.0093,0.9688,0.0347,0.0311,4,4,CVAE-GMM
HALLMARK_EPITHELIAL_MESENCHYMAL_TRANSITION,0.2085,0.2227,0.0142,0.2034,0.0055,0.0042,0.7636,0.0916,0.0,4,4,CVAE-GMM
HALLMARK_ESTROGEN_RESPONSE_EARLY,0.1308,0.1433,0.0124,0.1892,0.0043,0.0044,1.0233,0.0899,0.0,4,4,CVAE-GMM
HALLMARK_ESTROGEN_RESPONSE_LATE,0.111,0.1212,0.0102,0.2171,0.0022,0.0022,1.0,0.1229,0.0,4,4,CVAE-GMM
HALLMARK_FATTY_ACID_METABOLISM,0.0426,0.0439,0.0013,0.0162,0.0067,0.0065,0.9701,0.0364,0.0203,4,4,CVAE-GMM
HALLMARK_G2M_CHECKPOINT,0.0268,0.0269,0.0001,0.001,0.0066,0.0066,1.0,0.0171,0.6956,4,4,CVAE-GMM
HALLMARK_GLYCOLYSIS,0.0644,0.0659,0.0015,0.0382,0.0016,0.0015,0.9375,0.0338,0.0382,4,4,CVAE-GMM
HALLMARK_HEDGEHOG_SIGNALING,0.0105,0.0053,-0.0052,-0.0706,0.0068,0.0039,0.5735,0.1026,0.0,4,4,CVAE-GMM
HALLMARK_HEME_METABOLISM,0.1169,0.1268,0.0099,0.2064,0.0024,0.0022,0.9167,0.0783,0.0,4,4,CVAE-GMM
HALLMARK_HYPOXIA,0.1403,0.1496,0.0092,0.1362,0.0049,0.0043,0.8776,0.0757,0.0,4,4,CVAE-GMM
HALLMARK_IL2_STAT5_SIGNALING,0.1169,0.1222,0.0053,0.1119,0.0024,0.0021,0.875,0.0679,0.0,4,4,CVAE-GMM
HALLMARK_IL6_JAK_STAT3_SIGNALING,0.2108,0.226,0.0152,0.2545,0.0039,0.0032,0.8205,0.1159,0.0,4,4,CVAE-GMM
HALLMARK_INFLAMMATORY_RESPONSE,0.0885,0.088,-0.0005,-0.0065,0.0069,0.006,0.8696,0.0335,0.0409,4,4,CVAE-GMM
HALLMARK_INTERFERON_ALPHA_RESPONSE,0.1914,0.2035,0.0121,0.1329,0.0101,0.0063,0.6238,0.0824,0.0,4,4,CVAE-GMM
HALLMARK_INTERFERON_GAMMA_RESPONSE,0.1001,0.1,-0.0001,-0.002,0.0039,0.0031,0.7949,0.0425,0.0039,4,4,CVAE-GMM
HALLMARK_KRAS_SIGNALING_DN,-0.3449,-0.3921,-0.0472,-0.4108,0.0149,0.0115,0.7718,0.2293,0.0,4,4,CVAE-GMM
HALLMARK_KRAS_SIGNALING_UP,0.0246,0.0201,-0.0045,-0.065,0.0052,0.0044,0.8462,0.0474,0.0008,4,4,CVAE-GMM
HALLMARK_MITOTIC_SPINDLE,0.0899,0.0952,0.0053,0.0952,0.0033,0.003,0.9091,0.061,0.0,4,4,CVAE-GMM
HALLMARK_MTORC1_SIGNALING,0.1256,0.1274,0.0018,0.0498,0.0015,0.0013,0.8667,0.0437,0.0027,4,4,CVAE-GMM
HALLMARK_MYC_TARGETS_V1,0.2142,0.2275,0.0133,0.2259,0.0036,0.0034,0.9444,0.0971,0.0,4,4,CVAE-GMM
HALLMARK_MYC_TARGETS_V2,0.0884,0.0939,0.0056,0.0662,0.0075,0.0065,0.8667,0.061,0.0,4,4,CVAE-GMM
HALLMARK_MYOGENESIS,0.2314,0.247,0.0156,0.2843,0.0034,0.0027,0.7941,0.1246,0.0,4,4,CVAE-GMM
HALLMARK_NOTCH_SIGNALING,0.1475,0.1597,0.0121,0.1647,0.0065,0.0044,0.6769,0.1127,0.0,4,4,CVAE-GMM
HALLMARK_OXIDATIVE_PHOSPHORYLATION,0.1299,0.1369,0.007,0.1039,0.0047,0.0044,0.9362,0.0807,0.0,4,4,CVAE-GMM
HALLMARK_P53_PATHWAY,0.0273,0.0234,-0.0039,-0.1147,0.0015,0.0009,0.6,0.0841,0.0,4,4,CVAE-GMM
HALLMARK_PANCREAS_BETA_CELLS,-0.1043,-0.1111,-0.0068,-0.0331,0.0496,0.0353,0.7117,0.0804,0.0,4,4,CVAE-GMM
HALLMARK_PEROXISOME,0.1024,0.1071,0.0047,0.103,0.0023,0.0018,0.7826,0.0995,0.0,4,4,CVAE-GMM
HALLMARK_PI3K_AKT_MTOR_SIGNALING,0.0924,0.0948,0.0024,0.085,0.001,0.0006,0.6,0.0697,0.0,4,4,CVAE-GMM
HALLMARK_PROTEIN_SECRETION,0.2626,0.2774,0.0148,0.3518,0.0019,0.0016,0.8421,0.1538,0.0,4,4,CVAE-GMM
HALLMARK_REACTIVE_OXYGEN_SPECIES_PATHWAY,0.1345,0.145,0.0105,0.1453,0.0058,0.0047,0.8103,0.1012,0.0,4,4,CVAE-GMM
HALLMARK_SPERMATOGENESIS,-0.1245,-0.1401,-0.0156,-0.1806,0.0081,0.0068,0.8395,0.0801,0.0,4,4,CVAE-GMM
HALLMARK_TGF_BETA_SIGNALING,0.1938,0.2031,0.0093,0.1048,0.0078,0.0078,1.0,0.059,0.0,4,4,CVAE-GMM
HALLMARK_TNFA_SIGNALING_VIA_NFKB,0.1162,0.1242,0.008,0.1252,0.0052,0.003,0.5769,0.1058,0.0,4,4,CVAE-GMM
HALLMARK_UNFOLDED_PROTEIN_RESPONSE,0.0899,0.0936,0.0037,0.0986,0.0016,0.0013,0.8125,0.1564,0.0,4,4,CVAE-GMM
HALLMARK_UV_RESPONSE_DN,0.1104,0.1166,0.0062,0.1155,0.0031,0.0026,0.8387,0.0639,0.0,4,4,CVAE-GMM
HALLMARK_UV_RESPONSE_UP,0.1258,0.1347,0.0089,0.2357,0.0016,0.0012,0.75,0.0954,0.0,4,4,CVAE-GMM
HALLMARK_WNT_BETA_CATENIN_SIGNALING,0.0986,0.1012,0.0026,0.0356,0.0061,0.0049,0.8033,0.0408,0.0064,4,4,CVAE-GMM
HALLMARK_XENOBIOTIC_METABOLISM,0.1038,0.1079,0.004,0.0623,0.0042,0.0042,1.0,0.0408,0.0064,4,4,CVAE-GMM
HALLMARK_ADIPOGENESIS,0.1509,0.1526,0.0017,0.0252,0.0043,0.0044,1.0233,0.0283,0.1244,3,3,CVAE-GMM
HALLMARK_ALLOGRAFT_REJECTION,0.0646,0.0689,0.0042,0.057,0.0058,0.0052,0.8966,0.0445,0.0021,3,3,CVAE-GMM
HALLMARK_ANDROGEN_RESPONSE,0.1127,0.1197,0.007,0.1168,0.0039,0.0032,0.8205,0.0804,0.0,3,3,CVAE-GMM
HALLMARK_ANGIOGENESIS,0.2441,0.2617,0.0176,0.2225,0.0067,0.0058,0.8657,0.1139,0.0,3,3,CVAE-GMM
HALLMARK_APICAL_JUNCTION,0.1232,0.1322,0.009,0.1865,0.0025,0.0021,0.84,0.0732,0.0,3,3,CVAE-GMM
HALLMARK_APICAL_SURFACE,0.2004,0.2131,0.0127,0.2608,0.0028,0.0019,0.6786,0.1194,0.0,3,3,CVAE-GMM
HALLMARK_APOPTOSIS,0.1434,0.1534,0.01,0.3277,0.001,0.0008,0.8,0.1472,0.0,3,3,CVAE-GMM
HALLMARK_BILE_ACID_METABOLISM,-0.0117,-0.0108,0.001,0.0111,0.0083,0.0069,0.8313,0.0509,0.0003,3,3,CVAE-GMM
HALLMARK_CHOLESTEROL_HOMEOSTASIS,-0.011,-0.0211,-0.01,-0.1237,0.0069,0.0063,0.913,0.1064,0.0,3,3,CVAE-GMM
HALLMARK_COAGULATION,0.1122,0.1185,0.0062,0.0674,0.0094,0.0077,0.8191,0.0529,0.0001,3,3,CVAE-GMM
HALLMARK_COMPLEMENT,0.1281,0.1386,0.0106,0.2551,0.0019,0.0015,0.7895,0.1082,0.0,3,3,CVAE-GMM
HALLMARK_DNA_REPAIR,-0.024,-0.0332,-0.0091,-0.1878,0.0028,0.0019,0.6786,0.1012,0.0,3,3,CVAE-GMM
HALLMARK_E2F_TARGETS,-0.025,-0.0216,0.0034,0.0343,0.0097,0.0097,1.0,0.0275,0.147,3,3,CVAE-GMM
HALLMARK_EPITHELIAL_MESENCHYMAL_TRANSITION,0.21,0.2263,0.0162,0.2338,0.0055,0.0042,0.7636,0.107,0.0,3,3,CVAE-GMM
HALLMARK_ESTROGEN_RESPONSE_EARLY,0.1315,0.145,0.0135,0.2099,0.0042,0.0041,0.9762,0.0983,0.0,3,3,CVAE-GMM
HALLMARK_ESTROGEN_RESPONSE_LATE,0.1113,0.1217,0.0105,0.2178,0.0022,0.0024,1.0909,0.1394,0.0,3,3,CVAE-GMM
HALLMARK_FATTY_ACID_METABOLISM,0.0429,0.0417,-0.0012,-0.0148,0.0067,0.0062,0.9254,0.0547,0.0001,3,3,CVAE-GMM
HALLMARK_G2M_CHECKPOINT,0.0269,0.0352,0.0083,0.1007,0.0067,0.007,1.0448,0.0607,0.0,3,3,CVAE-GMM
HALLMARK_GLYCOLYSIS,0.0647,0.0661,0.0014,0.0359,0.0016,0.0014,0.875,0.0399,0.0081,3,3,CVAE-GMM
HALLMARK_HEDGEHOG_SIGNALING,0.0097,0.0061,-0.0036,-0.0468,0.0069,0.0047,0.6812,0.0558,0.0,3,3,CVAE-GMM
HALLMARK_HEME_METABOLISM,0.1162,0.1253,0.0091,0.1933,0.0024,0.002,0.8333,0.0685,0.0,3,3,CVAE-GMM
HALLMARK_HYPOXIA,0.141,0.1519,0.0109,0.1568,0.0049,0.0048,0.9796,0.074,0.0,3,3,CVAE-GMM
HALLMARK_IL2_STAT5_SIGNALING,0.1166,0.1296,0.013,0.281,0.0024,0.0018,0.75,0.1215,0.0,3,3,CVAE-GMM
HALLMARK_IL6_JAK_STAT3_SIGNALING,0.2099,0.2293,0.0194,0.3359,0.0039,0.0027,0.6923,0.1585,0.0,3,3,CVAE-GMM
HALLMARK_INFLAMMATORY_RESPONSE,0.0887,0.0972,0.0085,0.1046,0.0069,0.0061,0.8841,0.0529,0.0001,3,3,CVAE-GMM
HALLMARK_INTERFERON_ALPHA_RESPONSE,0.1899,0.2107,0.0208,0.2307,0.0099,0.0064,0.6465,0.1082,0.0,3,3,CVAE-GMM
HALLMARK_INTERFERON_GAMMA_RESPONSE,0.0994,0.1085,0.0091,0.1545,0.0038,0.0032,0.8421,0.0769,0.0,3,3,CVAE-GMM
HALLMARK_KRAS_SIGNALING_DN,-0.3452,-0.383,-0.0379,-0.3282,0.0148,0.0119,0.8041,0.1802,0.0,3,3,CVAE-GMM
HALLMARK_KRAS_SIGNALING_UP,0.0241,0.0269,0.0029,0.0413,0.0052,0.0043,0.8269,0.0379,0.014,3,3,CVAE-GMM
HALLMARK_MITOTIC_SPINDLE,0.0893,0.1011,0.0118,0.2102,0.0033,0.003,0.9091,0.092,0.0,3,3,CVAE-GMM
HALLMARK_MTORC1_SIGNALING,0.1261,0.1292,0.003,0.0823,0.0014,0.0013,0.9286,0.039,0.0103,3,3,CVAE-GMM
HALLMARK_MYC_TARGETS_V1,0.2141,0.2306,0.0165,0.2739,0.0036,0.0037,1.0278,0.0949,0.0,3,3,CVAE-GMM
HALLMARK_MYC_TARGETS_V2,0.09,0.0958,0.0057,0.0682,0.0076,0.0065,0.8553,0.0581,0.0,3,3,CVAE-GMM
HALLMARK_MYOGENESIS,0.2319,0.2479,0.016,0.2883,0.0033,0.0028,0.8485,0.1168,0.0,3,3,CVAE-GMM
HALLMARK_NOTCH_SIGNALING,0.1481,0.1601,0.012,0.1635,0.0064,0.0045,0.7031,0.1047,0.0,3,3,CVAE-GMM
HALLMARK_OXIDATIVE_PHOSPHORYLATION,0.1303,0.1311,0.0008,0.0118,0.0047,0.0042,0.8936,0.059,0.0,3,3,CVAE-GMM
HALLMARK_P53_PATHWAY,0.0279,0.0247,-0.0032,-0.0922,0.0014,0.001,0.7143,0.0665,0.0,3,3,CVAE-GMM
HALLMARK_PANCREAS_BETA_CELLS,-0.1064,-0.1191,-0.0126,-0.0601,0.049,0.0395,0.8061,0.0717,0.0,3,3,CVAE-GMM
HALLMARK_PEROXISOME,0.1025,0.1041,0.0015,0.0333,0.0024,0.0018,0.75,0.0723,0.0,3,3,CVAE-GMM
HALLMARK_PI3K_AKT_MTOR_SIGNALING,0.0926,0.0977,0.0051,0.1777,0.001,0.0007,0.7,0.1084,0.0,3,3,CVAE-GMM
HALLMARK_PROTEIN_SECRETION,0.2623,0.2748,0.0126,0.3089,0.0019,0.0014,0.7368,0.1194,0.0,3,3,CVAE-GMM
HALLMARK_REACTIVE_OXYGEN_SPECIES_PATHWAY,0.1351,0.1467,0.0116,0.1597,0.0057,0.0048,0.8421,0.0928,0.0,3,3,CVAE-GMM
HALLMARK_SPERMATOGENESIS,-0.1245,-0.1382,-0.0137,-0.1526,0.0081,0.0081,1.0,0.0677,0.0,3,3,CVAE-GMM
HALLMARK_TGF_BETA_SIGNALING,0.1932,0.2109,0.0177,0.207,0.0078,0.0069,0.8846,0.1035,0.0,3,3,CVAE-GMM
HALLMARK_TNFA_SIGNALING_VIA_NFKB,0.1165,0.1308,0.0142,0.2175,0.0051,0.0034,0.6667,0.1142,0.0,3,3,CVAE-GMM
HALLMARK_UNFOLDED_PROTEIN_RESPONSE,0.0906,0.0928,0.0021,0.0559,0.0016,0.0013,0.8125,0.1475,0.0,3,3,CVAE-GMM
HALLMARK_UV_RESPONSE_DN,0.1109,0.123,0.0122,0.2368,0.0031,0.0022,0.7097,0.1148,0.0,3,3,CVAE-GMM
HALLMARK_UV_RESPONSE_UP,0.126,0.1323,0.0064,0.1661,0.0016,0.0013,0.8125,0.0639,0.0,3,3,CVAE-GMM
HALLMARK_WNT_BETA_CATENIN_SIGNALING,0.0994,0.1081,0.0087,0.1191,0.0061,0.0046,0.7541,0.0769,0.0,3,3,CVAE-GMM
HALLMARK_XENOBIOTIC_METABOLISM,0.1042,0.1054,0.0011,0.0172,0.0042,0.0044,1.0476,0.0243,0.2594,3,3,CVAE-GMM
HALLMARK_ADIPOGENESIS,0.1502,0.1552,0.005,0.075,0.0043,0.0047,1.093,0.0283,0.1244,2,2,CVAE-GMM
HALLMARK_ALLOGRAFT_REJECTION,0.0651,0.0613,-0.0038,-0.0501,0.0058,0.0054,0.931,0.0364,0.0203,2,2,CVAE-GMM
HALLMARK_ANDROGEN_RESPONSE,0.1137,0.1177,0.004,0.0657,0.0039,0.0037,0.9487,0.0405,0.0069,2,2,CVAE-GMM
HALLMARK_ANGIOGENESIS,0.2434,0.2553,0.0119,0.1435,0.0068,0.0069,1.0147,0.0975,0.0,2,2,CVAE-GMM
HALLMARK_APICAL_JUNCTION,0.1232,0.1268,0.0036,0.0715,0.0026,0.0025,0.9615,0.0359,0.0234,2,2,CVAE-GMM
HALLMARK_APICAL_SURFACE,0.2009,0.2082,0.0072,0.1428,0.0028,0.0023,0.8214,0.0622,0.0,2,2,CVAE-GMM
HALLMARK_APOPTOSIS,0.143,0.1491,0.006,0.1933,0.0011,0.0009,0.8182,0.1038,0.0,2,2,CVAE-GMM
HALLMARK_BILE_ACID_METABOLISM,-0.0112,-0.0108,0.0004,0.004,0.0082,0.0077,0.939,0.0396,0.0088,2,2,CVAE-GMM
HALLMARK_CHOLESTEROL_HOMEOSTASIS,-0.0116,-0.0153,-0.0037,-0.0441,0.0069,0.007,1.0145,0.0555,0.0,2,2,CVAE-GMM
HALLMARK_COAGULATION,0.1112,0.1153,0.0041,0.043,0.0097,0.0087,0.8969,0.0327,0.0498,2,2,CVAE-GMM
HALLMARK_COMPLEMENT,0.1279,0.1313,0.0035,0.0814,0.0019,0.0017,0.8947,0.0454,0.0016,2,2,CVAE-GMM
HALLMARK_DNA_REPAIR,-0.0247,-0.0275,-0.0028,-0.0555,0.0028,0.0024,0.8571,0.0295,0.0987,2,2,CVAE-GMM
HALLMARK_E2F_TARGETS,-0.0256,-0.0324,-0.0068,-0.0699,0.0095,0.0095,1.0,0.0497,0.0004,2,2,CVAE-GMM
HALLMARK_EPITHELIAL_MESENCHYMAL_TRANSITION,0.2091,0.2185,0.0094,0.1288,0.0055,0.0051,0.9273,0.0564,0.0,2,2,CVAE-GMM
HALLMARK_ESTROGEN_RESPONSE_EARLY,0.1311,0.1442,0.0131,0.1959,0.0042,0.0047,1.119,0.1197,0.0,2,2,CVAE-GMM
HALLMARK_ESTROGEN_RESPONSE_LATE,0.1108,0.1211,0.0103,0.2114,0.0022,0.0025,1.1364,0.1333,0.0,2,2,CVAE-GMM
HALLMARK_FATTY_ACID_METABOLISM,0.0424,0.0471,0.0046,0.0556,0.0067,0.0073,1.0896,0.0324,0.0532,2,2,CVAE-GMM
HALLMARK_G2M_CHECKPOINT,0.0263,0.0248,-0.0015,-0.0184,0.0066,0.0068,1.0303,0.0254,0.2128,2,2,CVAE-GMM
HALLMARK_GLYCOLYSIS,0.0646,0.0682,0.0036,0.092,0.0016,0.0015,0.9375,0.063,0.0,2,2,CVAE-GMM
HALLMARK_HEDGEHOG_SIGNALING,0.0112,0.0041,-0.007,-0.0898,0.0068,0.0055,0.8088,0.0604,0.0,2,2,CVAE-GMM
HALLMARK_HEME_METABOLISM,0.1167,0.1261,0.0094,0.1986,0.0023,0.0021,0.913,0.0749,0.0,2,2,CVAE-GMM
HALLMARK_HYPOXIA,0.141,0.1512,0.0102,0.1436,0.005,0.0052,1.04,0.07,0.0,2,2,CVAE-GMM
HALLMARK_IL2_STAT5_SIGNALING,0.1167,0.1225,0.0058,0.1202,0.0024,0.0022,0.9167,0.0714,0.0,2,2,CVAE-GMM
HALLMARK_IL6_JAK_STAT3_SIGNALING,0.2105,0.2233,0.0128,0.212,0.0039,0.0034,0.8718,0.0908,0.0,2,2,CVAE-GMM
HALLMARK_INFLAMMATORY_RESPONSE,0.0887,0.091,0.0023,0.0283,0.0069,0.0068,0.9855,0.0263,0.1823,2,2,CVAE-GMM
HALLMARK_INTERFERON_ALPHA_RESPONSE,0.1891,0.198,0.0089,0.096,0.0101,0.0071,0.703,0.0656,0.0,2,2,CVAE-GMM
HALLMARK_INTERFERON_GAMMA_RESPONSE,0.0991,0.1007,0.0016,0.0263,0.0039,0.0033,0.8462,0.0356,0.0252,2,2,CVAE-GMM
HALLMARK_KRAS_SIGNALING_DN,-0.3445,-0.3764,-0.0319,-0.2738,0.0148,0.0123,0.8311,0.1602,0.0,2,2,CVAE-GMM
HALLMARK_KRAS_SIGNALING_UP,0.0243,0.0216,-0.0027,-0.0377,0.0052,0.005,0.9615,0.024,0.2721,2,2,CVAE-GMM
HALLMARK_MITOTIC_SPINDLE,0.0895,0.0912,0.0017,0.0298,0.0033,0.0034,1.0303,0.0338,0.0382,2,2,CVAE-GMM
HALLMARK_MTORC1_SIGNALING,0.1256,0.1286,0.003,0.0804,0.0014,0.0013,0.9286,0.0379,0.014,2,2,CVAE-GMM
HALLMARK_MYC_TARGETS_V1,0.2136,0.2214,0.0078,0.1292,0.0036,0.0037,1.0278,0.05,0.0003,2,2,CVAE-GMM
HALLMARK_MYC_TARGETS_V2,0.0885,0.0886,0.0001,0.0017,0.0074,0.0063,0.8514,0.0483,0.0006,2,2,CVAE-GMM
HALLMARK_MYOGENESIS,0.2316,0.2447,0.0131,0.2359,0.0034,0.0028,0.8235,0.1142,0.0,2,2,CVAE-GMM
HALLMARK_NOTCH_SIGNALING,0.1478,0.1608,0.013,0.1757,0.0063,0.0046,0.7302,0.1084,0.0,2,2,CVAE-GMM
HALLMARK_OXIDATIVE_PHOSPHORYLATION,0.1296,0.1349,0.0053,0.0758,0.0047,0.005,1.0638,0.0347,0.0311,2,2,CVAE-GMM
HALLMARK_P53_PATHWAY,0.0276,0.026,-0.0016,-0.0441,0.0015,0.0011,0.7333,0.0521,0.0002,2,2,CVAE-GMM
HALLMARK_PANCREAS_BETA_CELLS,-0.1016,-0.1315,-0.0299,-0.1452,0.05,0.0348,0.696,0.0925,0.0,2,2,CVAE-GMM
HALLMARK_PEROXISOME,0.1023,0.1071,0.0048,0.1032,0.0024,0.002,0.8333,0.0711,0.0,2,2,CVAE-GMM
HALLMARK_PI3K_AKT_MTOR_SIGNALING,0.0922,0.0957,0.0035,0.1203,0.001,0.0006,0.6,0.0758,0.0,2,2,CVAE-GMM
HALLMARK_PROTEIN_SECRETION,0.2629,0.2705,0.0077,0.179,0.0019,0.0018,0.9474,0.0853,0.0,2,2,CVAE-GMM
HALLMARK_REACTIVE_OXYGEN_SPECIES_PATHWAY,0.1347,0.1441,0.0094,0.1259,0.0057,0.0055,0.9649,0.0746,0.0,2,2,CVAE-GMM
HALLMARK_SPERMATOGENESIS,-0.125,-0.1375,-0.0125,-0.1412,0.0081,0.0076,0.9383,0.0567,0.0,2,2,CVAE-GMM
HALLMARK_TGF_BETA_SIGNALING,0.1945,0.203,0.0085,0.0964,0.0078,0.0079,1.0128,0.0642,0.0,2,2,CVAE-GMM
HALLMARK_TNFA_SIGNALING_VIA_NFKB,0.1165,0.1244,0.0079,0.1211,0.0051,0.0035,0.6863,0.0873,0.0,2,2,CVAE-GMM
HALLMARK_UNFOLDED_PROTEIN_RESPONSE,0.0902,0.0961,0.006,0.1573,0.0016,0.0013,0.8125,0.1732,0.0,2,2,CVAE-GMM
HALLMARK_UV_RESPONSE_DN,0.1112,0.1166,0.0054,0.1,0.0031,0.0028,0.9032,0.0567,0.0,2,2,CVAE-GMM
HALLMARK_UV_RESPONSE_UP,0.1257,0.1316,0.0059,0.1505,0.0016,0.0014,0.875,0.0656,0.0,2,2,CVAE-GMM
HALLMARK_WNT_BETA_CATENIN_SIGNALING,0.099,0.1047,0.0056,0.0742,0.0059,0.0056,0.9492,0.05,0.0003,2,2,CVAE-GMM
HALLMARK_XENOBIOTIC_METABOLISM,0.1034,0.1052,0.0018,0.0266,0.0043,0.0047,1.093,0.0315,0.0644,2,2,CVAE-GMM
HALLMARK_ADIPOGENESIS,0.1503,0.1501,-0.0002,-0.003,0.0043,0.0045,1.0465,0.0156,0.7932,5,5,EMB-Diffusion
HALLMARK_ALLOGRAFT_REJECTION,0.0651,0.0585,-0.0066,-0.085,0.0059,0.0061,1.0339,0.0356,0.0252,5,5,EMB-Diffusion
HALLMARK_ANDROGEN_RESPONSE,0.1134,0.118,0.0046,0.0739,0.0039,0.0039,1.0,0.0535,0.0001,5,5,EMB-Diffusion
HALLMARK_ANGIOGENESIS,0.2436,0.233,-0.0106,-0.1275,0.0068,0.0071,1.0441,0.065,0.0,5,5,EMB-Diffusion
HALLMARK_APICAL_JUNCTION,0.1229,0.1189,-0.004,-0.0776,0.0026,0.0028,1.0769,0.0364,0.0203,5,5,EMB-Diffusion
HALLMARK_APICAL_SURFACE,0.2007,0.2047,0.004,0.0704,0.0028,0.0038,1.3571,0.0517,0.0002,5,5,EMB-Diffusion
HALLMARK_APOPTOSIS,0.1431,0.143,0.0,-0.0012,0.001,0.0011,1.1,0.0335,0.0409,5,5,EMB-Diffusion
HALLMARK_BILE_ACID_METABOLISM,-0.0111,-0.0077,0.0034,0.0375,0.0081,0.0082,1.0123,0.0243,0.2595,5,5,EMB-Diffusion
HALLMARK_CHOLESTEROL_HOMEOSTASIS,-0.0119,-0.0165,-0.0046,-0.0542,0.007,0.0075,1.0714,0.0491,0.0005,5,5,EMB-Diffusion
HALLMARK_COAGULATION,0.1102,0.1035,-0.0066,-0.0678,0.0096,0.0095,0.9896,0.0344,0.0333,5,5,EMB-Diffusion
HALLMARK_COMPLEMENT,0.1277,0.126,-0.0017,-0.0379,0.0019,0.0023,1.2105,0.0367,0.0189,5,5,EMB-Diffusion
HALLMARK_DNA_REPAIR,-0.0242,-0.0143,0.0099,0.1718,0.0028,0.0039,1.3929,0.0723,0.0,5,5,EMB-Diffusion
HALLMARK_E2F_TARGETS,-0.0241,-0.0085,0.0155,0.1533,0.0098,0.0108,1.102,0.0619,0.0,5,5,EMB-Diffusion
HALLMARK_EPITHELIAL_MESENCHYMAL_TRANSITION,0.2081,0.2048,-0.0033,-0.0435,0.0055,0.0063,1.1455,0.0286,0.1176,5,5,EMB-Diffusion
HALLMARK_ESTROGEN_RESPONSE_EARLY,0.1307,0.138,0.0073,0.1116,0.0042,0.0043,1.0238,0.0708,0.0,5,5,EMB-Diffusion
HALLMARK_ESTROGEN_RESPONSE_LATE,0.111,0.1217,0.0108,0.2305,0.0022,0.0021,0.9545,0.1142,0.0,5,5,EMB-Diffusion
HALLMARK_FATTY_ACID_METABOLISM,0.0428,0.0433,0.0005,0.0056,0.0067,0.0075,1.1194,0.022,0.374,5,5,EMB-Diffusion
HALLMARK_G2M_CHECKPOINT,0.0276,0.0386,0.011,0.1286,0.0068,0.0078,1.1471,0.0613,0.0,5,5,EMB-Diffusion
HALLMARK_GLYCOLYSIS,0.0647,0.0665,0.0018,0.0467,0.0016,0.0015,0.9375,0.0471,0.0009,5,5,EMB-Diffusion
HALLMARK_HEDGEHOG_SIGNALING,0.0102,-0.0174,-0.0275,-0.329,0.007,0.0071,1.0143,0.1399,0.0,5,5,EMB-Diffusion
HALLMARK_HEME_METABOLISM,0.1167,0.1171,0.0004,0.0069,0.0024,0.0028,1.1667,0.0243,0.2595,5,5,EMB-Diffusion
HALLMARK_HYPOXIA,0.1404,0.1348,-0.0056,-0.077,0.0049,0.0057,1.1633,0.046,0.0013,5,5,EMB-Diffusion
HALLMARK_IL2_STAT5_SIGNALING,0.1165,0.1155,-0.001,-0.0193,0.0024,0.0027,1.125,0.0234,0.2991,5,5,EMB-Diffusion
HALLMARK_IL6_JAK_STAT3_SIGNALING,0.2103,0.2064,-0.0038,-0.0593,0.0039,0.0044,1.1282,0.0243,0.2595,5,5,EMB-Diffusion
HALLMARK_INFLAMMATORY_RESPONSE,0.0885,0.0783,-0.0102,-0.1214,0.0069,0.0071,1.029,0.0468,0.001,5,5,EMB-Diffusion
HALLMARK_INTERFERON_ALPHA_RESPONSE,0.191,0.1901,-0.0008,-0.0085,0.0099,0.0091,0.9192,0.0341,0.0357,5,5,EMB-Diffusion
HALLMARK_INTERFERON_GAMMA_RESPONSE,0.1002,0.0978,-0.0025,-0.04,0.0039,0.0038,0.9744,0.0393,0.0095,5,5,EMB-Diffusion
HALLMARK_KRAS_SIGNALING_DN,-0.3464,-0.3379,0.0084,0.0678,0.0148,0.0162,1.0946,0.0321,0.0568,5,5,EMB-Diffusion
HALLMARK_KRAS_SIGNALING_UP,0.0248,0.0222,-0.0026,-0.0355,0.0052,0.0055,1.0577,0.0225,0.3427,5,5,EMB-Diffusion
HALLMARK_MITOTIC_SPINDLE,0.0902,0.0979,0.0077,0.129,0.0033,0.0038,1.1515,0.0864,0.0,5,5,EMB-Diffusion
HALLMARK_MTORC1_SIGNALING,0.1261,0.1304,0.0043,0.1129,0.0015,0.0015,1.0,0.0448,0.0019,5,5,EMB-Diffusion
HALLMARK_MYC_TARGETS_V1,0.2146,0.2282,0.0136,0.2195,0.0036,0.0041,1.1389,0.0873,0.0,5,5,EMB-Diffusion
HALLMARK_MYC_TARGETS_V2,0.0901,0.0934,0.0033,0.0366,0.0076,0.0083,1.0921,0.0254,0.2129,5,5,EMB-Diffusion
HALLMARK_MYOGENESIS,0.2309,0.2303,-0.0006,-0.0096,0.0033,0.0039,1.1818,0.0448,0.0019,5,5,EMB-Diffusion
HALLMARK_NOTCH_SIGNALING,0.1477,0.1389,-0.0088,-0.1107,0.0064,0.0063,0.9844,0.0402,0.0075,5,5,EMB-Diffusion
HALLMARK_OXIDATIVE_PHOSPHORYLATION,0.1301,0.1287,-0.0014,-0.0195,0.0047,0.0053,1.1277,0.0347,0.0311,5,5,EMB-Diffusion
HALLMARK_P53_PATHWAY,0.0271,0.0168,-0.0104,-0.2816,0.0014,0.0013,0.9286,0.1194,0.0,5,5,EMB-Diffusion
HALLMARK_PANCREAS_BETA_CELLS,-0.105,-0.1554,-0.0505,-0.2445,0.0497,0.0355,0.7143,0.1104,0.0,5,5,EMB-Diffusion
HALLMARK_PEROXISOME,0.1024,0.1043,0.0019,0.0386,0.0023,0.0024,1.0435,0.0191,0.5547,5,5,EMB-Diffusion
HALLMARK_PI3K_AKT_MTOR_SIGNALING,0.0923,0.0957,0.0033,0.1085,0.001,0.0009,0.9,0.046,0.0013,5,5,EMB-Diffusion
HALLMARK_PROTEIN_SECRETION,0.2625,0.2682,0.0056,0.1205,0.0019,0.0024,1.2632,0.0951,0.0,5,5,EMB-Diffusion
HALLMARK_REACTIVE_OXYGEN_SPECIES_PATHWAY,0.135,0.1352,0.0002,0.0028,0.0057,0.0056,0.9825,0.0168,0.7157,5,5,EMB-Diffusion
HALLMARK_SPERMATOGENESIS,-0.124,-0.1111,0.0129,0.1354,0.0082,0.0099,1.2073,0.0509,0.0003,5,5,EMB-Diffusion
HALLMARK_TGF_BETA_SIGNALING,0.1938,0.198,0.0043,0.0469,0.0078,0.009,1.1538,0.0468,0.001,5,5,EMB-Diffusion
HALLMARK_TNFA_SIGNALING_VIA_NFKB,0.1164,0.1023,-0.0142,-0.1936,0.0051,0.0056,1.098,0.0694,0.0,5,5,EMB-Diffusion
HALLMARK_UNFOLDED_PROTEIN_RESPONSE,0.0903,0.096,0.0057,0.1421,0.0016,0.0015,0.9375,0.096,0.0,5,5,EMB-Diffusion
HALLMARK_UV_RESPONSE_DN,0.1107,0.1094,-0.0014,-0.023,0.003,0.004,1.3333,0.0335,0.0409,5,5,EMB-Diffusion
HALLMARK_UV_RESPONSE_UP,0.126,0.119,-0.007,-0.1691,0.0016,0.0018,1.125,0.0717,0.0,5,5,EMB-Diffusion
HALLMARK_WNT_BETA_CATENIN_SIGNALING,0.0985,0.085,-0.0136,-0.1779,0.0061,0.0056,0.918,0.0934,0.0,5,5,EMB-Diffusion
HALLMARK_XENOBIOTIC_METABOLISM,0.1037,0.0988,-0.0049,-0.0749,0.0043,0.0044,1.0233,0.052,0.0002,5,5,EMB-Diffusion
HALLMARK_ADIPOGENESIS,0.1509,0.1525,0.0016,0.0236,0.0043,0.0044,1.0233,0.0208,0.4417,3,3,EMB-Diffusion
HALLMARK_ALLOGRAFT_REJECTION,0.0646,0.0617,-0.0029,-0.0383,0.0058,0.0059,1.0172,0.0205,0.4596,3,3,EMB-Diffusion
HALLMARK_ANDROGEN_RESPONSE,0.1127,0.12,0.0073,0.1195,0.0039,0.0036,0.9231,0.0732,0.0,3,3,EMB-Diffusion
HALLMARK_ANGIOGENESIS,0.2441,0.2417,-0.0025,-0.0301,0.0067,0.0066,0.9851,0.02,0.4967,3,3,EMB-Diffusion
HALLMARK_APICAL_JUNCTION,0.1232,0.1262,0.003,0.0591,0.0025,0.0026,1.04,0.0399,0.0081,3,3,EMB-Diffusion
HALLMARK_APICAL_SURFACE,0.2004,0.207,0.0066,0.1202,0.0028,0.0032,1.1429,0.057,0.0,3,3,EMB-Diffusion
HALLMARK_APOPTOSIS,0.1434,0.1462,0.0028,0.0867,0.001,0.001,1.0,0.0636,0.0,3,3,EMB-Diffusion
HALLMARK_BILE_ACID_METABOLISM,-0.0117,-0.0139,-0.0022,-0.0247,0.0083,0.0077,0.9277,0.0411,0.0059,3,3,EMB-Diffusion
HALLMARK_CHOLESTEROL_HOMEOSTASIS,-0.011,-0.0189,-0.0079,-0.0945,0.0069,0.0071,1.029,0.0682,0.0,3,3,EMB-Diffusion
HALLMARK_COAGULATION,0.1122,0.1125,0.0003,0.0032,0.0094,0.0092,0.9787,0.0292,0.1047,3,3,EMB-Diffusion
HALLMARK_COMPLEMENT,0.1281,0.1275,-0.0006,-0.0125,0.0019,0.0021,1.1053,0.0226,0.3425,3,3,EMB-Diffusion
HALLMARK_DNA_REPAIR,-0.024,-0.0214,0.0027,0.049,0.0028,0.0032,1.1429,0.0292,0.1047,3,3,EMB-Diffusion
HALLMARK_E2F_TARGETS,-0.025,-0.0231,0.0018,0.0189,0.0097,0.0095,0.9794,0.024,0.2721,3,3,EMB-Diffusion
HALLMARK_EPITHELIAL_MESENCHYMAL_TRANSITION,0.21,0.2173,0.0073,0.0975,0.0055,0.0056,1.0182,0.0816,0.0,3,3,EMB-Diffusion
HALLMARK_ESTROGEN_RESPONSE_EARLY,0.1315,0.1456,0.0142,0.2223,0.0042,0.0039,0.9286,0.1079,0.0,3,3,EMB-Diffusion
HALLMARK_ESTROGEN_RESPONSE_LATE,0.1113,0.1234,0.0121,0.2635,0.0022,0.002,0.9091,0.1377,0.0,3,3,EMB-Diffusion
HALLMARK_FATTY_ACID_METABOLISM,0.0429,0.0417,-0.0011,-0.0135,0.0067,0.0071,1.0597,0.0295,0.0987,3,3,EMB-Diffusion
HALLMARK_G2M_CHECKPOINT,0.0269,0.0282,0.0013,0.016,0.0067,0.0068,1.0149,0.0202,0.478,3,3,EMB-Diffusion
HALLMARK_GLYCOLYSIS,0.0647,0.0651,0.0004,0.0108,0.0016,0.0015,0.9375,0.0289,0.1109,3,3,EMB-Diffusion
HALLMARK_HEDGEHOG_SIGNALING,0.0097,-0.014,-0.0237,-0.2968,0.0069,0.0059,0.8551,0.1353,0.0,3,3,EMB-Diffusion
HALLMARK_HEME_METABOLISM,0.1162,0.119,0.0028,0.0572,0.0024,0.0024,1.0,0.0298,0.093,3,3,EMB-Diffusion
HALLMARK_HYPOXIA,0.141,0.1427,0.0018,0.0249,0.0049,0.0053,1.0816,0.0275,0.147,3,3,EMB-Diffusion
HALLMARK_IL2_STAT5_SIGNALING,0.1166,0.1209,0.0043,0.0881,0.0024,0.0024,1.0,0.0483,0.0006,3,3,EMB-Diffusion
HALLMARK_IL6_JAK_STAT3_SIGNALING,0.2099,0.2122,0.0023,0.037,0.0039,0.0039,1.0,0.0335,0.0408,3,3,EMB-Diffusion
HALLMARK_INFLAMMATORY_RESPONSE,0.0887,0.0847,-0.004,-0.0479,0.0069,0.007,1.0145,0.0298,0.093,3,3,EMB-Diffusion
HALLMARK_INTERFERON_ALPHA_RESPONSE,0.1899,0.1934,0.0035,0.0362,0.0099,0.0086,0.8687,0.0382,0.013,3,3,EMB-Diffusion
HALLMARK_INTERFERON_GAMMA_RESPONSE,0.0994,0.0987,-0.0007,-0.0121,0.0038,0.0036,0.9474,0.0223,0.358,3,3,EMB-Diffusion
HALLMARK_KRAS_SIGNALING_DN,-0.3452,-0.3493,-0.0042,-0.0346,0.0148,0.0141,0.9527,0.0347,0.0311,3,3,EMB-Diffusion
HALLMARK_KRAS_SIGNALING_UP,0.0241,0.0218,-0.0023,-0.0316,0.0052,0.0053,1.0192,0.0188,0.5743,3,3,EMB-Diffusion
HALLMARK_MITOTIC_SPINDLE,0.0893,0.0913,0.0021,0.0354,0.0033,0.0036,1.0909,0.0492,0.0005,3,3,EMB-Diffusion
HALLMARK_MTORC1_SIGNALING,0.1261,0.1283,0.0021,0.0566,0.0014,0.0014,1.0,0.0263,0.1823,3,3,EMB-Diffusion
HALLMARK_MYC_TARGETS_V1,0.2141,0.2208,0.0067,0.1106,0.0036,0.0037,1.0278,0.0463,0.0012,3,3,EMB-Diffusion
HALLMARK_MYC_TARGETS_V2,0.09,0.0875,-0.0025,-0.0289,0.0076,0.0073,0.9605,0.0385,0.012,3,3,EMB-Diffusion
HALLMARK_MYOGENESIS,0.2319,0.2412,0.0093,0.1653,0.0033,0.003,0.9091,0.0951,0.0,3,3,EMB-Diffusion
HALLMARK_NOTCH_SIGNALING,0.1481,0.15,0.0019,0.025,0.0064,0.0052,0.8125,0.0376,0.0151,3,3,EMB-Diffusion
HALLMARK_OXIDATIVE_PHOSPHORYLATION,0.1303,0.1271,-0.0032,-0.0451,0.0047,0.0051,1.0851,0.0408,0.0064,3,3,EMB-Diffusion
HALLMARK_P53_PATHWAY,0.0279,0.0224,-0.0055,-0.1491,0.0014,0.0013,0.9286,0.0706,0.0,3,3,EMB-Diffusion
HALLMARK_PANCREAS_BETA_CELLS,-0.1064,-0.153,-0.0466,-0.2299,0.049,0.0331,0.6755,0.1194,0.0,3,3,EMB-Diffusion
HALLMARK_PEROXISOME,0.1025,0.1033,0.0008,0.0157,0.0024,0.0022,0.9167,0.026,0.192,3,3,EMB-Diffusion
HALLMARK_PI3K_AKT_MTOR_SIGNALING,0.0926,0.0974,0.0048,0.1599,0.001,0.0008,0.8,0.0593,0.0,3,3,EMB-Diffusion
HALLMARK_PROTEIN_SECRETION,0.2623,0.266,0.0038,0.0836,0.0019,0.0022,1.1579,0.0599,0.0,3,3,EMB-Diffusion
HALLMARK_REACTIVE_OXYGEN_SPECIES_PATHWAY,0.1351,0.1357,0.0006,0.0082,0.0057,0.0055,0.9649,0.0171,0.6954,3,3,EMB-Diffusion
HALLMARK_SPERMATOGENESIS,-0.1245,-0.1235,0.001,0.0112,0.0081,0.0083,1.0247,0.0182,0.6145,3,3,EMB-Diffusion
HALLMARK_TGF_BETA_SIGNALING,0.1932,0.2001,0.007,0.0782,0.0078,0.0081,1.0385,0.0521,0.0002,3,3,EMB-Diffusion
HALLMARK_TNFA_SIGNALING_VIA_NFKB,0.1165,0.1142,-0.0023,-0.0328,0.0051,0.0049,0.9608,0.0246,0.2471,3,3,EMB-Diffusion
HALLMARK_UNFOLDED_PROTEIN_RESPONSE,0.0906,0.0955,0.0049,0.1236,0.0016,0.0015,0.9375,0.0873,0.0,3,3,EMB-Diffusion
HALLMARK_UV_RESPONSE_DN,0.1109,0.1154,0.0046,0.0804,0.0031,0.0034,1.0968,0.0506,0.0003,3,3,EMB-Diffusion
HALLMARK_UV_RESPONSE_UP,0.126,0.1232,-0.0028,-0.0685,0.0016,0.0016,1.0,0.0335,0.0408,3,3,EMB-Diffusion
HALLMARK_WNT_BETA_CATENIN_SIGNALING,0.0994,0.094,-0.0054,-0.0712,0.0061,0.0054,0.8852,0.0552,0.0001,3,3,EMB-Diffusion
HALLMARK_XENOBIOTIC_METABOLISM,0.1042,0.0996,-0.0047,-0.0716,0.0042,0.0043,1.0238,0.0419,0.0046,3,3,EMB-Diffusion
HALLMARK_ADIPOGENESIS,0.1505,0.1524,0.0019,0.0279,0.0042,0.0046,1.0952,0.0197,0.5159,4,4,EMB-Diffusion
HALLMARK_ALLOGRAFT_REJECTION,0.0657,0.0603,-0.0054,-0.07,0.0058,0.0061,1.0517,0.0379,0.014,4,4,EMB-Diffusion
HALLMARK_ANDROGEN_RESPONSE,0.1136,0.1187,0.0051,0.0811,0.004,0.0038,0.95,0.0538,0.0001,4,4,EMB-Diffusion
HALLMARK_ANGIOGENESIS,0.244,0.2373,-0.0067,-0.08,0.0068,0.0072,1.0588,0.0471,0.0009,4,4,EMB-Diffusion
HALLMARK_APICAL_JUNCTION,0.1234,0.1238,0.0004,0.0077,0.0026,0.0027,1.0385,0.0231,0.3132,4,4,EMB-Diffusion
HALLMARK_APICAL_SURFACE,0.2007,0.2067,0.006,0.1085,0.0028,0.0034,1.2143,0.0552,0.0001,4,4,EMB-Diffusion
HALLMARK_APOPTOSIS,0.1431,0.1446,0.0014,0.0443,0.001,0.001,1.0,0.0437,0.0027,4,4,EMB-Diffusion
HALLMARK_BILE_ACID_METABOLISM,-0.0107,-0.0117,-0.001,-0.011,0.0081,0.0081,1.0,0.0393,0.0095,4,4,EMB-Diffusion
HALLMARK_CHOLESTEROL_HOMEOSTASIS,-0.012,-0.0203,-0.0083,-0.0986,0.0069,0.0074,1.0725,0.0682,0.0,4,4,EMB-Diffusion
HALLMARK_COAGULATION,0.1106,0.1052,-0.0054,-0.056,0.0097,0.0092,0.9485,0.0396,0.0088,4,4,EMB-Diffusion
HALLMARK_COMPLEMENT,0.1282,0.1261,-0.0021,-0.0461,0.0019,0.0021,1.1053,0.0324,0.0532,4,4,EMB-Diffusion
HALLMARK_DNA_REPAIR,-0.0245,-0.0186,0.006,0.1084,0.0028,0.0033,1.1786,0.0379,0.014,4,4,EMB-Diffusion
HALLMARK_E2F_TARGETS,-0.025,-0.0165,0.0084,0.0849,0.0096,0.0102,1.0625,0.0382,0.013,4,4,EMB-Diffusion
HALLMARK_EPITHELIAL_MESENCHYMAL_TRANSITION,0.2085,0.2107,0.0022,0.0288,0.0055,0.0059,1.0727,0.0544,0.0001,4,4,EMB-Diffusion
HALLMARK_ESTROGEN_RESPONSE_EARLY,0.1308,0.1416,0.0108,0.168,0.0043,0.004,0.9302,0.0833,0.0,4,4,EMB-Diffusion
HALLMARK_ESTROGEN_RESPONSE_LATE,0.111,0.1218,0.0108,0.2334,0.0022,0.0021,0.9545,0.1208,0.0,4,4,EMB-Diffusion
HALLMARK_FATTY_ACID_METABOLISM,0.0426,0.0418,-0.0007,-0.0089,0.0067,0.0072,1.0746,0.0217,0.3904,4,4,EMB-Diffusion
HALLMARK_G2M_CHECKPOINT,0.0268,0.0329,0.0061,0.0726,0.0066,0.0074,1.1212,0.0385,0.012,4,4,EMB-Diffusion
HALLMARK_GLYCOLYSIS,0.0644,0.0656,0.0013,0.0319,0.0016,0.0016,1.0,0.0385,0.012,4,4,EMB-Diffusion
HALLMARK_HEDGEHOG_SIGNALING,0.0105,-0.015,-0.0254,-0.3159,0.0068,0.0062,0.9118,0.1477,0.0,4,4,EMB-Diffusion
HALLMARK_HEME_METABOLISM,0.1169,0.1184,0.0015,0.0299,0.0024,0.0025,1.0417,0.0272,0.1554,4,4,EMB-Diffusion
HALLMARK_HYPOXIA,0.1403,0.1392,-0.0011,-0.0154,0.0049,0.0054,1.102,0.022,0.374,4,4,EMB-Diffusion
HALLMARK_IL2_STAT5_SIGNALING,0.1169,0.1185,0.0016,0.0313,0.0024,0.0026,1.0833,0.0408,0.0064,4,4,EMB-Diffusion
HALLMARK_IL6_JAK_STAT3_SIGNALING,0.2108,0.2104,-0.0004,-0.0067,0.0039,0.0042,1.0769,0.0133,0.9197,4,4,EMB-Diffusion
HALLMARK_INFLAMMATORY_RESPONSE,0.0885,0.0803,-0.0081,-0.0981,0.0069,0.0068,0.9855,0.0411,0.0059,4,4,EMB-Diffusion
HALLMARK_INTERFERON_ALPHA_RESPONSE,0.1914,0.1892,-0.0022,-0.0219,0.0101,0.0101,1.0,0.0312,0.0686,4,4,EMB-Diffusion
HALLMARK_INTERFERON_GAMMA_RESPONSE,0.1001,0.0966,-0.0035,-0.0565,0.0039,0.0039,1.0,0.0309,0.073,4,4,EMB-Diffusion
HALLMARK_KRAS_SIGNALING_DN,-0.3449,-0.3486,-0.0037,-0.0302,0.0149,0.0145,0.9732,0.028,0.1317,4,4,EMB-Diffusion
HALLMARK_KRAS_SIGNALING_UP,0.0246,0.0194,-0.0052,-0.072,0.0052,0.0054,1.0385,0.0335,0.0409,4,4,EMB-Diffusion
HALLMARK_MITOTIC_SPINDLE,0.0899,0.0942,0.0043,0.0742,0.0033,0.0036,1.0909,0.0454,0.0016,4,4,EMB-Diffusion
HALLMARK_MTORC1_SIGNALING,0.1256,0.1284,0.0028,0.0747,0.0015,0.0014,0.9333,0.0396,0.0088,4,4,EMB-Diffusion
HALLMARK_MYC_TARGETS_V1,0.2142,0.2244,0.0103,0.1674,0.0036,0.004,1.1111,0.0613,0.0,4,4,EMB-Diffusion
HALLMARK_MYC_TARGETS_V2,0.0884,0.0908,0.0025,0.0284,0.0075,0.0076,1.0133,0.0214,0.4071,4,4,EMB-Diffusion
HALLMARK_MYOGENESIS,0.2314,0.2368,0.0054,0.0926,0.0034,0.0034,1.0,0.0688,0.0,4,4,EMB-Diffusion
HALLMARK_NOTCH_SIGNALING,0.1475,0.1472,-0.0003,-0.0039,0.0065,0.0052,0.8,0.0454,0.0016,4,4,EMB-Diffusion
HALLMARK_OXIDATIVE_PHOSPHORYLATION,0.1299,0.128,-0.0019,-0.0277,0.0047,0.005,1.0638,0.033,0.0467,4,4,EMB-Diffusion
HALLMARK_P53_PATHWAY,0.0273,0.0195,-0.0078,-0.2122,0.0015,0.0013,0.8667,0.085,0.0,4,4,EMB-Diffusion
HALLMARK_PANCREAS_BETA_CELLS,-0.1043,-0.1612,-0.0569,-0.2798,0.0496,0.0331,0.6673,0.1382,0.0,4,4,EMB-Diffusion
HALLMARK_PEROXISOME,0.1024,0.1035,0.0011,0.0225,0.0023,0.0023,1.0,0.0275,0.1471,4,4,EMB-Diffusion
HALLMARK_PI3K_AKT_MTOR_SIGNALING,0.0924,0.0965,0.0041,0.1356,0.001,0.0009,0.9,0.0578,0.0,4,4,EMB-Diffusion
HALLMARK_PROTEIN_SECRETION,0.2626,0.2668,0.0043,0.0943,0.0019,0.0022,1.1579,0.0584,0.0,4,4,EMB-Diffusion
HALLMARK_REACTIVE_OXYGEN_SPECIES_PATHWAY,0.1345,0.1375,0.003,0.0402,0.0058,0.0055,0.9483,0.0225,0.3427,4,4,EMB-Diffusion
HALLMARK_SPERMATOGENESIS,-0.1245,-0.1168,0.0076,0.0817,0.0081,0.0094,1.1605,0.0396,0.0088,4,4,EMB-Diffusion
HALLMARK_TGF_BETA_SIGNALING,0.1938,0.1967,0.0029,0.0324,0.0078,0.0082,1.0513,0.0312,0.0686,4,4,EMB-Diffusion
HALLMARK_TNFA_SIGNALING_VIA_NFKB,0.1162,0.1081,-0.0081,-0.113,0.0052,0.0051,0.9808,0.0428,0.0036,4,4,EMB-Diffusion
HALLMARK_UNFOLDED_PROTEIN_RESPONSE,0.0899,0.0939,0.004,0.1019,0.0016,0.0015,0.9375,0.0827,0.0,4,4,EMB-Diffusion
HALLMARK_UV_RESPONSE_DN,0.1104,0.1116,0.0012,0.0208,0.0031,0.0033,1.0645,0.022,0.374,4,4,EMB-Diffusion
HALLMARK_UV_RESPONSE_UP,0.1258,0.1217,-0.0041,-0.1027,0.0016,0.0016,1.0,0.0497,0.0004,4,4,EMB-Diffusion
HALLMARK_WNT_BETA_CATENIN_SIGNALING,0.0986,0.0919,-0.0067,-0.088,0.0061,0.0054,0.8852,0.0665,0.0,4,4,EMB-Diffusion
HALLMARK_XENOBIOTIC_METABOLISM,0.1038,0.0992,-0.0046,-0.0702,0.0042,0.0044,1.0476,0.0463,0.0012,4,4,EMB-Diffusion
HALLMARK_ADIPOGENESIS,0.1501,0.1504,0.0002,0.0031,0.0043,0.0045,1.0465,0.0153,0.8114,1,1,EMB-Diffusion
HALLMARK_ALLOGRAFT_REJECTION,0.0652,0.0623,-0.0029,-0.0384,0.0058,0.0056,0.9655,0.0231,0.313,1,1,EMB-Diffusion
HALLMARK_ANDROGEN_RESPONSE,0.1138,0.1186,0.0048,0.079,0.0039,0.0036,0.9231,0.0567,0.0,1,1,EMB-Diffusion
HALLMARK_ANGIOGENESIS,0.2436,0.2369,-0.0067,-0.0807,0.0068,0.0069,1.0147,0.0448,0.0019,1,1,EMB-Diffusion
HALLMARK_APICAL_JUNCTION,0.1232,0.1232,0.0001,0.0017,0.0026,0.0025,0.9615,0.0246,0.2471,1,1,EMB-Diffusion
HALLMARK_APICAL_SURFACE,0.2011,0.2043,0.0033,0.0599,0.0028,0.0031,1.1071,0.0402,0.0075,1,1,EMB-Diffusion
HALLMARK_APOPTOSIS,0.1435,0.1446,0.0011,0.0355,0.001,0.001,1.0,0.0408,0.0064,1,1,EMB-Diffusion
HALLMARK_BILE_ACID_METABOLISM,-0.0115,-0.0107,0.0008,0.0088,0.0082,0.0077,0.939,0.0298,0.093,1,1,EMB-Diffusion
HALLMARK_CHOLESTEROL_HOMEOSTASIS,-0.0114,-0.0198,-0.0084,-0.0995,0.0069,0.0072,1.0435,0.074,0.0,1,1,EMB-Diffusion
HALLMARK_COAGULATION,0.1114,0.1088,-0.0026,-0.027,0.0096,0.0089,0.9271,0.0411,0.0059,1,1,EMB-Diffusion
HALLMARK_COMPLEMENT,0.1282,0.1257,-0.0025,-0.0567,0.0019,0.0021,1.1053,0.0283,0.1244,1,1,EMB-Diffusion
HALLMARK_DNA_REPAIR,-0.0244,-0.0214,0.003,0.0542,0.0028,0.0031,1.1071,0.0307,0.0776,1,1,EMB-Diffusion
HALLMARK_E2F_TARGETS,-0.0242,-0.019,0.0053,0.0535,0.0097,0.0096,0.9897,0.0373,0.0163,1,1,EMB-Diffusion
HALLMARK_EPITHELIAL_MESENCHYMAL_TRANSITION,0.2093,0.2117,0.0024,0.0325,0.0056,0.0057,1.0179,0.0602,0.0,1,1,EMB-Diffusion
HALLMARK_ESTROGEN_RESPONSE_EARLY,0.1317,0.1428,0.0111,0.174,0.0042,0.004,0.9524,0.0954,0.0,1,1,EMB-Diffusion
HALLMARK_ESTROGEN_RESPONSE_LATE,0.1115,0.1212,0.0097,0.2102,0.0022,0.002,0.9091,0.1206,0.0,1,1,EMB-Diffusion
HALLMARK_FATTY_ACID_METABOLISM,0.0422,0.0405,-0.0017,-0.0208,0.0067,0.0069,1.0299,0.0243,0.2594,1,1,EMB-Diffusion
HALLMARK_G2M_CHECKPOINT,0.0272,0.0308,0.0036,0.044,0.0067,0.0068,1.0149,0.033,0.0466,1,1,EMB-Diffusion
HALLMARK_GLYCOLYSIS,0.0649,0.0653,0.0003,0.0086,0.0016,0.0015,0.9375,0.0266,0.1729,1,1,EMB-Diffusion
HALLMARK_HEDGEHOG_SIGNALING,0.0102,-0.013,-0.0232,-0.2832,0.007,0.0064,0.9143,0.1368,0.0,1,1,EMB-Diffusion
HALLMARK_HEME_METABOLISM,0.1167,0.1188,0.0021,0.0436,0.0024,0.0023,0.9583,0.0309,0.073,1,1,EMB-Diffusion
HALLMARK_HYPOXIA,0.1415,0.142,0.0005,0.007,0.005,0.0052,1.04,0.0286,0.1175,1,1,EMB-Diffusion
HALLMARK_IL2_STAT5_SIGNALING,0.1171,0.1205,0.0035,0.0699,0.0024,0.0025,1.0417,0.0578,0.0,1,1,EMB-Diffusion
HALLMARK_IL6_JAK_STAT3_SIGNALING,0.2104,0.2103,-0.0001,-0.001,0.0039,0.0038,0.9744,0.022,0.3739,1,1,EMB-Diffusion
HALLMARK_INFLAMMATORY_RESPONSE,0.0888,0.0849,-0.0039,-0.047,0.007,0.0067,0.9571,0.0312,0.0686,1,1,EMB-Diffusion
HALLMARK_INTERFERON_ALPHA_RESPONSE,0.1897,0.1906,0.0008,0.0087,0.01,0.0088,0.88,0.0411,0.0059,1,1,EMB-Diffusion
HALLMARK_INTERFERON_GAMMA_RESPONSE,0.0995,0.0985,-0.001,-0.0162,0.0039,0.0035,0.8974,0.0344,0.0333,1,1,EMB-Diffusion
HALLMARK_KRAS_SIGNALING_DN,-0.3465,-0.3412,0.0053,0.0434,0.0149,0.015,1.0067,0.0584,0.0,1,1,EMB-Diffusion
HALLMARK_KRAS_SIGNALING_UP,0.0247,0.0233,-0.0015,-0.0201,0.0053,0.0053,1.0,0.0176,0.655,1,1,EMB-Diffusion
HALLMARK_MITOTIC_SPINDLE,0.0904,0.0938,0.0033,0.0587,0.0033,0.0032,0.9697,0.0529,0.0001,1,1,EMB-Diffusion
HALLMARK_MTORC1_SIGNALING,0.1263,0.1267,0.0004,0.0109,0.0015,0.0014,0.9333,0.0205,0.4596,1,1,EMB-Diffusion
HALLMARK_MYC_TARGETS_V1,0.2143,0.2196,0.0054,0.0887,0.0036,0.0037,1.0278,0.0457,0.0015,1,1,EMB-Diffusion
HALLMARK_MYC_TARGETS_V2,0.0891,0.086,-0.003,-0.0348,0.0077,0.0076,0.987,0.0434,0.003,1,1,EMB-Diffusion
HALLMARK_MYOGENESIS,0.2322,0.2369,0.0047,0.0816,0.0034,0.0033,0.9706,0.0752,0.0,1,1,EMB-Diffusion
HALLMARK_NOTCH_SIGNALING,0.1477,0.1477,0.0,-0.0001,0.0064,0.0053,0.8281,0.0437,0.0027,1,1,EMB-Diffusion
HALLMARK_OXIDATIVE_PHOSPHORYLATION,0.1298,0.1255,-0.0043,-0.0627,0.0047,0.0048,1.0213,0.0451,0.0018,1,1,EMB-Diffusion
HALLMARK_P53_PATHWAY,0.0276,0.0207,-0.0069,-0.1891,0.0014,0.0013,0.9286,0.083,0.0,1,1,EMB-Diffusion
HALLMARK_PANCREAS_BETA_CELLS,-0.1037,-0.1493,-0.0457,-0.22,0.0503,0.0359,0.7137,0.1119,0.0,1,1,EMB-Diffusion
HALLMARK_PEROXISOME,0.1024,0.1027,0.0002,0.0045,0.0024,0.0022,0.9167,0.0257,0.2022,1,1,EMB-Diffusion
HALLMARK_PI3K_AKT_MTOR_SIGNALING,0.0927,0.0964,0.0037,0.1205,0.001,0.0009,0.9,0.0466,0.0011,1,1,EMB-Diffusion
HALLMARK_PROTEIN_SECRETION,0.2628,0.2652,0.0024,0.0555,0.0019,0.0019,1.0,0.0399,0.0081,1,1,EMB-Diffusion
HALLMARK_REACTIVE_OXYGEN_SPECIES_PATHWAY,0.1347,0.1357,0.001,0.013,0.0057,0.0053,0.9298,0.0269,0.1639,1,1,EMB-Diffusion
HALLMARK_SPERMATOGENESIS,-0.1243,-0.1199,0.0044,0.0479,0.0083,0.0085,1.0241,0.0301,0.0876,1,1,EMB-Diffusion
HALLMARK_TGF_BETA_SIGNALING,0.1946,0.2002,0.0055,0.0623,0.0078,0.0079,1.0128,0.0376,0.0151,1,1,EMB-Diffusion
HALLMARK_TNFA_SIGNALING_VIA_NFKB,0.1171,0.1133,-0.0038,-0.0529,0.0051,0.0051,1.0,0.0304,0.0825,1,1,EMB-Diffusion
HALLMARK_UNFOLDED_PROTEIN_RESPONSE,0.0908,0.0931,0.0023,0.0579,0.0016,0.0015,0.9375,0.0656,0.0,1,1,EMB-Diffusion
HALLMARK_UV_RESPONSE_DN,0.1115,0.1143,0.0028,0.0502,0.0031,0.0033,1.0645,0.0393,0.0095,1,1,EMB-Diffusion
HALLMARK_UV_RESPONSE_UP,0.1259,0.1203,-0.0056,-0.1409,0.0016,0.0015,0.9375,0.0651,0.0,1,1,EMB-Diffusion
HALLMARK_WNT_BETA_CATENIN_SIGNALING,0.0988,0.0911,-0.0077,-0.1044,0.0059,0.0049,0.8305,0.0703,0.0,1,1,EMB-Diffusion
HALLMARK_XENOBIOTIC_METABOLISM,0.1037,0.0982,-0.0055,-0.0848,0.0043,0.0042,0.9767,0.0503,0.0003,1,1,EMB-Diffusion
HALLMARK_ADIPOGENESIS,0.1502,0.1529,0.0027,0.0409,0.0043,0.0046,1.0698,0.0269,0.1639,2,2,EMB-Diffusion
HALLMARK_ALLOGRAFT_REJECTION,0.0651,0.065,-0.0001,-0.0011,0.0058,0.0062,1.069,0.0171,0.6954,2,2,EMB-Diffusion
HALLMARK_ANDROGEN_RESPONSE,0.1137,0.1222,0.0085,0.1378,0.0039,0.0038,0.9744,0.0772,0.0,2,2,EMB-Diffusion
HALLMARK_ANGIOGENESIS,0.2434,0.244,0.0006,0.0066,0.0068,0.0073,1.0735,0.046,0.0013,2,2,EMB-Diffusion
HALLMARK_APICAL_JUNCTION,0.1232,0.1278,0.0046,0.09,0.0026,0.0026,1.0,0.0471,0.0009,2,2,EMB-Diffusion
HALLMARK_APICAL_SURFACE,0.2009,0.2109,0.0099,0.1828,0.0028,0.0031,1.1071,0.0674,0.0,2,2,EMB-Diffusion
HALLMARK_APOPTOSIS,0.143,0.1472,0.0042,0.1314,0.0011,0.001,0.9091,0.0737,0.0,2,2,EMB-Diffusion
HALLMARK_BILE_ACID_METABOLISM,-0.0112,-0.0114,-0.0002,-0.0027,0.0082,0.0081,0.9878,0.0376,0.0151,2,2,EMB-Diffusion
HALLMARK_CHOLESTEROL_HOMEOSTASIS,-0.0116,-0.0212,-0.0096,-0.1132,0.0069,0.0074,1.0725,0.0824,0.0,2,2,EMB-Diffusion
HALLMARK_COAGULATION,0.1112,0.1121,0.0009,0.0095,0.0097,0.0099,1.0206,0.0341,0.0357,2,2,EMB-Diffusion
HALLMARK_COMPLEMENT,0.1279,0.1287,0.0008,0.0177,0.0019,0.0022,1.1579,0.033,0.0466,2,2,EMB-Diffusion
HALLMARK_DNA_REPAIR,-0.0247,-0.022,0.0026,0.0479,0.0028,0.0033,1.1786,0.0301,0.0876,2,2,EMB-Diffusion
HALLMARK_E2F_TARGETS,-0.0256,-0.0221,0.0035,0.035,0.0095,0.0099,1.0421,0.0191,0.5545,2,2,EMB-Diffusion
HALLMARK_EPITHELIAL_MESENCHYMAL_TRANSITION,0.2091,0.218,0.0089,0.1193,0.0055,0.0057,1.0364,0.081,0.0,2,2,EMB-Diffusion
HALLMARK_ESTROGEN_RESPONSE_EARLY,0.1311,0.1454,0.0143,0.2221,0.0042,0.0041,0.9762,0.107,0.0,2,2,EMB-Diffusion
HALLMARK_ESTROGEN_RESPONSE_LATE,0.1108,0.1236,0.0129,0.277,0.0022,0.0021,0.9545,0.1437,0.0,2,2,EMB-Diffusion
HALLMARK_FATTY_ACID_METABOLISM,0.0424,0.0405,-0.002,-0.0233,0.0067,0.0073,1.0896,0.0266,0.1729,2,2,EMB-Diffusion
HALLMARK_G2M_CHECKPOINT,0.0263,0.0292,0.0029,0.0353,0.0066,0.0071,1.0758,0.0266,0.1729,2,2,EMB-Diffusion
HALLMARK_GLYCOLYSIS,0.0646,0.0679,0.0033,0.0842,0.0016,0.0016,1.0,0.0515,0.0002,2,2,EMB-Diffusion
HALLMARK_HEDGEHOG_SIGNALING,0.0112,-0.0151,-0.0262,-0.3213,0.0068,0.0065,0.9559,0.1515,0.0,2,2,EMB-Diffusion
HALLMARK_HEME_METABOLISM,0.1167,0.1224,0.0057,0.1171,0.0023,0.0024,1.0435,0.0593,0.0,2,2,EMB-Diffusion
HALLMARK_HYPOXIA,0.141,0.1467,0.0057,0.0792,0.005,0.0053,1.06,0.0396,0.0088,2,2,EMB-Diffusion
HALLMARK_IL2_STAT5_SIGNALING,0.1167,0.1228,0.0061,0.1223,0.0024,0.0025,1.0417,0.0761,0.0,2,2,EMB-Diffusion
HALLMARK_IL6_JAK_STAT3_SIGNALING,0.2105,0.2175,0.007,0.1105,0.0039,0.0041,1.0513,0.0587,0.0,2,2,EMB-Diffusion
HALLMARK_INFLAMMATORY_RESPONSE,0.0887,0.0876,-0.0011,-0.0137,0.0069,0.0071,1.029,0.0159,0.7742,2,2,EMB-Diffusion
HALLMARK_INTERFERON_ALPHA_RESPONSE,0.1891,0.1944,0.0054,0.0541,0.0101,0.0097,0.9604,0.0466,0.0011,2,2,EMB-Diffusion
HALLMARK_INTERFERON_GAMMA_RESPONSE,0.0991,0.1005,0.0014,0.0222,0.0039,0.0039,1.0,0.0205,0.4596,2,2,EMB-Diffusion
HALLMARK_KRAS_SIGNALING_DN,-0.3445,-0.35,-0.0055,-0.0452,0.0148,0.015,1.0135,0.033,0.0466,2,2,EMB-Diffusion
HALLMARK_KRAS_SIGNALING_UP,0.0243,0.0255,0.0012,0.0161,0.0052,0.0054,1.0385,0.0228,0.3276,2,2,EMB-Diffusion
HALLMARK_MITOTIC_SPINDLE,0.0895,0.0938,0.0043,0.0745,0.0033,0.0034,1.0303,0.044,0.0025,2,2,EMB-Diffusion
HALLMARK_MTORC1_SIGNALING,0.1256,0.1302,0.0046,0.1211,0.0014,0.0015,1.0714,0.0489,0.0005,2,2,EMB-Diffusion
HALLMARK_MYC_TARGETS_V1,0.2136,0.2242,0.0107,0.1751,0.0036,0.0038,1.0556,0.07,0.0,2,2,EMB-Diffusion
HALLMARK_MYC_TARGETS_V2,0.0885,0.0861,-0.0024,-0.0275,0.0074,0.0077,1.0405,0.0341,0.0357,2,2,EMB-Diffusion
HALLMARK_MYOGENESIS,0.2316,0.2432,0.0115,0.1979,0.0034,0.0034,1.0,0.1151,0.0,2,2,EMB-Diffusion
HALLMARK_NOTCH_SIGNALING,0.1478,0.1526,0.0048,0.0637,0.0063,0.0051,0.8095,0.0532,0.0001,2,2,EMB-Diffusion
HALLMARK_OXIDATIVE_PHOSPHORYLATION,0.1296,0.1268,-0.0029,-0.0408,0.0047,0.0051,1.0851,0.0364,0.0203,2,2,EMB-Diffusion
HALLMARK_P53_PATHWAY,0.0276,0.0211,-0.0065,-0.173,0.0015,0.0013,0.8667,0.074,0.0,2,2,EMB-Diffusion
HALLMARK_PANCREAS_BETA_CELLS,-0.1016,-0.1541,-0.0525,-0.2545,0.05,0.0352,0.704,0.1203,0.0,2,2,EMB-Diffusion
HALLMARK_PEROXISOME,0.1023,0.1029,0.0006,0.0116,0.0024,0.0025,1.0417,0.0147,0.8463,2,2,EMB-Diffusion
HALLMARK_PI3K_AKT_MTOR_SIGNALING,0.0922,0.0979,0.0057,0.1846,0.001,0.0009,0.9,0.0807,0.0,2,2,EMB-Diffusion
HALLMARK_PROTEIN_SECRETION,0.2629,0.2732,0.0103,0.2281,0.0019,0.0022,1.1579,0.1171,0.0,2,2,EMB-Diffusion
HALLMARK_REACTIVE_OXYGEN_SPECIES_PATHWAY,0.1347,0.1383,0.0036,0.0481,0.0057,0.0053,0.9298,0.0344,0.0333,2,2,EMB-Diffusion
HALLMARK_SPERMATOGENESIS,-0.125,-0.1264,-0.0014,-0.0153,0.0081,0.009,1.1111,0.0333,0.0437,2,2,EMB-Diffusion
HALLMARK_TGF_BETA_SIGNALING,0.1945,0.2075,0.013,0.1469,0.0078,0.008,1.0256,0.0735,0.0,2,2,EMB-Diffusion
HALLMARK_TNFA_SIGNALING_VIA_NFKB,0.1165,0.1156,-0.0009,-0.0126,0.0051,0.0049,0.9608,0.0304,0.0825,2,2,EMB-Diffusion
HALLMARK_UNFOLDED_PROTEIN_RESPONSE,0.0902,0.0962,0.006,0.152,0.0016,0.0015,0.9375,0.1128,0.0,2,2,EMB-Diffusion
HALLMARK_UV_RESPONSE_DN,0.1112,0.1169,0.0057,0.1019,0.0031,0.0032,1.0323,0.0526,0.0001,2,2,EMB-Diffusion
HALLMARK_UV_RESPONSE_UP,0.1257,0.1233,-0.0024,-0.0578,0.0016,0.0017,1.0625,0.026,0.192,2,2,EMB-Diffusion
HALLMARK_WNT_BETA_CATENIN_SIGNALING,0.099,0.0933,-0.0057,-0.0759,0.0059,0.0055,0.9322,0.0497,0.0004,2,2,EMB-Diffusion
HALLMARK_XENOBIOTIC_METABOLISM,0.1034,0.1004,-0.003,-0.0452,0.0043,0.0043,1.0,0.0344,0.0333,2,2,EMB-Diffusion
HALLMARK_ADIPOGENESIS,0.1501,0.1501,-0.0001,-0.0014,0.0043,0.0036,0.8372,0.0419,0.0046,1,1,NMF
HALLMARK_ALLOGRAFT_REJECTION,0.0652,0.0647,-0.0005,-0.0067,0.0058,0.0039,0.6724,0.0792,0.0,1,1,NMF
HALLMARK_ANDROGEN_RESPONSE,0.1138,0.1128,-0.001,-0.0161,0.0039,0.0034,0.8718,0.0379,0.014,1,1,NMF
HALLMARK_ANGIOGENESIS,0.2436,0.2434,-0.0002,-0.0024,0.0068,0.0061,0.8971,0.0338,0.0382,1,1,NMF
HALLMARK_APICAL_JUNCTION,0.1232,0.1224,-0.0008,-0.0169,0.0026,0.0019,0.7308,0.0538,0.0001,1,1,NMF
HALLMARK_APICAL_SURFACE,0.2011,0.1999,-0.0011,-0.0215,0.0028,0.0028,1.0,0.0321,0.0567,1,1,NMF
HALLMARK_APOPTOSIS,0.1435,0.1438,0.0003,0.0091,0.001,0.0009,0.9,0.0275,0.147,1,1,NMF
HALLMARK_BILE_ACID_METABOLISM,-0.0115,-0.011,0.0005,0.0055,0.0082,0.0074,0.9024,0.0278,0.1391,1,1,NMF
HALLMARK_CHOLESTEROL_HOMEOSTASIS,-0.0114,-0.0102,0.0012,0.015,0.0069,0.0058,0.8406,0.0411,0.0059,1,1,NMF
HALLMARK_COAGULATION,0.1114,0.1126,0.0012,0.0138,0.0096,0.006,0.625,0.0688,0.0,1,1,NMF
HALLMARK_COMPLEMENT,0.1282,0.1277,-0.0006,-0.0142,0.0019,0.0013,0.6842,0.0555,0.0,1,1,NMF
HALLMARK_DNA_REPAIR,-0.0244,-0.0225,0.0019,0.0399,0.0028,0.0018,0.6429,0.0807,0.0,1,1,NMF
HALLMARK_E2F_TARGETS,-0.0242,-0.0215,0.0027,0.0302,0.0097,0.0069,0.7113,0.0885,0.0,1,1,NMF
HALLMARK_EPITHELIAL_MESENCHYMAL_TRANSITION,0.2093,0.2097,0.0004,0.0067,0.0056,0.0027,0.4821,0.1082,0.0,1,1,NMF
HALLMARK_ESTROGEN_RESPONSE_EARLY,0.1317,0.1315,-0.0002,-0.0031,0.0042,0.0035,0.8333,0.0327,0.0498,1,1,NMF
HALLMARK_ESTROGEN_RESPONSE_LATE,0.1115,0.1112,-0.0003,-0.0075,0.0022,0.0021,0.9545,0.0188,0.5743,1,1,NMF
HALLMARK_FATTY_ACID_METABOLISM,0.0422,0.0432,0.001,0.013,0.0067,0.0052,0.7761,0.0619,0.0,1,1,NMF
HALLMARK_G2M_CHECKPOINT,0.0272,0.0291,0.002,0.0255,0.0067,0.005,0.7463,0.0934,0.0,1,1,NMF
HALLMARK_GLYCOLYSIS,0.0649,0.0652,0.0002,0.0061,0.0016,0.0013,0.8125,0.0388,0.0111,1,1,NMF
HALLMARK_HEDGEHOG_SIGNALING,0.0102,0.0091,-0.0011,-0.013,0.007,0.007,1.0,0.0272,0.1553,1,1,NMF
HALLMARK_HEME_METABOLISM,0.1167,0.1166,-0.0001,-0.0027,0.0024,0.0019,0.7917,0.0307,0.0776,1,1,NMF
HALLMARK_HYPOXIA,0.1415,0.141,-0.0005,-0.0078,0.005,0.0036,0.72,0.0882,0.0,1,1,NMF
HALLMARK_IL2_STAT5_SIGNALING,0.1171,0.1166,-0.0005,-0.0099,0.0024,0.0021,0.875,0.0304,0.0825,1,1,NMF
HALLMARK_IL6_JAK_STAT3_SIGNALING,0.2104,0.2106,0.0003,0.0044,0.0039,0.003,0.7692,0.0338,0.0382,1,1,NMF
HALLMARK_INFLAMMATORY_RESPONSE,0.0888,0.089,0.0002,0.0029,0.007,0.0051,0.7286,0.0518,0.0002,1,1,NMF
HALLMARK_INTERFERON_ALPHA_RESPONSE,0.1897,0.1888,-0.0009,-0.0111,0.01,0.0041,0.41,0.1377,0.0,1,1,NMF
HALLMARK_INTERFERON_GAMMA_RESPONSE,0.0995,0.0997,0.0002,0.0035,0.0039,0.002,0.5128,0.1015,0.0,1,1,NMF
HALLMARK_KRAS_SIGNALING_DN,-0.3465,-0.3513,-0.0048,-0.0399,0.0149,0.0141,0.9463,0.0275,0.147,1,1,NMF
HALLMARK_KRAS_SIGNALING_UP,0.0247,0.0232,-0.0015,-0.0222,0.0053,0.0042,0.7925,0.0451,0.0018,1,1,NMF
HALLMARK_MITOTIC_SPINDLE,0.0904,0.0909,0.0005,0.0101,0.0033,0.0023,0.697,0.0613,0.0,1,1,NMF
HALLMARK_MTORC1_SIGNALING,0.1263,0.1259,-0.0004,-0.0101,0.0015,0.001,0.6667,0.0558,0.0,1,1,NMF
HALLMARK_MYC_TARGETS_V1,0.2143,0.2157,0.0014,0.0252,0.0036,0.0027,0.75,0.0555,0.0,1,1,NMF
HALLMARK_MYC_TARGETS_V2,0.0891,0.0914,0.0023,0.0286,0.0077,0.0057,0.7403,0.0619,0.0,1,1,NMF
HALLMARK_MYOGENESIS,0.2322,0.231,-0.0013,-0.0236,0.0034,0.0025,0.7353,0.0503,0.0003,1,1,NMF
HALLMARK_NOTCH_SIGNALING,0.1477,0.1463,-0.0014,-0.019,0.0064,0.0051,0.7969,0.039,0.0103,1,1,NMF
HALLMARK_OXIDATIVE_PHOSPHORYLATION,0.1298,0.1309,0.0011,0.017,0.0047,0.0035,0.7447,0.0824,0.0,1,1,NMF
HALLMARK_P53_PATHWAY,0.0276,0.0271,-0.0006,-0.016,0.0014,0.0011,0.7857,0.0353,0.027,1,1,NMF
HALLMARK_PANCREAS_BETA_CELLS,-0.1037,-0.1018,0.0019,0.0084,0.0503,0.0519,1.0318,0.0197,0.5157,1,1,NMF
HALLMARK_PEROXISOME,0.1024,0.1033,0.0009,0.0187,0.0024,0.0023,0.9583,0.0234,0.2989,1,1,NMF
HALLMARK_PI3K_AKT_MTOR_SIGNALING,0.0927,0.0916,-0.0012,-0.0369,0.001,0.0009,0.9,0.0451,0.0018,1,1,NMF
HALLMARK_PROTEIN_SECRETION,0.2628,0.2619,-0.0009,-0.0209,0.0019,0.0015,0.7895,0.0506,0.0003,1,1,NMF
HALLMARK_REACTIVE_OXYGEN_SPECIES_PATHWAY,0.1347,0.1323,-0.0024,-0.0317,0.0057,0.006,1.0526,0.0286,0.1175,1,1,NMF
HALLMARK_SPERMATOGENESIS,-0.1243,-0.1213,0.0029,0.034,0.0083,0.0067,0.8072,0.0538,0.0001,1,1,NMF
HALLMARK_TGF_BETA_SIGNALING,0.1946,0.1941,-0.0005,-0.0061,0.0078,0.0064,0.8205,0.0431,0.0033,1,1,NMF
HALLMARK_TNFA_SIGNALING_VIA_NFKB,0.1171,0.1187,0.0016,0.0264,0.0051,0.0023,0.451,0.1434,0.0,1,1,NMF
HALLMARK_UNFOLDED_PROTEIN_RESPONSE,0.0908,0.0925,0.0016,0.0431,0.0016,0.0013,0.8125,0.0422,0.0042,1,1,NMF
HALLMARK_UV_RESPONSE_DN,0.1115,0.1105,-0.001,-0.0197,0.0031,0.0021,0.6774,0.0503,0.0003,1,1,NMF
HALLMARK_UV_RESPONSE_UP,0.1259,0.1265,0.0006,0.0159,0.0016,0.0011,0.6875,0.0573,0.0,1,1,NMF
HALLMARK_WNT_BETA_CATENIN_SIGNALING,0.0988,0.0981,-0.0007,-0.0088,0.0059,0.0049,0.8305,0.0437,0.0027,1,1,NMF
HALLMARK_XENOBIOTIC_METABOLISM,0.1037,0.1052,0.0015,0.0236,0.0043,0.0037,0.8605,0.0544,0.0001,1,1,NMF
HALLMARK_ADIPOGENESIS,0.1509,0.1495,-0.0015,-0.0234,0.0043,0.0035,0.814,0.039,0.0103,3,3,NMF
HALLMARK_ALLOGRAFT_REJECTION,0.0646,0.0645,-0.0001,-0.0014,0.0058,0.0037,0.6379,0.0946,0.0,3,3,NMF
HALLMARK_ANDROGEN_RESPONSE,0.1127,0.1108,-0.0019,-0.0319,0.0039,0.0035,0.8974,0.0414,0.0054,3,3,NMF
HALLMARK_ANGIOGENESIS,0.2441,0.2415,-0.0026,-0.0329,0.0067,0.0061,0.9104,0.0379,0.014,3,3,NMF
HALLMARK_APICAL_JUNCTION,0.1232,0.1212,-0.002,-0.0424,0.0025,0.0018,0.72,0.0671,0.0,3,3,NMF
HALLMARK_APICAL_SURFACE,0.2004,0.1978,-0.0026,-0.0496,0.0028,0.0028,1.0,0.0388,0.0111,3,3,NMF
HALLMARK_APOPTOSIS,0.1434,0.1424,-0.001,-0.0314,0.001,0.0009,0.9,0.0341,0.0357,3,3,NMF
HALLMARK_BILE_ACID_METABOLISM,-0.0117,-0.0102,0.0015,0.0169,0.0083,0.0073,0.8795,0.0396,0.0088,3,3,NMF
HALLMARK_CHOLESTEROL_HOMEOSTASIS,-0.011,-0.0105,0.0006,0.0072,0.0069,0.0056,0.8116,0.0442,0.0023,3,3,NMF
HALLMARK_COAGULATION,0.1122,0.1128,0.0005,0.006,0.0094,0.0056,0.5957,0.0729,0.0,3,3,NMF
HALLMARK_COMPLEMENT,0.1281,0.1268,-0.0012,-0.031,0.0019,0.0013,0.6842,0.072,0.0,3,3,NMF
HALLMARK_DNA_REPAIR,-0.024,-0.0223,0.0018,0.0374,0.0028,0.0018,0.6429,0.0763,0.0,3,3,NMF
HALLMARK_E2F_TARGETS,-0.025,-0.0225,0.0024,0.0271,0.0097,0.0065,0.6701,0.0954,0.0,3,3,NMF
HALLMARK_EPITHELIAL_MESENCHYMAL_TRANSITION,0.21,0.2091,-0.001,-0.0158,0.0055,0.0022,0.4,0.1232,0.0,3,3,NMF
HALLMARK_ESTROGEN_RESPONSE_EARLY,0.1315,0.13,-0.0015,-0.0239,0.0042,0.0033,0.7857,0.0521,0.0002,3,3,NMF
HALLMARK_ESTROGEN_RESPONSE_LATE,0.1113,0.1097,-0.0015,-0.0331,0.0022,0.002,0.9091,0.0304,0.0825,3,3,NMF
HALLMARK_FATTY_ACID_METABOLISM,0.0429,0.0434,0.0005,0.0065,0.0067,0.005,0.7463,0.0726,0.0,3,3,NMF
HALLMARK_G2M_CHECKPOINT,0.0269,0.028,0.0011,0.0145,0.0067,0.0047,0.7015,0.0969,0.0,3,3,NMF
HALLMARK_GLYCOLYSIS,0.0647,0.0641,-0.0006,-0.0152,0.0016,0.0013,0.8125,0.0344,0.0333,3,3,NMF
HALLMARK_HEDGEHOG_SIGNALING,0.0097,0.0078,-0.0019,-0.0229,0.0069,0.0062,0.8986,0.0266,0.1729,3,3,NMF
HALLMARK_HEME_METABOLISM,0.1162,0.1151,-0.0011,-0.0241,0.0024,0.0019,0.7917,0.0451,0.0018,3,3,NMF
HALLMARK_HYPOXIA,0.141,0.1394,-0.0015,-0.0237,0.0049,0.0034,0.6939,0.0902,0.0,3,3,NMF
HALLMARK_IL2_STAT5_SIGNALING,0.1166,0.1153,-0.0013,-0.0272,0.0024,0.002,0.8333,0.0373,0.0163,3,3,NMF
HALLMARK_IL6_JAK_STAT3_SIGNALING,0.2099,0.2085,-0.0013,-0.0229,0.0039,0.0029,0.7436,0.0468,0.001,3,3,NMF
HALLMARK_INFLAMMATORY_RESPONSE,0.0887,0.0889,0.0002,0.0026,0.0069,0.005,0.7246,0.0555,0.0,3,3,NMF
HALLMARK_INTERFERON_ALPHA_RESPONSE,0.1899,0.1877,-0.0022,-0.0265,0.0099,0.0038,0.3838,0.1411,0.0,3,3,NMF
HALLMARK_INTERFERON_GAMMA_RESPONSE,0.0994,0.0992,-0.0002,-0.0036,0.0038,0.0019,0.5,0.1027,0.0,3,3,NMF
HALLMARK_KRAS_SIGNALING_DN,-0.3452,-0.3455,-0.0004,-0.0031,0.0148,0.0137,0.9257,0.0396,0.0088,3,3,NMF
HALLMARK_KRAS_SIGNALING_UP,0.0241,0.0235,-0.0006,-0.0081,0.0052,0.0041,0.7885,0.0442,0.0023,3,3,NMF
HALLMARK_MITOTIC_SPINDLE,0.0893,0.0889,-0.0003,-0.006,0.0033,0.0023,0.697,0.0703,0.0,3,3,NMF
HALLMARK_MTORC1_SIGNALING,0.1261,0.1243,-0.0018,-0.052,0.0014,0.001,0.7143,0.068,0.0,3,3,NMF
HALLMARK_MYC_TARGETS_V1,0.2141,0.2131,-0.001,-0.0188,0.0036,0.0026,0.7222,0.0581,0.0,3,3,NMF
HALLMARK_MYC_TARGETS_V2,0.09,0.0903,0.0002,0.0031,0.0076,0.0055,0.7237,0.0602,0.0,3,3,NMF
HALLMARK_MYOGENESIS,0.2319,0.229,-0.0029,-0.0539,0.0033,0.0024,0.7273,0.0613,0.0,3,3,NMF
HALLMARK_NOTCH_SIGNALING,0.1481,0.1452,-0.0029,-0.0384,0.0064,0.005,0.7812,0.0526,0.0001,3,3,NMF
HALLMARK_OXIDATIVE_PHOSPHORYLATION,0.1303,0.1295,-0.0007,-0.0116,0.0047,0.0035,0.7447,0.072,0.0,3,3,NMF
HALLMARK_P53_PATHWAY,0.0279,0.0267,-0.0012,-0.0337,0.0014,0.0011,0.7857,0.0552,0.0001,3,3,NMF
HALLMARK_PANCREAS_BETA_CELLS,-0.1064,-0.1028,0.0036,0.0163,0.049,0.048,0.9796,0.0281,0.1316,3,3,NMF
HALLMARK_PEROXISOME,0.1025,0.1025,0.0,-0.0002,0.0024,0.0022,0.9167,0.0182,0.6145,3,3,NMF
HALLMARK_PI3K_AKT_MTOR_SIGNALING,0.0926,0.0905,-0.0021,-0.069,0.001,0.0009,0.9,0.0448,0.0019,3,3,NMF
HALLMARK_PROTEIN_SECRETION,0.2623,0.2587,-0.0035,-0.0868,0.0019,0.0014,0.7368,0.0729,0.0,3,3,NMF
HALLMARK_REACTIVE_OXYGEN_SPECIES_PATHWAY,0.1351,0.1316,-0.0035,-0.0466,0.0057,0.0057,1.0,0.0312,0.0686,3,3,NMF
HALLMARK_SPERMATOGENESIS,-0.1245,-0.1212,0.0033,0.0392,0.0081,0.0063,0.7778,0.0613,0.0,3,3,NMF
HALLMARK_TGF_BETA_SIGNALING,0.1932,0.1915,-0.0017,-0.02,0.0078,0.0062,0.7949,0.0521,0.0002,3,3,NMF
HALLMARK_TNFA_SIGNALING_VIA_NFKB,0.1165,0.1174,0.0009,0.0145,0.0051,0.0022,0.4314,0.1365,0.0,3,3,NMF
HALLMARK_UNFOLDED_PROTEIN_RESPONSE,0.0906,0.0915,0.0009,0.024,0.0016,0.0013,0.8125,0.0321,0.0567,3,3,NMF
HALLMARK_UV_RESPONSE_DN,0.1109,0.1091,-0.0018,-0.0352,0.0031,0.0021,0.6774,0.0622,0.0,3,3,NMF
HALLMARK_UV_RESPONSE_UP,0.126,0.1252,-0.0008,-0.0209,0.0016,0.0011,0.6875,0.0468,0.001,3,3,NMF
HALLMARK_WNT_BETA_CATENIN_SIGNALING,0.0994,0.0972,-0.0022,-0.0289,0.0061,0.0049,0.8033,0.05,0.0003,3,3,NMF
HALLMARK_XENOBIOTIC_METABOLISM,0.1042,0.1048,0.0005,0.0085,0.0042,0.0035,0.8333,0.0437,0.0027,3,3,NMF
HALLMARK_ADIPOGENESIS,0.1503,0.1502,-0.0002,-0.0031,0.0043,0.0037,0.8605,0.0356,0.0252,5,5,NMF
HALLMARK_ALLOGRAFT_REJECTION,0.0651,0.0656,0.0005,0.0073,0.0059,0.0037,0.6271,0.0792,0.0,5,5,NMF
HALLMARK_ANDROGEN_RESPONSE,0.1134,0.1122,-0.0012,-0.0205,0.0039,0.0035,0.8974,0.0399,0.0081,5,5,NMF
HALLMARK_ANGIOGENESIS,0.2436,0.2434,-0.0002,-0.0019,0.0068,0.0062,0.9118,0.0289,0.111,5,5,NMF
HALLMARK_APICAL_JUNCTION,0.1229,0.1227,-0.0002,-0.0043,0.0026,0.0018,0.6923,0.0555,0.0,5,5,NMF
HALLMARK_APICAL_SURFACE,0.2007,0.2001,-0.0006,-0.0102,0.0028,0.003,1.0714,0.035,0.029,5,5,NMF
HALLMARK_APOPTOSIS,0.1431,0.1434,0.0003,0.0105,0.001,0.0009,0.9,0.0217,0.3904,5,5,NMF
HALLMARK_BILE_ACID_METABOLISM,-0.0111,-0.0105,0.0006,0.0063,0.0081,0.0075,0.9259,0.0234,0.2991,5,5,NMF
HALLMARK_CHOLESTEROL_HOMEOSTASIS,-0.0119,-0.0112,0.0007,0.0093,0.007,0.006,0.8571,0.0332,0.0437,5,5,NMF
HALLMARK_COAGULATION,0.1102,0.1118,0.0016,0.0191,0.0096,0.0048,0.5,0.1035,0.0,5,5,NMF
HALLMARK_COMPLEMENT,0.1277,0.1276,-0.0001,-0.0033,0.0019,0.0013,0.6842,0.0729,0.0,5,5,NMF
HALLMARK_DNA_REPAIR,-0.0242,-0.0224,0.0018,0.0378,0.0028,0.0017,0.6071,0.0769,0.0,5,5,NMF
HALLMARK_E2F_TARGETS,-0.0241,-0.0214,0.0026,0.0287,0.0098,0.0071,0.7245,0.085,0.0,5,5,NMF
HALLMARK_EPITHELIAL_MESENCHYMAL_TRANSITION,0.2081,0.2092,0.001,0.0166,0.0055,0.0023,0.4182,0.1272,0.0,5,5,NMF
HALLMARK_ESTROGEN_RESPONSE_EARLY,0.1307,0.1307,0.0,-0.0002,0.0042,0.0033,0.7857,0.0385,0.012,5,5,NMF
HALLMARK_ESTROGEN_RESPONSE_LATE,0.111,0.1102,-0.0007,-0.016,0.0022,0.0021,0.9545,0.0208,0.4419,5,5,NMF
HALLMARK_FATTY_ACID_METABOLISM,0.0428,0.0435,0.0007,0.0095,0.0067,0.0052,0.7761,0.0662,0.0,5,5,NMF
HALLMARK_G2M_CHECKPOINT,0.0276,0.0294,0.0017,0.0226,0.0068,0.0051,0.75,0.0769,0.0,5,5,NMF
HALLMARK_GLYCOLYSIS,0.0647,0.0648,0.0001,0.0031,0.0016,0.0013,0.8125,0.0442,0.0023,5,5,NMF
HALLMARK_HEDGEHOG_SIGNALING,0.0102,0.0092,-0.001,-0.0122,0.007,0.0067,0.9571,0.0347,0.0311,5,5,NMF
HALLMARK_HEME_METABOLISM,0.1167,0.1167,0.0,0.0006,0.0024,0.002,0.8333,0.0376,0.0151,5,5,NMF
HALLMARK_HYPOXIA,0.1404,0.1404,0.0,0.0,0.0049,0.0029,0.5918,0.0879,0.0,5,5,NMF
HALLMARK_IL2_STAT5_SIGNALING,0.1165,0.1164,0.0,-0.0007,0.0024,0.0019,0.7917,0.0309,0.073,5,5,NMF
HALLMARK_IL6_JAK_STAT3_SIGNALING,0.2103,0.211,0.0008,0.0135,0.0039,0.0029,0.7436,0.0454,0.0016,5,5,NMF
HALLMARK_INFLAMMATORY_RESPONSE,0.0885,0.0888,0.0004,0.0049,0.0069,0.0049,0.7101,0.0593,0.0,5,5,NMF
HALLMARK_INTERFERON_ALPHA_RESPONSE,0.191,0.1904,-0.0005,-0.0063,0.0099,0.0041,0.4141,0.1344,0.0,5,5,NMF
HALLMARK_INTERFERON_GAMMA_RESPONSE,0.1002,0.1007,0.0005,0.0086,0.0039,0.0019,0.4872,0.1015,0.0,5,5,NMF
HALLMARK_KRAS_SIGNALING_DN,-0.3464,-0.3511,-0.0047,-0.039,0.0148,0.0143,0.9662,0.0263,0.1824,5,5,NMF
HALLMARK_KRAS_SIGNALING_UP,0.0248,0.0239,-0.001,-0.0141,0.0052,0.0039,0.75,0.0544,0.0001,5,5,NMF
HALLMARK_MITOTIC_SPINDLE,0.0902,0.0907,0.0005,0.0095,0.0033,0.0024,0.7273,0.0598,0.0,5,5,NMF
HALLMARK_MTORC1_SIGNALING,0.1261,0.1258,-0.0003,-0.0084,0.0015,0.001,0.6667,0.065,0.0,5,5,NMF
HALLMARK_MYC_TARGETS_V1,0.2146,0.216,0.0014,0.0247,0.0036,0.0028,0.7778,0.0624,0.0,5,5,NMF
HALLMARK_MYC_TARGETS_V2,0.0901,0.0918,0.0017,0.0206,0.0076,0.0058,0.7632,0.0552,0.0001,5,5,NMF
HALLMARK_MYOGENESIS,0.2309,0.23,-0.0008,-0.016,0.0033,0.0021,0.6364,0.0859,0.0,5,5,NMF
HALLMARK_NOTCH_SIGNALING,0.1477,0.1467,-0.001,-0.0136,0.0064,0.0048,0.75,0.05,0.0003,5,5,NMF
HALLMARK_OXIDATIVE_PHOSPHORYLATION,0.1301,0.1311,0.001,0.0161,0.0047,0.0033,0.7021,0.0781,0.0,5,5,NMF
HALLMARK_P53_PATHWAY,0.0271,0.0261,-0.001,-0.0292,0.0014,0.0011,0.7857,0.0376,0.0151,5,5,NMF
HALLMARK_PANCREAS_BETA_CELLS,-0.105,-0.1029,0.0021,0.0093,0.0497,0.0524,1.0543,0.022,0.374,5,5,NMF
HALLMARK_PEROXISOME,0.1024,0.1033,0.0009,0.0184,0.0023,0.0023,1.0,0.0202,0.4782,5,5,NMF
HALLMARK_PI3K_AKT_MTOR_SIGNALING,0.0923,0.0911,-0.0012,-0.04,0.001,0.0009,0.9,0.0506,0.0003,5,5,NMF
HALLMARK_PROTEIN_SECRETION,0.2625,0.2623,-0.0002,-0.0057,0.0019,0.0015,0.7895,0.0425,0.0039,5,5,NMF
HALLMARK_REACTIVE_OXYGEN_SPECIES_PATHWAY,0.135,0.1326,-0.0024,-0.0313,0.0057,0.0059,1.0351,0.026,0.1922,5,5,NMF
HALLMARK_SPERMATOGENESIS,-0.124,-0.1219,0.0021,0.0244,0.0082,0.0066,0.8049,0.0596,0.0,5,5,NMF
HALLMARK_TGF_BETA_SIGNALING,0.1938,0.1939,0.0001,0.0016,0.0078,0.0063,0.8077,0.0529,0.0001,5,5,NMF
HALLMARK_TNFA_SIGNALING_VIA_NFKB,0.1164,0.1182,0.0017,0.0288,0.0051,0.0021,0.4118,0.1284,0.0,5,5,NMF
HALLMARK_UNFOLDED_PROTEIN_RESPONSE,0.0903,0.0922,0.0019,0.0505,0.0016,0.0011,0.6875,0.0321,0.0568,5,5,NMF
HALLMARK_UV_RESPONSE_DN,0.1107,0.1103,-0.0005,-0.0096,0.003,0.0017,0.5667,0.0916,0.0,5,5,NMF
HALLMARK_UV_RESPONSE_UP,0.126,0.1264,0.0004,0.01,0.0016,0.0011,0.6875,0.048,0.0007,5,5,NMF
HALLMARK_WNT_BETA_CATENIN_SIGNALING,0.0985,0.0979,-0.0007,-0.0089,0.0061,0.0051,0.8361,0.0361,0.0218,5,5,NMF
HALLMARK_XENOBIOTIC_METABOLISM,0.1037,0.1053,0.0016,0.0258,0.0043,0.0037,0.8605,0.0439,0.0025,5,5,NMF
HALLMARK_ADIPOGENESIS,0.1502,0.1487,-0.0015,-0.0244,0.0043,0.0036,0.8372,0.0356,0.0252,2,2,NMF
HALLMARK_ALLOGRAFT_REJECTION,0.0651,0.0639,-0.0012,-0.0169,0.0058,0.0036,0.6207,0.0813,0.0,2,2,NMF
HALLMARK_ANDROGEN_RESPONSE,0.1137,0.1114,-0.0023,-0.0374,0.0039,0.0035,0.8974,0.0376,0.0151,2,2,NMF
HALLMARK_ANGIOGENESIS,0.2434,0.2398,-0.0036,-0.0448,0.0068,0.0061,0.8971,0.0431,0.0033,2,2,NMF
HALLMARK_APICAL_JUNCTION,0.1232,0.1208,-0.0024,-0.0516,0.0026,0.0019,0.7308,0.0628,0.0,2,2,NMF
HALLMARK_APICAL_SURFACE,0.2009,0.1971,-0.0038,-0.0726,0.0028,0.0028,1.0,0.0408,0.0064,2,2,NMF
HALLMARK_APOPTOSIS,0.143,0.1414,-0.0017,-0.0533,0.0011,0.0009,0.8182,0.0434,0.003,2,2,NMF
HALLMARK_BILE_ACID_METABOLISM,-0.0112,-0.0101,0.0011,0.0124,0.0082,0.0071,0.8659,0.0402,0.0075,2,2,NMF
HALLMARK_CHOLESTEROL_HOMEOSTASIS,-0.0116,-0.0108,0.0008,0.0105,0.0069,0.0058,0.8406,0.0411,0.0059,2,2,NMF
HALLMARK_COAGULATION,0.1112,0.1101,-0.0011,-0.0124,0.0097,0.006,0.6186,0.074,0.0,2,2,NMF
HALLMARK_COMPLEMENT,0.1279,0.1257,-0.0021,-0.0536,0.0019,0.0013,0.6842,0.0711,0.0,2,2,NMF
HALLMARK_DNA_REPAIR,-0.0247,-0.0226,0.0021,0.0435,0.0028,0.0018,0.6429,0.0665,0.0,2,2,NMF
HALLMARK_E2F_TARGETS,-0.0256,-0.023,0.0026,0.0291,0.0095,0.0066,0.6947,0.096,0.0,2,2,NMF
HALLMARK_EPITHELIAL_MESENCHYMAL_TRANSITION,0.2091,0.2064,-0.0026,-0.041,0.0055,0.0028,0.5091,0.0963,0.0,2,2,NMF
HALLMARK_ESTROGEN_RESPONSE_EARLY,0.1311,0.1291,-0.002,-0.0327,0.0042,0.0034,0.8095,0.0454,0.0016,2,2,NMF
HALLMARK_ESTROGEN_RESPONSE_LATE,0.1108,0.1089,-0.0018,-0.0396,0.0022,0.0021,0.9545,0.0301,0.0876,2,2,NMF
HALLMARK_FATTY_ACID_METABOLISM,0.0424,0.0428,0.0004,0.0049,0.0067,0.0053,0.791,0.057,0.0,2,2,NMF
HALLMARK_G2M_CHECKPOINT,0.0263,0.0274,0.0011,0.0146,0.0066,0.0047,0.7121,0.0868,0.0,2,2,NMF
HALLMARK_GLYCOLYSIS,0.0646,0.0636,-0.0009,-0.0245,0.0016,0.0013,0.8125,0.0416,0.005,2,2,NMF
HALLMARK_HEDGEHOG_SIGNALING,0.0112,0.0096,-0.0016,-0.019,0.0068,0.0066,0.9706,0.0223,0.358,2,2,NMF
HALLMARK_HEME_METABOLISM,0.1167,0.1149,-0.0018,-0.0388,0.0023,0.0018,0.7826,0.0425,0.0039,2,2,NMF
HALLMARK_HYPOXIA,0.141,0.1383,-0.0027,-0.041,0.005,0.0036,0.72,0.0697,0.0,2,2,NMF
HALLMARK_IL2_STAT5_SIGNALING,0.1167,0.1145,-0.0022,-0.0465,0.0024,0.002,0.8333,0.0338,0.0382,2,2,NMF
HALLMARK_IL6_JAK_STAT3_SIGNALING,0.2105,0.2078,-0.0027,-0.0461,0.0039,0.0029,0.7436,0.057,0.0,2,2,NMF
HALLMARK_INFLAMMATORY_RESPONSE,0.0887,0.0874,-0.0013,-0.0165,0.0069,0.005,0.7246,0.0558,0.0,2,2,NMF
HALLMARK_INTERFERON_ALPHA_RESPONSE,0.1891,0.1862,-0.0028,-0.0338,0.0101,0.0038,0.3762,0.1481,0.0,2,2,NMF
HALLMARK_INTERFERON_GAMMA_RESPONSE,0.0991,0.0983,-0.0009,-0.0163,0.0039,0.0019,0.4872,0.1053,0.0,2,2,NMF
HALLMARK_KRAS_SIGNALING_DN,-0.3445,-0.3451,-0.0007,-0.0057,0.0148,0.0137,0.9257,0.044,0.0025,2,2,NMF
HALLMARK_KRAS_SIGNALING_UP,0.0243,0.0234,-0.0009,-0.0126,0.0052,0.004,0.7692,0.0474,0.0008,2,2,NMF
HALLMARK_MITOTIC_SPINDLE,0.0895,0.0887,-0.0008,-0.0159,0.0033,0.0022,0.6667,0.0775,0.0,2,2,NMF
HALLMARK_MTORC1_SIGNALING,0.1256,0.1235,-0.0021,-0.06,0.0014,0.001,0.7143,0.0613,0.0,2,2,NMF
HALLMARK_MYC_TARGETS_V1,0.2136,0.2121,-0.0015,-0.0273,0.0036,0.0026,0.7222,0.0593,0.0,2,2,NMF
HALLMARK_MYC_TARGETS_V2,0.0885,0.0893,0.0008,0.0098,0.0074,0.0055,0.7432,0.0561,0.0,2,2,NMF
HALLMARK_MYOGENESIS,0.2316,0.2276,-0.0041,-0.0749,0.0034,0.0026,0.7647,0.0541,0.0001,2,2,NMF
HALLMARK_NOTCH_SIGNALING,0.1478,0.1443,-0.0035,-0.0463,0.0063,0.0051,0.8095,0.0541,0.0001,2,2,NMF
HALLMARK_OXIDATIVE_PHOSPHORYLATION,0.1296,0.1292,-0.0005,-0.007,0.0047,0.0035,0.7447,0.0674,0.0,2,2,NMF
HALLMARK_P53_PATHWAY,0.0276,0.0262,-0.0014,-0.0381,0.0015,0.0011,0.7333,0.0495,0.0004,2,2,NMF
HALLMARK_PANCREAS_BETA_CELLS,-0.1016,-0.0985,0.0032,0.0142,0.05,0.0489,0.978,0.0214,0.4069,2,2,NMF
HALLMARK_PEROXISOME,0.1023,0.102,-0.0003,-0.0055,0.0024,0.0023,0.9583,0.0185,0.5943,2,2,NMF
HALLMARK_PI3K_AKT_MTOR_SIGNALING,0.0922,0.0899,-0.0024,-0.0753,0.001,0.0009,0.9,0.05,0.0003,2,2,NMF
HALLMARK_PROTEIN_SECRETION,0.2629,0.2582,-0.0047,-0.115,0.0019,0.0014,0.7368,0.0891,0.0,2,2,NMF
HALLMARK_REACTIVE_OXYGEN_SPECIES_PATHWAY,0.1347,0.1306,-0.0041,-0.0547,0.0057,0.0057,1.0,0.0327,0.0498,2,2,NMF
HALLMARK_SPERMATOGENESIS,-0.125,-0.1212,0.0038,0.0451,0.0081,0.0063,0.7778,0.0671,0.0,2,2,NMF
HALLMARK_TGF_BETA_SIGNALING,0.1945,0.191,-0.0035,-0.0409,0.0078,0.0065,0.8333,0.0523,0.0002,2,2,NMF
HALLMARK_TNFA_SIGNALING_VIA_NFKB,0.1165,0.1163,-0.0002,-0.004,0.0051,0.0025,0.4902,0.0966,0.0,2,2,NMF
HALLMARK_UNFOLDED_PROTEIN_RESPONSE,0.0902,0.0903,0.0001,0.0026,0.0016,0.0013,0.8125,0.0246,0.2471,2,2,NMF
HALLMARK_UV_RESPONSE_DN,0.1112,0.109,-0.0022,-0.043,0.0031,0.0022,0.7097,0.0535,0.0001,2,2,NMF
HALLMARK_UV_RESPONSE_UP,0.1257,0.1245,-0.0012,-0.034,0.0016,0.001,0.625,0.0706,0.0,2,2,NMF
HALLMARK_WNT_BETA_CATENIN_SIGNALING,0.099,0.0969,-0.0021,-0.0293,0.0059,0.0048,0.8136,0.0454,0.0016,2,2,NMF
HALLMARK_XENOBIOTIC_METABOLISM,0.1034,0.1034,0.0,-0.0001,0.0043,0.0036,0.8372,0.0477,0.0008,2,2,NMF
HALLMARK_ADIPOGENESIS,0.1505,0.1514,0.0008,0.0131,0.0042,0.0036,0.8571,0.0402,0.0075,4,4,NMF
HALLMARK_ALLOGRAFT_REJECTION,0.0657,0.0654,-0.0003,-0.0041,0.0058,0.0038,0.6552,0.0931,0.0,4,4,NMF
HALLMARK_ANDROGEN_RESPONSE,0.1136,0.1131,-0.0005,-0.0085,0.004,0.0035,0.875,0.0324,0.0532,4,4,NMF
HALLMARK_ANGIOGENESIS,0.244,0.2441,0.0001,0.0006,0.0068,0.0062,0.9118,0.0263,0.1824,4,4,NMF
HALLMARK_APICAL_JUNCTION,0.1234,0.1228,-0.0005,-0.0115,0.0026,0.0019,0.7308,0.063,0.0,4,4,NMF
HALLMARK_APICAL_SURFACE,0.2007,0.2004,-0.0002,-0.0047,0.0028,0.0029,1.0357,0.0223,0.3582,4,4,NMF
HALLMARK_APOPTOSIS,0.1431,0.1436,0.0005,0.0149,0.001,0.0009,0.9,0.0185,0.5945,4,4,NMF
HALLMARK_BILE_ACID_METABOLISM,-0.0107,-0.0098,0.0009,0.0107,0.0081,0.0073,0.9012,0.0335,0.0409,4,4,NMF
HALLMARK_CHOLESTEROL_HOMEOSTASIS,-0.012,-0.0109,0.0011,0.0135,0.0069,0.0058,0.8406,0.0425,0.0039,4,4,NMF
HALLMARK_COAGULATION,0.1106,0.1121,0.0015,0.0166,0.0097,0.0062,0.6392,0.0682,0.0,4,4,NMF
HALLMARK_COMPLEMENT,0.1282,0.1283,0.0001,0.0018,0.0019,0.0014,0.7368,0.0535,0.0001,4,4,NMF
HALLMARK_DNA_REPAIR,-0.0245,-0.0229,0.0017,0.0349,0.0028,0.0018,0.6429,0.0723,0.0,4,4,NMF
HALLMARK_E2F_TARGETS,-0.025,-0.0226,0.0024,0.0261,0.0096,0.0067,0.6979,0.1081,0.0,4,4,NMF
HALLMARK_EPITHELIAL_MESENCHYMAL_TRANSITION,0.2085,0.2097,0.0013,0.0195,0.0055,0.0028,0.5091,0.1075,0.0,4,4,NMF
HALLMARK_ESTROGEN_RESPONSE_EARLY,0.1308,0.1311,0.0003,0.0043,0.0043,0.0037,0.8605,0.0234,0.2991,4,4,NMF
HALLMARK_ESTROGEN_RESPONSE_LATE,0.111,0.1109,-0.0001,-0.0024,0.0022,0.0022,1.0,0.0162,0.7551,4,4,NMF
HALLMARK_FATTY_ACID_METABOLISM,0.0426,0.0437,0.0011,0.0144,0.0067,0.0054,0.806,0.0541,0.0001,4,4,NMF
HALLMARK_G2M_CHECKPOINT,0.0268,0.0283,0.0016,0.0204,0.0066,0.0049,0.7424,0.0971,0.0,4,4,NMF
HALLMARK_GLYCOLYSIS,0.0644,0.0647,0.0003,0.0085,0.0016,0.0013,0.8125,0.0353,0.0271,4,4,NMF
HALLMARK_HEDGEHOG_SIGNALING,0.0105,0.0097,-0.0008,-0.0091,0.0068,0.0068,1.0,0.0223,0.3582,4,4,NMF
HALLMARK_HEME_METABOLISM,0.1169,0.1171,0.0002,0.0045,0.0024,0.0019,0.7917,0.0318,0.0605,4,4,NMF
HALLMARK_HYPOXIA,0.1403,0.1403,-0.0001,-0.0011,0.0049,0.0035,0.7143,0.0908,0.0,4,4,NMF
HALLMARK_IL2_STAT5_SIGNALING,0.1169,0.1167,-0.0002,-0.0042,0.0024,0.002,0.8333,0.0283,0.1245,4,4,NMF
HALLMARK_IL6_JAK_STAT3_SIGNALING,0.2108,0.2116,0.0008,0.0143,0.0039,0.003,0.7692,0.0356,0.0252,4,4,NMF
HALLMARK_INFLAMMATORY_RESPONSE,0.0885,0.0889,0.0004,0.0054,0.0069,0.0051,0.7391,0.0526,0.0001,4,4,NMF
HALLMARK_INTERFERON_ALPHA_RESPONSE,0.1914,0.1913,-0.0002,-0.002,0.0101,0.0042,0.4158,0.1339,0.0,4,4,NMF
HALLMARK_INTERFERON_GAMMA_RESPONSE,0.1001,0.1005,0.0005,0.0084,0.0039,0.002,0.5128,0.107,0.0,4,4,NMF
HALLMARK_KRAS_SIGNALING_DN,-0.3449,-0.3506,-0.0057,-0.0468,0.0149,0.0144,0.9664,0.0289,0.111,4,4,NMF
HALLMARK_KRAS_SIGNALING_UP,0.0246,0.0237,-0.0009,-0.0135,0.0052,0.004,0.7692,0.0437,0.0027,4,4,NMF
HALLMARK_MITOTIC_SPINDLE,0.0899,0.0905,0.0006,0.0116,0.0033,0.0024,0.7273,0.0552,0.0001,4,4,NMF
HALLMARK_MTORC1_SIGNALING,0.1256,0.1256,0.0,0.0013,0.0015,0.001,0.6667,0.0517,0.0002,4,4,NMF
HALLMARK_MYC_TARGETS_V1,0.2142,0.216,0.0018,0.0324,0.0036,0.0027,0.75,0.0668,0.0,4,4,NMF
HALLMARK_MYC_TARGETS_V2,0.0884,0.0904,0.002,0.0249,0.0075,0.0057,0.76,0.0544,0.0001,4,4,NMF
HALLMARK_MYOGENESIS,0.2314,0.2315,0.0001,0.0009,0.0034,0.0026,0.7647,0.037,0.0175,4,4,NMF
HALLMARK_NOTCH_SIGNALING,0.1475,0.1469,-0.0006,-0.0082,0.0065,0.0051,0.7846,0.0439,0.0025,4,4,NMF
HALLMARK_OXIDATIVE_PHOSPHORYLATION,0.1299,0.1317,0.0017,0.0269,0.0047,0.0036,0.766,0.0778,0.0,4,4,NMF
HALLMARK_P53_PATHWAY,0.0273,0.0267,-0.0006,-0.0172,0.0015,0.0011,0.7333,0.037,0.0175,4,4,NMF
HALLMARK_PANCREAS_BETA_CELLS,-0.1043,-0.1028,0.0015,0.0066,0.0496,0.0515,1.0383,0.0197,0.5159,4,4,NMF
HALLMARK_PEROXISOME,0.1024,0.1038,0.0013,0.0277,0.0023,0.0024,1.0435,0.0272,0.1554,4,4,NMF
HALLMARK_PI3K_AKT_MTOR_SIGNALING,0.0924,0.0915,-0.0008,-0.0271,0.001,0.0009,0.9,0.0332,0.0437,4,4,NMF
HALLMARK_PROTEIN_SECRETION,0.2626,0.2624,-0.0001,-0.0031,0.0019,0.0015,0.7895,0.0393,0.0095,4,4,NMF
HALLMARK_REACTIVE_OXYGEN_SPECIES_PATHWAY,0.1345,0.1325,-0.002,-0.026,0.0058,0.006,1.0345,0.0295,0.0988,4,4,NMF
HALLMARK_SPERMATOGENESIS,-0.1245,-0.1224,0.002,0.0239,0.0081,0.0064,0.7901,0.0616,0.0,4,4,NMF
HALLMARK_TGF_BETA_SIGNALING,0.1938,0.1939,0.0002,0.0018,0.0078,0.0068,0.8718,0.0367,0.0189,4,4,NMF
HALLMARK_TNFA_SIGNALING_VIA_NFKB,0.1162,0.1182,0.002,0.0327,0.0052,0.0023,0.4423,0.1382,0.0,4,4,NMF
HALLMARK_UNFOLDED_PROTEIN_RESPONSE,0.0899,0.0916,0.0017,0.0435,0.0016,0.0013,0.8125,0.0341,0.0357,4,4,NMF
HALLMARK_UV_RESPONSE_DN,0.1104,0.1101,-0.0003,-0.0056,0.0031,0.0023,0.7419,0.0396,0.0088,4,4,NMF
HALLMARK_UV_RESPONSE_UP,0.1258,0.1266,0.0008,0.0205,0.0016,0.0011,0.6875,0.0578,0.0,4,4,NMF
HALLMARK_WNT_BETA_CATENIN_SIGNALING,0.0986,0.0981,-0.0005,-0.0063,0.0061,0.005,0.8197,0.0393,0.0095,4,4,NMF
HALLMARK_XENOBIOTIC_METABOLISM,0.1038,0.1055,0.0017,0.0272,0.0042,0.0037,0.881,0.0468,0.001,4,4,NMF
HALLMARK_ADIPOGENESIS,0.1502,0.1008,-0.0494,-0.7872,0.0043,0.0036,0.8372,0.3083,0.0,2,2,P-NMF
HALLMARK_ALLOGRAFT_REJECTION,0.0651,0.039,-0.0261,-0.3762,0.0058,0.0038,0.6552,0.1715,0.0,2,2,P-NMF
HALLMARK_ANDROGEN_RESPONSE,0.1137,0.0955,-0.0181,-0.2862,0.0039,0.0041,1.0513,0.1024,0.0,2,2,P-NMF
HALLMARK_ANGIOGENESIS,0.2434,0.2181,-0.0253,-0.3226,0.0068,0.0055,0.8088,0.1865,0.0,2,2,P-NMF
HALLMARK_APICAL_JUNCTION,0.1232,0.0968,-0.0264,-0.5291,0.0026,0.0024,0.9231,0.2744,0.0,2,2,P-NMF
HALLMARK_APICAL_SURFACE,0.2009,0.0906,-0.1104,-1.5074,0.0028,0.0079,2.8214,0.6914,0.0,2,2,P-NMF
HALLMARK_APOPTOSIS,0.143,0.1163,-0.0268,-0.7524,0.0011,0.0015,1.3636,0.2973,0.0,2,2,P-NMF
HALLMARK_BILE_ACID_METABOLISM,-0.0112,-0.0472,-0.0361,-0.3417,0.0082,0.0141,1.7195,0.2186,0.0,2,2,P-NMF
HALLMARK_CHOLESTEROL_HOMEOSTASIS,-0.0116,0.054,0.0657,0.8752,0.0069,0.0044,0.6377,0.4205,0.0,2,2,P-NMF
HALLMARK_COAGULATION,0.1112,0.0897,-0.0214,-0.2606,0.0097,0.0039,0.4021,0.2146,0.0,2,2,P-NMF
HALLMARK_COMPLEMENT,0.1279,0.0971,-0.0308,-0.7948,0.0019,0.0011,0.5789,0.3181,0.0,2,2,P-NMF
HALLMARK_DNA_REPAIR,-0.0247,-0.0108,0.0138,0.2617,0.0028,0.0028,1.0,0.1339,0.0,2,2,P-NMF
HALLMARK_E2F_TARGETS,-0.0256,0.006,0.0316,0.3893,0.0095,0.0037,0.3895,0.2785,0.0,2,2,P-NMF
HALLMARK_EPITHELIAL_MESENCHYMAL_TRANSITION,0.2091,0.1573,-0.0517,-0.7241,0.0055,0.0047,0.8545,0.2811,0.0,2,2,P-NMF
HALLMARK_ESTROGEN_RESPONSE_EARLY,0.1311,0.1052,-0.0259,-0.3874,0.0042,0.0047,1.119,0.1524,0.0,2,2,P-NMF
HALLMARK_ESTROGEN_RESPONSE_LATE,0.1108,0.0893,-0.0215,-0.4314,0.0022,0.0028,1.2727,0.1377,0.0,2,2,P-NMF
HALLMARK_FATTY_ACID_METABOLISM,0.0424,0.0426,0.0002,0.0023,0.0067,0.0037,0.5522,0.1585,0.0,2,2,P-NMF
HALLMARK_G2M_CHECKPOINT,0.0263,0.0267,0.0003,0.0042,0.0066,0.0054,0.8182,0.0949,0.0,2,2,P-NMF
HALLMARK_GLYCOLYSIS,0.0646,0.0714,0.0069,0.1601,0.0016,0.0021,1.3125,0.1122,0.0,2,2,P-NMF
HALLMARK_HEDGEHOG_SIGNALING,0.0112,0.0344,0.0232,0.27,0.0068,0.0079,1.1618,0.1371,0.0,2,2,P-NMF
HALLMARK_HEME_METABOLISM,0.1167,0.0817,-0.035,-0.7729,0.0023,0.0018,0.7826,0.2906,0.0,2,2,P-NMF
HALLMARK_HYPOXIA,0.141,0.1212,-0.0197,-0.326,0.005,0.0024,0.48,0.1724,0.0,2,2,P-NMF
HALLMARK_IL2_STAT5_SIGNALING,0.1167,0.0982,-0.0185,-0.3887,0.0024,0.0021,0.875,0.1683,0.0,2,2,P-NMF
HALLMARK_IL6_JAK_STAT3_SIGNALING,0.2105,0.1375,-0.073,-1.2995,0.0039,0.0024,0.6154,0.4945,0.0,2,2,P-NMF
HALLMARK_INFLAMMATORY_RESPONSE,0.0887,0.0711,-0.0177,-0.2301,0.0069,0.0048,0.6957,0.1264,0.0,2,2,P-NMF
HALLMARK_INTERFERON_ALPHA_RESPONSE,0.1891,0.1351,-0.0539,-0.5666,0.0101,0.008,0.7921,0.2392,0.0,2,2,P-NMF
HALLMARK_INTERFERON_GAMMA_RESPONSE,0.0991,0.0729,-0.0263,-0.4825,0.0039,0.0021,0.5385,0.2432,0.0,2,2,P-NMF
HALLMARK_KRAS_SIGNALING_DN,-0.3445,-0.2325,0.112,0.8084,0.0148,0.0235,1.5878,0.3843,0.0,2,2,P-NMF
HALLMARK_KRAS_SIGNALING_UP,0.0243,0.0252,0.0009,0.0138,0.0052,0.004,0.7692,0.0642,0.0,2,2,P-NMF
HALLMARK_MITOTIC_SPINDLE,0.0895,0.0897,0.0002,0.0031,0.0033,0.0041,1.2424,0.0821,0.0,2,2,P-NMF
HALLMARK_MTORC1_SIGNALING,0.1256,0.1082,-0.0174,-0.4884,0.0014,0.0011,0.7857,0.1813,0.0,2,2,P-NMF
HALLMARK_MYC_TARGETS_V1,0.2136,0.1578,-0.0558,-0.9177,0.0036,0.0038,1.0556,0.371,0.0,2,2,P-NMF
HALLMARK_MYC_TARGETS_V2,0.0885,0.0937,0.0052,0.0651,0.0074,0.0054,0.7297,0.0787,0.0,2,2,P-NMF
HALLMARK_MYOGENESIS,0.2316,0.1678,-0.0639,-1.1779,0.0034,0.0025,0.7353,0.4433,0.0,2,2,P-NMF
HALLMARK_NOTCH_SIGNALING,0.1478,0.1197,-0.0282,-0.3242,0.0063,0.0088,1.3968,0.1139,0.0,2,2,P-NMF
HALLMARK_OXIDATIVE_PHOSPHORYLATION,0.1296,0.1068,-0.0228,-0.3329,0.0047,0.0047,1.0,0.1538,0.0,2,2,P-NMF
HALLMARK_P53_PATHWAY,0.0276,0.0407,0.0131,0.3192,0.0015,0.0019,1.2667,0.2068,0.0,2,2,P-NMF
HALLMARK_PANCREAS_BETA_CELLS,-0.1016,-0.1207,-0.0191,-0.0783,0.05,0.069,1.38,0.0894,0.0,2,2,P-NMF
HALLMARK_PEROXISOME,0.1023,0.063,-0.0393,-0.7264,0.0024,0.0035,1.4583,0.2808,0.0,2,2,P-NMF
HALLMARK_PI3K_AKT_MTOR_SIGNALING,0.0922,0.1046,0.0123,0.2886,0.001,0.0026,2.6,0.2024,0.0,2,2,P-NMF
HALLMARK_PROTEIN_SECRETION,0.2629,0.2024,-0.0605,-1.1025,0.0019,0.0041,2.1579,0.4696,0.0,2,2,P-NMF
HALLMARK_REACTIVE_OXYGEN_SPECIES_PATHWAY,0.1347,0.1089,-0.0258,-0.3505,0.0057,0.0052,0.9123,0.144,0.0,2,2,P-NMF
HALLMARK_SPERMATOGENESIS,-0.125,-0.0405,0.0845,0.9546,0.0081,0.0076,0.9383,0.3745,0.0,2,2,P-NMF
HALLMARK_TGF_BETA_SIGNALING,0.1945,0.134,-0.0605,-0.7286,0.0078,0.006,0.7692,0.3071,0.0,2,2,P-NMF
HALLMARK_TNFA_SIGNALING_VIA_NFKB,0.1165,0.0885,-0.028,-0.4468,0.0051,0.0028,0.549,0.2516,0.0,2,2,P-NMF
HALLMARK_UNFOLDED_PROTEIN_RESPONSE,0.0902,0.0821,-0.0081,-0.1648,0.0016,0.0032,2.0,0.1379,0.0,2,2,P-NMF
HALLMARK_UV_RESPONSE_DN,0.1112,0.0935,-0.0177,-0.3479,0.0031,0.0021,0.6774,0.1868,0.0,2,2,P-NMF
HALLMARK_UV_RESPONSE_UP,0.1257,0.1021,-0.0236,-0.5562,0.0016,0.002,1.25,0.2799,0.0,2,2,P-NMF
HALLMARK_WNT_BETA_CATENIN_SIGNALING,0.099,0.0782,-0.0209,-0.2493,0.0059,0.0081,1.3729,0.1145,0.0,2,2,P-NMF
HALLMARK_XENOBIOTIC_METABOLISM,0.1034,0.0816,-0.0218,-0.3653,0.0043,0.0029,0.6744,0.1371,0.0,2,2,P-NMF
HALLMARK_ADIPOGENESIS,0.1505,0.1086,-0.0419,-0.6397,0.0042,0.0044,1.0476,0.294,0.0,4,4,P-NMF
HALLMARK_ALLOGRAFT_REJECTION,0.0657,0.0516,-0.0141,-0.1951,0.0058,0.0046,0.7931,0.1512,0.0,4,4,P-NMF
HALLMARK_ANDROGEN_RESPONSE,0.1136,0.0941,-0.0195,-0.2919,0.004,0.0049,1.225,0.1142,0.0,4,4,P-NMF
HALLMARK_ANGIOGENESIS,0.244,0.2138,-0.0302,-0.3852,0.0068,0.0055,0.8088,0.1954,0.0,4,4,P-NMF
HALLMARK_APICAL_JUNCTION,0.1234,0.0984,-0.025,-0.5104,0.0026,0.0022,0.8462,0.2278,0.0,4,4,P-NMF
HALLMARK_APICAL_SURFACE,0.2007,0.102,-0.0987,-1.3383,0.0028,0.0081,2.8929,0.4915,0.0,4,4,P-NMF
HALLMARK_APOPTOSIS,0.1431,0.1094,-0.0337,-0.8943,0.001,0.0018,1.8,0.3304,0.0,4,4,P-NMF
HALLMARK_BILE_ACID_METABOLISM,-0.0107,-0.0227,-0.0119,-0.1112,0.0081,0.0148,1.8272,0.1804,0.0,4,4,P-NMF
HALLMARK_CHOLESTEROL_HOMEOSTASIS,-0.012,0.0468,0.0588,0.7534,0.0069,0.0053,0.7681,0.3495,0.0,4,4,P-NMF
HALLMARK_COAGULATION,0.1106,0.0931,-0.0175,-0.2153,0.0097,0.0036,0.3711,0.2021,0.0,4,4,P-NMF
HALLMARK_COMPLEMENT,0.1282,0.0945,-0.0337,-0.7849,0.0019,0.0018,0.9474,0.2981,0.0,4,4,P-NMF
HALLMARK_DNA_REPAIR,-0.0245,-0.0207,0.0039,0.0702,0.0028,0.0033,1.1786,0.0772,0.0,4,4,P-NMF
HALLMARK_E2F_TARGETS,-0.025,0.0048,0.0298,0.369,0.0096,0.0035,0.3646,0.3264,0.0,4,4,P-NMF
HALLMARK_EPITHELIAL_MESENCHYMAL_TRANSITION,0.2085,0.1587,-0.0498,-0.7175,0.0055,0.0041,0.7455,0.2969,0.0,4,4,P-NMF
HALLMARK_ESTROGEN_RESPONSE_EARLY,0.1308,0.0942,-0.0366,-0.5178,0.0043,0.0058,1.3488,0.3287,0.0,4,4,P-NMF
HALLMARK_ESTROGEN_RESPONSE_LATE,0.111,0.0815,-0.0294,-0.6211,0.0022,0.0023,1.0455,0.3299,0.0,4,4,P-NMF
HALLMARK_FATTY_ACID_METABOLISM,0.0426,0.0387,-0.0039,-0.0528,0.0067,0.0042,0.6269,0.0714,0.0,4,4,P-NMF
HALLMARK_G2M_CHECKPOINT,0.0268,0.0237,-0.0031,-0.0443,0.0066,0.0032,0.4848,0.1697,0.0,4,4,P-NMF
HALLMARK_GLYCOLYSIS,0.0644,0.0729,0.0085,0.2167,0.0016,0.0015,0.9375,0.1269,0.0,4,4,P-NMF
HALLMARK_HEDGEHOG_SIGNALING,0.0105,0.0424,0.032,0.3607,0.0068,0.0089,1.3088,0.1662,0.0,4,4,P-NMF
HALLMARK_HEME_METABOLISM,0.1169,0.0832,-0.0337,-0.6358,0.0024,0.0032,1.3333,0.2313,0.0,4,4,P-NMF
HALLMARK_HYPOXIA,0.1403,0.121,-0.0193,-0.2947,0.0049,0.0037,0.7551,0.2194,0.0,4,4,P-NMF
HALLMARK_IL2_STAT5_SIGNALING,0.1169,0.093,-0.0239,-0.5239,0.0024,0.0018,0.75,0.2533,0.0,4,4,P-NMF
HALLMARK_IL6_JAK_STAT3_SIGNALING,0.2108,0.1355,-0.0753,-1.1981,0.0039,0.004,1.0256,0.4993,0.0,4,4,P-NMF
HALLMARK_INFLAMMATORY_RESPONSE,0.0885,0.0794,-0.0091,-0.1064,0.0069,0.0077,1.1159,0.1029,0.0,4,4,P-NMF
HALLMARK_INTERFERON_ALPHA_RESPONSE,0.1914,0.1465,-0.0449,-0.4949,0.0101,0.0064,0.6337,0.2486,0.0,4,4,P-NMF
HALLMARK_INTERFERON_GAMMA_RESPONSE,0.1001,0.0801,-0.02,-0.3552,0.0039,0.0024,0.6154,0.185,0.0,4,4,P-NMF
HALLMARK_KRAS_SIGNALING_DN,-0.3449,-0.2205,0.1244,1.0116,0.0149,0.0154,1.0336,0.4282,0.0,4,4,P-NMF
HALLMARK_KRAS_SIGNALING_UP,0.0246,0.0343,0.0097,0.1431,0.0052,0.004,0.7692,0.118,0.0,4,4,P-NMF
HALLMARK_MITOTIC_SPINDLE,0.0899,0.083,-0.0069,-0.1274,0.0033,0.0025,0.7576,0.1298,0.0,4,4,P-NMF
HALLMARK_MTORC1_SIGNALING,0.1256,0.1058,-0.0197,-0.5033,0.0015,0.0016,1.0667,0.2024,0.0,4,4,P-NMF
HALLMARK_MYC_TARGETS_V1,0.2142,0.1523,-0.0619,-1.1073,0.0036,0.0027,0.75,0.3674,0.0,4,4,P-NMF
HALLMARK_MYC_TARGETS_V2,0.0884,0.0867,-0.0016,-0.0198,0.0075,0.0057,0.76,0.0809,0.0,4,4,P-NMF
HALLMARK_MYOGENESIS,0.2314,0.1669,-0.0645,-1.0611,0.0034,0.004,1.1765,0.3637,0.0,4,4,P-NMF
HALLMARK_NOTCH_SIGNALING,0.1475,0.1037,-0.0438,-0.5323,0.0065,0.0071,1.0923,0.1975,0.0,4,4,P-NMF
HALLMARK_OXIDATIVE_PHOSPHORYLATION,0.1299,0.0963,-0.0336,-0.4848,0.0047,0.005,1.0638,0.2388,0.0,4,4,P-NMF
HALLMARK_P53_PATHWAY,0.0273,0.0357,0.0083,0.1942,0.0015,0.0022,1.4667,0.157,0.0,4,4,P-NMF
HALLMARK_PANCREAS_BETA_CELLS,-0.1043,-0.1359,-0.0316,-0.13,0.0496,0.0685,1.381,0.1463,0.0,4,4,P-NMF
HALLMARK_PEROXISOME,0.1024,0.0675,-0.0349,-0.5928,0.0023,0.0046,2.0,0.357,0.0,4,4,P-NMF
HALLMARK_PI3K_AKT_MTOR_SIGNALING,0.0924,0.0994,0.0071,0.1726,0.001,0.0024,2.4,0.1474,0.0,4,4,P-NMF
HALLMARK_PROTEIN_SECRETION,0.2626,0.1992,-0.0634,-1.0968,0.0019,0.0048,2.5263,0.5039,0.0,4,4,P-NMF
HALLMARK_REACTIVE_OXYGEN_SPECIES_PATHWAY,0.1345,0.1144,-0.0201,-0.2442,0.0058,0.0078,1.3448,0.1226,0.0,4,4,P-NMF
HALLMARK_SPERMATOGENESIS,-0.1245,-0.0431,0.0813,1.0057,0.0081,0.005,0.6173,0.3776,0.0,4,4,P-NMF
HALLMARK_TGF_BETA_SIGNALING,0.1938,0.1418,-0.052,-0.5667,0.0078,0.009,1.1538,0.2417,0.0,4,4,P-NMF
HALLMARK_TNFA_SIGNALING_VIA_NFKB,0.1162,0.0877,-0.0285,-0.4833,0.0052,0.0018,0.3462,0.2657,0.0,4,4,P-NMF
HALLMARK_UNFOLDED_PROTEIN_RESPONSE,0.0899,0.0785,-0.0114,-0.2324,0.0016,0.0033,2.0625,0.1657,0.0,4,4,P-NMF
HALLMARK_UV_RESPONSE_DN,0.1104,0.0881,-0.0223,-0.425,0.0031,0.0024,0.7742,0.172,0.0,4,4,P-NMF
HALLMARK_UV_RESPONSE_UP,0.1258,0.0945,-0.0313,-0.7576,0.0016,0.0018,1.125,0.2879,0.0,4,4,P-NMF
HALLMARK_WNT_BETA_CATENIN_SIGNALING,0.0986,0.0732,-0.0254,-0.3145,0.0061,0.007,1.1475,0.135,0.0,4,4,P-NMF
HALLMARK_XENOBIOTIC_METABOLISM,0.1038,0.0902,-0.0137,-0.2104,0.0042,0.0042,1.0,0.1269,0.0,4,4,P-NMF
HALLMARK_ADIPOGENESIS,0.1509,0.1012,-0.0497,-0.875,0.0043,0.0022,0.5116,0.3002,0.0,3,3,P-NMF
HALLMARK_ALLOGRAFT_REJECTION,0.0646,0.0543,-0.0103,-0.1407,0.0058,0.0049,0.8448,0.081,0.0,3,3,P-NMF
HALLMARK_ANDROGEN_RESPONSE,0.1127,0.0982,-0.0145,-0.1924,0.0039,0.0075,1.9231,0.1484,0.0,3,3,P-NMF
HALLMARK_ANGIOGENESIS,0.2441,0.215,-0.0291,-0.3523,0.0067,0.0069,1.0299,0.1533,0.0,3,3,P-NMF
HALLMARK_APICAL_JUNCTION,0.1232,0.0995,-0.0237,-0.4806,0.0025,0.0023,0.92,0.2099,0.0,3,3,P-NMF
HALLMARK_APICAL_SURFACE,0.2004,0.0986,-0.1018,-1.1407,0.0028,0.0131,4.6786,0.4818,0.0,3,3,P-NMF
HALLMARK_APOPTOSIS,0.1434,0.1184,-0.025,-0.6767,0.001,0.0017,1.7,0.2565,0.0,3,3,P-NMF
HALLMARK_BILE_ACID_METABOLISM,-0.0117,-0.0312,-0.0195,-0.2002,0.0083,0.0107,1.2892,0.1365,0.0,3,3,P-NMF
HALLMARK_CHOLESTEROL_HOMEOSTASIS,-0.011,0.0437,0.0547,0.6656,0.0069,0.0067,0.971,0.3143,0.0,3,3,P-NMF
HALLMARK_COAGULATION,0.1122,0.1007,-0.0116,-0.1444,0.0094,0.0034,0.3617,0.1695,0.0,3,3,P-NMF
HALLMARK_COMPLEMENT,0.1281,0.0999,-0.0281,-0.6175,0.0019,0.0023,1.2105,0.2571,0.0,3,3,P-NMF
HALLMARK_DNA_REPAIR,-0.024,-0.0187,0.0053,0.0922,0.0028,0.0038,1.3571,0.1058,0.0,3,3,P-NMF
HALLMARK_E2F_TARGETS,-0.025,0.0051,0.0301,0.3479,0.0097,0.0053,0.5464,0.2672,0.0,3,3,P-NMF
HALLMARK_EPITHELIAL_MESENCHYMAL_TRANSITION,0.21,0.1646,-0.0454,-0.6477,0.0055,0.0044,0.8,0.2953,0.0,3,3,P-NMF
HALLMARK_ESTROGEN_RESPONSE_EARLY,0.1315,0.0997,-0.0318,-0.5202,0.0042,0.0033,0.7857,0.212,0.0,3,3,P-NMF
HALLMARK_ESTROGEN_RESPONSE_LATE,0.1113,0.0856,-0.0256,-0.5261,0.0022,0.0025,1.1364,0.2238,0.0,3,3,P-NMF
HALLMARK_FATTY_ACID_METABOLISM,0.0429,0.0298,-0.0131,-0.1672,0.0067,0.0055,0.8209,0.0564,0.0,3,3,P-NMF
HALLMARK_G2M_CHECKPOINT,0.0269,0.0304,0.0035,0.0475,0.0067,0.0041,0.6119,0.1492,0.0,3,3,P-NMF
HALLMARK_GLYCOLYSIS,0.0647,0.0716,0.007,0.1745,0.0016,0.0016,1.0,0.0917,0.0,3,3,P-NMF
HALLMARK_HEDGEHOG_SIGNALING,0.0097,0.0535,0.0438,0.4563,0.0069,0.0115,1.6667,0.2588,0.0,3,3,P-NMF
HALLMARK_HEME_METABOLISM,0.1162,0.0793,-0.0369,-0.7948,0.0024,0.0019,0.7917,0.2944,0.0,3,3,P-NMF
HALLMARK_HYPOXIA,0.141,0.1234,-0.0176,-0.2732,0.0049,0.0034,0.6939,0.1718,0.0,3,3,P-NMF
HALLMARK_IL2_STAT5_SIGNALING,0.1166,0.1033,-0.0133,-0.2814,0.0024,0.0021,0.875,0.1776,0.0,3,3,P-NMF
HALLMARK_IL6_JAK_STAT3_SIGNALING,0.2099,0.1456,-0.0642,-0.9188,0.0039,0.0058,1.4872,0.3201,0.0,3,3,P-NMF
HALLMARK_INFLAMMATORY_RESPONSE,0.0887,0.0856,-0.0031,-0.0396,0.0069,0.0055,0.7971,0.0992,0.0,3,3,P-NMF
HALLMARK_INTERFERON_ALPHA_RESPONSE,0.1899,0.1399,-0.05,-0.5486,0.0099,0.0067,0.6768,0.2643,0.0,3,3,P-NMF
HALLMARK_INTERFERON_GAMMA_RESPONSE,0.0994,0.0773,-0.0221,-0.3926,0.0038,0.0025,0.6579,0.2201,0.0,3,3,P-NMF
HALLMARK_KRAS_SIGNALING_DN,-0.3452,-0.2397,0.1054,0.8035,0.0148,0.0196,1.3243,0.3696,0.0,3,3,P-NMF
HALLMARK_KRAS_SIGNALING_UP,0.0241,0.0303,0.0062,0.0949,0.0052,0.0033,0.6346,0.1003,0.0,3,3,P-NMF
HALLMARK_MITOTIC_SPINDLE,0.0893,0.0906,0.0013,0.0224,0.0033,0.0039,1.1818,0.0552,0.0001,3,3,P-NMF
HALLMARK_MTORC1_SIGNALING,0.1261,0.1062,-0.0199,-0.5501,0.0014,0.0012,0.8571,0.1747,0.0,3,3,P-NMF
HALLMARK_MYC_TARGETS_V1,0.2141,0.1639,-0.0503,-0.7649,0.0036,0.0051,1.4167,0.3051,0.0,3,3,P-NMF
HALLMARK_MYC_TARGETS_V2,0.09,0.0878,-0.0022,-0.0249,0.0076,0.0085,1.1184,0.0636,0.0,3,3,P-NMF
HALLMARK_MYOGENESIS,0.2319,0.1778,-0.0541,-0.8452,0.0033,0.0049,1.4848,0.3407,0.0,3,3,P-NMF
HALLMARK_NOTCH_SIGNALING,0.1481,0.1224,-0.0256,-0.3239,0.0064,0.0061,0.9531,0.1599,0.0,3,3,P-NMF
HALLMARK_OXIDATIVE_PHOSPHORYLATION,0.1303,0.0971,-0.0332,-0.4693,0.0047,0.0053,1.1277,0.1724,0.0,3,3,P-NMF
HALLMARK_P53_PATHWAY,0.0279,0.0419,0.014,0.3308,0.0014,0.0022,1.5714,0.2105,0.0,3,3,P-NMF
HALLMARK_PANCREAS_BETA_CELLS,-0.1064,-0.1479,-0.0414,-0.1785,0.049,0.0588,1.2,0.1041,0.0,3,3,P-NMF
HALLMARK_PEROXISOME,0.1025,0.0695,-0.0331,-0.6341,0.0024,0.0031,1.2917,0.282,0.0,3,3,P-NMF
HALLMARK_PI3K_AKT_MTOR_SIGNALING,0.0926,0.1032,0.0105,0.2625,0.001,0.0022,2.2,0.188,0.0,3,3,P-NMF
HALLMARK_PROTEIN_SECRETION,0.2623,0.2143,-0.048,-0.907,0.0019,0.0037,1.9474,0.3861,0.0,3,3,P-NMF
HALLMARK_REACTIVE_OXYGEN_SPECIES_PATHWAY,0.1351,0.1069,-0.0282,-0.3586,0.0057,0.0067,1.1754,0.1631,0.0,3,3,P-NMF
HALLMARK_SPERMATOGENESIS,-0.1245,-0.0418,0.0827,0.9824,0.0081,0.006,0.7407,0.3811,0.0,3,3,P-NMF
HALLMARK_TGF_BETA_SIGNALING,0.1932,0.1398,-0.0533,-0.6244,0.0078,0.0068,0.8718,0.2866,0.0,3,3,P-NMF
HALLMARK_TNFA_SIGNALING_VIA_NFKB,0.1165,0.087,-0.0296,-0.4516,0.0051,0.0035,0.6863,0.2412,0.0,3,3,P-NMF
HALLMARK_UNFOLDED_PROTEIN_RESPONSE,0.0906,0.0828,-0.0078,-0.1639,0.0016,0.0029,1.8125,0.1484,0.0,3,3,P-NMF
HALLMARK_UV_RESPONSE_DN,0.1109,0.0923,-0.0186,-0.3297,0.0031,0.0033,1.0645,0.118,0.0,3,3,P-NMF
HALLMARK_UV_RESPONSE_UP,0.126,0.0994,-0.0266,-0.6114,0.0016,0.0022,1.375,0.2672,0.0,3,3,P-NMF
HALLMARK_WNT_BETA_CATENIN_SIGNALING,0.0994,0.0884,-0.011,-0.1259,0.0061,0.0092,1.5082,0.0818,0.0,3,3,P-NMF
HALLMARK_XENOBIOTIC_METABOLISM,0.1042,0.0887,-0.0156,-0.2514,0.0042,0.0034,0.8095,0.1296,0.0,3,3,P-NMF
HALLMARK_ADIPOGENESIS,0.1501,0.1014,-0.0488,-0.8883,0.0043,0.0018,0.4186,0.3745,0.0,1,1,P-NMF
HALLMARK_ALLOGRAFT_REJECTION,0.0652,0.0486,-0.0166,-0.225,0.0058,0.0051,0.8793,0.1174,0.0,1,1,P-NMF
HALLMARK_ANDROGEN_RESPONSE,0.1138,0.0982,-0.0155,-0.2199,0.0039,0.0061,1.5641,0.1296,0.0,1,1,P-NMF
HALLMARK_ANGIOGENESIS,0.2436,0.2085,-0.0351,-0.4088,0.0068,0.0079,1.1618,0.1703,0.0,1,1,P-NMF
HALLMARK_APICAL_JUNCTION,0.1232,0.0962,-0.0269,-0.5026,0.0026,0.0032,1.2308,0.2238,0.0,1,1,P-NMF
HALLMARK_APICAL_SURFACE,0.2011,0.1037,-0.0974,-1.1379,0.0028,0.0119,4.25,0.5746,0.0,1,1,P-NMF
HALLMARK_APOPTOSIS,0.1435,0.119,-0.0245,-0.6736,0.001,0.0016,1.6,0.2493,0.0,1,1,P-NMF
HALLMARK_BILE_ACID_METABOLISM,-0.0115,-0.0322,-0.0206,-0.2167,0.0082,0.0099,1.2073,0.1611,0.0,1,1,P-NMF
HALLMARK_CHOLESTEROL_HOMEOSTASIS,-0.0114,0.0468,0.0582,0.7603,0.0069,0.0048,0.6957,0.3545,0.0,1,1,P-NMF
HALLMARK_COAGULATION,0.1114,0.097,-0.0145,-0.1738,0.0096,0.0043,0.4479,0.1622,0.0,1,1,P-NMF
HALLMARK_COMPLEMENT,0.1282,0.0956,-0.0327,-0.7313,0.0019,0.0021,1.1053,0.2363,0.0,1,1,P-NMF
HALLMARK_DNA_REPAIR,-0.0244,-0.0142,0.0102,0.1857,0.0028,0.0032,1.1429,0.1212,0.0,1,1,P-NMF
HALLMARK_E2F_TARGETS,-0.0242,0.0073,0.0316,0.3867,0.0097,0.0036,0.3711,0.3438,0.0,1,1,P-NMF
HALLMARK_EPITHELIAL_MESENCHYMAL_TRANSITION,0.2093,0.1595,-0.0498,-0.6884,0.0056,0.0049,0.875,0.253,0.0,1,1,P-NMF
HALLMARK_ESTROGEN_RESPONSE_EARLY,0.1317,0.1039,-0.0278,-0.4197,0.0042,0.0046,1.0952,0.2461,0.0,1,1,P-NMF
HALLMARK_ESTROGEN_RESPONSE_LATE,0.1115,0.084,-0.0275,-0.5075,0.0022,0.0037,1.6818,0.2406,0.0,1,1,P-NMF
HALLMARK_FATTY_ACID_METABOLISM,0.0422,0.0345,-0.0077,-0.1047,0.0067,0.004,0.597,0.0697,0.0,1,1,P-NMF
HALLMARK_G2M_CHECKPOINT,0.0272,0.0288,0.0016,0.0229,0.0067,0.0034,0.5075,0.1839,0.0,1,1,P-NMF
HALLMARK_GLYCOLYSIS,0.0649,0.0677,0.0027,0.0669,0.0016,0.0017,1.0625,0.0521,0.0002,1,1,P-NMF
HALLMARK_HEDGEHOG_SIGNALING,0.0102,0.042,0.0318,0.3522,0.007,0.0093,1.3286,0.1108,0.0,1,1,P-NMF
HALLMARK_HEME_METABOLISM,0.1167,0.0832,-0.0335,-0.6821,0.0024,0.0025,1.0417,0.2438,0.0,1,1,P-NMF
HALLMARK_HYPOXIA,0.1415,0.1162,-0.0253,-0.4217,0.005,0.0022,0.44,0.1909,0.0,1,1,P-NMF
HALLMARK_IL2_STAT5_SIGNALING,0.1171,0.0932,-0.0238,-0.521,0.0024,0.0018,0.75,0.2059,0.0,1,1,P-NMF
HALLMARK_IL6_JAK_STAT3_SIGNALING,0.2104,0.1357,-0.0747,-1.2426,0.0039,0.0033,0.8462,0.4685,0.0,1,1,P-NMF
HALLMARK_INFLAMMATORY_RESPONSE,0.0888,0.0821,-0.0067,-0.0795,0.007,0.0071,1.0143,0.0876,0.0,1,1,P-NMF
HALLMARK_INTERFERON_ALPHA_RESPONSE,0.1897,0.1373,-0.0524,-0.5767,0.01,0.0065,0.65,0.2857,0.0,1,1,P-NMF
HALLMARK_INTERFERON_GAMMA_RESPONSE,0.0995,0.0781,-0.0214,-0.3732,0.0039,0.0027,0.6923,0.1906,0.0,1,1,P-NMF
HALLMARK_KRAS_SIGNALING_DN,-0.3465,-0.2396,0.107,0.7954,0.0149,0.0213,1.4295,0.4153,0.0,1,1,P-NMF
HALLMARK_KRAS_SIGNALING_UP,0.0247,0.0277,0.003,0.0423,0.0053,0.0045,0.8491,0.0506,0.0003,1,1,P-NMF
HALLMARK_MITOTIC_SPINDLE,0.0904,0.0806,-0.0098,-0.1813,0.0033,0.0026,0.7879,0.0966,0.0,1,1,P-NMF
HALLMARK_MTORC1_SIGNALING,0.1263,0.1073,-0.019,-0.5264,0.0015,0.0012,0.8,0.2198,0.0,1,1,P-NMF
HALLMARK_MYC_TARGETS_V1,0.2143,0.1654,-0.0488,-0.8049,0.0036,0.0037,1.0278,0.2591,0.0,1,1,P-NMF
HALLMARK_MYC_TARGETS_V2,0.0891,0.0951,0.006,0.0678,0.0077,0.0078,1.013,0.0642,0.0,1,1,P-NMF
HALLMARK_MYOGENESIS,0.2322,0.1731,-0.0591,-0.9498,0.0034,0.0044,1.2941,0.334,0.0,1,1,P-NMF
HALLMARK_NOTCH_SIGNALING,0.1477,0.1102,-0.0375,-0.4441,0.0064,0.0079,1.2344,0.1961,0.0,1,1,P-NMF
HALLMARK_OXIDATIVE_PHOSPHORYLATION,0.1298,0.1017,-0.0281,-0.3877,0.0047,0.0058,1.234,0.1634,0.0,1,1,P-NMF
HALLMARK_P53_PATHWAY,0.0276,0.0402,0.0126,0.3084,0.0014,0.0019,1.3571,0.1805,0.0,1,1,P-NMF
HALLMARK_PANCREAS_BETA_CELLS,-0.1037,-0.123,-0.0193,-0.0782,0.0503,0.0712,1.4155,0.1426,0.0,1,1,P-NMF
HALLMARK_PEROXISOME,0.1024,0.0641,-0.0384,-0.665,0.0024,0.0043,1.7917,0.3409,0.0,1,1,P-NMF
HALLMARK_PI3K_AKT_MTOR_SIGNALING,0.0927,0.0987,0.006,0.1373,0.001,0.0028,2.8,0.1729,0.0,1,1,P-NMF
HALLMARK_PROTEIN_SECRETION,0.2628,0.2025,-0.0603,-1.1798,0.0019,0.0033,1.7368,0.3864,0.0,1,1,P-NMF
HALLMARK_REACTIVE_OXYGEN_SPECIES_PATHWAY,0.1347,0.1084,-0.0263,-0.339,0.0057,0.0063,1.1053,0.1353,0.0,1,1,P-NMF
HALLMARK_SPERMATOGENESIS,-0.1243,-0.0388,0.0855,0.9479,0.0083,0.008,0.9639,0.3991,0.0,1,1,P-NMF
HALLMARK_TGF_BETA_SIGNALING,0.1946,0.1348,-0.0598,-0.718,0.0078,0.0061,0.7821,0.3204,0.0,1,1,P-NMF
HALLMARK_TNFA_SIGNALING_VIA_NFKB,0.1171,0.0896,-0.0275,-0.4253,0.0051,0.0032,0.6275,0.2152,0.0,1,1,P-NMF
HALLMARK_UNFOLDED_PROTEIN_RESPONSE,0.0908,0.0812,-0.0096,-0.2006,0.0016,0.003,1.875,0.2186,0.0,1,1,P-NMF
HALLMARK_UV_RESPONSE_DN,0.1115,0.0981,-0.0134,-0.2559,0.0031,0.0024,0.7742,0.1501,0.0,1,1,P-NMF
HALLMARK_UV_RESPONSE_UP,0.1259,0.0962,-0.0297,-0.6797,0.0016,0.0022,1.375,0.31,0.0,1,1,P-NMF
HALLMARK_WNT_BETA_CATENIN_SIGNALING,0.0988,0.0775,-0.0213,-0.2557,0.0059,0.0079,1.339,0.1194,0.0,1,1,P-NMF
HALLMARK_XENOBIOTIC_METABOLISM,0.1037,0.088,-0.0157,-0.2739,0.0043,0.0023,0.5349,0.1353,0.0,1,1,P-NMF
HALLMARK_ADIPOGENESIS,0.1503,0.1048,-0.0456,-0.7898,0.0043,0.0024,0.5581,0.3648,0.0,5,5,P-NMF
HALLMARK_ALLOGRAFT_REJECTION,0.0651,0.0457,-0.0194,-0.3045,0.0059,0.0023,0.3898,0.2472,0.0,5,5,P-NMF
HALLMARK_ANDROGEN_RESPONSE,0.1134,0.094,-0.0194,-0.2656,0.0039,0.0067,1.7179,0.1298,0.0,5,5,P-NMF
HALLMARK_ANGIOGENESIS,0.2436,0.223,-0.0206,-0.248,0.0068,0.0071,1.0441,0.1255,0.0,5,5,P-NMF
HALLMARK_APICAL_JUNCTION,0.1229,0.0924,-0.0306,-0.609,0.0026,0.0025,0.9615,0.2952,0.0,5,5,P-NMF
HALLMARK_APICAL_SURFACE,0.2007,0.0997,-0.101,-1.1731,0.0028,0.012,4.2857,0.4799,0.0,5,5,P-NMF
HALLMARK_APOPTOSIS,0.1431,0.1126,-0.0305,-0.8957,0.001,0.0013,1.3,0.3287,0.0,5,5,P-NMF
HALLMARK_BILE_ACID_METABOLISM,-0.0111,-0.0314,-0.0204,-0.2164,0.0081,0.0096,1.1852,0.1018,0.0,5,5,P-NMF
HALLMARK_CHOLESTEROL_HOMEOSTASIS,-0.0119,0.0429,0.0548,0.7197,0.007,0.0046,0.6571,0.3784,0.0,5,5,P-NMF
HALLMARK_COAGULATION,0.1102,0.0994,-0.0108,-0.1275,0.0096,0.0047,0.4896,0.1258,0.0,5,5,P-NMF
HALLMARK_COMPLEMENT,0.1277,0.0968,-0.0309,-0.6858,0.0019,0.0022,1.1579,0.2495,0.0,5,5,P-NMF
HALLMARK_DNA_REPAIR,-0.0242,-0.0119,0.0123,0.2213,0.0028,0.0034,1.2143,0.1425,0.0,5,5,P-NMF
HALLMARK_E2F_TARGETS,-0.0241,0.004,0.0281,0.3378,0.0098,0.0041,0.4184,0.2995,0.0,5,5,P-NMF
HALLMARK_EPITHELIAL_MESENCHYMAL_TRANSITION,0.2081,0.1537,-0.0544,-0.8117,0.0055,0.0035,0.6364,0.3449,0.0,5,5,P-NMF
HALLMARK_ESTROGEN_RESPONSE_EARLY,0.1307,0.0959,-0.0347,-0.5158,0.0042,0.0048,1.1429,0.2136,0.0,5,5,P-NMF
HALLMARK_ESTROGEN_RESPONSE_LATE,0.111,0.0832,-0.0278,-0.5585,0.0022,0.0027,1.2273,0.2894,0.0,5,5,P-NMF
HALLMARK_FATTY_ACID_METABOLISM,0.0428,0.0398,-0.0029,-0.0353,0.0067,0.0071,1.0597,0.0509,0.0003,5,5,P-NMF
HALLMARK_G2M_CHECKPOINT,0.0276,0.0262,-0.0014,-0.0184,0.0068,0.0046,0.6765,0.2053,0.0,5,5,P-NMF
HALLMARK_GLYCOLYSIS,0.0647,0.0696,0.0049,0.1131,0.0016,0.0022,1.375,0.1336,0.0,5,5,P-NMF
HALLMARK_HEDGEHOG_SIGNALING,0.0102,0.0379,0.0277,0.2909,0.007,0.0112,1.6,0.157,0.0,5,5,P-NMF
HALLMARK_HEME_METABOLISM,0.1167,0.081,-0.0357,-0.6939,0.0024,0.0029,1.2083,0.2726,0.0,5,5,P-NMF
HALLMARK_HYPOXIA,0.1404,0.1192,-0.0212,-0.3411,0.0049,0.0028,0.5714,0.2466,0.0,5,5,P-NMF
HALLMARK_IL2_STAT5_SIGNALING,0.1165,0.0985,-0.0179,-0.3753,0.0024,0.0021,0.875,0.1662,0.0,5,5,P-NMF
HALLMARK_IL6_JAK_STAT3_SIGNALING,0.2103,0.1321,-0.0782,-1.2118,0.0039,0.0044,1.1282,0.4212,0.0,5,5,P-NMF
HALLMARK_INFLAMMATORY_RESPONSE,0.0885,0.0845,-0.004,-0.048,0.0069,0.0067,0.971,0.0665,0.0,5,5,P-NMF
HALLMARK_INTERFERON_ALPHA_RESPONSE,0.191,0.1472,-0.0437,-0.458,0.0099,0.0083,0.8384,0.1954,0.0,5,5,P-NMF
HALLMARK_INTERFERON_GAMMA_RESPONSE,0.1002,0.0779,-0.0223,-0.4024,0.0039,0.0023,0.5897,0.2379,0.0,5,5,P-NMF
HALLMARK_KRAS_SIGNALING_DN,-0.3464,-0.2191,0.1273,0.9567,0.0148,0.0206,1.3919,0.3842,0.0,5,5,P-NMF
HALLMARK_KRAS_SIGNALING_UP,0.0248,0.0383,0.0134,0.2002,0.0052,0.0038,0.7308,0.1313,0.0,5,5,P-NMF
HALLMARK_MITOTIC_SPINDLE,0.0902,0.0796,-0.0106,-0.1983,0.0033,0.0024,0.7273,0.1602,0.0,5,5,P-NMF
HALLMARK_MTORC1_SIGNALING,0.1261,0.1092,-0.0168,-0.4437,0.0015,0.0014,0.9333,0.1957,0.0,5,5,P-NMF
HALLMARK_MYC_TARGETS_V1,0.2146,0.154,-0.0606,-0.9378,0.0036,0.0047,1.3056,0.3576,0.0,5,5,P-NMF
HALLMARK_MYC_TARGETS_V2,0.0901,0.0831,-0.007,-0.0795,0.0076,0.0079,1.0395,0.118,0.0,5,5,P-NMF
HALLMARK_MYOGENESIS,0.2309,0.1736,-0.0572,-1.0722,0.0033,0.0024,0.7273,0.4039,0.0,5,5,P-NMF
HALLMARK_NOTCH_SIGNALING,0.1477,0.1107,-0.037,-0.4867,0.0064,0.0052,0.8125,0.1856,0.0,5,5,P-NMF
HALLMARK_OXIDATIVE_PHOSPHORYLATION,0.1301,0.1059,-0.0242,-0.3194,0.0047,0.0067,1.4255,0.1746,0.0,5,5,P-NMF
HALLMARK_P53_PATHWAY,0.0271,0.0378,0.0107,0.2614,0.0014,0.0019,1.3571,0.1662,0.0,5,5,P-NMF
HALLMARK_PANCREAS_BETA_CELLS,-0.105,-0.1157,-0.0107,-0.0426,0.0497,0.0763,1.5352,0.1419,0.0,5,5,P-NMF
HALLMARK_PEROXISOME,0.1024,0.0722,-0.0302,-0.5301,0.0023,0.0041,1.7826,0.2911,0.0,5,5,P-NMF
HALLMARK_PI3K_AKT_MTOR_SIGNALING,0.0923,0.0923,0.0,-0.0004,0.001,0.0026,2.6,0.1084,0.0,5,5,P-NMF
HALLMARK_PROTEIN_SECRETION,0.2625,0.2005,-0.0621,-1.1786,0.0019,0.0036,1.8947,0.4675,0.0,5,5,P-NMF
HALLMARK_REACTIVE_OXYGEN_SPECIES_PATHWAY,0.135,0.1086,-0.0264,-0.3208,0.0057,0.0078,1.3684,0.2001,0.0,5,5,P-NMF
HALLMARK_SPERMATOGENESIS,-0.124,-0.0369,0.0871,1.0917,0.0082,0.0045,0.5488,0.44,0.0,5,5,P-NMF
HALLMARK_TGF_BETA_SIGNALING,0.1938,0.1477,-0.0461,-0.5235,0.0078,0.0078,1.0,0.3221,0.0,5,5,P-NMF
HALLMARK_TNFA_SIGNALING_VIA_NFKB,0.1164,0.0893,-0.0271,-0.4236,0.0051,0.003,0.5882,0.2365,0.0,5,5,P-NMF
HALLMARK_UNFOLDED_PROTEIN_RESPONSE,0.0903,0.0848,-0.0055,-0.1043,0.0016,0.0039,2.4375,0.1333,0.0,5,5,P-NMF
HALLMARK_UV_RESPONSE_DN,0.1107,0.0934,-0.0174,-0.3161,0.003,0.003,1.0,0.1208,0.0,5,5,P-NMF
HALLMARK_UV_RESPONSE_UP,0.126,0.0988,-0.0272,-0.6427,0.0016,0.0019,1.1875,0.2706,0.0,5,5,P-NMF
HALLMARK_WNT_BETA_CATENIN_SIGNALING,0.0985,0.0833,-0.0153,-0.1801,0.0061,0.0083,1.3607,0.0995,0.0,5,5,P-NMF
HALLMARK_XENOBIOTIC_METABOLISM,0.1037,0.0948,-0.0089,-0.1487,0.0043,0.0029,0.6744,0.0648,0.0,5,5,P-NMF
HALLMARK_ADIPOGENESIS,0.1502,0.1712,0.021,0.342,0.0043,0.0032,0.7442,0.175,0.0,2,2,DP-PGM ε=4
HALLMARK_ALLOGRAFT_REJECTION,0.0651,0.0733,0.0082,0.1227,0.0058,0.0032,0.5517,0.144,0.0,2,2,DP-PGM ε=4
HALLMARK_ANDROGEN_RESPONSE,0.1137,0.1278,0.0141,0.2371,0.0039,0.0032,0.8205,0.1151,0.0,2,2,DP-PGM ε=4
HALLMARK_ANGIOGENESIS,0.2434,0.2699,0.0265,0.3128,0.0068,0.0075,1.1029,0.1206,0.0,2,2,DP-PGM ε=4
HALLMARK_APICAL_JUNCTION,0.1232,0.1349,0.0116,0.253,0.0026,0.0016,0.6154,0.1374,0.0,2,2,DP-PGM ε=4
HALLMARK_APICAL_SURFACE,0.2009,0.2287,0.0277,0.493,0.0028,0.0035,1.25,0.1845,0.0,2,2,DP-PGM ε=4
HALLMARK_APOPTOSIS,0.143,0.1587,0.0157,0.4925,0.0011,0.001,0.9091,0.1764,0.0,2,2,DP-PGM ε=4
HALLMARK_BILE_ACID_METABOLISM,-0.0112,-0.0044,0.0068,0.0804,0.0082,0.0061,0.7439,0.085,0.0,2,2,DP-PGM ε=4
HALLMARK_CHOLESTEROL_HOMEOSTASIS,-0.0116,-0.0076,0.004,0.0517,0.0069,0.0053,0.7681,0.0885,0.0,2,2,DP-PGM ε=4
HALLMARK_COAGULATION,0.1112,0.1261,0.0149,0.1722,0.0097,0.0054,0.5567,0.1267,0.0,2,2,DP-PGM ε=4
HALLMARK_COMPLEMENT,0.1279,0.1432,0.0153,0.3741,0.0019,0.0014,0.7368,0.1689,0.0,2,2,DP-PGM ε=4
HALLMARK_DNA_REPAIR,-0.0247,-0.0264,-0.0018,-0.0374,0.0028,0.0018,0.6429,0.0706,0.0,2,2,DP-PGM ε=4
HALLMARK_E2F_TARGETS,-0.0256,-0.0263,-0.0007,-0.0088,0.0095,0.0049,0.5158,0.1379,0.0,2,2,DP-PGM ε=4
HALLMARK_EPITHELIAL_MESENCHYMAL_TRANSITION,0.2091,0.2343,0.0253,0.4043,0.0055,0.0023,0.4182,0.2192,0.0,2,2,DP-PGM ε=4
HALLMARK_ESTROGEN_RESPONSE_EARLY,0.1311,0.147,0.0159,0.2682,0.0042,0.0028,0.6667,0.1157,0.0,2,2,DP-PGM ε=4
HALLMARK_ESTROGEN_RESPONSE_LATE,0.1108,0.1209,0.0101,0.2153,0.0022,0.0022,1.0,0.0882,0.0,2,2,DP-PGM ε=4
HALLMARK_FATTY_ACID_METABOLISM,0.0424,0.0516,0.0091,0.1236,0.0067,0.0041,0.6119,0.1145,0.0,2,2,DP-PGM ε=4
HALLMARK_G2M_CHECKPOINT,0.0263,0.0324,0.0061,0.0864,0.0066,0.0034,0.5152,0.1669,0.0,2,2,DP-PGM ε=4
HALLMARK_GLYCOLYSIS,0.0646,0.072,0.0075,0.1827,0.0016,0.0018,1.125,0.0853,0.0,2,2,DP-PGM ε=4
HALLMARK_HEDGEHOG_SIGNALING,0.0112,0.0122,0.001,0.0113,0.0068,0.0086,1.2647,0.0523,0.0002,2,2,DP-PGM ε=4
HALLMARK_HEME_METABOLISM,0.1167,0.1297,0.013,0.2759,0.0023,0.0021,0.913,0.107,0.0,2,2,DP-PGM ε=4
HALLMARK_HYPOXIA,0.141,0.1578,0.0169,0.26,0.005,0.0034,0.68,0.1614,0.0,2,2,DP-PGM ε=4
HALLMARK_IL2_STAT5_SIGNALING,0.1167,0.129,0.0123,0.2573,0.0024,0.0021,0.875,0.0853,0.0,2,2,DP-PGM ε=4
HALLMARK_IL6_JAK_STAT3_SIGNALING,0.2105,0.235,0.0245,0.4218,0.0039,0.0028,0.7179,0.17,0.0,2,2,DP-PGM ε=4
HALLMARK_INFLAMMATORY_RESPONSE,0.0887,0.1005,0.0118,0.1526,0.0069,0.005,0.7246,0.1082,0.0,2,2,DP-PGM ε=4
HALLMARK_INTERFERON_ALPHA_RESPONSE,0.1891,0.2132,0.0241,0.2793,0.0101,0.0048,0.4752,0.1365,0.0,2,2,DP-PGM ε=4
HALLMARK_INTERFERON_GAMMA_RESPONSE,0.0991,0.1118,0.0126,0.2331,0.0039,0.002,0.5128,0.1538,0.0,2,2,DP-PGM ε=4
HALLMARK_KRAS_SIGNALING_DN,-0.3445,-0.3864,-0.042,-0.3596,0.0148,0.0124,0.8378,0.2814,0.0,2,2,DP-PGM ε=4
HALLMARK_KRAS_SIGNALING_UP,0.0243,0.0251,0.0008,0.0121,0.0052,0.0047,0.9038,0.0309,0.073,2,2,DP-PGM ε=4
HALLMARK_MITOTIC_SPINDLE,0.0895,0.1007,0.0112,0.2259,0.0033,0.0017,0.5152,0.1394,0.0,2,2,DP-PGM ε=4
HALLMARK_MTORC1_SIGNALING,0.1256,0.1405,0.0149,0.4286,0.0014,0.001,0.7143,0.1903,0.0,2,2,DP-PGM ε=4
HALLMARK_MYC_TARGETS_V1,0.2136,0.2376,0.0241,0.455,0.0036,0.002,0.5556,0.24,0.0,2,2,DP-PGM ε=4
HALLMARK_MYC_TARGETS_V2,0.0885,0.097,0.0085,0.1049,0.0074,0.0057,0.7703,0.0983,0.0,2,2,DP-PGM ε=4
HALLMARK_MYOGENESIS,0.2316,0.2587,0.027,0.5105,0.0034,0.0022,0.6471,0.2253,0.0,2,2,DP-PGM ε=4
HALLMARK_NOTCH_SIGNALING,0.1478,0.1662,0.0184,0.2414,0.0063,0.0052,0.8254,0.0862,0.0,2,2,DP-PGM ε=4
HALLMARK_OXIDATIVE_PHOSPHORYLATION,0.1296,0.1462,0.0166,0.2638,0.0047,0.0032,0.6809,0.1842,0.0,2,2,DP-PGM ε=4
HALLMARK_P53_PATHWAY,0.0276,0.0325,0.0049,0.1288,0.0015,0.0015,1.0,0.0509,0.0003,2,2,DP-PGM ε=4
HALLMARK_PANCREAS_BETA_CELLS,-0.1016,-0.1157,-0.0141,-0.0593,0.05,0.0624,1.248,0.1767,0.0,2,2,DP-PGM ε=4
HALLMARK_PEROXISOME,0.1023,0.1166,0.0143,0.2999,0.0024,0.0022,0.9167,0.166,0.0,2,2,DP-PGM ε=4
HALLMARK_PI3K_AKT_MTOR_SIGNALING,0.0922,0.101,0.0088,0.2558,0.001,0.0013,1.3,0.1264,0.0,2,2,DP-PGM ε=4
HALLMARK_PROTEIN_SECRETION,0.2629,0.2874,0.0246,0.5795,0.0019,0.0017,0.8947,0.192,0.0,2,2,DP-PGM ε=4
HALLMARK_REACTIVE_OXYGEN_SPECIES_PATHWAY,0.1347,0.1511,0.0164,0.2148,0.0057,0.006,1.0526,0.1053,0.0,2,2,DP-PGM ε=4
HALLMARK_SPERMATOGENESIS,-0.125,-0.1395,-0.0145,-0.1778,0.0081,0.0053,0.6543,0.1333,0.0,2,2,DP-PGM ε=4
HALLMARK_TGF_BETA_SIGNALING,0.1945,0.2161,0.0216,0.2615,0.0078,0.0059,0.7564,0.1093,0.0,2,2,DP-PGM ε=4
HALLMARK_TNFA_SIGNALING_VIA_NFKB,0.1165,0.1324,0.0159,0.2634,0.0051,0.0022,0.4314,0.1842,0.0,2,2,DP-PGM ε=4
HALLMARK_UNFOLDED_PROTEIN_RESPONSE,0.0902,0.1007,0.0105,0.2642,0.0016,0.0016,1.0,0.133,0.0,2,2,DP-PGM ε=4
HALLMARK_UV_RESPONSE_DN,0.1112,0.1222,0.011,0.2217,0.0031,0.0018,0.5806,0.1322,0.0,2,2,DP-PGM ε=4
HALLMARK_UV_RESPONSE_UP,0.1257,0.1413,0.0156,0.4173,0.0016,0.0012,0.75,0.1845,0.0,2,2,DP-PGM ε=4
HALLMARK_WNT_BETA_CATENIN_SIGNALING,0.099,0.1093,0.0103,0.1404,0.0059,0.0048,0.8136,0.0668,0.0,2,2,DP-PGM ε=4
HALLMARK_XENOBIOTIC_METABOLISM,0.1034,0.1179,0.0145,0.2379,0.0043,0.0032,0.7442,0.1498,0.0,2,2,DP-PGM ε=4
HALLMARK_ADIPOGENESIS,0.1509,0.1692,0.0183,0.3037,0.0043,0.0029,0.6744,0.1686,0.0,3,3,DP-PGM ε=4
HALLMARK_ALLOGRAFT_REJECTION,0.0646,0.0723,0.0076,0.1132,0.0058,0.0033,0.569,0.1171,0.0,3,3,DP-PGM ε=4
HALLMARK_ANDROGEN_RESPONSE,0.1127,0.1264,0.0136,0.228,0.0039,0.0033,0.8462,0.118,0.0,3,3,DP-PGM ε=4
HALLMARK_ANGIOGENESIS,0.2441,0.2683,0.0242,0.291,0.0067,0.0071,1.0597,0.1058,0.0,3,3,DP-PGM ε=4
HALLMARK_APICAL_JUNCTION,0.1232,0.134,0.0108,0.2274,0.0025,0.002,0.8,0.0957,0.0,3,3,DP-PGM ε=4
HALLMARK_APICAL_SURFACE,0.2004,0.2295,0.0291,0.5191,0.0028,0.0034,1.2143,0.1747,0.0,3,3,DP-PGM ε=4
HALLMARK_APOPTOSIS,0.1434,0.1578,0.0144,0.4642,0.001,0.0009,0.9,0.1741,0.0,3,3,DP-PGM ε=4
HALLMARK_BILE_ACID_METABOLISM,-0.0117,-0.009,0.0027,0.0322,0.0083,0.0059,0.7108,0.0535,0.0001,3,3,DP-PGM ε=4
HALLMARK_CHOLESTEROL_HOMEOSTASIS,-0.011,-0.004,0.007,0.0897,0.0069,0.0055,0.7971,0.0758,0.0,3,3,DP-PGM ε=4
HALLMARK_COAGULATION,0.1122,0.1278,0.0156,0.1782,0.0094,0.0059,0.6277,0.12,0.0,3,3,DP-PGM ε=4
HALLMARK_COMPLEMENT,0.1281,0.1421,0.014,0.3578,0.0019,0.0012,0.6316,0.1885,0.0,3,3,DP-PGM ε=4
HALLMARK_DNA_REPAIR,-0.024,-0.026,-0.002,-0.0414,0.0028,0.0018,0.6429,0.0648,0.0,3,3,DP-PGM ε=4
HALLMARK_E2F_TARGETS,-0.025,-0.0243,0.0007,0.0083,0.0097,0.005,0.5155,0.1417,0.0,3,3,DP-PGM ε=4
HALLMARK_EPITHELIAL_MESENCHYMAL_TRANSITION,0.21,0.2349,0.0248,0.3991,0.0055,0.0023,0.4182,0.2175,0.0,3,3,DP-PGM ε=4
HALLMARK_ESTROGEN_RESPONSE_EARLY,0.1315,0.1427,0.0112,0.1821,0.0042,0.0034,0.8095,0.0714,0.0,3,3,DP-PGM ε=4
HALLMARK_ESTROGEN_RESPONSE_LATE,0.1113,0.1186,0.0073,0.1555,0.0022,0.0022,1.0,0.0853,0.0,3,3,DP-PGM ε=4
HALLMARK_FATTY_ACID_METABOLISM,0.0429,0.0526,0.0098,0.1309,0.0067,0.0044,0.6567,0.111,0.0,3,3,DP-PGM ε=4
HALLMARK_G2M_CHECKPOINT,0.0269,0.0326,0.0057,0.0803,0.0067,0.0035,0.5224,0.1692,0.0,3,3,DP-PGM ε=4
HALLMARK_GLYCOLYSIS,0.0647,0.072,0.0073,0.1901,0.0016,0.0014,0.875,0.0928,0.0,3,3,DP-PGM ε=4
HALLMARK_HEDGEHOG_SIGNALING,0.0097,0.0052,-0.0045,-0.0516,0.0069,0.0083,1.2029,0.0416,0.005,3,3,DP-PGM ε=4
HALLMARK_HEME_METABOLISM,0.1162,0.128,0.0118,0.2645,0.0024,0.0016,0.6667,0.1249,0.0,3,3,DP-PGM ε=4
HALLMARK_HYPOXIA,0.141,0.1567,0.0158,0.2504,0.0049,0.003,0.6122,0.1729,0.0,3,3,DP-PGM ε=4
HALLMARK_IL2_STAT5_SIGNALING,0.1166,0.1275,0.0109,0.2303,0.0024,0.002,0.8333,0.0842,0.0,3,3,DP-PGM ε=4
HALLMARK_IL6_JAK_STAT3_SIGNALING,0.2099,0.2319,0.022,0.3863,0.0039,0.0026,0.6667,0.1567,0.0,3,3,DP-PGM ε=4
HALLMARK_INFLAMMATORY_RESPONSE,0.0887,0.1019,0.0132,0.1718,0.0069,0.0048,0.6957,0.129,0.0,3,3,DP-PGM ε=4
HALLMARK_INTERFERON_ALPHA_RESPONSE,0.1899,0.211,0.0211,0.2506,0.0099,0.0043,0.4343,0.1481,0.0,3,3,DP-PGM ε=4
HALLMARK_INTERFERON_GAMMA_RESPONSE,0.0994,0.1115,0.0121,0.2306,0.0038,0.0016,0.4211,0.1726,0.0,3,3,DP-PGM ε=4
HALLMARK_KRAS_SIGNALING_DN,-0.3452,-0.3824,-0.0372,-0.3174,0.0148,0.0127,0.8581,0.2539,0.0,3,3,DP-PGM ε=4
HALLMARK_KRAS_SIGNALING_UP,0.0241,0.0236,-0.0005,-0.0073,0.0052,0.0051,0.9808,0.0338,0.0382,3,3,DP-PGM ε=4
HALLMARK_MITOTIC_SPINDLE,0.0893,0.0983,0.0091,0.1792,0.0033,0.0019,0.5758,0.1125,0.0,3,3,DP-PGM ε=4
HALLMARK_MTORC1_SIGNALING,0.1261,0.1427,0.0166,0.468,0.0014,0.0011,0.7857,0.2108,0.0,3,3,DP-PGM ε=4
HALLMARK_MYC_TARGETS_V1,0.2141,0.237,0.0229,0.4255,0.0036,0.0022,0.6111,0.2279,0.0,3,3,DP-PGM ε=4
HALLMARK_MYC_TARGETS_V2,0.09,0.0995,0.0095,0.1206,0.0076,0.0047,0.6184,0.1171,0.0,3,3,DP-PGM ε=4
HALLMARK_MYOGENESIS,0.2319,0.2579,0.0259,0.4901,0.0033,0.0023,0.697,0.2276,0.0,3,3,DP-PGM ε=4
HALLMARK_NOTCH_SIGNALING,0.1481,0.1633,0.0153,0.1982,0.0064,0.0055,0.8594,0.0891,0.0,3,3,DP-PGM ε=4
HALLMARK_OXIDATIVE_PHOSPHORYLATION,0.1303,0.1483,0.018,0.2957,0.0047,0.0027,0.5745,0.2134,0.0,3,3,DP-PGM ε=4
HALLMARK_P53_PATHWAY,0.0279,0.0334,0.0055,0.1498,0.0014,0.0013,0.9286,0.0665,0.0,3,3,DP-PGM ε=4
HALLMARK_PANCREAS_BETA_CELLS,-0.1064,-0.1059,0.0006,0.0024,0.049,0.0615,1.2551,0.1608,0.0,3,3,DP-PGM ε=4
HALLMARK_PEROXISOME,0.1025,0.1145,0.012,0.2522,0.0024,0.0022,0.9167,0.1371,0.0,3,3,DP-PGM ε=4
HALLMARK_PI3K_AKT_MTOR_SIGNALING,0.0926,0.1039,0.0113,0.3508,0.001,0.0011,1.1,0.1481,0.0,3,3,DP-PGM ε=4
HALLMARK_PROTEIN_SECRETION,0.2623,0.286,0.0237,0.5443,0.0019,0.0019,1.0,0.2059,0.0,3,3,DP-PGM ε=4
HALLMARK_REACTIVE_OXYGEN_SPECIES_PATHWAY,0.1351,0.1476,0.0124,0.1638,0.0057,0.0058,1.0175,0.0807,0.0,3,3,DP-PGM ε=4
HALLMARK_SPERMATOGENESIS,-0.1245,-0.1351,-0.0106,-0.1294,0.0081,0.0052,0.642,0.1197,0.0,3,3,DP-PGM ε=4
HALLMARK_TGF_BETA_SIGNALING,0.1932,0.2146,0.0214,0.2515,0.0078,0.0067,0.859,0.0917,0.0,3,3,DP-PGM ε=4
HALLMARK_TNFA_SIGNALING_VIA_NFKB,0.1165,0.1312,0.0147,0.2475,0.0051,0.0019,0.3725,0.2079,0.0,3,3,DP-PGM ε=4
HALLMARK_UNFOLDED_PROTEIN_RESPONSE,0.0906,0.1026,0.012,0.3122,0.0016,0.0013,0.8125,0.1394,0.0,3,3,DP-PGM ε=4
HALLMARK_UV_RESPONSE_DN,0.1109,0.1212,0.0104,0.213,0.0031,0.0017,0.5484,0.1405,0.0,3,3,DP-PGM ε=4
HALLMARK_UV_RESPONSE_UP,0.126,0.1407,0.0147,0.3934,0.0016,0.0012,0.75,0.1712,0.0,3,3,DP-PGM ε=4
HALLMARK_WNT_BETA_CATENIN_SIGNALING,0.0994,0.1064,0.007,0.0902,0.0061,0.0059,0.9672,0.0474,0.0008,3,3,DP-PGM ε=4
HALLMARK_XENOBIOTIC_METABOLISM,0.1042,0.1162,0.0119,0.1923,0.0042,0.0035,0.8333,0.1012,0.0,3,3,DP-PGM ε=4
HALLMARK_ADIPOGENESIS,0.1503,0.1662,0.0159,0.2599,0.0043,0.0032,0.7442,0.1359,0.0,5,5,DP-PGM ε=4
HALLMARK_ALLOGRAFT_REJECTION,0.0651,0.0713,0.0062,0.0893,0.0059,0.0038,0.6441,0.1136,0.0,5,5,DP-PGM ε=4
HALLMARK_ANDROGEN_RESPONSE,0.1134,0.123,0.0095,0.1539,0.0039,0.0038,0.9744,0.0653,0.0,5,5,DP-PGM ε=4
HALLMARK_ANGIOGENESIS,0.2436,0.2641,0.0205,0.2422,0.0068,0.0076,1.1176,0.1081,0.0,5,5,DP-PGM ε=4
HALLMARK_APICAL_JUNCTION,0.1229,0.134,0.0111,0.2307,0.0026,0.0021,0.8077,0.1012,0.0,5,5,DP-PGM ε=4
HALLMARK_APICAL_SURFACE,0.2007,0.2255,0.0248,0.4424,0.0028,0.0034,1.2143,0.1726,0.0,5,5,DP-PGM ε=4
HALLMARK_APOPTOSIS,0.1431,0.156,0.0129,0.398,0.001,0.0011,1.1,0.1486,0.0,5,5,DP-PGM ε=4
HALLMARK_BILE_ACID_METABOLISM,-0.0111,-0.011,0.0001,0.0012,0.0081,0.0065,0.8025,0.0419,0.0046,5,5,DP-PGM ε=4
HALLMARK_CHOLESTEROL_HOMEOSTASIS,-0.0119,-0.0091,0.0029,0.0367,0.007,0.0052,0.7429,0.0757,0.0,5,5,DP-PGM ε=4
HALLMARK_COAGULATION,0.1102,0.1241,0.0139,0.1581,0.0096,0.0059,0.6146,0.1174,0.0,5,5,DP-PGM ε=4
HALLMARK_COMPLEMENT,0.1277,0.1422,0.0145,0.3667,0.0019,0.0012,0.6316,0.1839,0.0,5,5,DP-PGM ε=4
HALLMARK_DNA_REPAIR,-0.0242,-0.0256,-0.0014,-0.0298,0.0028,0.0014,0.5,0.0888,0.0,5,5,DP-PGM ε=4
HALLMARK_E2F_TARGETS,-0.0241,-0.0218,0.0023,0.0271,0.0098,0.0046,0.4694,0.1498,0.0,5,5,DP-PGM ε=4
HALLMARK_EPITHELIAL_MESENCHYMAL_TRANSITION,0.2081,0.2306,0.0224,0.3605,0.0055,0.0022,0.4,0.2079,0.0,5,5,DP-PGM ε=4
HALLMARK_ESTROGEN_RESPONSE_EARLY,0.1307,0.1419,0.0112,0.1885,0.0042,0.0028,0.6667,0.0862,0.0,5,5,DP-PGM ε=4
HALLMARK_ESTROGEN_RESPONSE_LATE,0.111,0.1173,0.0063,0.134,0.0022,0.0022,1.0,0.07,0.0,5,5,DP-PGM ε=4
HALLMARK_FATTY_ACID_METABOLISM,0.0428,0.0501,0.0073,0.0965,0.0067,0.0049,0.7313,0.0757,0.0,5,5,DP-PGM ε=4
HALLMARK_G2M_CHECKPOINT,0.0276,0.0334,0.0058,0.0822,0.0068,0.0032,0.4706,0.181,0.0,5,5,DP-PGM ε=4
HALLMARK_GLYCOLYSIS,0.0647,0.0719,0.0072,0.189,0.0016,0.0013,0.8125,0.0954,0.0,5,5,DP-PGM ε=4
HALLMARK_HEDGEHOG_SIGNALING,0.0102,0.0088,-0.0014,-0.0153,0.007,0.0091,1.3,0.0428,0.0036,5,5,DP-PGM ε=4
HALLMARK_HEME_METABOLISM,0.1167,0.1283,0.0115,0.2503,0.0024,0.0019,0.7917,0.1099,0.0,5,5,DP-PGM ε=4
HALLMARK_HYPOXIA,0.1404,0.1546,0.0142,0.2253,0.0049,0.0031,0.6327,0.1509,0.0,5,5,DP-PGM ε=4
HALLMARK_IL2_STAT5_SIGNALING,0.1165,0.1258,0.0093,0.2022,0.0024,0.0018,0.75,0.0766,0.0,5,5,DP-PGM ε=4
HALLMARK_IL6_JAK_STAT3_SIGNALING,0.2103,0.2286,0.0183,0.3167,0.0039,0.0028,0.7179,0.1148,0.0,5,5,DP-PGM ε=4
HALLMARK_INFLAMMATORY_RESPONSE,0.0885,0.0993,0.0108,0.1419,0.0069,0.0046,0.6667,0.1119,0.0,5,5,DP-PGM ε=4
HALLMARK_INTERFERON_ALPHA_RESPONSE,0.191,0.2079,0.0169,0.2012,0.0099,0.0042,0.4242,0.137,0.0,5,5,DP-PGM ε=4
HALLMARK_INTERFERON_GAMMA_RESPONSE,0.1002,0.1097,0.0095,0.1776,0.0039,0.0018,0.4615,0.1428,0.0,5,5,DP-PGM ε=4
HALLMARK_KRAS_SIGNALING_DN,-0.3464,-0.386,-0.0397,-0.3474,0.0148,0.0113,0.7635,0.2472,0.0,5,5,DP-PGM ε=4
HALLMARK_KRAS_SIGNALING_UP,0.0248,0.0281,0.0033,0.0489,0.0052,0.004,0.7692,0.0483,0.0006,5,5,DP-PGM ε=4
HALLMARK_MITOTIC_SPINDLE,0.0902,0.1013,0.0111,0.2143,0.0033,0.002,0.6061,0.1327,0.0,5,5,DP-PGM ε=4
HALLMARK_MTORC1_SIGNALING,0.1261,0.1391,0.013,0.3734,0.0015,0.0009,0.6,0.1897,0.0,5,5,DP-PGM ε=4
HALLMARK_MYC_TARGETS_V1,0.2146,0.2351,0.0206,0.3956,0.0036,0.0018,0.5,0.246,0.0,5,5,DP-PGM ε=4
HALLMARK_MYC_TARGETS_V2,0.0901,0.0961,0.006,0.0754,0.0076,0.0052,0.6842,0.0908,0.0,5,5,DP-PGM ε=4
HALLMARK_MYOGENESIS,0.2309,0.2534,0.0225,0.4424,0.0033,0.0019,0.5758,0.2032,0.0,5,5,DP-PGM ε=4
HALLMARK_NOTCH_SIGNALING,0.1477,0.1667,0.019,0.2527,0.0064,0.0049,0.7656,0.098,0.0,5,5,DP-PGM ε=4
HALLMARK_OXIDATIVE_PHOSPHORYLATION,0.1301,0.1437,0.0136,0.2208,0.0047,0.0029,0.617,0.1613,0.0,5,5,DP-PGM ε=4
HALLMARK_P53_PATHWAY,0.0271,0.0299,0.0028,0.0734,0.0014,0.0014,1.0,0.0318,0.0605,5,5,DP-PGM ε=4
HALLMARK_PANCREAS_BETA_CELLS,-0.105,-0.1176,-0.0127,-0.0543,0.0497,0.0593,1.1932,0.1685,0.0,5,5,DP-PGM ε=4
HALLMARK_PEROXISOME,0.1024,0.1133,0.0109,0.2239,0.0023,0.0024,1.0435,0.1087,0.0,5,5,DP-PGM ε=4
HALLMARK_PI3K_AKT_MTOR_SIGNALING,0.0923,0.0992,0.0069,0.2042,0.001,0.0013,1.3,0.109,0.0,5,5,DP-PGM ε=4
HALLMARK_PROTEIN_SECRETION,0.2625,0.2841,0.0216,0.5035,0.0019,0.0018,0.9474,0.1737,0.0,5,5,DP-PGM ε=4
HALLMARK_REACTIVE_OXYGEN_SPECIES_PATHWAY,0.135,0.1475,0.0126,0.1634,0.0057,0.0061,1.0702,0.0853,0.0,5,5,DP-PGM ε=4
HALLMARK_SPERMATOGENESIS,-0.124,-0.1325,-0.0085,-0.1071,0.0082,0.0045,0.5488,0.1281,0.0,5,5,DP-PGM ε=4
HALLMARK_TGF_BETA_SIGNALING,0.1938,0.2135,0.0197,0.2309,0.0078,0.0068,0.8718,0.0836,0.0,5,5,DP-PGM ε=4
HALLMARK_TNFA_SIGNALING_VIA_NFKB,0.1164,0.1298,0.0134,0.2278,0.0051,0.0018,0.3529,0.1911,0.0,5,5,DP-PGM ε=4
HALLMARK_UNFOLDED_PROTEIN_RESPONSE,0.0903,0.0988,0.0085,0.2135,0.0016,0.0015,0.9375,0.1012,0.0,5,5,DP-PGM ε=4
HALLMARK_UV_RESPONSE_DN,0.1107,0.1224,0.0116,0.2352,0.003,0.0019,0.6333,0.1286,0.0,5,5,DP-PGM ε=4
HALLMARK_UV_RESPONSE_UP,0.126,0.1383,0.0124,0.3347,0.0016,0.0011,0.6875,0.1657,0.0,5,5,DP-PGM ε=4
HALLMARK_WNT_BETA_CATENIN_SIGNALING,0.0985,0.1062,0.0077,0.1053,0.0061,0.0046,0.7541,0.061,0.0,5,5,DP-PGM ε=4
HALLMARK_XENOBIOTIC_METABOLISM,0.1037,0.1149,0.0112,0.179,0.0043,0.0035,0.814,0.1006,0.0,5,5,DP-PGM ε=4
HALLMARK_ADIPOGENESIS,0.1505,0.1671,0.0165,0.2784,0.0042,0.0028,0.6667,0.1573,0.0,4,4,DP-PGM ε=4
HALLMARK_ALLOGRAFT_REJECTION,0.0657,0.0741,0.0084,0.1263,0.0058,0.0029,0.5,0.1552,0.0,4,4,DP-PGM ε=4
HALLMARK_ANDROGEN_RESPONSE,0.1136,0.1251,0.0115,0.1929,0.004,0.0031,0.775,0.0968,0.0,4,4,DP-PGM ε=4
HALLMARK_ANGIOGENESIS,0.244,0.268,0.0239,0.2881,0.0068,0.007,1.0294,0.1038,0.0,4,4,DP-PGM ε=4
HALLMARK_APICAL_JUNCTION,0.1234,0.1367,0.0133,0.2868,0.0026,0.0018,0.6923,0.1463,0.0,4,4,DP-PGM ε=4
HALLMARK_APICAL_SURFACE,0.2007,0.2248,0.0241,0.4273,0.0028,0.0036,1.2857,0.1414,0.0,4,4,DP-PGM ε=4
HALLMARK_APOPTOSIS,0.1431,0.1568,0.0136,0.4299,0.001,0.001,1.0,0.1547,0.0,4,4,DP-PGM ε=4
HALLMARK_BILE_ACID_METABOLISM,-0.0107,-0.0063,0.0045,0.0527,0.0081,0.0064,0.7901,0.0622,0.0,4,4,DP-PGM ε=4
HALLMARK_CHOLESTEROL_HOMEOSTASIS,-0.012,-0.0086,0.0035,0.0468,0.0069,0.0041,0.5942,0.1029,0.0,4,4,DP-PGM ε=4
HALLMARK_COAGULATION,0.1106,0.1243,0.0137,0.1545,0.0097,0.006,0.6186,0.1061,0.0,4,4,DP-PGM ε=4
HALLMARK_COMPLEMENT,0.1282,0.1411,0.0129,0.3236,0.0019,0.0013,0.6842,0.157,0.0,4,4,DP-PGM ε=4
HALLMARK_DNA_REPAIR,-0.0245,-0.0243,0.0002,0.0044,0.0028,0.0016,0.5714,0.0786,0.0,4,4,DP-PGM ε=4
HALLMARK_E2F_TARGETS,-0.025,-0.0227,0.0022,0.0267,0.0096,0.0045,0.4688,0.1515,0.0,4,4,DP-PGM ε=4
HALLMARK_EPITHELIAL_MESENCHYMAL_TRANSITION,0.2085,0.231,0.0226,0.3653,0.0055,0.0021,0.3818,0.2203,0.0,4,4,DP-PGM ε=4
HALLMARK_ESTROGEN_RESPONSE_EARLY,0.1308,0.1414,0.0106,0.1719,0.0043,0.0033,0.7674,0.0711,0.0,4,4,DP-PGM ε=4
HALLMARK_ESTROGEN_RESPONSE_LATE,0.111,0.1177,0.0067,0.143,0.0022,0.0022,1.0,0.0656,0.0,4,4,DP-PGM ε=4
HALLMARK_FATTY_ACID_METABOLISM,0.0426,0.0529,0.0103,0.1431,0.0067,0.0038,0.5672,0.1229,0.0,4,4,DP-PGM ε=4
HALLMARK_G2M_CHECKPOINT,0.0268,0.0332,0.0065,0.0911,0.0066,0.0034,0.5152,0.1639,0.0,4,4,DP-PGM ε=4
HALLMARK_GLYCOLYSIS,0.0644,0.0693,0.0049,0.1263,0.0016,0.0014,0.875,0.0665,0.0,4,4,DP-PGM ε=4
HALLMARK_HEDGEHOG_SIGNALING,0.0105,0.0067,-0.0038,-0.0426,0.0068,0.0092,1.3529,0.0541,0.0001,4,4,DP-PGM ε=4
HALLMARK_HEME_METABOLISM,0.1169,0.1286,0.0117,0.2615,0.0024,0.0016,0.6667,0.1206,0.0,4,4,DP-PGM ε=4
HALLMARK_HYPOXIA,0.1403,0.1524,0.012,0.1871,0.0049,0.0034,0.6939,0.1246,0.0,4,4,DP-PGM ε=4
HALLMARK_IL2_STAT5_SIGNALING,0.1169,0.1259,0.009,0.1849,0.0024,0.0024,1.0,0.0757,0.0,4,4,DP-PGM ε=4
HALLMARK_IL6_JAK_STAT3_SIGNALING,0.2108,0.2312,0.0204,0.3522,0.0039,0.0028,0.7179,0.1454,0.0,4,4,DP-PGM ε=4
HALLMARK_INFLAMMATORY_RESPONSE,0.0885,0.0991,0.0107,0.1451,0.0069,0.0039,0.5652,0.1448,0.0,4,4,DP-PGM ε=4
HALLMARK_INTERFERON_ALPHA_RESPONSE,0.1914,0.2114,0.02,0.2346,0.0101,0.0044,0.4356,0.1376,0.0,4,4,DP-PGM ε=4
HALLMARK_INTERFERON_GAMMA_RESPONSE,0.1001,0.1126,0.0125,0.2387,0.0039,0.0016,0.4103,0.1755,0.0,4,4,DP-PGM ε=4
HALLMARK_KRAS_SIGNALING_DN,-0.3449,-0.3831,-0.0382,-0.3217,0.0149,0.0133,0.8926,0.2853,0.0,4,4,DP-PGM ε=4
HALLMARK_KRAS_SIGNALING_UP,0.0246,0.0267,0.0021,0.0298,0.0052,0.005,0.9615,0.0197,0.5159,4,4,DP-PGM ε=4
HALLMARK_MITOTIC_SPINDLE,0.0899,0.101,0.0112,0.2201,0.0033,0.0019,0.5758,0.1197,0.0,4,4,DP-PGM ε=4
HALLMARK_MTORC1_SIGNALING,0.1256,0.1386,0.0131,0.3715,0.0015,0.001,0.6667,0.1778,0.0,4,4,DP-PGM ε=4
HALLMARK_MYC_TARGETS_V1,0.2142,0.2371,0.023,0.4368,0.0036,0.002,0.5556,0.2524,0.0,4,4,DP-PGM ε=4
HALLMARK_MYC_TARGETS_V2,0.0884,0.0981,0.0097,0.1202,0.0075,0.0055,0.7333,0.1,0.0,4,4,DP-PGM ε=4
HALLMARK_MYOGENESIS,0.2314,0.2521,0.0207,0.3801,0.0034,0.0026,0.7647,0.1775,0.0,4,4,DP-PGM ε=4
HALLMARK_NOTCH_SIGNALING,0.1475,0.1601,0.0126,0.1573,0.0065,0.0063,0.9692,0.074,0.0,4,4,DP-PGM ε=4
HALLMARK_OXIDATIVE_PHOSPHORYLATION,0.1299,0.1454,0.0154,0.2581,0.0047,0.0025,0.5319,0.2108,0.0,4,4,DP-PGM ε=4
HALLMARK_P53_PATHWAY,0.0273,0.0305,0.0031,0.0847,0.0015,0.0013,0.8667,0.052,0.0002,4,4,DP-PGM ε=4
HALLMARK_PANCREAS_BETA_CELLS,-0.1043,-0.1171,-0.0128,-0.0547,0.0496,0.0603,1.2157,0.1711,0.0,4,4,DP-PGM ε=4
HALLMARK_PEROXISOME,0.1024,0.1162,0.0137,0.284,0.0023,0.0023,1.0,0.1526,0.0,4,4,DP-PGM ε=4
HALLMARK_PI3K_AKT_MTOR_SIGNALING,0.0924,0.0984,0.006,0.1854,0.001,0.0011,1.1,0.0824,0.0,4,4,DP-PGM ε=4
HALLMARK_PROTEIN_SECRETION,0.2626,0.2875,0.0249,0.5847,0.0019,0.0017,0.8947,0.1908,0.0,4,4,DP-PGM ε=4
HALLMARK_REACTIVE_OXYGEN_SPECIES_PATHWAY,0.1345,0.1481,0.0136,0.1794,0.0058,0.0057,0.9828,0.1052,0.0,4,4,DP-PGM ε=4
HALLMARK_SPERMATOGENESIS,-0.1245,-0.1356,-0.0112,-0.1403,0.0081,0.0045,0.5556,0.1286,0.0,4,4,DP-PGM ε=4
HALLMARK_TGF_BETA_SIGNALING,0.1938,0.2108,0.017,0.2035,0.0078,0.0061,0.7821,0.0928,0.0,4,4,DP-PGM ε=4
HALLMARK_TNFA_SIGNALING_VIA_NFKB,0.1162,0.1288,0.0126,0.211,0.0052,0.0019,0.3654,0.1917,0.0,4,4,DP-PGM ε=4
HALLMARK_UNFOLDED_PROTEIN_RESPONSE,0.0899,0.0993,0.0094,0.2442,0.0016,0.0014,0.875,0.1044,0.0,4,4,DP-PGM ε=4
HALLMARK_UV_RESPONSE_DN,0.1104,0.1205,0.0101,0.2001,0.0031,0.002,0.6452,0.1081,0.0,4,4,DP-PGM ε=4
HALLMARK_UV_RESPONSE_UP,0.1258,0.1398,0.014,0.3803,0.0016,0.001,0.625,0.1711,0.0,4,4,DP-PGM ε=4
HALLMARK_WNT_BETA_CATENIN_SIGNALING,0.0986,0.1061,0.0075,0.0973,0.0061,0.0058,0.9508,0.0497,0.0004,4,4,DP-PGM ε=4
HALLMARK_XENOBIOTIC_METABOLISM,0.1038,0.1164,0.0125,0.1998,0.0042,0.0036,0.8571,0.1101,0.0,4,4,DP-PGM ε=4
HALLMARK_ADIPOGENESIS,0.1501,0.1695,0.0193,0.3135,0.0043,0.0033,0.7674,0.146,0.0,1,1,DP-PGM ε=4
HALLMARK_ALLOGRAFT_REJECTION,0.0652,0.0737,0.0086,0.1282,0.0058,0.0032,0.5517,0.1449,0.0,1,1,DP-PGM ε=4
HALLMARK_ANDROGEN_RESPONSE,0.1138,0.1266,0.0128,0.2103,0.0039,0.0035,0.8974,0.1079,0.0,1,1,DP-PGM ε=4
HALLMARK_ANGIOGENESIS,0.2436,0.2698,0.0262,0.3252,0.0068,0.0062,0.9118,0.1304,0.0,1,1,DP-PGM ε=4
HALLMARK_APICAL_JUNCTION,0.1232,0.1378,0.0146,0.3101,0.0026,0.0019,0.7308,0.1434,0.0,1,1,DP-PGM ε=4
HALLMARK_APICAL_SURFACE,0.2011,0.2296,0.0285,0.4886,0.0028,0.004,1.4286,0.1767,0.0,1,1,DP-PGM ε=4
HALLMARK_APOPTOSIS,0.1435,0.1601,0.0166,0.5304,0.001,0.0009,0.9,0.1926,0.0,1,1,DP-PGM ε=4
HALLMARK_BILE_ACID_METABOLISM,-0.0115,-0.0072,0.0043,0.0488,0.0082,0.0074,0.9024,0.0596,0.0,1,1,DP-PGM ε=4
HALLMARK_CHOLESTEROL_HOMEOSTASIS,-0.0114,-0.0057,0.0057,0.0704,0.0069,0.006,0.8696,0.068,0.0,1,1,DP-PGM ε=4
HALLMARK_COAGULATION,0.1114,0.1288,0.0174,0.1988,0.0096,0.0058,0.6042,0.1296,0.0,1,1,DP-PGM ε=4
HALLMARK_COMPLEMENT,0.1282,0.1459,0.0176,0.4385,0.0019,0.0013,0.6842,0.1894,0.0,1,1,DP-PGM ε=4
HALLMARK_DNA_REPAIR,-0.0244,-0.0248,-0.0004,-0.0085,0.0028,0.0018,0.6429,0.072,0.0,1,1,DP-PGM ε=4
HALLMARK_E2F_TARGETS,-0.0242,-0.0253,-0.0011,-0.0127,0.0097,0.0054,0.5567,0.1186,0.0,1,1,DP-PGM ε=4
HALLMARK_EPITHELIAL_MESENCHYMAL_TRANSITION,0.2093,0.2359,0.0266,0.4288,0.0056,0.0021,0.375,0.2357,0.0,1,1,DP-PGM ε=4
HALLMARK_ESTROGEN_RESPONSE_EARLY,0.1317,0.1444,0.0127,0.2051,0.0042,0.0035,0.8333,0.1001,0.0,1,1,DP-PGM ε=4
HALLMARK_ESTROGEN_RESPONSE_LATE,0.1115,0.1212,0.0097,0.2044,0.0022,0.0023,1.0455,0.0992,0.0,1,1,DP-PGM ε=4
HALLMARK_FATTY_ACID_METABOLISM,0.0422,0.0526,0.0104,0.1375,0.0067,0.0048,0.7164,0.1015,0.0,1,1,DP-PGM ε=4
HALLMARK_G2M_CHECKPOINT,0.0272,0.0318,0.0046,0.0632,0.0067,0.0037,0.5522,0.1394,0.0,1,1,DP-PGM ε=4
HALLMARK_GLYCOLYSIS,0.0649,0.0724,0.0075,0.1926,0.0016,0.0014,0.875,0.0787,0.0,1,1,DP-PGM ε=4
HALLMARK_HEDGEHOG_SIGNALING,0.0102,0.0072,-0.003,-0.0333,0.007,0.0094,1.3429,0.0529,0.0001,1,1,DP-PGM ε=4
HALLMARK_HEME_METABOLISM,0.1167,0.1315,0.0148,0.3149,0.0024,0.0021,0.875,0.1229,0.0,1,1,DP-PGM ε=4
HALLMARK_HYPOXIA,0.1415,0.1586,0.0171,0.2661,0.005,0.0033,0.66,0.1851,0.0,1,1,DP-PGM ε=4
HALLMARK_IL2_STAT5_SIGNALING,0.1171,0.1276,0.0105,0.2205,0.0024,0.0022,0.9167,0.0691,0.0,1,1,DP-PGM ε=4
HALLMARK_IL6_JAK_STAT3_SIGNALING,0.2104,0.2333,0.0229,0.3926,0.0039,0.0029,0.7436,0.1541,0.0,1,1,DP-PGM ε=4
HALLMARK_INFLAMMATORY_RESPONSE,0.0888,0.0986,0.0098,0.1301,0.007,0.0045,0.6429,0.116,0.0,1,1,DP-PGM ε=4
HALLMARK_INTERFERON_ALPHA_RESPONSE,0.1897,0.2154,0.0257,0.3015,0.01,0.0045,0.45,0.1579,0.0,1,1,DP-PGM ε=4
HALLMARK_INTERFERON_GAMMA_RESPONSE,0.0995,0.1121,0.0126,0.2339,0.0039,0.0019,0.4872,0.1628,0.0,1,1,DP-PGM ε=4
HALLMARK_KRAS_SIGNALING_DN,-0.3465,-0.3887,-0.0422,-0.3645,0.0149,0.012,0.8054,0.2872,0.0,1,1,DP-PGM ε=4
HALLMARK_KRAS_SIGNALING_UP,0.0247,0.0288,0.0041,0.0591,0.0053,0.0042,0.7925,0.057,0.0,1,1,DP-PGM ε=4
HALLMARK_MITOTIC_SPINDLE,0.0904,0.1032,0.0128,0.2501,0.0033,0.002,0.6061,0.1223,0.0,1,1,DP-PGM ε=4
HALLMARK_MTORC1_SIGNALING,0.1263,0.1425,0.0162,0.4685,0.0015,0.001,0.6667,0.2102,0.0,1,1,DP-PGM ε=4
HALLMARK_MYC_TARGETS_V1,0.2143,0.2401,0.0258,0.4736,0.0036,0.0023,0.6389,0.2357,0.0,1,1,DP-PGM ε=4
HALLMARK_MYC_TARGETS_V2,0.0891,0.1013,0.0123,0.1517,0.0077,0.0054,0.7013,0.1168,0.0,1,1,DP-PGM ε=4
HALLMARK_MYOGENESIS,0.2322,0.2591,0.0269,0.5036,0.0034,0.0023,0.6765,0.2134,0.0,1,1,DP-PGM ε=4
HALLMARK_NOTCH_SIGNALING,0.1477,0.1602,0.0124,0.1569,0.0064,0.0061,0.9531,0.0859,0.0,1,1,DP-PGM ε=4
HALLMARK_OXIDATIVE_PHOSPHORYLATION,0.1298,0.1489,0.0191,0.3067,0.0047,0.0031,0.6596,0.1871,0.0,1,1,DP-PGM ε=4
HALLMARK_P53_PATHWAY,0.0276,0.0307,0.0031,0.0814,0.0014,0.0014,1.0,0.0344,0.0333,1,1,DP-PGM ε=4
HALLMARK_PANCREAS_BETA_CELLS,-0.1037,-0.1112,-0.0075,-0.0309,0.0503,0.0673,1.338,0.1839,0.0,1,1,DP-PGM ε=4
HALLMARK_PEROXISOME,0.1024,0.1157,0.0133,0.2581,0.0024,0.0029,1.2083,0.1171,0.0,1,1,DP-PGM ε=4
HALLMARK_PI3K_AKT_MTOR_SIGNALING,0.0927,0.1039,0.0112,0.3323,0.001,0.0013,1.3,0.1599,0.0,1,1,DP-PGM ε=4
HALLMARK_PROTEIN_SECRETION,0.2628,0.2922,0.0294,0.6918,0.0019,0.0017,0.8947,0.2403,0.0,1,1,DP-PGM ε=4
HALLMARK_REACTIVE_OXYGEN_SPECIES_PATHWAY,0.1347,0.1471,0.0124,0.1586,0.0057,0.0064,1.1228,0.0957,0.0,1,1,DP-PGM ε=4
HALLMARK_SPERMATOGENESIS,-0.1243,-0.138,-0.0137,-0.1676,0.0083,0.0052,0.6265,0.1359,0.0,1,1,DP-PGM ε=4
HALLMARK_TGF_BETA_SIGNALING,0.1946,0.2147,0.02,0.2342,0.0078,0.0069,0.8846,0.0879,0.0,1,1,DP-PGM ε=4
HALLMARK_TNFA_SIGNALING_VIA_NFKB,0.1171,0.1312,0.0141,0.2404,0.0051,0.0018,0.3529,0.2082,0.0,1,1,DP-PGM ε=4
HALLMARK_UNFOLDED_PROTEIN_RESPONSE,0.0908,0.1023,0.0115,0.3024,0.0016,0.0013,0.8125,0.1527,0.0,1,1,DP-PGM ε=4
HALLMARK_UV_RESPONSE_DN,0.1115,0.1235,0.012,0.2364,0.0031,0.0021,0.6774,0.1168,0.0,1,1,DP-PGM ε=4
HALLMARK_UV_RESPONSE_UP,0.1259,0.1429,0.017,0.4711,0.0016,0.001,0.625,0.2126,0.0,1,1,DP-PGM ε=4
HALLMARK_WNT_BETA_CATENIN_SIGNALING,0.0988,0.1062,0.0074,0.1002,0.0059,0.0049,0.8305,0.0416,0.005,1,1,DP-PGM ε=4
HALLMARK_XENOBIOTIC_METABOLISM,0.1037,0.1189,0.0152,0.238,0.0043,0.0039,0.907,0.1148,0.0,1,1,DP-PGM ε=4
