accuracy_best,mia_aucroc,average_precision,mia_pr_auc,mia_f1_median,f1_best,tpr_at_fpr_01,tpr_at_fpr_001,mia_precision@5pt,tp_count,method,fold,origin,category,accuracy_synthetic,avg_pr_macro_synthetic,avg_pr_weight_synthetic,f1_synthetic,auroc_synthetic,accuracy_real,avg_pr_macro_real,avg_pr_weight_real,f1_real,auroc_real,feature_overlap_count,feature_overlap_proportion,MMD_train,MMD_test,MMD_base,discriminative_score,distance_to_closest,distance_to_closest_base,kl_mean_train,kl_mean_test,kl_mean_base,prdc_precision,prdc_recall,prdc_density,prdc_coverage,prdc_density_test,prdc_coverage_test,submmd_BRCA.Basal,submmd_BRCA.Her2,submmd_BRCA.LumA,submmd_BRCA.LumB,submmd_BRCA.Normal,accuracy_relative,avg_pr_macro_relative,avg_pr_weight_relative,auroc_relative,f1_relative,distance_to_closest_relative
0.2672176308539944,0.5102434194588105,0.8017979591544244,0.8161127592214155,0.1857142857142857,0.1857142857142857,1.0,0.0218140068886337,0.8,44.0,MC,1,MVN,baseline,0.8349,0.8315,0.8793247980239841,0.8272253612755162,0.955895175519073,0.8532,0.849,0.9121615999734864,0.8477032510339282,0.9692310951026104,13.0,0.26,0.0180216289915234,0.01677110128965,-0.0001278537363231,0.5253456221198156,28.4956,24.1871,0.141510317375191,0.2103608059491608,0.2329079960197268,0.2204362801377726,0.9712973593570609,0.0732491389207807,0.1905855338691159,0.0484500574052812,0.3211009174311927,0.0274744198048035,0.0121176605383781,0.0202967367001193,0.0255587838563403,0.0004222667125483,0.9785513361462729,0.9793875147232038,0.9640011134535188,0.9862407225161038,0.9758430916320829,1.1781321448209996
0.7998163452708907,0.5501585228409821,0.8253362099086177,0.8248889128940395,0.6346289752650177,0.8885480572597138,0.1354764638346728,0.0080367393800229,0.8363636363636363,46.0,gan_leaks,1,MVN,baseline,0.8349,0.8315,0.8793247980239841,0.8272253612755162,0.955895175519073,0.8532,0.849,0.9121615999734864,0.8477032510339282,0.9692310951026104,13.0,0.26,0.0180216289915234,0.01677110128965,-0.0001278537363231,0.5253456221198156,28.4956,24.1871,0.141510317375191,0.2103608059491608,0.2329079960197268,0.2204362801377726,0.9712973593570609,0.0732491389207807,0.1905855338691159,0.0484500574052812,0.3211009174311927,0.0274744198048035,0.0121176605383781,0.0202967367001193,0.0255587838563403,0.0004222667125483,0.9785513361462729,0.9793875147232038,0.9640011134535188,0.9862407225161038,0.9758430916320829,1.1781321448209996
0.8016528925619835,0.571119350319679,0.8193758630412847,0.8188219249329883,0.6332155477031802,0.8896833503575077,0.1113662456946039,0.0080367393800229,0.7454545454545455,41.0,loss_lr,1,MVN,baseline,0.8349,0.8315,0.8793247980239841,0.8272253612755162,0.955895175519073,0.8532,0.849,0.9121615999734864,0.8477032510339282,0.9692310951026104,13.0,0.26,0.0180216289915234,0.01677110128965,-0.0001278537363231,0.5253456221198156,28.4956,24.1871,0.141510317375191,0.2103608059491608,0.2329079960197268,0.2204362801377726,0.9712973593570609,0.0732491389207807,0.1905855338691159,0.0484500574052812,0.3211009174311927,0.0274744198048035,0.0121176605383781,0.0202967367001193,0.0255587838563403,0.0004222667125483,0.9785513361462729,0.9793875147232038,0.9640011134535188,0.9862407225161038,0.9758430916320829,1.1781321448209996
0.8016528925619835,0.5153993616954045,0.811958938412376,0.8114527474146815,0.6176678445229682,0.8895705521472392,0.1377726750861079,0.0160734787600459,0.7818181818181819,43.0,loss_rf,1,MVN,baseline,0.8349,0.8315,0.8793247980239841,0.8272253612755162,0.955895175519073,0.8532,0.849,0.9121615999734864,0.8477032510339282,0.9692310951026104,13.0,0.26,0.0180216289915234,0.01677110128965,-0.0001278537363231,0.5253456221198156,28.4956,24.1871,0.141510317375191,0.2103608059491608,0.2329079960197268,0.2204362801377726,0.9712973593570609,0.0732491389207807,0.1905855338691159,0.0484500574052812,0.3211009174311927,0.0274744198048035,0.0121176605383781,0.0202967367001193,0.0255587838563403,0.0004222667125483,0.9785513361462729,0.9793875147232038,0.9640011134535188,0.9862407225161038,0.9758430916320829,1.1781321448209996
0.2727272727272727,0.5203341092701629,0.8107201583610839,0.8407241226513699,0.1918367346938775,0.1918367346938775,1.0,0.0516647531572904,0.9090909090909092,50.0,MC,2,MVN,baseline,0.8394,0.7835,0.8507382558575305,0.8301298707822252,0.9469008921142884,0.8303,0.8327,0.8861074834779407,0.8283029082654705,0.9608882824403228,17.0,0.3469,0.0181962713963806,0.0185489341986512,-0.0005475346651139,0.5331781140861467,28.5525,24.3844,0.1391209271876329,0.2209622894034635,0.2467633977888903,0.2123995407577497,0.9747416762342136,0.0805970149253731,0.2158438576349024,0.0727898966704936,0.4220183486238532,0.0261895559917812,0.0141303726975439,0.0207140186559507,0.0261968236994135,-0.0001940966049837,1.0109598940142117,0.9409150954725591,0.9600847207817418,0.9854432710007544,1.0022056695666812,1.170933055560112
0.8034894398530762,0.5420480519070139,0.8244622038517364,0.8241934479140254,0.6261484098939929,0.8900308324768756,0.1262916188289322,0.0344431687715269,0.8727272727272727,48.0,gan_leaks,2,MVN,baseline,0.8394,0.7835,0.8507382558575305,0.8301298707822252,0.9469008921142884,0.8303,0.8327,0.8861074834779407,0.8283029082654705,0.9608882824403228,17.0,0.3469,0.0181962713963806,0.0185489341986512,-0.0005475346651139,0.5331781140861467,28.5525,24.3844,0.1391209271876329,0.2209622894034635,0.2467633977888903,0.2123995407577497,0.9747416762342136,0.0805970149253731,0.2158438576349024,0.0727898966704936,0.4220183486238532,0.0261895559917812,0.0141303726975439,0.0207140186559507,0.0261968236994135,-0.0001940966049837,1.0109598940142117,0.9409150954725591,0.9600847207817418,0.9854432710007544,1.0022056695666812,1.170933055560112
0.7998163452708907,0.5864133812237332,0.8360915582299617,0.8356193222295079,0.6473498233215548,0.8886618998978549,0.1343283582089552,0.018369690011481,0.8,44.0,loss_lr,2,MVN,baseline,0.8394,0.7835,0.8507382558575305,0.8301298707822252,0.9469008921142884,0.8303,0.8327,0.8861074834779407,0.8283029082654705,0.9608882824403228,17.0,0.3469,0.0181962713963806,0.0185489341986512,-0.0005475346651139,0.5331781140861467,28.5525,24.3844,0.1391209271876329,0.2209622894034635,0.2467633977888903,0.2123995407577497,0.9747416762342136,0.0805970149253731,0.2158438576349024,0.0727898966704936,0.4220183486238532,0.0261895559917812,0.0141303726975439,0.0207140186559507,0.0261968236994135,-0.0001940966049837,1.0109598940142117,0.9409150954725591,0.9600847207817418,0.9854432710007544,1.0022056695666812,1.170933055560112
0.7988980716253443,0.5265249265317731,0.8181106334779795,0.8177091387976522,0.6176678445229682,0.888208269525268,0.1216991963260619,0.0172215843857634,0.8727272727272727,48.0,loss_rf,2,MVN,baseline,0.8394,0.7835,0.8507382558575305,0.8301298707822252,0.9469008921142884,0.8303,0.8327,0.8861074834779407,0.8283029082654705,0.9608882824403228,17.0,0.3469,0.0181962713963806,0.0185489341986512,-0.0005475346651139,0.5331781140861467,28.5525,24.3844,0.1391209271876329,0.2209622894034635,0.2467633977888903,0.2123995407577497,0.9747416762342136,0.0805970149253731,0.2158438576349024,0.0727898966704936,0.4220183486238532,0.0261895559917812,0.0141303726975439,0.0207140186559507,0.0261968236994135,-0.0001940966049837,1.0109598940142117,0.9409150954725591,0.9600847207817418,0.9854432710007544,1.0022056695666812,1.170933055560112
0.2672176308539944,0.5104382814228084,0.8027563498105135,0.8168452956746287,0.1857142857142857,0.1857142857142857,1.0,0.018369690011481,0.8,44.0,MC,4,MVN,baseline,0.867,0.8159,0.9071128645473004,0.8639764235270746,0.967904008606153,0.8578,0.8296,0.9240185699041178,0.8495727646904352,0.9755638419488776,19.0,0.38,0.0184736473301257,0.0204129087380958,-0.0007979959904835,0.5570776255707762,28.451,24.0923,0.1415854158283581,0.2116346748754113,0.2258750031191362,0.2169919632606199,0.9609644087256028,0.0766934557979334,0.1974741676234213,0.0479908151549942,0.3394495412844037,0.0230873428232979,0.0134509138845993,0.0197410916192178,0.0256593830410646,0.0031890389749237,1.010725110748426,0.9834860173577628,0.9817041497785357,0.9921483013070446,1.0169540025707955,1.1809167244306271
0.800734618916437,0.5354438112893541,0.8181545087640066,0.8177648907456063,0.6275618374558304,0.8892291985706994,0.1297359357060849,0.0137772675086107,0.8363636363636363,46.0,gan_leaks,4,MVN,baseline,0.867,0.8159,0.9071128645473004,0.8639764235270746,0.967904008606153,0.8578,0.8296,0.9240185699041178,0.8495727646904352,0.9755638419488776,19.0,0.38,0.0184736473301257,0.0204129087380958,-0.0007979959904835,0.5570776255707762,28.451,24.0923,0.1415854158283581,0.2116346748754113,0.2258750031191362,0.2169919632606199,0.9609644087256028,0.0766934557979334,0.1974741676234213,0.0479908151549942,0.3394495412844037,0.0230873428232979,0.0134509138845993,0.0197410916192178,0.0256593830410646,0.0031890389749237,1.010725110748426,0.9834860173577628,0.9817041497785357,0.9921483013070446,1.0169540025707955,1.1809167244306271
0.7988980716253443,0.5772180031388576,0.8258962153156135,0.8253982612557693,0.6473498233215548,0.888208269525268,0.0941446613088404,0.0068886337543053,0.8363636363636363,46.0,loss_lr,4,MVN,baseline,0.867,0.8159,0.9071128645473004,0.8639764235270746,0.967904008606153,0.8578,0.8296,0.9240185699041178,0.8495727646904352,0.9755638419488776,19.0,0.38,0.0184736473301257,0.0204129087380958,-0.0007979959904835,0.5570776255707762,28.451,24.0923,0.1415854158283581,0.2116346748754113,0.2258750031191362,0.2169919632606199,0.9609644087256028,0.0766934557979334,0.1974741676234213,0.0479908151549942,0.3394495412844037,0.0230873428232979,0.0134509138845993,0.0197410916192178,0.0256593830410646,0.0031890389749237,1.010725110748426,0.9834860173577628,0.9817041497785357,0.9921483013070446,1.0169540025707955,1.1809167244306271
0.7988980716253443,0.5262457999346949,0.8080992230687019,0.8075812080202339,0.6176678445229682,0.888208269525268,0.0907003444316877,0.0068886337543053,0.8,44.0,loss_rf,4,MVN,baseline,0.867,0.8159,0.9071128645473004,0.8639764235270746,0.967904008606153,0.8578,0.8296,0.9240185699041178,0.8495727646904352,0.9755638419488776,19.0,0.38,0.0184736473301257,0.0204129087380958,-0.0007979959904835,0.5570776255707762,28.451,24.0923,0.1415854158283581,0.2116346748754113,0.2258750031191362,0.2169919632606199,0.9609644087256028,0.0766934557979334,0.1974741676234213,0.0479908151549942,0.3394495412844037,0.0230873428232979,0.0134509138845993,0.0197410916192178,0.0256593830410646,0.0031890389749237,1.010725110748426,0.9834860173577628,0.9817041497785357,0.9921483013070446,1.0169540025707955,1.1809167244306271
0.2470156106519742,0.4799423840571314,0.7949756605611555,0.7654241647989027,0.1632653061224489,0.1632653061224489,0.0918484500574052,0.010332950631458,0.7818181818181819,43.0,MC,3,MVN,baseline,0.8349,0.8508,0.8940769038197749,0.8338892169620106,0.963809283918422,0.8349,0.8507,0.9246935452306456,0.8325765298242361,0.9748439314001744,17.0,0.34,0.0176265503091184,0.020062485189505,0.000128846632231,0.5264367816091954,28.6484,23.7678,0.1369773386948773,0.2220669362978575,0.2464529789810098,0.1997703788748565,0.967853042479908,0.0679678530424799,0.1836969001148105,0.0890929965556831,0.3302752293577982,0.0263762918941131,0.0137961532496366,0.0205152914699051,0.0246329129058776,-0.0012419420487772,1.0,1.000117550252733,0.9668899587665727,0.9886806009389593,1.0015766564282704,1.2053450466597664
0.8016528925619835,0.5089478507252025,0.7899606538439227,0.7893495343013262,0.6219081272084805,0.8896833503575077,0.0677382319173364,0.0045924225028702,0.7090909090909091,39.0,gan_leaks,3,MVN,baseline,0.8349,0.8508,0.8940769038197749,0.8338892169620106,0.963809283918422,0.8349,0.8507,0.9246935452306456,0.8325765298242361,0.9748439314001744,17.0,0.34,0.0176265503091184,0.020062485189505,0.000128846632231,0.5264367816091954,28.6484,23.7678,0.1369773386948773,0.2220669362978575,0.2464529789810098,0.1997703788748565,0.967853042479908,0.0679678530424799,0.1836969001148105,0.0890929965556831,0.3302752293577982,0.0263762918941131,0.0137961532496366,0.0205152914699051,0.0246329129058776,-0.0012419420487772,1.0,1.000117550252733,0.9668899587665727,0.9886806009389593,1.0015766564282704,1.2053450466597664
0.7998163452708907,0.5541979586892637,0.8185466559293764,0.8180539666943605,0.6289752650176679,0.8886618998978549,0.1079219288174512,0.0114810562571756,0.8181818181818182,45.0,loss_lr,3,MVN,baseline,0.8349,0.8508,0.8940769038197749,0.8338892169620106,0.963809283918422,0.8349,0.8507,0.9246935452306456,0.8325765298242361,0.9748439314001744,17.0,0.34,0.0176265503091184,0.020062485189505,0.000128846632231,0.5264367816091954,28.6484,23.7678,0.1369773386948773,0.2220669362978575,0.2464529789810098,0.1997703788748565,0.967853042479908,0.0679678530424799,0.1836969001148105,0.0890929965556831,0.3302752293577982,0.0263762918941131,0.0137961532496366,0.0205152914699051,0.0246329129058776,-0.0012419420487772,1.0,1.000117550252733,0.9668899587665727,0.9886806009389593,1.0015766564282704,1.2053450466597664
0.7988980716253443,0.4989440588167138,0.7923193274572452,0.7913521430001507,0.6162544169611307,0.888208269525268,0.0780711825487944,0.0195177956371986,0.7454545454545455,41.0,loss_rf,3,MVN,baseline,0.8349,0.8508,0.8940769038197749,0.8338892169620106,0.963809283918422,0.8349,0.8507,0.9246935452306456,0.8325765298242361,0.9748439314001744,17.0,0.34,0.0176265503091184,0.020062485189505,0.000128846632231,0.5264367816091954,28.6484,23.7678,0.1369773386948773,0.2220669362978575,0.2464529789810098,0.1997703788748565,0.967853042479908,0.0679678530424799,0.1836969001148105,0.0890929965556831,0.3302752293577982,0.0263762918941131,0.0137961532496366,0.0205152914699051,0.0246329129058776,-0.0012419420487772,1.0,1.000117550252733,0.9668899587665727,0.9886806009389593,1.0015766564282704,1.2053450466597664
0.2718089990817263,0.5200318141461973,0.8103514128389968,0.8386639918467726,0.1916411824668705,0.1916411824668705,1.0,0.0321100917431192,0.9090909090909092,50.0,MC,5,MVN,baseline,0.871,0.8858,0.9157008678364668,0.8670324299021648,0.9711039750251644,0.8664,0.8945,0.940568389663317,0.8595242416742291,0.9815849510059164,19.0,0.38,0.0177580874444025,0.0190103690940179,-0.0006152945600657,0.4982618771726535,28.5266,23.786,0.1419206966360374,0.2105268431164882,0.2214532435143338,0.2224770642201834,0.9678899082568808,0.0788990825688073,0.1926605504587156,0.0504587155963302,0.3456221198156682,0.0223896807144537,0.0138449062820751,0.0204954478573087,0.0260480572034447,0.0012510291826465,1.0053093259464452,0.9902738960313024,0.9735611763055829,0.9893223954075384,1.0087352838511114,1.1993021104851591
0.7998163452708907,0.5189510844290365,0.8207832168727619,0.8205040095024214,0.6087570621468926,0.8887755102040816,0.1169724770642201,0.0275229357798165,0.8727272727272727,48.0,gan_leaks,5,MVN,baseline,0.871,0.8858,0.9157008678364668,0.8670324299021648,0.9711039750251644,0.8664,0.8945,0.940568389663317,0.8595242416742291,0.9815849510059164,19.0,0.38,0.0177580874444025,0.0190103690940179,-0.0006152945600657,0.4982618771726535,28.5266,23.786,0.1419206966360374,0.2105268431164882,0.2214532435143338,0.2224770642201834,0.9678899082568808,0.0788990825688073,0.1926605504587156,0.0504587155963302,0.3456221198156682,0.0223896807144537,0.0138449062820751,0.0204954478573087,0.0260480572034447,0.0012510291826465,1.0053093259464452,0.9902738960313024,0.9735611763055829,0.9893223954075384,1.0087352838511114,1.1993021104851591
0.8016528925619835,0.548011880099776,0.8105162468725993,0.8099087136639257,0.6384180790960452,0.889795918367347,0.0699541284403669,0.0114678899082568,0.7818181818181819,43.0,loss_lr,5,MVN,baseline,0.871,0.8858,0.9157008678364668,0.8670324299021648,0.9711039750251644,0.8664,0.8945,0.940568389663317,0.8595242416742291,0.9815849510059164,19.0,0.38,0.0177580874444025,0.0190103690940179,-0.0006152945600657,0.4982618771726535,28.5266,23.786,0.1419206966360374,0.2105268431164882,0.2214532435143338,0.2224770642201834,0.9678899082568808,0.0788990825688073,0.1926605504587156,0.0504587155963302,0.3456221198156682,0.0223896807144537,0.0138449062820751,0.0204954478573087,0.0260480572034447,0.0012510291826465,1.0053093259464452,0.9902738960313024,0.9735611763055829,0.9893223954075384,1.0087352838511114,1.1993021104851591
0.8025711662075299,0.5232740032976789,0.8098088839305599,0.8089507578022365,0.6200564971751412,0.8902501276161306,0.1261467889908256,0.0,0.7636363636363637,42.0,loss_rf,5,MVN,baseline,0.871,0.8858,0.9157008678364668,0.8670324299021648,0.9711039750251644,0.8664,0.8945,0.940568389663317,0.8595242416742291,0.9815849510059164,19.0,0.38,0.0177580874444025,0.0190103690940179,-0.0006152945600657,0.4982618771726535,28.5266,23.786,0.1419206966360374,0.2105268431164882,0.2214532435143338,0.2224770642201834,0.9678899082568808,0.0788990825688073,0.1926605504587156,0.0504587155963302,0.3456221198156682,0.0223896807144537,0.0138449062820751,0.0204954478573087,0.0260480572034447,0.0012510291826465,1.0053093259464452,0.9902738960313024,0.9735611763055829,0.9893223954075384,1.0087352838511114,1.1993021104851591
0.3002754820936639,0.5625717566016073,0.8248680311095508,0.9124340155547754,0.2224489795918367,0.2224489795918367,1.0,1.0,1.0,55.0,MC,2,CVAE,baseline,0.7661,0.7157,0.8335762905232382,0.7624431801380024,0.9372550332526456,0.8303,0.8327,0.8861074834779407,0.8283029082654705,0.9608882824403228,10.0,0.2,0.0244305752974457,0.0233088059539096,-0.0005475346651139,0.7877412031782066,14.9366,24.3844,0.513906265607048,0.6594778898720225,0.2467633977888903,1.0,0.5120551090700345,5.183926521239954,0.9690011481056258,4.100574052812859,1.0,0.0289970426025413,0.0088749998165745,0.0405719271819087,0.0364701447332972,0.0028201017276977,0.922678549921715,0.8594932148432809,0.9407169063187241,0.9754047899016346,0.9204883533906897,0.6125473663489772
0.800734618916437,0.7024089151981799,0.915286853717208,0.9152256520768997,0.6826855123674912,0.8892291985706994,0.4339839265212399,0.2824339839265212,1.0,55.0,gan_leaks,2,CVAE,baseline,0.7661,0.7157,0.8335762905232382,0.7624431801380024,0.9372550332526456,0.8303,0.8327,0.8861074834779407,0.8283029082654705,0.9608882824403228,10.0,0.2,0.0244305752974457,0.0233088059539096,-0.0005475346651139,0.7877412031782066,14.9366,24.3844,0.513906265607048,0.6594778898720225,0.2467633977888903,1.0,0.5120551090700345,5.183926521239954,0.9690011481056258,4.100574052812859,1.0,0.0289970426025413,0.0088749998165745,0.0405719271819087,0.0364701447332972,0.0028201017276977,0.922678549921715,0.8594932148432809,0.9407169063187241,0.9754047899016346,0.9204883533906897,0.6125473663489772
0.7998163452708907,0.5690022014135392,0.8320449624118095,0.8317294549384509,0.6459363957597173,0.8886618998978549,0.1389207807118254,0.0298507462686567,0.8545454545454545,47.0,loss_lr,2,CVAE,baseline,0.7661,0.7157,0.8335762905232382,0.7624431801380024,0.9372550332526456,0.8303,0.8327,0.8861074834779407,0.8283029082654705,0.9608882824403228,10.0,0.2,0.0244305752974457,0.0233088059539096,-0.0005475346651139,0.7877412031782066,14.9366,24.3844,0.513906265607048,0.6594778898720225,0.2467633977888903,1.0,0.5120551090700345,5.183926521239954,0.9690011481056258,4.100574052812859,1.0,0.0289970426025413,0.0088749998165745,0.0405719271819087,0.0364701447332972,0.0028201017276977,0.922678549921715,0.8594932148432809,0.9407169063187241,0.9754047899016346,0.9204883533906897,0.6125473663489772
0.800734618916437,0.5421849819357694,0.8153360703873989,0.8143950512331715,0.6261484098939929,0.889002557544757,0.1125143513203214,0.0080367393800229,0.8181818181818182,45.0,loss_rf,2,CVAE,baseline,0.7661,0.7157,0.8335762905232382,0.7624431801380024,0.9372550332526456,0.8303,0.8327,0.8861074834779407,0.8283029082654705,0.9608882824403228,10.0,0.2,0.0244305752974457,0.0233088059539096,-0.0005475346651139,0.7877412031782066,14.9366,24.3844,0.513906265607048,0.6594778898720225,0.2467633977888903,1.0,0.5120551090700345,5.183926521239954,0.9690011481056258,4.100574052812859,1.0,0.0289970426025413,0.0088749998165745,0.0405719271819087,0.0364701447332972,0.0028201017276977,0.922678549921715,0.8594932148432809,0.9407169063187241,0.9754047899016346,0.9204883533906897,0.6125473663489772
0.3002754820936639,0.5625717566016073,0.8248680311095506,0.9124340155547752,0.2224489795918367,0.2224489795918367,1.0,1.0,1.0,55.0,MC,1,CVAE,baseline,0.8211,0.8319,0.8846096264537486,0.8195103835931545,0.9518576529037064,0.8532,0.849,0.9121615999734864,0.8477032510339282,0.9692310951026104,12.0,0.24,0.0206735399613868,0.023723778571686,-0.0001278537363231,0.7831050228310502,14.9513,24.1871,0.4807125944656905,0.622554573815223,0.2329079960197268,0.9977037887485648,0.5706084959816303,5.05028702640643,0.9712973593570609,3.4661308840413323,0.9954128440366972,0.025309641591521,0.0060743052967978,0.0325794708651172,0.0315433540055505,-0.0122873681357225,0.9623769338959214,0.9798586572438163,0.9697948548584607,0.9820750259801924,0.9667420557767269,0.6181518247330188
0.7998163452708907,0.719030114073247,0.922277582448194,0.922223487351922,0.7024734982332156,0.8886618998978549,0.4569460390355913,0.3272101033295063,1.0,55.0,gan_leaks,1,CVAE,baseline,0.8211,0.8319,0.8846096264537486,0.8195103835931545,0.9518576529037064,0.8532,0.849,0.9121615999734864,0.8477032510339282,0.9692310951026104,12.0,0.24,0.0206735399613868,0.023723778571686,-0.0001278537363231,0.7831050228310502,14.9513,24.1871,0.4807125944656905,0.622554573815223,0.2329079960197268,0.9977037887485648,0.5706084959816303,5.05028702640643,0.9712973593570609,3.4661308840413323,0.9954128440366972,0.025309641591521,0.0060743052967978,0.0325794708651172,0.0315433540055505,-0.0122873681357225,0.9623769338959214,0.9798586572438163,0.9697948548584607,0.9820750259801924,0.9667420557767269,0.6181518247330188
0.8034894398530762,0.5497793319921213,0.8175680833066182,0.8168880785699435,0.6219081272084805,0.8905930470347648,0.1182548794489093,0.0057405281285878,0.8,44.0,loss_lr,1,CVAE,baseline,0.8211,0.8319,0.8846096264537486,0.8195103835931545,0.9518576529037064,0.8532,0.849,0.9121615999734864,0.8477032510339282,0.9692310951026104,12.0,0.24,0.0206735399613868,0.023723778571686,-0.0001278537363231,0.7831050228310502,14.9513,24.1871,0.4807125944656905,0.622554573815223,0.2329079960197268,0.9977037887485648,0.5706084959816303,5.05028702640643,0.9712973593570609,3.4661308840413323,0.9954128440366972,0.025309641591521,0.0060743052967978,0.0325794708651172,0.0315433540055505,-0.0122873681357225,0.9623769338959214,0.9798586572438163,0.9697948548584607,0.9820750259801924,0.9667420557767269,0.6181518247330188
0.7988980716253443,0.5351278189153035,0.8240998443117052,0.8238132983634296,0.6247349823321555,0.888208269525268,0.1526980482204362,0.010332950631458,0.8727272727272727,48.0,loss_rf,1,CVAE,baseline,0.8211,0.8319,0.8846096264537486,0.8195103835931545,0.9518576529037064,0.8532,0.849,0.9121615999734864,0.8477032510339282,0.9692310951026104,12.0,0.24,0.0206735399613868,0.023723778571686,-0.0001278537363231,0.7831050228310502,14.9513,24.1871,0.4807125944656905,0.622554573815223,0.2329079960197268,0.9977037887485648,0.5706084959816303,5.05028702640643,0.9712973593570609,3.4661308840413323,0.9954128440366972,0.025309641591521,0.0060743052967978,0.0325794708651172,0.0315433540055505,-0.0122873681357225,0.9623769338959214,0.9798586572438163,0.9697948548584607,0.9820750259801924,0.9667420557767269,0.6181518247330188
0.3002754820936639,0.5625717566016073,0.8248680311095506,0.9124340155547752,0.2224489795918367,0.2224489795918367,1.0,1.0,1.0,55.0,MC,3,CVAE,baseline,0.8303,0.8474,0.8994349104372016,0.8345641849518736,0.9650139179579752,0.8349,0.8507,0.9246935452306456,0.8325765298242361,0.9748439314001744,16.0,0.32,0.0273952429839779,0.0312292240082642,0.000128846632231,0.7838150289017342,15.309,23.7678,0.5470392608250721,0.7208555032259394,0.2464529789810098,0.9988518943742823,0.5246842709529277,6.60459242250287,0.9598163030998852,4.281745120551091,0.9908256880733946,0.0321347271349724,0.0134014334034833,0.0468866402171928,0.0283024450118226,-0.0002070522499499,0.9944903581267218,0.9961208416598096,0.9726843180384224,0.9899163208329355,1.0023873542628652,0.6441067326382752
0.800734618916437,0.678793751777457,0.904407365827268,0.9043324752456364,0.6685512367491167,0.8891159938681655,0.3777267508610792,0.2376578645235361,1.0,55.0,gan_leaks,3,CVAE,baseline,0.8303,0.8474,0.8994349104372016,0.8345641849518736,0.9650139179579752,0.8349,0.8507,0.9246935452306456,0.8325765298242361,0.9748439314001744,16.0,0.32,0.0273952429839779,0.0312292240082642,0.000128846632231,0.7838150289017342,15.309,23.7678,0.5470392608250721,0.7208555032259394,0.2464529789810098,0.9988518943742823,0.5246842709529277,6.60459242250287,0.9598163030998852,4.281745120551091,0.9908256880733946,0.0321347271349724,0.0134014334034833,0.0468866402171928,0.0283024450118226,-0.0002070522499499,0.9944903581267218,0.9961208416598096,0.9726843180384224,0.9899163208329355,1.0023873542628652,0.6441067326382752
0.7988980716253443,0.520118181147895,0.8072840554260847,0.8068585143081703,0.6162544169611307,0.888208269525268,0.0975889781859931,0.0195177956371986,0.8363636363636363,46.0,loss_lr,3,CVAE,baseline,0.8303,0.8474,0.8994349104372016,0.8345641849518736,0.9650139179579752,0.8349,0.8507,0.9246935452306456,0.8325765298242361,0.9748439314001744,16.0,0.32,0.0273952429839779,0.0312292240082642,0.000128846632231,0.7838150289017342,15.309,23.7678,0.5470392608250721,0.7208555032259394,0.2464529789810098,0.9988518943742823,0.5246842709529277,6.60459242250287,0.9598163030998852,4.281745120551091,0.9908256880733946,0.0321347271349724,0.0134014334034833,0.0468866402171928,0.0283024450118226,-0.0002070522499499,0.9944903581267218,0.9961208416598096,0.9726843180384224,0.9899163208329355,1.0023873542628652,0.6441067326382752
0.7998163452708907,0.5210398255722095,0.8007964193572862,0.8002749183006955,0.6152758132956153,0.8886618998978549,0.0780711825487944,0.0160734787600459,0.7272727272727273,40.0,loss_rf,3,CVAE,baseline,0.8303,0.8474,0.8994349104372016,0.8345641849518736,0.9650139179579752,0.8349,0.8507,0.9246935452306456,0.8325765298242361,0.9748439314001744,16.0,0.32,0.0273952429839779,0.0312292240082642,0.000128846632231,0.7838150289017342,15.309,23.7678,0.5470392608250721,0.7208555032259394,0.2464529789810098,0.9988518943742823,0.5246842709529277,6.60459242250287,0.9598163030998852,4.281745120551091,0.9908256880733946,0.0321347271349724,0.0134014334034833,0.0468866402171928,0.0283024450118226,-0.0002070522499499,0.9944903581267218,0.9961208416598096,0.9726843180384224,0.9899163208329355,1.0023873542628652,0.6441067326382752
0.3002754820936639,0.5625717566016073,0.8248680311095506,0.9124340155547752,0.2224489795918367,0.2224489795918367,1.0,1.0,1.0,55.0,MC,4,CVAE,baseline,0.8624,0.8398,0.902724292449468,0.8571897260641946,0.9627080010529556,0.8578,0.8296,0.9240185699041178,0.8495727646904352,0.9755638419488776,19.0,0.38,0.0223015034531508,0.0213933086508416,-0.0007979959904835,0.8072562358276644,15.7273,24.0923,0.4924007894769226,0.6216863411658667,0.2258750031191362,1.0,0.5545350172215844,5.739609644087256,0.9598163030998852,3.69276693455798,0.9954128440366972,0.0298956833749624,0.009630105451179,0.0338288722861077,0.0327016093009242,-0.0068866138516348,1.0053625553742132,1.0122950819672132,0.9769547083270638,0.9868221429053378,1.0089656374242821,0.6527936311601632
0.800734618916437,0.711414697858625,0.919095062480864,0.9190367735533438,0.6996466431095406,0.8892291985706994,0.4351320321469575,0.3053960964408725,1.0,55.0,gan_leaks,4,CVAE,baseline,0.8624,0.8398,0.902724292449468,0.8571897260641946,0.9627080010529556,0.8578,0.8296,0.9240185699041178,0.8495727646904352,0.9755638419488776,19.0,0.38,0.0223015034531508,0.0213933086508416,-0.0007979959904835,0.8072562358276644,15.7273,24.0923,0.4924007894769226,0.6216863411658667,0.2258750031191362,1.0,0.5545350172215844,5.739609644087256,0.9598163030998852,3.69276693455798,0.9954128440366972,0.0298956833749624,0.009630105451179,0.0338288722861077,0.0327016093009242,-0.0068866138516348,1.0053625553742132,1.0122950819672132,0.9769547083270638,0.9868221429053378,1.0089656374242821,0.6527936311601632
0.800734618916437,0.5317309008942585,0.8072103873198136,0.8062651291208289,0.6247349823321555,0.8892291985706994,0.1044776119402985,0.0080367393800229,0.8363636363636363,46.0,loss_lr,4,CVAE,baseline,0.8624,0.8398,0.902724292449468,0.8571897260641946,0.9627080010529556,0.8578,0.8296,0.9240185699041178,0.8495727646904352,0.9755638419488776,19.0,0.38,0.0223015034531508,0.0213933086508416,-0.0007979959904835,0.8072562358276644,15.7273,24.0923,0.4924007894769226,0.6216863411658667,0.2258750031191362,1.0,0.5545350172215844,5.739609644087256,0.9598163030998852,3.69276693455798,0.9954128440366972,0.0298956833749624,0.009630105451179,0.0338288722861077,0.0327016093009242,-0.0068866138516348,1.0053625553742132,1.0122950819672132,0.9769547083270638,0.9868221429053378,1.0089656374242821,0.6527936311601632
0.7988980716253443,0.5236625622768304,0.8115358844936746,0.8111703316767626,0.620494699646643,0.888208269525268,0.0998851894374282,0.0195177956371986,0.8181818181818182,45.0,loss_rf,4,CVAE,baseline,0.8624,0.8398,0.902724292449468,0.8571897260641946,0.9627080010529556,0.8578,0.8296,0.9240185699041178,0.8495727646904352,0.9755638419488776,19.0,0.38,0.0223015034531508,0.0213933086508416,-0.0007979959904835,0.8072562358276644,15.7273,24.0923,0.4924007894769226,0.6216863411658667,0.2258750031191362,1.0,0.5545350172215844,5.739609644087256,0.9598163030998852,3.69276693455798,0.9954128440366972,0.0298956833749624,0.009630105451179,0.0338288722861077,0.0327016093009242,-0.0068866138516348,1.0053625553742132,1.0122950819672132,0.9769547083270638,0.9868221429053378,1.0089656374242821,0.6527936311601632
0.2993572084481175,0.5625,0.8256427915518824,0.9128213957759412,0.2222222222222222,0.2222222222222222,1.0,1.0,1.0,55.0,MC,5,CVAE,baseline,0.871,0.8501,0.9247666579200198,0.8680227777001971,0.9760892090814156,0.8664,0.8945,0.940568389663317,0.8595242416742291,0.9815849510059164,11.0,0.22,0.0217907478316767,0.02271485778185,-0.0006152945600657,0.7767441860465116,16.2815,23.786,0.5071612569938698,0.6250768244880077,0.2214532435143338,0.9988532110091743,0.5286697247706422,5.577064220183487,0.9621559633027524,3.734862385321101,1.0,0.0285588673386231,0.010653246410866,0.0305822699371425,0.0335295270847567,-0.0014839913486814,1.0053093259464452,0.950363331470095,0.9831998056526718,0.9944011550718368,1.009887488466194,0.6844992852938704
0.7998163452708907,0.6874603644358009,0.9105486245807088,0.9104805821701936,0.6991525423728814,0.8887755102040816,0.4174311926605504,0.2259174311926605,1.0,55.0,gan_leaks,5,CVAE,baseline,0.871,0.8501,0.9247666579200198,0.8680227777001971,0.9760892090814156,0.8664,0.8945,0.940568389663317,0.8595242416742291,0.9815849510059164,11.0,0.22,0.0217907478316767,0.02271485778185,-0.0006152945600657,0.7767441860465116,16.2815,23.786,0.5071612569938698,0.6250768244880077,0.2214532435143338,0.9988532110091743,0.5286697247706422,5.577064220183487,0.9621559633027524,3.734862385321101,1.0,0.0285588673386231,0.010653246410866,0.0305822699371425,0.0335295270847567,-0.0014839913486814,1.0053093259464452,0.950363331470095,0.9831998056526718,0.9944011550718368,1.009887488466194,0.6844992852938704
0.7998163452708907,0.5364171563860821,0.7992378277750869,0.7982527186188021,0.6271186440677966,0.8887755102040816,0.0722477064220183,0.0011467889908256,0.6727272727272727,37.0,loss_lr,5,CVAE,baseline,0.871,0.8501,0.9247666579200198,0.8680227777001971,0.9760892090814156,0.8664,0.8945,0.940568389663317,0.8595242416742291,0.9815849510059164,11.0,0.22,0.0217907478316767,0.02271485778185,-0.0006152945600657,0.7767441860465116,16.2815,23.786,0.5071612569938698,0.6250768244880077,0.2214532435143338,0.9988532110091743,0.5286697247706422,5.577064220183487,0.9621559633027524,3.734862385321101,1.0,0.0285588673386231,0.010653246410866,0.0305822699371425,0.0335295270847567,-0.0014839913486814,1.0053093259464452,0.950363331470095,0.9831998056526718,0.9944011550718368,1.009887488466194,0.6844992852938704
0.7998163452708907,0.5416226271508899,0.8243952342530791,0.8239795454484888,0.6284501061571125,0.8887755102040816,0.1330275229357798,0.0137614678899082,0.8363636363636363,46.0,loss_rf,5,CVAE,baseline,0.871,0.8501,0.9247666579200198,0.8680227777001971,0.9760892090814156,0.8664,0.8945,0.940568389663317,0.8595242416742291,0.9815849510059164,11.0,0.22,0.0217907478316767,0.02271485778185,-0.0006152945600657,0.7767441860465116,16.2815,23.786,0.5071612569938698,0.6250768244880077,0.2214532435143338,0.9988532110091743,0.5286697247706422,5.577064220183487,0.9621559633027524,3.734862385321101,1.0,0.0285588673386231,0.010653246410866,0.0305822699371425,0.0335295270847567,-0.0014839913486814,1.0053093259464452,0.950363331470095,0.9831998056526718,0.9944011550718368,1.009887488466194,0.6844992852938704
0.2764003673094582,0.5255453501722159,0.8109146297916717,0.8468793427650847,0.1959183673469387,0.1959183673469387,1.0,0.0355912743972445,0.9090909090909092,50.0,MC,1,DP-CVAE ε=4,baseline,0.3624,0.3476,0.4794388254518481,0.3978549952090928,0.6247402898430616,0.8532,0.849,0.9121615999734864,0.8477032510339282,0.9692310951026104,2.0,0.0408,0.2676923554255122,0.2610285844994353,-0.0001278537363231,1.0,82.6208,24.1871,0.8946029580569663,0.9335554996014128,0.2329079960197268,0.0,0.5729047072330654,0.0,0.0,0.0,0.0,0.2495057421323365,0.3088282454718177,0.3711023551277932,0.2782727904339327,0.3654827978468849,0.4247538677918425,0.40942285041224974,0.5256073325886377,0.6445730982010247,0.4693328646832914,3.415903518817882
0.7988980716253443,0.5085844594950442,0.8155882960585246,0.8152354132469649,0.6176678445229682,0.888208269525268,0.1469575200918484,0.0195177956371986,0.8727272727272727,48.0,gan_leaks,1,DP-CVAE ε=4,baseline,0.3624,0.3476,0.4794388254518481,0.3978549952090928,0.6247402898430616,0.8532,0.849,0.9121615999734864,0.8477032510339282,0.9692310951026104,2.0,0.0408,0.2676923554255122,0.2610285844994353,-0.0001278537363231,1.0,82.6208,24.1871,0.8946029580569663,0.9335554996014128,0.2329079960197268,0.0,0.5729047072330654,0.0,0.0,0.0,0.0,0.2495057421323365,0.3088282454718177,0.3711023551277932,0.2782727904339327,0.3654827978468849,0.4247538677918425,0.40942285041224974,0.5256073325886377,0.6445730982010247,0.4693328646832914,3.415903518817882
0.7988980716253443,0.5128398234655936,0.8125819277637688,0.8117304779841263,0.6261484098939929,0.888208269525268,0.1308840413318025,0.0321469575200918,0.8727272727272727,48.0,loss_lr,1,DP-CVAE ε=4,baseline,0.3624,0.3476,0.4794388254518481,0.3978549952090928,0.6247402898430616,0.8532,0.849,0.9121615999734864,0.8477032510339282,0.9692310951026104,2.0,0.0408,0.2676923554255122,0.2610285844994353,-0.0001278537363231,1.0,82.6208,24.1871,0.8946029580569663,0.9335554996014128,0.2329079960197268,0.0,0.5729047072330654,0.0,0.0,0.0,0.0,0.2495057421323365,0.3088282454718177,0.3711023551277932,0.2782727904339327,0.3654827978468849,0.4247538677918425,0.40942285041224974,0.5256073325886377,0.6445730982010247,0.4693328646832914,3.415903518817882
0.800734618916437,0.523504566089805,0.8237721516064709,0.8233593237903063,0.6176678445229682,0.8892291985706994,0.1458094144661308,0.0401836969001148,0.9090909090909092,50.0,loss_rf,1,DP-CVAE ε=4,baseline,0.3624,0.3476,0.4794388254518481,0.3978549952090928,0.6247402898430616,0.8532,0.849,0.9121615999734864,0.8477032510339282,0.9692310951026104,2.0,0.0408,0.2676923554255122,0.2610285844994353,-0.0001278537363231,1.0,82.6208,24.1871,0.8946029580569663,0.9335554996014128,0.2329079960197268,0.0,0.5729047072330654,0.0,0.0,0.0,0.0,0.2495057421323365,0.3088282454718177,0.3711023551277932,0.2782727904339327,0.3654827978468849,0.4247538677918425,0.40942285041224974,0.5256073325886377,0.6445730982010247,0.4693328646832914,3.415903518817882
0.2506887052341597,0.4857145114231243,0.7956502192472014,0.7738605463403272,0.1673469387755102,0.1673469387755102,0.0941446613088404,0.0045924225028702,0.8,44.0,MC,2,DP-CVAE ε=4,baseline,0.3716,0.3536,0.5034863787412023,0.414985718711822,0.6465116434694562,0.8303,0.8327,0.8861074834779407,0.8283029082654705,0.9608882824403228,1.0,0.0204,0.2663414750662207,0.2645365106009244,-0.0005475346651139,1.0,82.8874,24.3844,0.8852702087490264,0.9215010306707876,0.2467633977888903,0.0,0.5591274397244547,0.0,0.0,0.0,0.0,0.258931173483111,0.2893520769665955,0.363486789011334,0.283089781813825,0.4158750942154602,0.4475490786462724,0.42464272847364,0.5682001203342014,0.6728270656267563,0.50100719745248,3.399197847804334
0.7998163452708907,0.5037919084886084,0.7976153646141563,0.7968922957879988,0.6120141342756183,0.8886618998978549,0.0838117106773823,0.010332950631458,0.8,44.0,gan_leaks,2,DP-CVAE ε=4,baseline,0.3716,0.3536,0.5034863787412023,0.414985718711822,0.6465116434694562,0.8303,0.8327,0.8861074834779407,0.8283029082654705,0.9608882824403228,1.0,0.0204,0.2663414750662207,0.2645365106009244,-0.0005475346651139,1.0,82.8874,24.3844,0.8852702087490264,0.9215010306707876,0.2467633977888903,0.0,0.5591274397244547,0.0,0.0,0.0,0.0,0.258931173483111,0.2893520769665955,0.363486789011334,0.283089781813825,0.4158750942154602,0.4475490786462724,0.42464272847364,0.5682001203342014,0.6728270656267563,0.50100719745248,3.399197847804334
0.7988980716253443,0.4810983894922003,0.7860327603425683,0.7850672508455891,0.610600706713781,0.888208269525268,0.0918484500574052,0.0022962112514351,0.7090909090909091,39.0,loss_lr,2,DP-CVAE ε=4,baseline,0.3716,0.3536,0.5034863787412023,0.414985718711822,0.6465116434694562,0.8303,0.8327,0.8861074834779407,0.8283029082654705,0.9608882824403228,1.0,0.0204,0.2663414750662207,0.2645365106009244,-0.0005475346651139,1.0,82.8874,24.3844,0.8852702087490264,0.9215010306707876,0.2467633977888903,0.0,0.5591274397244547,0.0,0.0,0.0,0.0,0.258931173483111,0.2893520769665955,0.363486789011334,0.283089781813825,0.4158750942154602,0.4475490786462724,0.42464272847364,0.5682001203342014,0.6728270656267563,0.50100719745248,3.399197847804334
0.7988980716253443,0.489503786641949,0.7853068067154574,0.7842567606638935,0.6049469964664311,0.888208269525268,0.0723306544202066,0.0011481056257175,0.7090909090909091,39.0,loss_rf,2,DP-CVAE ε=4,baseline,0.3716,0.3536,0.5034863787412023,0.414985718711822,0.6465116434694562,0.8303,0.8327,0.8861074834779407,0.8283029082654705,0.9608882824403228,1.0,0.0204,0.2663414750662207,0.2645365106009244,-0.0005475346651139,1.0,82.8874,24.3844,0.8852702087490264,0.9215010306707876,0.2467633977888903,0.0,0.5591274397244547,0.0,0.0,0.0,0.0,0.258931173483111,0.2893520769665955,0.363486789011334,0.283089781813825,0.4158750942154602,0.4475490786462724,0.42464272847364,0.5682001203342014,0.6728270656267563,0.50100719745248,3.399197847804334
0.2525252525252525,0.4873339723401342,0.7965339585582963,0.7790012634824054,0.1693877551020408,0.1693877551020408,0.0769230769230769,0.0160734787600459,0.7272727272727273,40.0,MC,3,DP-CVAE ε=4,baseline,0.3761,0.3146,0.4847215328414779,0.4243683817157094,0.6099778139958542,0.8349,0.8507,0.9246935452306456,0.8325765298242361,0.9748439314001744,1.0,0.0213,0.2657281771543868,0.2678935337952642,0.000128846632231,1.0,82.6847,23.7678,0.8830632881028747,0.9212690850071832,0.2464529789810098,0.0,0.5327210103329506,0.0,0.0,0.0,0.0,0.2526269281458138,0.2902386275173896,0.3639297552286938,0.2809872571055694,0.3757443836076017,0.45047311055216194,0.36981309509815447,0.5241969464819549,0.6257184297385318,0.5097049538560703,3.4788537432997586
0.800734618916437,0.4915366709150086,0.7910962683222522,0.7905993681638186,0.6091872791519435,0.8892291985706994,0.0815154994259471,0.0137772675086107,0.7272727272727273,40.0,gan_leaks,3,DP-CVAE ε=4,baseline,0.3761,0.3146,0.4847215328414779,0.4243683817157094,0.6099778139958542,0.8349,0.8507,0.9246935452306456,0.8325765298242361,0.9748439314001744,1.0,0.0213,0.2657281771543868,0.2678935337952642,0.000128846632231,1.0,82.6847,23.7678,0.8830632881028747,0.9212690850071832,0.2464529789810098,0.0,0.5327210103329506,0.0,0.0,0.0,0.0,0.2526269281458138,0.2902386275173896,0.3639297552286938,0.2809872571055694,0.3757443836076017,0.45047311055216194,0.36981309509815447,0.5241969464819549,0.6257184297385318,0.5097049538560703,3.4788537432997586
0.7988980716253443,0.484100317045682,0.7864073040766972,0.7858614502257328,0.6162544169611307,0.888208269525268,0.0734787600459242,0.0091848450057405,0.7272727272727273,40.0,loss_lr,3,DP-CVAE ε=4,baseline,0.3761,0.3146,0.4847215328414779,0.4243683817157094,0.6099778139958542,0.8349,0.8507,0.9246935452306456,0.8325765298242361,0.9748439314001744,1.0,0.0213,0.2657281771543868,0.2678935337952642,0.000128846632231,1.0,82.6847,23.7678,0.8830632881028747,0.9212690850071832,0.2464529789810098,0.0,0.5327210103329506,0.0,0.0,0.0,0.0,0.2526269281458138,0.2902386275173896,0.3639297552286938,0.2809872571055694,0.3757443836076017,0.45047311055216194,0.36981309509815447,0.5241969464819549,0.6257184297385318,0.5097049538560703,3.4788537432997586
0.800734618916437,0.4904886295410738,0.7907201263021972,0.7900230108115448,0.6120141342756183,0.8892291985706994,0.0734787600459242,0.0068886337543053,0.8,44.0,loss_rf,3,DP-CVAE ε=4,baseline,0.3761,0.3146,0.4847215328414779,0.4243683817157094,0.6099778139958542,0.8349,0.8507,0.9246935452306456,0.8325765298242361,0.9748439314001744,1.0,0.0213,0.2657281771543868,0.2678935337952642,0.000128846632231,1.0,82.6847,23.7678,0.8830632881028747,0.9212690850071832,0.2464529789810098,0.0,0.5327210103329506,0.0,0.0,0.0,0.0,0.2526269281458138,0.2902386275173896,0.3639297552286938,0.2809872571055694,0.3757443836076017,0.45047311055216194,0.36981309509815447,0.5241969464819549,0.6257184297385318,0.5097049538560703,3.4788537432997586
0.2718089990817263,0.5190620640087938,0.8065064590814002,0.8336668366930451,0.1916411824668705,0.1916411824668705,1.0,0.018348623853211,0.8181818181818182,45.0,MC,5,DP-CVAE ε=4,baseline,0.2765,0.3143,0.4269132870583659,0.3123497897995838,0.6418597112660264,0.8664,0.8945,0.940568389663317,0.8595242416742291,0.9815849510059164,2.0,0.0417,0.2660226211116137,0.2675603712642062,-0.0006152945600657,1.0,83.5308,23.786,0.8925096544419243,0.93958967608293,0.2214532435143338,0.0,0.5630733944954128,0.0,0.0,0.0,0.0,0.2481818223846074,0.2977683303806581,0.3670228679745606,0.2805625258472261,0.3827149397188175,0.31913665743305636,0.35136948015651204,0.45388861857369295,0.6539013364133754,0.3633984647031845,3.5117632220633985
0.7998163452708907,0.4947311123324736,0.8072781581778604,0.8068264099768198,0.6186440677966102,0.8887755102040816,0.1272935779816513,0.0298165137614678,0.8363636363636363,46.0,gan_leaks,5,DP-CVAE ε=4,baseline,0.2765,0.3143,0.4269132870583659,0.3123497897995838,0.6418597112660264,0.8664,0.8945,0.940568389663317,0.8595242416742291,0.9815849510059164,2.0,0.0417,0.2660226211116137,0.2675603712642062,-0.0006152945600657,1.0,83.5308,23.786,0.8925096544419243,0.93958967608293,0.2214532435143338,0.0,0.5630733944954128,0.0,0.0,0.0,0.0,0.2481818223846074,0.2977683303806581,0.3670228679745606,0.2805625258472261,0.3827149397188175,0.31913665743305636,0.35136948015651204,0.45388861857369295,0.6539013364133754,0.3633984647031845,3.5117632220633985
0.8025711662075299,0.5117585507123832,0.8203333099955554,0.8200739450894503,0.615819209039548,0.8902501276161306,0.1272935779816513,0.0435779816513761,0.8909090909090909,49.0,loss_lr,5,DP-CVAE ε=4,baseline,0.2765,0.3143,0.4269132870583659,0.3123497897995838,0.6418597112660264,0.8664,0.8945,0.940568389663317,0.8595242416742291,0.9815849510059164,2.0,0.0417,0.2660226211116137,0.2675603712642062,-0.0006152945600657,1.0,83.5308,23.786,0.8925096544419243,0.93958967608293,0.2214532435143338,0.0,0.5630733944954128,0.0,0.0,0.0,0.0,0.2481818223846074,0.2977683303806581,0.3670228679745606,0.2805625258472261,0.3827149397188175,0.31913665743305636,0.35136948015651204,0.45388861857369295,0.6539013364133754,0.3633984647031845,3.5117632220633985
0.7998163452708907,0.4830306937809157,0.7951386998719324,0.7946566911631565,0.614406779661017,0.8887755102040816,0.0699541284403669,0.0137614678899082,0.7636363636363637,42.0,loss_rf,5,DP-CVAE ε=4,baseline,0.2765,0.3143,0.4269132870583659,0.3123497897995838,0.6418597112660264,0.8664,0.8945,0.940568389663317,0.8595242416742291,0.9815849510059164,2.0,0.0417,0.2660226211116137,0.2675603712642062,-0.0006152945600657,1.0,83.5308,23.786,0.8925096544419243,0.93958967608293,0.2214532435143338,0.0,0.5630733944954128,0.0,0.0,0.0,0.0,0.2481818223846074,0.2977683303806581,0.3670228679745606,0.2805625258472261,0.3827149397188175,0.31913665743305636,0.35136948015651204,0.45388861857369295,0.6539013364133754,0.3633984647031845,3.5117632220633985
0.2543617998163452,0.4904780964619387,0.7964166292064963,0.7823220034213743,0.1714285714285714,0.1714285714285714,0.0815154994259471,0.010332950631458,0.7454545454545455,41.0,MC,4,DP-CVAE ε=4,baseline,0.4037,0.3554,0.525842918152106,0.4469860330420926,0.6597392900779473,0.8578,0.8296,0.9240185699041178,0.8495727646904352,0.9755638419488776,2.0,0.0426,0.2652849524159268,0.2689119784101931,-0.0007979959904835,1.0,82.8149,24.0923,0.8773516452644795,0.9319418974828656,0.2258750031191362,0.0,0.4707233065442021,0.0,0.0,0.0,0.0,0.247032206113633,0.2892014373437234,0.3670517030187923,0.281385355318681,0.3761506475932019,0.4706225227325717,0.4283992285438766,0.5690826302405059,0.6762645986960631,0.5261303700159975,3.437401161366909
0.7988980716253443,0.5000631984748102,0.7967709212217774,0.7957783102348427,0.6148409893992933,0.888208269525268,0.0700344431687715,0.010332950631458,0.7454545454545455,41.0,gan_leaks,4,DP-CVAE ε=4,baseline,0.4037,0.3554,0.525842918152106,0.4469860330420926,0.6597392900779473,0.8578,0.8296,0.9240185699041178,0.8495727646904352,0.9755638419488776,2.0,0.0426,0.2652849524159268,0.2689119784101931,-0.0007979959904835,1.0,82.8149,24.0923,0.8773516452644795,0.9319418974828656,0.2258750031191362,0.0,0.4707233065442021,0.0,0.0,0.0,0.0,0.247032206113633,0.2892014373437234,0.3670517030187923,0.281385355318681,0.3761506475932019,0.4706225227325717,0.4283992285438766,0.5690826302405059,0.6762645986960631,0.5261303700159975,3.437401161366909
0.8016528925619835,0.5057721273659929,0.7987405353026131,0.7980458793352249,0.6162544169611307,0.8896833503575077,0.0987370838117106,0.018369690011481,0.7636363636363637,42.0,loss_lr,4,DP-CVAE ε=4,baseline,0.4037,0.3554,0.525842918152106,0.4469860330420926,0.6597392900779473,0.8578,0.8296,0.9240185699041178,0.8495727646904352,0.9755638419488776,2.0,0.0426,0.2652849524159268,0.2689119784101931,-0.0007979959904835,1.0,82.8149,24.0923,0.8773516452644795,0.9319418974828656,0.2258750031191362,0.0,0.4707233065442021,0.0,0.0,0.0,0.0,0.247032206113633,0.2892014373437234,0.3670517030187923,0.281385355318681,0.3761506475932019,0.4706225227325717,0.4283992285438766,0.5690826302405059,0.6762645986960631,0.5261303700159975,3.437401161366909
0.7988980716253443,0.4997524726403269,0.7997237762744003,0.7992456184690664,0.610600706713781,0.888208269525268,0.087256027554535,0.0160734787600459,0.8363636363636363,46.0,loss_rf,4,DP-CVAE ε=4,baseline,0.4037,0.3554,0.525842918152106,0.4469860330420926,0.6597392900779473,0.8578,0.8296,0.9240185699041178,0.8495727646904352,0.9755638419488776,2.0,0.0426,0.2652849524159268,0.2689119784101931,-0.0007979959904835,1.0,82.8149,24.0923,0.8773516452644795,0.9319418974828656,0.2258750031191362,0.0,0.4707233065442021,0.0,0.0,0.0,0.0,0.247032206113633,0.2892014373437234,0.3670517030187923,0.281385355318681,0.3761506475932019,0.4706225227325717,0.4283992285438766,0.5690826302405059,0.6762645986960631,0.5261303700159975,3.437401161366909
0.263544536271809,0.5040815681648216,0.7976857565007677,0.8044624586699567,0.1816326530612245,0.1816326530612245,1.0,0.0114810562571756,0.7454545454545455,41.0,MC,1,CTGAN,baseline,0.2661,0.2486,0.4078028851551566,0.318250475383652,0.522348603582302,0.8532,0.849,0.9121615999734864,0.8477032510339282,0.9692310951026104,4.0,0.08,0.078521616462291,0.0821704243951106,-0.0001278537363231,0.9969418960244648,19.8059,24.1871,5.511995432249787,5.810358743005232,0.2329079960197268,1.0,0.0,18.899196326062,0.9448909299655568,9.098966704936856,0.9724770642201837,0.2698381454446621,0.1475422870921963,0.0769124573808999,0.123091390155386,0.181968375208562,0.3118846694796062,0.2928150765606596,0.4470730681570131,0.538930917736396,0.37542674868297093,0.8188621207172418
0.7988980716253443,0.5148305754221132,0.8098378628043987,0.8094084874865215,0.6247349823321555,0.888208269525268,0.1159586681974741,0.0195177956371986,0.7636363636363637,42.0,gan_leaks,1,CTGAN,baseline,0.2661,0.2486,0.4078028851551566,0.318250475383652,0.522348603582302,0.8532,0.849,0.9121615999734864,0.8477032510339282,0.9692310951026104,4.0,0.08,0.078521616462291,0.0821704243951106,-0.0001278537363231,0.9969418960244648,19.8059,24.1871,5.511995432249787,5.810358743005232,0.2329079960197268,1.0,0.0,18.899196326062,0.9448909299655568,9.098966704936856,0.9724770642201837,0.2698381454446621,0.1475422870921963,0.0769124573808999,0.123091390155386,0.181968375208562,0.3118846694796062,0.2928150765606596,0.4470730681570131,0.538930917736396,0.37542674868297093,0.8188621207172418
0.7988980716253443,0.4975826583385121,0.8144324447546134,0.8140959696405619,0.607773851590106,0.888208269525268,0.1446613088404133,0.0321469575200918,0.8727272727272727,48.0,loss_lr,1,CTGAN,baseline,0.2661,0.2486,0.4078028851551566,0.318250475383652,0.522348603582302,0.8532,0.849,0.9121615999734864,0.8477032510339282,0.9692310951026104,4.0,0.08,0.078521616462291,0.0821704243951106,-0.0001278537363231,0.9969418960244648,19.8059,24.1871,5.511995432249787,5.810358743005232,0.2329079960197268,1.0,0.0,18.899196326062,0.9448909299655568,9.098966704936856,0.9724770642201837,0.2698381454446621,0.1475422870921963,0.0769124573808999,0.123091390155386,0.181968375208562,0.3118846694796062,0.2928150765606596,0.4470730681570131,0.538930917736396,0.37542674868297093,0.8188621207172418
0.7998163452708907,0.5186751493063968,0.8114822880483246,0.8108505789619163,0.6134275618374558,0.8886618998978549,0.1331802525832376,0.0149253731343283,0.8363636363636363,46.0,loss_rf,1,CTGAN,baseline,0.2661,0.2486,0.4078028851551566,0.318250475383652,0.522348603582302,0.8532,0.849,0.9121615999734864,0.8477032510339282,0.9692310951026104,4.0,0.08,0.078521616462291,0.0821704243951106,-0.0001278537363231,0.9969418960244648,19.8059,24.1871,5.511995432249787,5.810358743005232,0.2329079960197268,1.0,0.0,18.899196326062,0.9448909299655568,9.098966704936856,0.9724770642201837,0.2698381454446621,0.1475422870921963,0.0769124573808999,0.123091390155386,0.181968375208562,0.3118846694796062,0.2928150765606596,0.4470730681570131,0.538930917736396,0.37542674868297093,0.8188621207172418
0.2653810835629017,0.5078971760814839,0.8004834026631246,0.8110122227390877,0.1836734693877551,0.1836734693877551,1.0,0.0068886337543053,0.8363636363636363,46.0,MC,4,CTGAN,baseline,0.2385,0.2368,0.3700097188422008,0.2741577449924054,0.5107974878353153,0.8578,0.8296,0.9240185699041178,0.8495727646904352,0.9755638419488776,2.0,0.0408,0.0941707568697628,0.0946995521279344,-0.0007979959904835,0.9907692307692308,19.3728,24.0923,5.513544095698091,5.745470886059283,0.2258750031191362,1.0,0.0,19.432146957520093,0.9150401836969,8.781171067738233,1.0,0.2500919994403471,0.110941187847798,0.13267148519993,0.1169934071924571,0.1376435350164716,0.278036838423875,0.28543876567020254,0.40043537099107807,0.5235920663222803,0.322700722512335,0.8041075364328022
0.7988980716253443,0.5150307039256786,0.807543671807785,0.8069596463933097,0.6261484098939929,0.888208269525268,0.1171067738231917,0.0045924225028702,0.8181818181818182,45.0,gan_leaks,4,CTGAN,baseline,0.2385,0.2368,0.3700097188422008,0.2741577449924054,0.5107974878353153,0.8578,0.8296,0.9240185699041178,0.8495727646904352,0.9755638419488776,2.0,0.0408,0.0941707568697628,0.0946995521279344,-0.0007979959904835,0.9907692307692308,19.3728,24.0923,5.513544095698091,5.745470886059283,0.2258750031191362,1.0,0.0,19.432146957520093,0.9150401836969,8.781171067738233,1.0,0.2500919994403471,0.110941187847798,0.13267148519993,0.1169934071924571,0.1376435350164716,0.278036838423875,0.28543876567020254,0.40043537099107807,0.5235920663222803,0.322700722512335,0.8041075364328022
0.7998163452708907,0.4821674970244051,0.788635357675365,0.7876517358122332,0.6120141342756183,0.8886618998978549,0.0941446613088404,0.0091848450057405,0.7818181818181819,43.0,loss_lr,4,CTGAN,baseline,0.2385,0.2368,0.3700097188422008,0.2741577449924054,0.5107974878353153,0.8578,0.8296,0.9240185699041178,0.8495727646904352,0.9755638419488776,2.0,0.0408,0.0941707568697628,0.0946995521279344,-0.0007979959904835,0.9907692307692308,19.3728,24.0923,5.513544095698091,5.745470886059283,0.2258750031191362,1.0,0.0,19.432146957520093,0.9150401836969,8.781171067738233,1.0,0.2500919994403471,0.110941187847798,0.13267148519993,0.1169934071924571,0.1376435350164716,0.278036838423875,0.28543876567020254,0.40043537099107807,0.5235920663222803,0.322700722512335,0.8041075364328022
0.7998163452708907,0.5032547214527223,0.7975259212187096,0.7970181727761823,0.6190812720848057,0.8886618998978549,0.0815154994259471,0.0068886337543053,0.8181818181818182,45.0,loss_rf,4,CTGAN,baseline,0.2385,0.2368,0.3700097188422008,0.2741577449924054,0.5107974878353153,0.8578,0.8296,0.9240185699041178,0.8495727646904352,0.9755638419488776,2.0,0.0408,0.0941707568697628,0.0946995521279344,-0.0007979959904835,0.9907692307692308,19.3728,24.0923,5.513544095698091,5.745470886059283,0.2258750031191362,1.0,0.0,19.432146957520093,0.9150401836969,8.781171067738233,1.0,0.2500919994403471,0.110941187847798,0.13267148519993,0.1169934071924571,0.1376435350164716,0.278036838423875,0.28543876567020254,0.40043537099107807,0.5235920663222803,0.322700722512335,0.8041075364328022
0.241505968778696,0.4716581173174353,0.7943742355566541,0.7515928236535374,0.1571428571428571,0.1571428571428571,0.0677382319173364,0.0080367393800229,0.7636363636363637,42.0,MC,3,CTGAN,baseline,0.289,0.2409,0.4170535772984191,0.3239314884970316,0.4970613014787178,0.8349,0.8507,0.9246935452306456,0.8325765298242361,0.9748439314001744,2.0,0.04,0.1161533379334286,0.1214606102736866,0.000128846632231,0.9959183673469388,20.1176,23.7678,5.614372470438747,5.800021570659632,0.2464529789810098,1.0,0.0,21.38920780711825,0.9253731343283582,9.025717566016077,0.9678899082568808,0.2053263314651936,0.146166101561235,0.163725903892315,0.142708409314736,0.2034341687795824,0.3461492394298718,0.2831785588339015,0.45101815563597747,0.5098880810231701,0.3890711266691799,0.8464224707377207
0.800734618916437,0.47989235193124,0.7781984411817521,0.7774902830459278,0.6063604240282685,0.889002557544757,0.0677382319173364,0.0045924225028702,0.7272727272727273,40.0,gan_leaks,3,CTGAN,baseline,0.289,0.2409,0.4170535772984191,0.3239314884970316,0.4970613014787178,0.8349,0.8507,0.9246935452306456,0.8325765298242361,0.9748439314001744,2.0,0.04,0.1161533379334286,0.1214606102736866,0.000128846632231,0.9959183673469388,20.1176,23.7678,5.614372470438747,5.800021570659632,0.2464529789810098,1.0,0.0,21.38920780711825,0.9253731343283582,9.025717566016077,0.9678899082568808,0.2053263314651936,0.146166101561235,0.163725903892315,0.142708409314736,0.2034341687795824,0.3461492394298718,0.2831785588339015,0.45101815563597747,0.5098880810231701,0.3890711266691799,0.8464224707377207
0.7988980716253443,0.515209766270974,0.8171924290077007,0.8167897082993332,0.6247349823321555,0.888208269525268,0.1285878300803674,0.0218140068886337,0.8545454545454545,47.0,loss_lr,3,CTGAN,baseline,0.289,0.2409,0.4170535772984191,0.3239314884970316,0.4970613014787178,0.8349,0.8507,0.9246935452306456,0.8325765298242361,0.9748439314001744,2.0,0.04,0.1161533379334286,0.1214606102736866,0.000128846632231,0.9959183673469388,20.1176,23.7678,5.614372470438747,5.800021570659632,0.2464529789810098,1.0,0.0,21.38920780711825,0.9253731343283582,9.025717566016077,0.9678899082568808,0.2053263314651936,0.146166101561235,0.163725903892315,0.142708409314736,0.2034341687795824,0.3461492394298718,0.2831785588339015,0.45101815563597747,0.5098880810231701,0.3890711266691799,0.8464224707377207
0.7988980716253443,0.4980197811226156,0.7953085573065213,0.7947216818574139,0.6134275618374558,0.888208269525268,0.0884041331802525,0.0068886337543053,0.7818181818181819,43.0,loss_rf,3,CTGAN,baseline,0.289,0.2409,0.4170535772984191,0.3239314884970316,0.4970613014787178,0.8349,0.8507,0.9246935452306456,0.8325765298242361,0.9748439314001744,2.0,0.04,0.1161533379334286,0.1214606102736866,0.000128846632231,0.9959183673469388,20.1176,23.7678,5.614372470438747,5.800021570659632,0.2464529789810098,1.0,0.0,21.38920780711825,0.9253731343283582,9.025717566016077,0.9678899082568808,0.2053263314651936,0.146166101561235,0.163725903892315,0.142708409314736,0.2034341687795824,0.3461492394298718,0.2831785588339015,0.45101815563597747,0.5098880810231701,0.3890711266691799,0.8464224707377207
0.27089072543618,0.5165290344326356,0.8050627378651104,0.8278618371472831,0.1897959183673469,0.1897959183673469,1.0,0.010332950631458,0.8727272727272727,48.0,MC,2,CTGAN,baseline,0.2477,0.2146,0.3546208878252845,0.2835553989194576,0.479543970695211,0.8303,0.8327,0.8861074834779407,0.8283029082654705,0.9608882824403228,3.0,0.06,0.090823084715404,0.0907300785084356,-0.0005475346651139,0.9989827060020344,19.754,24.3844,5.556528225377169,5.810461761353869,0.2467633977888903,1.0,0.0,19.200229621125143,0.9070034443168772,9.969460390355913,0.9954128440366972,0.2454937550304725,0.144957788585202,0.0950203331539113,0.1230065798296128,0.2362768158263749,0.2983259062989281,0.2577158640566831,0.4002007594309101,0.4990631891954554,0.3423329751591048,0.8101081019012156
0.800734618916437,0.5193282002127682,0.8138199848355439,0.813403887216261,0.620494699646643,0.8892291985706994,0.148105625717566,0.0160734787600459,0.8363636363636363,46.0,gan_leaks,2,CTGAN,baseline,0.2477,0.2146,0.3546208878252845,0.2835553989194576,0.479543970695211,0.8303,0.8327,0.8861074834779407,0.8283029082654705,0.9608882824403228,3.0,0.06,0.090823084715404,0.0907300785084356,-0.0005475346651139,0.9989827060020344,19.754,24.3844,5.556528225377169,5.810461761353869,0.2467633977888903,1.0,0.0,19.200229621125143,0.9070034443168772,9.969460390355913,0.9954128440366972,0.2454937550304725,0.144957788585202,0.0950203331539113,0.1230065798296128,0.2362768158263749,0.2983259062989281,0.2577158640566831,0.4002007594309101,0.4990631891954554,0.3423329751591048,0.8101081019012156
0.7998163452708907,0.4857803431677182,0.7900326115712538,0.7892705753758691,0.6162544169611307,0.8886618998978549,0.0780711825487944,0.0080367393800229,0.7636363636363637,42.0,loss_lr,2,CTGAN,baseline,0.2477,0.2146,0.3546208878252845,0.2835553989194576,0.479543970695211,0.8303,0.8327,0.8861074834779407,0.8283029082654705,0.9608882824403228,3.0,0.06,0.090823084715404,0.0907300785084356,-0.0005475346651139,0.9989827060020344,19.754,24.3844,5.556528225377169,5.810461761353869,0.2467633977888903,1.0,0.0,19.200229621125143,0.9070034443168772,9.969460390355913,0.9954128440366972,0.2454937550304725,0.144957788585202,0.0950203331539113,0.1230065798296128,0.2362768158263749,0.2983259062989281,0.2577158640566831,0.4002007594309101,0.4990631891954554,0.3423329751591048,0.8101081019012156
0.7988980716253443,0.5078945428117001,0.8129096125670662,0.8125281014937904,0.6148409893992933,0.888208269525268,0.1331802525832376,0.0137772675086107,0.8545454545454545,47.0,loss_rf,2,CTGAN,baseline,0.2477,0.2146,0.3546208878252845,0.2835553989194576,0.479543970695211,0.8303,0.8327,0.8861074834779407,0.8283029082654705,0.9608882824403228,3.0,0.06,0.090823084715404,0.0907300785084356,-0.0005475346651139,0.9989827060020344,19.754,24.3844,5.556528225377169,5.810461761353869,0.2467633977888903,1.0,0.0,19.200229621125143,0.9070034443168772,9.969460390355913,0.9954128440366972,0.2454937550304725,0.144957788585202,0.0950203331539113,0.1230065798296128,0.2362768158263749,0.2983259062989281,0.2577158640566831,0.4002007594309101,0.4990631891954554,0.3423329751591048,0.8101081019012156
0.2662993572084481,0.5104320804971885,0.8069792825468673,0.8219860957619021,0.1855249745158002,0.1855249745158002,1.0,0.0286697247706422,0.8181818181818182,45.0,MC,5,CTGAN,baseline,0.1797,0.229,0.3671134565542581,0.1811306026716276,0.5034531002678367,0.8664,0.8945,0.940568389663317,0.8595242416742291,0.9815849510059164,3.0,0.0612,0.0815454124269994,0.0822557654124364,-0.0006152945600657,0.998972250770812,19.3423,23.786,5.474932091398499,5.6435642353688245,0.2214532435143338,1.0,0.0,21.876834862385323,0.963302752293578,9.728211009174313,0.9907834101382488,0.2263848247650238,0.1417994465516948,0.0975039527301241,0.0941934139361221,0.1770759976225091,0.207409972299169,0.25600894354387926,0.3903102215519585,0.5128981447320521,0.21073355920574308,0.8131800218615993
0.7998163452708907,0.4933200862469877,0.8093335942222877,0.8090003031944178,0.6059322033898306,0.8887755102040816,0.128440366972477,0.0194954128440367,0.8545454545454545,47.0,gan_leaks,5,CTGAN,baseline,0.1797,0.229,0.3671134565542581,0.1811306026716276,0.5034531002678367,0.8664,0.8945,0.940568389663317,0.8595242416742291,0.9815849510059164,3.0,0.0612,0.0815454124269994,0.0822557654124364,-0.0006152945600657,0.998972250770812,19.3423,23.786,5.474932091398499,5.6435642353688245,0.2214532435143338,1.0,0.0,21.876834862385323,0.963302752293578,9.728211009174313,0.9907834101382488,0.2263848247650238,0.1417994465516948,0.0975039527301241,0.0941934139361221,0.1770759976225091,0.207409972299169,0.25600894354387926,0.3903102215519585,0.5128981447320521,0.21073355920574308,0.8131800218615993
0.7998163452708907,0.4808745190884877,0.7904018459169748,0.7893943485409741,0.6073446327683616,0.8887755102040816,0.0871559633027523,0.0091743119266055,0.7454545454545455,41.0,loss_lr,5,CTGAN,baseline,0.1797,0.229,0.3671134565542581,0.1811306026716276,0.5034531002678367,0.8664,0.8945,0.940568389663317,0.8595242416742291,0.9815849510059164,3.0,0.0612,0.0815454124269994,0.0822557654124364,-0.0006152945600657,0.998972250770812,19.3423,23.786,5.474932091398499,5.6435642353688245,0.2214532435143338,1.0,0.0,21.876834862385323,0.963302752293578,9.728211009174313,0.9907834101382488,0.2263848247650238,0.1417994465516948,0.0975039527301241,0.0941934139361221,0.1770759976225091,0.207409972299169,0.25600894354387926,0.3903102215519585,0.5128981447320521,0.21073355920574308,0.8131800218615993
0.7998163452708907,0.4745381135585337,0.7953463076435794,0.7948168476213666,0.6073446327683616,0.8887755102040816,0.0802752293577981,0.0149082568807339,0.8727272727272727,48.0,loss_rf,5,CTGAN,baseline,0.1797,0.229,0.3671134565542581,0.1811306026716276,0.5034531002678367,0.8664,0.8945,0.940568389663317,0.8595242416742291,0.9815849510059164,3.0,0.0612,0.0815454124269994,0.0822557654124364,-0.0006152945600657,0.998972250770812,19.3423,23.786,5.474932091398499,5.6435642353688245,0.2214532435143338,1.0,0.0,21.876834862385323,0.963302752293578,9.728211009174313,0.9907834101382488,0.2263848247650238,0.1417994465516948,0.0975039527301241,0.0941934139361221,0.1770759976225091,0.207409972299169,0.25600894354387926,0.3903102215519585,0.5128981447320521,0.21073355920574308,0.8131800218615993
0.2745638200183655,0.5231069423524578,0.8119043050273985,0.8439325015525693,0.1938775510204081,0.1938775510204081,1.0,0.0218140068886337,0.9090909090909092,50.0,MC,1,DP-CTGAN ε=50,baseline,0.1835,0.1678,0.3048381567364696,0.2113295328743686,0.3718101537218218,0.8532,0.849,0.9121615999734864,0.8477032510339282,0.9692310951026104,1.0,0.0217,1.0964767111274585,1.0897726772448468,-0.0001278537363231,1.0,91.7707,24.1871,19.5903964521045,19.702775858028065,0.2329079960197268,0.0,0.0,0.0,0.0,0.0,0.0,1.0794130239728268,,1.2013790358702154,1.1153680895171667,1.2342262863294062,0.21507266760431318,0.1976442873969376,0.3341931481716948,0.38361352168799234,0.24929659360939552,3.7942002141637485
0.7988980716253443,0.5098747616890845,0.8179306013764963,0.8176396777506802,0.6176678445229682,0.888208269525268,0.1308840413318025,0.0218140068886337,0.9272727272727272,51.0,gan_leaks,1,DP-CTGAN ε=50,baseline,0.1835,0.1678,0.3048381567364696,0.2113295328743686,0.3718101537218218,0.8532,0.849,0.9121615999734864,0.8477032510339282,0.9692310951026104,1.0,0.0217,1.0964767111274585,1.0897726772448468,-0.0001278537363231,1.0,91.7707,24.1871,19.5903964521045,19.702775858028065,0.2329079960197268,0.0,0.0,0.0,0.0,0.0,0.0,1.0794130239728268,,1.2013790358702154,1.1153680895171667,1.2342262863294062,0.21507266760431318,0.1976442873969376,0.3341931481716948,0.38361352168799234,0.24929659360939552,3.7942002141637485
0.7988980716253443,0.5046029555820053,0.8075706978148648,0.8070515976630919,0.6134275618374558,0.888208269525268,0.13203214695752,0.0114810562571756,0.8545454545454545,47.0,loss_lr,1,DP-CTGAN ε=50,baseline,0.1835,0.1678,0.3048381567364696,0.2113295328743686,0.3718101537218218,0.8532,0.849,0.9121615999734864,0.8477032510339282,0.9692310951026104,1.0,0.0217,1.0964767111274585,1.0897726772448468,-0.0001278537363231,1.0,91.7707,24.1871,19.5903964521045,19.702775858028065,0.2329079960197268,0.0,0.0,0.0,0.0,0.0,0.0,1.0794130239728268,,1.2013790358702154,1.1153680895171667,1.2342262863294062,0.21507266760431318,0.1976442873969376,0.3341931481716948,0.38361352168799234,0.24929659360939552,3.7942002141637485
0.7988980716253443,0.5404259577202204,0.8223264380664002,0.8259598219252058,0.5991253644314869,0.888208269525268,0.1526980482204362,0.0711825487944891,0.8545454545454545,47.0,loss_rf,1,DP-CTGAN ε=50,baseline,0.1835,0.1678,0.3048381567364696,0.2113295328743686,0.3718101537218218,0.8532,0.849,0.9121615999734864,0.8477032510339282,0.9692310951026104,1.0,0.0217,1.0964767111274585,1.0897726772448468,-0.0001278537363231,1.0,91.7707,24.1871,19.5903964521045,19.702775858028065,0.2329079960197268,0.0,0.0,0.0,0.0,0.0,0.0,1.0794130239728268,,1.2013790358702154,1.1153680895171667,1.2342262863294062,0.21507266760431318,0.1976442873969376,0.3341931481716948,0.38361352168799234,0.24929659360939552,3.7942002141637485
0.2543617998163452,0.4903780322101559,0.7951281115784752,0.7809107322517252,0.1714285714285714,0.1714285714285714,0.0964408725602755,0.0034443168771526,0.7090909090909091,39.0,MC,4,DP-CTGAN ε=50,baseline,0.3303,0.2606,,0.3215876099787713,,0.8578,0.8296,0.9240185699041178,0.8495727646904352,0.9755638419488776,0.0,0.0,1.1428379956842902,1.1464814054755392,-0.0007979959904835,1.0,89.5579,24.0923,19.90630086874739,20.006167522694508,0.2258750031191362,0.0,0.0,0.0,0.0,0.0,0.0,1.1212281014476415,,,1.144021091173521,,0.38505479132664955,0.31412729026036645,,,0.37852862443860286,3.717283115352208
0.7988980716253443,0.4982673084822887,0.793971215641421,0.7930392251634937,0.6134275618374558,0.888208269525268,0.0838117106773823,0.0080367393800229,0.7090909090909091,39.0,gan_leaks,4,DP-CTGAN ε=50,baseline,0.3303,0.2606,,0.3215876099787713,,0.8578,0.8296,0.9240185699041178,0.8495727646904352,0.9755638419488776,0.0,0.0,1.1428379956842902,1.1464814054755392,-0.0007979959904835,1.0,89.5579,24.0923,19.90630086874739,20.006167522694508,0.2258750031191362,0.0,0.0,0.0,0.0,0.0,0.0,1.1212281014476415,,,1.144021091173521,,0.38505479132664955,0.31412729026036645,,,0.37852862443860286,3.717283115352208
0.800734618916437,0.4854380180958299,0.7896904388723867,0.7890815680860075,0.607773851590106,0.8891159938681655,0.0941446613088404,0.0045924225028702,0.7636363636363637,42.0,loss_lr,4,DP-CTGAN ε=50,baseline,0.3303,0.2606,,0.3215876099787713,,0.8578,0.8296,0.9240185699041178,0.8495727646904352,0.9755638419488776,0.0,0.0,1.1428379956842902,1.1464814054755392,-0.0007979959904835,1.0,89.5579,24.0923,19.90630086874739,20.006167522694508,0.2258750031191362,0.0,0.0,0.0,0.0,0.0,0.0,1.1212281014476415,,,1.144021091173521,,0.38505479132664955,0.31412729026036645,,,0.37852862443860286,3.717283115352208
0.7988980716253443,0.4811247221900377,0.7922239875307979,0.8250328244014438,0.4508196721311475,0.888208269525268,0.3157290470723307,0.3157290470723307,0.8,44.0,loss_rf,4,DP-CTGAN ε=50,baseline,0.3303,0.2606,,0.3215876099787713,,0.8578,0.8296,0.9240185699041178,0.8495727646904352,0.9755638419488776,0.0,0.0,1.1428379956842902,1.1464814054755392,-0.0007979959904835,1.0,89.5579,24.0923,19.90630086874739,20.006167522694508,0.2258750031191362,0.0,0.0,0.0,0.0,0.0,0.0,1.1212281014476415,,,1.144021091173521,,0.38505479132664955,0.31412729026036645,,,0.37852862443860286,3.717283115352208
0.2525252525252525,0.4883425146673127,0.7961302244755459,0.7783440066100668,0.1693877551020408,0.1693877551020408,0.0952927669345579,0.0034443168771526,0.7818181818181819,43.0,MC,2,DP-CTGAN ε=50,baseline,0.3211,0.193,,0.3480326671759556,,0.8303,0.8327,0.8861074834779407,0.8283029082654705,0.9608882824403228,0.0,0.0,1.1199291952656232,1.118122649913945,-0.0005475346651139,1.0,88.7834,24.3844,19.501433669252176,19.604860438676937,0.2467633977888903,0.0,0.0,0.0,0.0,0.0,0.0,,1.1077237027989009,1.218954738097435,,,0.38672768878718533,0.23177614987390419,,,0.42017559482528266,3.6409917816308788
0.7998163452708907,0.5042658970496845,0.7969190073701754,0.7962682269092031,0.6134275618374558,0.8886618998978549,0.0861079219288174,0.0022962112514351,0.7636363636363637,42.0,gan_leaks,2,DP-CTGAN ε=50,baseline,0.3211,0.193,,0.3480326671759556,,0.8303,0.8327,0.8861074834779407,0.8283029082654705,0.9608882824403228,0.0,0.0,1.1199291952656232,1.118122649913945,-0.0005475346651139,1.0,88.7834,24.3844,19.501433669252176,19.604860438676937,0.2467633977888903,0.0,0.0,0.0,0.0,0.0,0.0,,1.1077237027989009,1.218954738097435,,,0.38672768878718533,0.23177614987390419,,,0.42017559482528266,3.6409917816308788
0.7988980716253443,0.505414002675402,0.8121178594341487,0.8118161353975587,0.620494699646643,0.888208269525268,0.1090700344431687,0.0413318025258323,0.8545454545454545,47.0,loss_lr,2,DP-CTGAN ε=50,baseline,0.3211,0.193,,0.3480326671759556,,0.8303,0.8327,0.8861074834779407,0.8283029082654705,0.9608882824403228,0.0,0.0,1.1199291952656232,1.118122649913945,-0.0005475346651139,1.0,88.7834,24.3844,19.501433669252176,19.604860438676937,0.2467633977888903,0.0,0.0,0.0,0.0,0.0,0.0,,1.1077237027989009,1.218954738097435,,,0.38672768878718533,0.23177614987390419,,,0.42017559482528266,3.6409917816308788
0.7998163452708907,0.5302720694340576,0.8156061670236924,0.8310659074881844,0.5769516728624535,0.8886618998978549,0.1699196326061997,0.1699196326061997,0.8545454545454545,47.0,loss_rf,2,DP-CTGAN ε=50,baseline,0.3211,0.193,,0.3480326671759556,,0.8303,0.8327,0.8861074834779407,0.8283029082654705,0.9608882824403228,0.0,0.0,1.1199291952656232,1.118122649913945,-0.0005475346651139,1.0,88.7834,24.3844,19.501433669252176,19.604860438676937,0.2467633977888903,0.0,0.0,0.0,0.0,0.0,0.0,,1.1077237027989009,1.218954738097435,,,0.38672768878718533,0.23177614987390419,,,0.42017559482528266,3.6409917816308788
0.256198347107438,0.4925978786378622,0.7955704062865112,0.7859259178536782,0.173469387755102,0.173469387755102,0.0711825487944891,0.0080367393800229,0.7636363636363637,42.0,MC,3,DP-CTGAN ε=50,baseline,0.1927,0.186,0.3198748397880253,0.2182025757281641,0.384978991891367,0.8349,0.8507,0.9246935452306456,0.8325765298242361,0.9748439314001744,2.0,0.05,1.1018916129501382,1.104039653055874,0.000128846632231,1.0,91.0064,23.7678,19.8804129260776,19.974623044474694,0.2464529789810098,0.0,0.0,0.0,0.0,0.0,0.0,1.0952921006850709,,1.2017549630376518,1.1343579539043034,1.2086501211751015,0.2308060845610253,0.21864347008346066,0.34592524349052217,0.39491346203327055,0.2620811035524007,3.8289787022778716
0.800734618916437,0.4912206785409578,0.7876620958864338,0.7866435486003002,0.6134275618374558,0.8892291985706994,0.0619977037887485,0.010332950631458,0.6909090909090909,38.0,gan_leaks,3,DP-CTGAN ε=50,baseline,0.1927,0.186,0.3198748397880253,0.2182025757281641,0.384978991891367,0.8349,0.8507,0.9246935452306456,0.8325765298242361,0.9748439314001744,2.0,0.05,1.1018916129501382,1.104039653055874,0.000128846632231,1.0,91.0064,23.7678,19.8804129260776,19.974623044474694,0.2464529789810098,0.0,0.0,0.0,0.0,0.0,0.0,1.0952921006850709,,1.2017549630376518,1.1343579539043034,1.2086501211751015,0.2308060845610253,0.21864347008346066,0.34592524349052217,0.39491346203327055,0.2620811035524007,3.8289787022778716
0.7998163452708907,0.5196599922055214,0.8089311840771751,0.8084612385591603,0.6176678445229682,0.8886618998978549,0.1366245694603903,0.0091848450057405,0.7636363636363637,42.0,loss_lr,3,DP-CTGAN ε=50,baseline,0.1927,0.186,0.3198748397880253,0.2182025757281641,0.384978991891367,0.8349,0.8507,0.9246935452306456,0.8325765298242361,0.9748439314001744,2.0,0.05,1.1018916129501382,1.104039653055874,0.000128846632231,1.0,91.0064,23.7678,19.8804129260776,19.974623044474694,0.2464529789810098,0.0,0.0,0.0,0.0,0.0,0.0,1.0952921006850709,,1.2017549630376518,1.1343579539043034,1.2086501211751015,0.2308060845610253,0.21864347008346066,0.34592524349052217,0.39491346203327055,0.2620811035524007,3.8289787022778716
0.8016528925619835,0.5016326272659286,0.7970944413463001,0.7960216084940377,0.6134275618374558,0.8896833503575077,0.0998851894374282,0.0034443168771526,0.7818181818181819,43.0,loss_rf,3,DP-CTGAN ε=50,baseline,0.1927,0.186,0.3198748397880253,0.2182025757281641,0.384978991891367,0.8349,0.8507,0.9246935452306456,0.8325765298242361,0.9748439314001744,2.0,0.05,1.1018916129501382,1.104039653055874,0.000128846632231,1.0,91.0064,23.7678,19.8804129260776,19.974623044474694,0.2464529789810098,0.0,0.0,0.0,0.0,0.0,0.0,1.0952921006850709,,1.2017549630376518,1.1343579539043034,1.2086501211751015,0.2308060845610253,0.21864347008346066,0.34592524349052217,0.39491346203327055,0.2620811035524007,3.8289787022778716
0.2626262626262626,0.5055357671331332,0.8060250144049069,0.813158353078765,0.18144750254842,0.18144750254842,1.0,0.0194954128440367,0.8545454545454545,47.0,MC,5,DP-CTGAN ε=50,baseline,0.1982,0.333,,0.2060354287363993,,0.8664,0.8945,0.940568389663317,0.8595242416742291,0.9815849510059164,0.0,0.0,1.140156534865213,1.1416986613395932,-0.0006152945600657,1.0,89.2017,23.786,19.89573801326685,19.997343420595364,0.2214532435143338,0.0,0.0,0.0,0.0,0.0,0.0,1.139934168537119,,1.2429966858632358,,,0.22876269621421977,0.37227501397428736,,,0.2397086885357323,3.750176574455562
0.7998163452708907,0.4924639580602883,0.8050041531241218,0.8046328103733986,0.615819209039548,0.8887755102040816,0.1307339449541284,0.0206422018348623,0.8363636363636363,46.0,gan_leaks,5,DP-CTGAN ε=50,baseline,0.1982,0.333,,0.2060354287363993,,0.8664,0.8945,0.940568389663317,0.8595242416742291,0.9815849510059164,0.0,0.0,1.140156534865213,1.1416986613395932,-0.0006152945600657,1.0,89.2017,23.786,19.89573801326685,19.997343420595364,0.2214532435143338,0.0,0.0,0.0,0.0,0.0,0.0,1.139934168537119,,1.2429966858632358,,,0.22876269621421977,0.37227501397428736,,,0.2397086885357323,3.750176574455562
0.8016528925619835,0.5191624741047647,0.8071001890986063,0.806734261850339,0.6200564971751412,0.889795918367347,0.0860091743119266,0.018348623853211,0.8181818181818182,45.0,loss_lr,5,DP-CTGAN ε=50,baseline,0.1982,0.333,,0.2060354287363993,,0.8664,0.8945,0.940568389663317,0.8595242416742291,0.9815849510059164,0.0,0.0,1.140156534865213,1.1416986613395932,-0.0006152945600657,1.0,89.2017,23.786,19.89573801326685,19.997343420595364,0.2214532435143338,0.0,0.0,0.0,0.0,0.0,0.0,1.139934168537119,,1.2429966858632358,,,0.22876269621421977,0.37227501397428736,,,0.2397086885357323,3.750176574455562
0.7998163452708907,0.500166469369636,0.8076454405898809,0.8266035143512549,0.5878084179970973,0.8887755102040816,0.2006880733944954,0.2006880733944954,0.8181818181818182,45.0,loss_rf,5,DP-CTGAN ε=50,baseline,0.1982,0.333,,0.2060354287363993,,0.8664,0.8945,0.940568389663317,0.8595242416742291,0.9815849510059164,0.0,0.0,1.140156534865213,1.1416986613395932,-0.0006152945600657,1.0,89.2017,23.786,19.89573801326685,19.997343420595364,0.2214532435143338,0.0,0.0,0.0,0.0,0.0,0.0,1.139934168537119,,1.2429966858632358,,,0.22876269621421977,0.37227501397428736,,,0.2397086885357323,3.750176574455562
0.2727272727272727,0.5196099600796301,0.8064204422499722,0.8340416810908841,0.1918367346938775,0.1918367346938775,1.0,0.0068886337543053,0.8727272727272727,48.0,MC,2,WGAN-GP,postmodel,0.8028,0.7387,0.8359549214569707,0.7993065691691436,0.9368550792492888,0.8303,0.8327,0.8861074834779407,0.8283029082654705,0.9608882824403228,6.0,0.1224,0.0341748529700527,0.0349101009408195,-0.0005475346651139,0.7247119078104993,19.0867,24.3844,0.71040333983548,0.8832733576799451,0.2467633977888903,0.9908151549942594,0.0068886337543053,18.89460390355913,0.9862227324913893,9.85281285878301,1.0,0.0563217704452096,0.0395957017833836,0.0385858900582993,0.0486901405521024,0.0327346547728213,0.9668794411658436,0.8871142067971659,0.9434012656973363,0.9749885562866913,0.9649930734191825,0.782742245041912
0.800734618916437,0.527691465045977,0.8190560165103362,0.8187189465891266,0.620494699646643,0.8892291985706994,0.1308840413318025,0.0309988518943742,0.8909090909090909,49.0,gan_leaks,2,WGAN-GP,postmodel,0.8028,0.7387,0.8359549214569707,0.7993065691691436,0.9368550792492888,0.8303,0.8327,0.8861074834779407,0.8283029082654705,0.9608882824403228,6.0,0.1224,0.0341748529700527,0.0349101009408195,-0.0005475346651139,0.7247119078104993,19.0867,24.3844,0.71040333983548,0.8832733576799451,0.2467633977888903,0.9908151549942594,0.0068886337543053,18.89460390355913,0.9862227324913893,9.85281285878301,1.0,0.0563217704452096,0.0395957017833836,0.0385858900582993,0.0486901405521024,0.0327346547728213,0.9668794411658436,0.8871142067971659,0.9434012656973363,0.9749885562866913,0.9649930734191825,0.782742245041912
0.7988980716253443,0.5435700818420248,0.8256650452046301,0.8247830344703406,0.6318021201413427,0.888208269525268,0.1607347876004592,0.0355912743972445,0.8909090909090909,49.0,loss_lr,2,WGAN-GP,postmodel,0.8028,0.7387,0.8359549214569707,0.7993065691691436,0.9368550792492888,0.8303,0.8327,0.8861074834779407,0.8283029082654705,0.9608882824403228,6.0,0.1224,0.0341748529700527,0.0349101009408195,-0.0005475346651139,0.7247119078104993,19.0867,24.3844,0.71040333983548,0.8832733576799451,0.2467633977888903,0.9908151549942594,0.0068886337543053,18.89460390355913,0.9862227324913893,9.85281285878301,1.0,0.0563217704452096,0.0395957017833836,0.0385858900582993,0.0486901405521024,0.0327346547728213,0.9668794411658436,0.8871142067971659,0.9434012656973363,0.9749885562866913,0.9649930734191825,0.782742245041912
0.7988980716253443,0.5244314770536871,0.8121798217567315,0.8116034682494855,0.6219081272084805,0.888208269525268,0.1274397244546498,0.0068886337543053,0.8181818181818182,45.0,loss_rf,2,WGAN-GP,postmodel,0.8028,0.7387,0.8359549214569707,0.7993065691691436,0.9368550792492888,0.8303,0.8327,0.8861074834779407,0.8283029082654705,0.9608882824403228,6.0,0.1224,0.0341748529700527,0.0349101009408195,-0.0005475346651139,0.7247119078104993,19.0867,24.3844,0.71040333983548,0.8832733576799451,0.2467633977888903,0.9908151549942594,0.0068886337543053,18.89460390355913,0.9862227324913893,9.85281285878301,1.0,0.0563217704452096,0.0395957017833836,0.0385858900582993,0.0486901405521024,0.0327346547728213,0.9668794411658436,0.8871142067971659,0.9434012656973363,0.9749885562866913,0.9649930734191825,0.782742245041912
0.2470156106519742,0.4803716070318836,0.7965202833442176,0.7661784483568969,0.1632653061224489,0.1632653061224489,0.0918484500574052,0.0068886337543053,0.8,44.0,MC,3,WGAN-GP,postmodel,0.7982,0.7437,0.8528928446798881,0.7974793643575975,0.9279937567308372,0.8349,0.8507,0.9246935452306456,0.8325765298242361,0.9748439314001744,9.0,0.18,0.0346607513890875,0.0363618505500157,0.000128846632231,0.711168164313222,19.4544,23.7678,0.6982590746287374,0.8667770090677094,0.2464529789810098,0.9931113662456946,0.0045924225028702,18.888404133180256,0.9931113662456946,8.323076923076924,0.9908256880733946,0.0765403364492479,0.0526813561110088,0.0251570908364294,0.0487892992713612,0.0752417644997194,0.9560426398371062,0.8742212295756436,0.9223518960188607,0.9519408459546482,0.9578451178847811,0.818519172998763
0.7998163452708907,0.4946123300224355,0.7867653096696411,0.785817524346902,0.6120141342756183,0.8886618998978549,0.0769230769230769,0.0080367393800229,0.7636363636363637,42.0,gan_leaks,3,WGAN-GP,postmodel,0.7982,0.7437,0.8528928446798881,0.7974793643575975,0.9279937567308372,0.8349,0.8507,0.9246935452306456,0.8325765298242361,0.9748439314001744,9.0,0.18,0.0346607513890875,0.0363618505500157,0.000128846632231,0.711168164313222,19.4544,23.7678,0.6982590746287374,0.8667770090677094,0.2464529789810098,0.9931113662456946,0.0045924225028702,18.888404133180256,0.9931113662456946,8.323076923076924,0.9908256880733946,0.0765403364492479,0.0526813561110088,0.0251570908364294,0.0487892992713612,0.0752417644997194,0.9560426398371062,0.8742212295756436,0.9223518960188607,0.9519408459546482,0.9578451178847811,0.818519172998763
0.8034894398530762,0.5165211346232844,0.8142913442976003,0.8138249005619985,0.6219081272084805,0.8903688524590164,0.13203214695752,0.0068886337543053,0.8181818181818182,45.0,loss_lr,3,WGAN-GP,postmodel,0.7982,0.7437,0.8528928446798881,0.7974793643575975,0.9279937567308372,0.8349,0.8507,0.9246935452306456,0.8325765298242361,0.9748439314001744,9.0,0.18,0.0346607513890875,0.0363618505500157,0.000128846632231,0.711168164313222,19.4544,23.7678,0.6982590746287374,0.8667770090677094,0.2464529789810098,0.9931113662456946,0.0045924225028702,18.888404133180256,0.9931113662456946,8.323076923076924,0.9908256880733946,0.0765403364492479,0.0526813561110088,0.0251570908364294,0.0487892992713612,0.0752417644997194,0.9560426398371062,0.8742212295756436,0.9223518960188607,0.9519408459546482,0.9578451178847811,0.818519172998763
0.8025711662075299,0.496450352331497,0.7961069532807364,0.795570091220682,0.6134275618374558,0.8899129544290835,0.0815154994259471,0.0195177956371986,0.7636363636363637,42.0,loss_rf,3,WGAN-GP,postmodel,0.7982,0.7437,0.8528928446798881,0.7974793643575975,0.9279937567308372,0.8349,0.8507,0.9246935452306456,0.8325765298242361,0.9748439314001744,9.0,0.18,0.0346607513890875,0.0363618505500157,0.000128846632231,0.711168164313222,19.4544,23.7678,0.6982590746287374,0.8667770090677094,0.2464529789810098,0.9931113662456946,0.0045924225028702,18.888404133180256,0.9931113662456946,8.323076923076924,0.9908256880733946,0.0765403364492479,0.0526813561110088,0.0251570908364294,0.0487892992713612,0.0752417644997194,0.9560426398371062,0.8742212295756436,0.9223518960188607,0.9519408459546482,0.9578451178847811,0.818519172998763
0.27089072543618,0.5166290986844184,0.8046382988434831,0.8273676882397726,0.1897959183673469,0.1897959183673469,1.0,0.0137772675086107,0.8363636363636363,46.0,MC,1,WGAN-GP,postmodel,0.7844,0.7747,0.8414337295378915,0.7818162659295608,0.936098978249593,0.8532,0.849,0.9121615999734864,0.8477032510339282,0.9692310951026104,6.0,0.12,0.0284850831231391,0.0323103782509014,-0.0001278537363231,0.6798418972332015,19.3646,24.1871,0.6386300339467649,0.7875863535310351,0.2329079960197268,0.983926521239954,0.0045924225028702,16.43260619977038,0.9942594718714122,7.7026406429391505,0.9954128440366972,0.0958547327560084,0.0679518458777346,0.0173847077053262,0.0427453284556731,0.069456187058351,0.9193624003750587,0.9124852767962309,0.9224612498074346,0.9658160814067673,0.9222758848405899,0.8006168577464846
0.7988980716253443,0.5345221668650397,0.8217112560717295,0.8208503074031464,0.6388692579505301,0.888208269525268,0.1469575200918484,0.018369690011481,0.8363636363636363,46.0,gan_leaks,1,WGAN-GP,postmodel,0.7844,0.7747,0.8414337295378915,0.7818162659295608,0.936098978249593,0.8532,0.849,0.9121615999734864,0.8477032510339282,0.9692310951026104,6.0,0.12,0.0284850831231391,0.0323103782509014,-0.0001278537363231,0.6798418972332015,19.3646,24.1871,0.6386300339467649,0.7875863535310351,0.2329079960197268,0.983926521239954,0.0045924225028702,16.43260619977038,0.9942594718714122,7.7026406429391505,0.9954128440366972,0.0958547327560084,0.0679518458777346,0.0173847077053262,0.0427453284556731,0.069456187058351,0.9193624003750587,0.9124852767962309,0.9224612498074346,0.9658160814067673,0.9222758848405899,0.8006168577464846
0.7988980716253443,0.5180326314791603,0.8107427801088398,0.8102790707294651,0.6261484098939929,0.888208269525268,0.1194029850746268,0.018369690011481,0.8181818181818182,45.0,loss_lr,1,WGAN-GP,postmodel,0.7844,0.7747,0.8414337295378915,0.7818162659295608,0.936098978249593,0.8532,0.849,0.9121615999734864,0.8477032510339282,0.9692310951026104,6.0,0.12,0.0284850831231391,0.0323103782509014,-0.0001278537363231,0.6798418972332015,19.3646,24.1871,0.6386300339467649,0.7875863535310351,0.2329079960197268,0.983926521239954,0.0045924225028702,16.43260619977038,0.9942594718714122,7.7026406429391505,0.9954128440366972,0.0958547327560084,0.0679518458777346,0.0173847077053262,0.0427453284556731,0.069456187058351,0.9193624003750587,0.9124852767962309,0.9224612498074346,0.9658160814067673,0.9222758848405899,0.8006168577464846
0.800734618916437,0.5128134907677562,0.811581633055104,0.8112033589964237,0.6303886925795052,0.8892291985706994,0.1044776119402985,0.0195177956371986,0.8181818181818182,45.0,loss_rf,1,WGAN-GP,postmodel,0.7844,0.7747,0.8414337295378915,0.7818162659295608,0.936098978249593,0.8532,0.849,0.9121615999734864,0.8477032510339282,0.9692310951026104,6.0,0.12,0.0284850831231391,0.0323103782509014,-0.0001278537363231,0.6798418972332015,19.3646,24.1871,0.6386300339467649,0.7875863535310351,0.2329079960197268,0.983926521239954,0.0045924225028702,16.43260619977038,0.9942594718714122,7.7026406429391505,0.9954128440366972,0.0958547327560084,0.0679518458777346,0.0173847077053262,0.0427453284556731,0.069456187058351,0.9193624003750587,0.9124852767962309,0.9224612498074346,0.9658160814067673,0.9222758848405899,0.8006168577464846
0.2754820936639118,0.5250153257514903,0.8107315930782893,0.8461792905160376,0.1957186544342507,0.1957186544342507,1.0,0.0355504587155963,0.8727272727272727,48.0,MC,5,WGAN-GP,postmodel,0.8018,0.821,0.8616400190444109,0.7959520712128038,0.9568373467518982,0.8664,0.8945,0.940568389663317,0.8595242416742291,0.9815849510059164,5.0,0.1,0.0327387054750424,0.0321970973790388,-0.0006152945600657,0.7316455696202532,19.4935,23.786,0.6734194752981064,0.7885460480559945,0.2214532435143338,0.993119266055046,0.0057339449541284,16.64151376146789,0.985091743119266,8.112155963302753,1.0,0.0906452152807346,0.0511284652306152,0.0233843330479556,0.0395879513852054,0.0659698582134793,0.9254385964912281,0.9178311906092789,0.9160843895177478,0.9747881176981604,0.9260379552092726,0.8195367022618347
0.7998163452708907,0.5013951718598063,0.8147385343381957,0.8143891143996222,0.597457627118644,0.8887755102040816,0.1227064220183486,0.018348623853211,0.8727272727272727,48.0,gan_leaks,5,WGAN-GP,postmodel,0.8018,0.821,0.8616400190444109,0.7959520712128038,0.9568373467518982,0.8664,0.8945,0.940568389663317,0.8595242416742291,0.9815849510059164,5.0,0.1,0.0327387054750424,0.0321970973790388,-0.0006152945600657,0.7316455696202532,19.4935,23.786,0.6734194752981064,0.7885460480559945,0.2214532435143338,0.993119266055046,0.0057339449541284,16.64151376146789,0.985091743119266,8.112155963302753,1.0,0.0906452152807346,0.0511284652306152,0.0233843330479556,0.0395879513852054,0.0659698582134793,0.9254385964912281,0.9178311906092789,0.9160843895177478,0.9747881176981604,0.9260379552092726,0.8195367022618347
0.7998163452708907,0.5056652433095168,0.7951385182193618,0.794434063404798,0.6214689265536724,0.8887755102040816,0.073394495412844,0.0114678899082568,0.7454545454545455,41.0,loss_lr,5,WGAN-GP,postmodel,0.8018,0.821,0.8616400190444109,0.7959520712128038,0.9568373467518982,0.8664,0.8945,0.940568389663317,0.8595242416742291,0.9815849510059164,5.0,0.1,0.0327387054750424,0.0321970973790388,-0.0006152945600657,0.7316455696202532,19.4935,23.786,0.6734194752981064,0.7885460480559945,0.2214532435143338,0.993119266055046,0.0057339449541284,16.64151376146789,0.985091743119266,8.112155963302753,1.0,0.0906452152807346,0.0511284652306152,0.0233843330479556,0.0395879513852054,0.0659698582134793,0.9254385964912281,0.9178311906092789,0.9160843895177478,0.9747881176981604,0.9260379552092726,0.8195367022618347
0.7998163452708907,0.5136689849067771,0.8107317305665567,0.8102473908735569,0.6257062146892656,0.8887755102040816,0.1341743119266055,0.0068807339449541,0.8181818181818182,45.0,loss_rf,5,WGAN-GP,postmodel,0.8018,0.821,0.8616400190444109,0.7959520712128038,0.9568373467518982,0.8664,0.8945,0.940568389663317,0.8595242416742291,0.9815849510059164,5.0,0.1,0.0327387054750424,0.0321970973790388,-0.0006152945600657,0.7316455696202532,19.4935,23.786,0.6734194752981064,0.7885460480559945,0.2214532435143338,0.993119266055046,0.0057339449541284,16.64151376146789,0.985091743119266,8.112155963302753,1.0,0.0906452152807346,0.0511284652306152,0.0233843330479556,0.0395879513852054,0.0659698582134793,0.9254385964912281,0.9178311906092789,0.9160843895177478,0.9747881176981604,0.9260379552092726,0.8195367022618347
0.2690541781450872,0.5132848460590484,0.802634287688709,0.821824207500323,0.1877551020408163,0.1877551020408163,1.0,0.0160734787600459,0.8181818181818182,45.0,MC,4,WGAN-GP,postmodel,0.7752,0.8317,0.86435280420492,0.7808167107625905,0.9472435000602132,0.8578,0.8296,0.9240185699041178,0.8495727646904352,0.9755638419488776,8.0,0.1633,0.031639351798291,0.0302140609573369,-0.0007979959904835,0.6788511749347258,19.408,24.0923,0.6903319911469846,0.8285074662734138,0.2258750031191362,0.9931113662456946,0.0,17.672101033295064,0.9908151549942594,8.776808266360506,1.0,0.059751484328494,0.036862312321068,0.0312335377041935,0.045865768656263,0.0374040803952102,0.9037071578456517,1.0025313404050145,0.9354279582223233,0.9709702833675251,0.919069846886043,0.8055685841534432
0.7988980716253443,0.5196441925868188,0.8155218671381733,0.8151412194034864,0.6289752650176679,0.888208269525268,0.1205510907003444,0.0195177956371986,0.8545454545454545,47.0,gan_leaks,4,WGAN-GP,postmodel,0.7752,0.8317,0.86435280420492,0.7808167107625905,0.9472435000602132,0.8578,0.8296,0.9240185699041178,0.8495727646904352,0.9755638419488776,8.0,0.1633,0.031639351798291,0.0302140609573369,-0.0007979959904835,0.6788511749347258,19.408,24.0923,0.6903319911469846,0.8285074662734138,0.2258750031191362,0.9931113662456946,0.0,17.672101033295064,0.9908151549942594,8.776808266360506,1.0,0.059751484328494,0.036862312321068,0.0312335377041935,0.045865768656263,0.0374040803952102,0.9037071578456517,1.0025313404050145,0.9354279582223233,0.9709702833675251,0.919069846886043,0.8055685841534432
0.8016528925619835,0.5304616648584881,0.8115992974722972,0.8106772057152505,0.6219081272084805,0.8895705521472392,0.0975889781859931,0.0195177956371986,0.8363636363636363,46.0,loss_lr,4,WGAN-GP,postmodel,0.7752,0.8317,0.86435280420492,0.7808167107625905,0.9472435000602132,0.8578,0.8296,0.9240185699041178,0.8495727646904352,0.9755638419488776,8.0,0.1633,0.031639351798291,0.0302140609573369,-0.0007979959904835,0.6788511749347258,19.408,24.0923,0.6903319911469846,0.8285074662734138,0.2258750031191362,0.9931113662456946,0.0,17.672101033295064,0.9908151549942594,8.776808266360506,1.0,0.059751484328494,0.036862312321068,0.0312335377041935,0.045865768656263,0.0374040803952102,0.9037071578456517,1.0025313404050145,0.9354279582223233,0.9709702833675251,0.919069846886043,0.8055685841534432
0.7988980716253443,0.5003791908488608,0.802261326949548,0.8018702718514448,0.6120141342756183,0.888208269525268,0.0987370838117106,0.0195177956371986,0.8363636363636363,46.0,loss_rf,4,WGAN-GP,postmodel,0.7752,0.8317,0.86435280420492,0.7808167107625905,0.9472435000602132,0.8578,0.8296,0.9240185699041178,0.8495727646904352,0.9755638419488776,8.0,0.1633,0.031639351798291,0.0302140609573369,-0.0007979959904835,0.6788511749347258,19.408,24.0923,0.6903319911469846,0.8285074662734138,0.2258750031191362,0.9931113662456946,0.0,17.672101033295064,0.9908151549942594,8.776808266360506,1.0,0.059751484328494,0.036862312321068,0.0312335377041935,0.045865768656263,0.0374040803952102,0.9037071578456517,1.0025313404050145,0.9354279582223233,0.9709702833675251,0.919069846886043,0.8055685841534432
0.2718089990817263,0.5196856635521923,0.8109692441952907,0.838827015167173,0.1916411824668705,0.1916411824668705,1.0,0.0378440366972477,0.8727272727272727,48.0,MC,5,CVAE-GMM,postmodel,0.8433,0.8785,0.9169046768692356,0.844089600173671,0.9715417560368984,0.8664,0.8945,0.940568389663317,0.8595242416742291,0.9815849510059164,15.0,0.3,0.0529621427027006,0.0546179542891004,-0.0006152945600657,0.7315175097276264,16.7093,23.786,1.2289939037720436,1.4154456728405649,0.2214532435143338,1.0,0.0103211009174311,30.74839449541285,1.0,12.360550458715595,1.0,0.0831089477195398,0.0700921584991428,0.0559960239787546,0.0848013496058754,0.0163753212923603,0.9733379501385042,0.9821129122414757,0.9748410503115547,0.9897683894208792,0.9820428083907282,0.7024846548389808
0.8053259871441689,0.5900044391831902,0.8439670712401944,0.8436994339004807,0.6426553672316384,0.8913934426229508,0.1341743119266055,0.0229357798165137,0.8909090909090909,49.0,gan_leaks,5,CVAE-GMM,postmodel,0.8433,0.8785,0.9169046768692356,0.844089600173671,0.9715417560368984,0.8664,0.8945,0.940568389663317,0.8595242416742291,0.9815849510059164,15.0,0.3,0.0529621427027006,0.0546179542891004,-0.0006152945600657,0.7315175097276264,16.7093,23.786,1.2289939037720436,1.4154456728405649,0.2214532435143338,1.0,0.0103211009174311,30.74839449541285,1.0,12.360550458715595,1.0,0.0831089477195398,0.0700921584991428,0.0559960239787546,0.0848013496058754,0.0163753212923603,0.9733379501385042,0.9821129122414757,0.9748410503115547,0.9897683894208792,0.9820428083907282,0.7024846548389808
0.8034894398530762,0.525916374244282,0.7976585066522557,0.7969069026870215,0.6228813559322034,0.8904810644831116,0.0630733944954128,0.0080275229357798,0.7454545454545455,41.0,loss_lr,5,CVAE-GMM,postmodel,0.8433,0.8785,0.9169046768692356,0.844089600173671,0.9715417560368984,0.8664,0.8945,0.940568389663317,0.8595242416742291,0.9815849510059164,15.0,0.3,0.0529621427027006,0.0546179542891004,-0.0006152945600657,0.7315175097276264,16.7093,23.786,1.2289939037720436,1.4154456728405649,0.2214532435143338,1.0,0.0103211009174311,30.74839449541285,1.0,12.360550458715595,1.0,0.0831089477195398,0.0700921584991428,0.0559960239787546,0.0848013496058754,0.0163753212923603,0.9733379501385042,0.9821129122414757,0.9748410503115547,0.9897683894208792,0.9820428083907282,0.7024846548389808
0.7998163452708907,0.5258952352767091,0.811671896865177,0.8111840077938404,0.6271186440677966,0.8887755102040816,0.125,0.0137614678899082,0.8,44.0,loss_rf,5,CVAE-GMM,postmodel,0.8433,0.8785,0.9169046768692356,0.844089600173671,0.9715417560368984,0.8664,0.8945,0.940568389663317,0.8595242416742291,0.9815849510059164,15.0,0.3,0.0529621427027006,0.0546179542891004,-0.0006152945600657,0.7315175097276264,16.7093,23.786,1.2289939037720436,1.4154456728405649,0.2214532435143338,1.0,0.0103211009174311,30.74839449541285,1.0,12.360550458715595,1.0,0.0831089477195398,0.0700921584991428,0.0559960239787546,0.0848013496058754,0.0163753212923603,0.9733379501385042,0.9821129122414757,0.9748410503115547,0.9897683894208792,0.9820428083907282,0.7024846548389808
0.2800734618916437,0.5307460579951336,0.8096826467653617,0.8529764118386699,0.2,0.2,1.0,0.0344431687715269,0.8727272727272727,48.0,MC,2,CVAE-GMM,postmodel,0.8119,0.7256,0.8519257467723385,0.8120221612901312,0.9384064699158314,0.8303,0.8327,0.8861074834779407,0.8283029082654705,0.9608882824403228,13.0,0.2653,0.0475942336160916,0.0492844984186451,-0.0005475346651139,0.6774193548387096,16.6661,24.3844,1.1480101313740692,1.3747390848180967,0.2467633977888903,1.0,0.0080367393800229,28.1134328358209,1.0,12.215843857634905,1.0,0.0751734109549229,0.0833241960042602,0.0504744218104047,0.0782725534469089,0.0178052138254729,0.9778393351800553,0.871382250510388,0.9614248414070039,0.9766030943083255,0.9803444527202827,0.6834738603369368
0.8080808080808081,0.6334804453385859,0.8548384344361571,0.8544139552463796,0.6544169611307421,0.8924343798250128,0.1836969001148105,0.0355912743972445,0.8727272727272727,48.0,gan_leaks,2,CVAE-GMM,postmodel,0.8119,0.7256,0.8519257467723385,0.8120221612901312,0.9384064699158314,0.8303,0.8327,0.8861074834779407,0.8283029082654705,0.9608882824403228,13.0,0.2653,0.0475942336160916,0.0492844984186451,-0.0005475346651139,0.6774193548387096,16.6661,24.3844,1.1480101313740692,1.3747390848180967,0.2467633977888903,1.0,0.0080367393800229,28.1134328358209,1.0,12.215843857634905,1.0,0.0751734109549229,0.0833241960042602,0.0504744218104047,0.0782725534469089,0.0178052138254729,0.9778393351800553,0.871382250510388,0.9614248414070039,0.9766030943083255,0.9803444527202827,0.6834738603369368
0.8016528925619835,0.5976785093586409,0.8445490698675285,0.8442477233611184,0.6459363957597173,0.8896833503575077,0.1687715269804822,0.0321469575200918,0.8909090909090909,49.0,loss_lr,2,CVAE-GMM,postmodel,0.8119,0.7256,0.8519257467723385,0.8120221612901312,0.9384064699158314,0.8303,0.8327,0.8861074834779407,0.8283029082654705,0.9608882824403228,13.0,0.2653,0.0475942336160916,0.0492844984186451,-0.0005475346651139,0.6774193548387096,16.6661,24.3844,1.1480101313740692,1.3747390848180967,0.2467633977888903,1.0,0.0080367393800229,28.1134328358209,1.0,12.215843857634905,1.0,0.0751734109549229,0.0833241960042602,0.0504744218104047,0.0782725534469089,0.0178052138254729,0.9778393351800553,0.871382250510388,0.9614248414070039,0.9766030943083255,0.9803444527202827,0.6834738603369368
0.800734618916437,0.5332502975594856,0.8219395715214697,0.8215757181864132,0.6275618374558304,0.8891159938681655,0.1308840413318025,0.0344431687715269,0.9090909090909092,50.0,loss_rf,2,CVAE-GMM,postmodel,0.8119,0.7256,0.8519257467723385,0.8120221612901312,0.9384064699158314,0.8303,0.8327,0.8861074834779407,0.8283029082654705,0.9608882824403228,13.0,0.2653,0.0475942336160916,0.0492844984186451,-0.0005475346651139,0.6774193548387096,16.6661,24.3844,1.1480101313740692,1.3747390848180967,0.2467633977888903,1.0,0.0080367393800229,28.1134328358209,1.0,12.215843857634905,1.0,0.0751734109549229,0.0833241960042602,0.0504744218104047,0.0782725534469089,0.0178052138254729,0.9778393351800553,0.871382250510388,0.9614248414070039,0.9766030943083255,0.9803444527202827,0.6834738603369368
0.2745638200183655,0.5224222922086813,0.8081133240538755,0.8399344364489668,0.1938775510204081,0.1938775510204081,1.0,0.018369690011481,0.8727272727272727,48.0,MC,1,CVAE-GMM,postmodel,0.8349,0.8049,0.8830140628486379,0.837556943164565,0.9546243568461036,0.8532,0.849,0.9121615999734864,0.8477032510339282,0.9692310951026104,16.0,0.32,0.0546174107231941,0.0581626336994737,-0.0001278537363231,0.6657718120805369,16.8949,24.1871,1.208290860783317,1.3995943367727,0.2329079960197268,1.0,0.0114810562571756,29.91228473019518,1.0,11.94833524684271,1.0,0.0807338311081449,0.0722497655383989,0.0537296051856441,0.0799036104083108,0.0407927181440643,0.9785513361462729,0.9480565371024735,0.9680456433095893,0.9849295608340337,0.9880308258143543,0.6985087091879555
0.8080808080808081,0.6347338817556536,0.8602124643755815,0.8599831165943799,0.6657243816254417,0.891315652626105,0.1584385763490241,0.0309988518943742,0.8909090909090909,49.0,gan_leaks,1,CVAE-GMM,postmodel,0.8349,0.8049,0.8830140628486379,0.837556943164565,0.9546243568461036,0.8532,0.849,0.9121615999734864,0.8477032510339282,0.9692310951026104,16.0,0.32,0.0546174107231941,0.0581626336994737,-0.0001278537363231,0.6657718120805369,16.8949,24.1871,1.208290860783317,1.3995943367727,0.2329079960197268,1.0,0.0114810562571756,29.91228473019518,1.0,11.94833524684271,1.0,0.0807338311081449,0.0722497655383989,0.0537296051856441,0.0799036104083108,0.0407927181440643,0.9785513361462729,0.9480565371024735,0.9680456433095893,0.9849295608340337,0.9880308258143543,0.6985087091879555
0.8053259871441689,0.5483152339923529,0.8173773898011132,0.8168124429498747,0.6360424028268551,0.8913934426229508,0.1010332950631458,0.0137772675086107,0.8363636363636363,46.0,loss_lr,1,CVAE-GMM,postmodel,0.8349,0.8049,0.8830140628486379,0.837556943164565,0.9546243568461036,0.8532,0.849,0.9121615999734864,0.8477032510339282,0.9692310951026104,16.0,0.32,0.0546174107231941,0.0581626336994737,-0.0001278537363231,0.6657718120805369,16.8949,24.1871,1.208290860783317,1.3995943367727,0.2329079960197268,1.0,0.0114810562571756,29.91228473019518,1.0,11.94833524684271,1.0,0.0807338311081449,0.0722497655383989,0.0537296051856441,0.0799036104083108,0.0407927181440643,0.9785513361462729,0.9480565371024735,0.9680456433095893,0.9849295608340337,0.9880308258143543,0.6985087091879555
0.8016528925619835,0.5343852368362844,0.8147520430891476,0.8143007131964368,0.6312809624911536,0.8895705521472392,0.1216991963260619,0.018369690011481,0.7454545454545455,41.0,loss_rf,1,CVAE-GMM,postmodel,0.8349,0.8049,0.8830140628486379,0.837556943164565,0.9546243568461036,0.8532,0.849,0.9121615999734864,0.8477032510339282,0.9692310951026104,16.0,0.32,0.0546174107231941,0.0581626336994737,-0.0001278537363231,0.6657718120805369,16.8949,24.1871,1.208290860783317,1.3995943367727,0.2329079960197268,1.0,0.0114810562571756,29.91228473019518,1.0,11.94833524684271,1.0,0.0807338311081449,0.0722497655383989,0.0537296051856441,0.0799036104083108,0.0407927181440643,0.9785513361462729,0.9480565371024735,0.9680456433095893,0.9849295608340337,0.9880308258143543,0.6985087091879555
0.2745638200183655,0.5217876741907961,0.8048839227393965,0.8362773758265623,0.1938775510204081,0.1938775510204081,1.0,0.0126291618828932,0.8545454545454545,47.0,MC,4,CVAE-GMM,postmodel,0.8211,0.8128,0.8767592579075077,0.823206457799438,0.9592956165968196,0.8578,0.8296,0.9240185699041178,0.8495727646904352,0.9755638419488776,19.0,0.38,0.0486751175929286,0.048078722073992,-0.0007979959904835,0.7176165803108808,16.8134,24.0923,1.0801567662838014,1.2654128021513014,0.2258750031191362,1.0,0.0057405281285878,28.57060849598163,1.0,11.878071182548794,1.0,0.0723608241511817,0.0743748530513181,0.0462442099465041,0.0763952877851731,0.0215782102315071,0.957216134297039,0.9797492767598842,0.9488545863298895,0.9833242842215646,0.9689652164160365,0.6978744246086924
0.8034894398530762,0.6149000937444044,0.850180570475741,0.8498958923217743,0.6487632508833923,0.8899176954732511,0.1641791044776119,0.0298507462686567,0.8545454545454545,47.0,gan_leaks,4,CVAE-GMM,postmodel,0.8211,0.8128,0.8767592579075077,0.823206457799438,0.9592956165968196,0.8578,0.8296,0.9240185699041178,0.8495727646904352,0.9755638419488776,19.0,0.38,0.0486751175929286,0.048078722073992,-0.0007979959904835,0.7176165803108808,16.8134,24.0923,1.0801567662838014,1.2654128021513014,0.2258750031191362,1.0,0.0057405281285878,28.57060849598163,1.0,11.878071182548794,1.0,0.0723608241511817,0.0743748530513181,0.0462442099465041,0.0763952877851731,0.0215782102315071,0.957216134297039,0.9797492767598842,0.9488545863298895,0.9833242842215646,0.9689652164160365,0.6978744246086924
0.8016528925619835,0.5557884536386523,0.8125680351089762,0.8115360687527917,0.6318021201413427,0.8895705521472392,0.1067738231917336,0.0045924225028702,0.7636363636363637,42.0,loss_lr,4,CVAE-GMM,postmodel,0.8211,0.8128,0.8767592579075077,0.823206457799438,0.9592956165968196,0.8578,0.8296,0.9240185699041178,0.8495727646904352,0.9755638419488776,19.0,0.38,0.0486751175929286,0.048078722073992,-0.0007979959904835,0.7176165803108808,16.8134,24.0923,1.0801567662838014,1.2654128021513014,0.2258750031191362,1.0,0.0057405281285878,28.57060849598163,1.0,11.878071182548794,1.0,0.0723608241511817,0.0743748530513181,0.0462442099465041,0.0763952877851731,0.0215782102315071,0.957216134297039,0.9797492767598842,0.9488545863298895,0.9833242842215646,0.9689652164160365,0.6978744246086924
0.800734618916437,0.525782344452754,0.8046342495763649,0.8036371966776275,0.623321554770318,0.8892291985706994,0.0987370838117106,0.0045924225028702,0.7818181818181819,43.0,loss_rf,4,CVAE-GMM,postmodel,0.8211,0.8128,0.8767592579075077,0.823206457799438,0.9592956165968196,0.8578,0.8296,0.9240185699041178,0.8495727646904352,0.9755638419488776,19.0,0.38,0.0486751175929286,0.048078722073992,-0.0007979959904835,0.7176165803108808,16.8134,24.0923,1.0801567662838014,1.2654128021513014,0.2258750031191362,1.0,0.0057405281285878,28.57060849598163,1.0,11.878071182548794,1.0,0.0723608241511817,0.0743748530513181,0.0462442099465041,0.0763952877851731,0.0215782102315071,0.957216134297039,0.9797492767598842,0.9488545863298895,0.9833242842215646,0.9689652164160365,0.6978744246086924
0.263544536271809,0.504713552912923,0.8014641396341182,0.808511972471674,0.1816326530612245,0.1816326530612245,1.0,0.0172215843857634,0.8,44.0,MC,3,CVAE-GMM,postmodel,0.7936,0.7737,0.8836075124005334,0.7980370952005139,0.9536421016386816,0.8349,0.8507,0.9246935452306456,0.8325765298242361,0.9748439314001744,16.0,0.3265,0.0593193683456126,0.0608897966700843,0.000128846632231,0.6772908366533864,16.7838,23.7678,1.336368889136199,1.5311676377193848,0.2464529789810098,1.0,0.0022962112514351,31.67692307692308,1.0,12.05740528128588,1.0,0.0800477097544311,0.075236816558626,0.0637127791619771,0.0852297512818169,0.0298896169377986,0.950532997963828,0.9094863053955566,0.9555679467624442,0.9782510522160809,0.9585150032622061,0.7061570696488526
0.8034894398530762,0.5762542263980029,0.8184241135293455,0.8178516275895109,0.6346289752650177,0.8904810644831116,0.105625717566016,0.0172215843857634,0.7636363636363637,42.0,gan_leaks,3,CVAE-GMM,postmodel,0.7936,0.7737,0.8836075124005334,0.7980370952005139,0.9536421016386816,0.8349,0.8507,0.9246935452306456,0.8325765298242361,0.9748439314001744,16.0,0.3265,0.0593193683456126,0.0608897966700843,0.000128846632231,0.6772908366533864,16.7838,23.7678,1.336368889136199,1.5311676377193848,0.2464529789810098,1.0,0.0022962112514351,31.67692307692308,1.0,12.05740528128588,1.0,0.0800477097544311,0.075236816558626,0.0637127791619771,0.0852297512818169,0.0298896169377986,0.950532997963828,0.9094863053955566,0.9555679467624442,0.9782510522160809,0.9585150032622061,0.7061570696488526
0.7998163452708907,0.5309988518943743,0.8060809075561082,0.8056236478723484,0.6275618374558304,0.8885480572597138,0.0918484500574052,0.0149253731343283,0.8,44.0,loss_lr,3,CVAE-GMM,postmodel,0.7936,0.7737,0.8836075124005334,0.7980370952005139,0.9536421016386816,0.8349,0.8507,0.9246935452306456,0.8325765298242361,0.9748439314001744,16.0,0.3265,0.0593193683456126,0.0608897966700843,0.000128846632231,0.6772908366533864,16.7838,23.7678,1.336368889136199,1.5311676377193848,0.2464529789810098,1.0,0.0022962112514351,31.67692307692308,1.0,12.05740528128588,1.0,0.0800477097544311,0.075236816558626,0.0637127791619771,0.0852297512818169,0.0298896169377986,0.950532997963828,0.9094863053955566,0.9555679467624442,0.9782510522160809,0.9585150032622061,0.7061570696488526
0.8016528925619835,0.521877205363444,0.7989476936712452,0.7979307892843523,0.6227883934890305,0.8896833503575077,0.0734787600459242,0.0068886337543053,0.7272727272727273,40.0,loss_rf,3,CVAE-GMM,postmodel,0.7936,0.7737,0.8836075124005334,0.7980370952005139,0.9536421016386816,0.8349,0.8507,0.9246935452306456,0.8325765298242361,0.9748439314001744,16.0,0.3265,0.0593193683456126,0.0608897966700843,0.000128846632231,0.6772908366533864,16.7838,23.7678,1.336368889136199,1.5311676377193848,0.2464529789810098,1.0,0.0022962112514351,31.67692307692308,1.0,12.05740528128588,1.0,0.0800477097544311,0.075236816558626,0.0637127791619771,0.0852297512818169,0.0298896169377986,0.950532997963828,0.9094863053955566,0.9555679467624442,0.9782510522160809,0.9585150032622061,0.7061570696488526
0.263544536271809,0.5050242787474062,0.7993714774058381,0.8062854404865686,0.1816326530612245,0.1816326530612245,1.0,0.0057405281285878,0.8181818181818182,45.0,MC,3,EMB-Diffusion,submission,0.8119,0.7527,0.878008820815023,0.8219375541531734,0.9622001143300206,0.8349,0.8507,0.9246935452306456,0.8325765298242361,0.9748439314001744,14.0,0.28,0.0100629464900373,0.0132881131674222,0.000128846632231,0.6485819975339088,22.17,23.7678,0.1800129822531576,0.3991561438293654,0.2464529789810098,0.8151549942594719,0.1171067738231917,11.79402985074627,0.9919632606199772,5.035361653272101,1.0,0.0405969920533511,0.0853698445724551,0.0201409377839698,0.0334157729826943,0.0739932011240728,0.9724517906336088,0.8848007523216175,0.9495133012916424,0.9870299063646081,0.9872216243312687,0.9327745941988741
0.800734618916437,0.5145777815228726,0.812215067501178,0.8119229150918644,0.6148409893992933,0.8891159938681655,0.1113662456946039,0.0321469575200918,0.8545454545454545,47.0,gan_leaks,3,EMB-Diffusion,submission,0.8119,0.7527,0.878008820815023,0.8219375541531734,0.9622001143300206,0.8349,0.8507,0.9246935452306456,0.8325765298242361,0.9748439314001744,14.0,0.28,0.0100629464900373,0.0132881131674222,0.000128846632231,0.6485819975339088,22.17,23.7678,0.1800129822531576,0.3991561438293654,0.2464529789810098,0.8151549942594719,0.1171067738231917,11.79402985074627,0.9919632606199772,5.035361653272101,1.0,0.0405969920533511,0.0853698445724551,0.0201409377839698,0.0334157729826943,0.0739932011240728,0.9724517906336088,0.8848007523216175,0.9495133012916424,0.9870299063646081,0.9872216243312687,0.9327745941988741
0.7998163452708907,0.5261747016505335,0.8046383163567774,0.8036818867874785,0.620494699646643,0.8886618998978549,0.0918484500574052,0.0172215843857634,0.7272727272727273,40.0,loss_lr,3,EMB-Diffusion,submission,0.8119,0.7527,0.878008820815023,0.8219375541531734,0.9622001143300206,0.8349,0.8507,0.9246935452306456,0.8325765298242361,0.9748439314001744,14.0,0.28,0.0100629464900373,0.0132881131674222,0.000128846632231,0.6485819975339088,22.17,23.7678,0.1800129822531576,0.3991561438293654,0.2464529789810098,0.8151549942594719,0.1171067738231917,11.79402985074627,0.9919632606199772,5.035361653272101,1.0,0.0405969920533511,0.0853698445724551,0.0201409377839698,0.0334157729826943,0.0739932011240728,0.9724517906336088,0.8848007523216175,0.9495133012916424,0.9870299063646081,0.9872216243312687,0.9327745941988741
0.7988980716253443,0.4953680784503734,0.7948159228769247,0.7942907581033407,0.6162544169611307,0.888208269525268,0.0803673938002296,0.0114810562571756,0.8,44.0,loss_rf,3,EMB-Diffusion,submission,0.8119,0.7527,0.878008820815023,0.8219375541531734,0.9622001143300206,0.8349,0.8507,0.9246935452306456,0.8325765298242361,0.9748439314001744,14.0,0.28,0.0100629464900373,0.0132881131674222,0.000128846632231,0.6485819975339088,22.17,23.7678,0.1800129822531576,0.3991561438293654,0.2464529789810098,0.8151549942594719,0.1171067738231917,11.79402985074627,0.9919632606199772,5.035361653272101,1.0,0.0405969920533511,0.0853698445724551,0.0201409377839698,0.0334157729826943,0.0739932011240728,0.9724517906336088,0.8848007523216175,0.9495133012916424,0.9870299063646081,0.9872216243312687,0.9327745941988741
0.27089072543618,0.51620250897945,0.803094606324843,0.8260824908771927,0.1897959183673469,0.1897959183673469,1.0,0.0137772675086107,0.8363636363636363,46.0,MC,1,EMB-Diffusion,submission,0.7798,0.7737,0.8684684436931026,0.7888960971857024,0.9556249588278194,0.8532,0.849,0.9121615999734864,0.8477032510339282,0.9692310951026104,13.0,0.2653,0.0086445816121122,0.0100568743247652,-0.0001278537363231,0.6537059538274606,22.4505,24.1871,0.1635695983067626,0.3587365143013252,0.2329079960197268,0.817451205510907,0.1515499425947187,11.442479908151553,0.9988518943742823,5.220665901262916,1.0,0.0192644263826894,0.0803191441731033,0.0166080201171041,0.0288191781433518,0.0410875842052488,0.9139709329582748,0.9113074204946997,0.952099325073919,0.9859619276109269,0.9306276650744234,0.9282013966122438
0.7988980716253443,0.560623136961628,0.8335271097977172,0.833221353972047,0.6416961130742049,0.888208269525268,0.1331802525832376,0.0229621125143513,0.8545454545454545,47.0,gan_leaks,1,EMB-Diffusion,submission,0.7798,0.7737,0.8684684436931026,0.7888960971857024,0.9556249588278194,0.8532,0.849,0.9121615999734864,0.8477032510339282,0.9692310951026104,13.0,0.2653,0.0086445816121122,0.0100568743247652,-0.0001278537363231,0.6537059538274606,22.4505,24.1871,0.1635695983067626,0.3587365143013252,0.2329079960197268,0.817451205510907,0.1515499425947187,11.442479908151553,0.9988518943742823,5.220665901262916,1.0,0.0192644263826894,0.0803191441731033,0.0166080201171041,0.0288191781433518,0.0410875842052488,0.9139709329582748,0.9113074204946997,0.952099325073919,0.9859619276109269,0.9306276650744234,0.9282013966122438
0.7998163452708907,0.5446549889929323,0.8137405284170469,0.8132214222000674,0.6332155477031802,0.8886618998978549,0.1021814006888633,0.0126291618828932,0.8181818181818182,45.0,loss_lr,1,EMB-Diffusion,submission,0.7798,0.7737,0.8684684436931026,0.7888960971857024,0.9556249588278194,0.8532,0.849,0.9121615999734864,0.8477032510339282,0.9692310951026104,13.0,0.2653,0.0086445816121122,0.0100568743247652,-0.0001278537363231,0.6537059538274606,22.4505,24.1871,0.1635695983067626,0.3587365143013252,0.2329079960197268,0.817451205510907,0.1515499425947187,11.442479908151553,0.9988518943742823,5.220665901262916,1.0,0.0192644263826894,0.0803191441731033,0.0166080201171041,0.0288191781433518,0.0410875842052488,0.9139709329582748,0.9113074204946997,0.952099325073919,0.9859619276109269,0.9306276650744234,0.9282013966122438
0.7988980716253443,0.5031441241218044,0.7993900051541133,0.7988754138309326,0.6148409893992933,0.888208269525268,0.087256027554535,0.0114810562571756,0.7818181818181819,43.0,loss_rf,1,EMB-Diffusion,submission,0.7798,0.7737,0.8684684436931026,0.7888960971857024,0.9556249588278194,0.8532,0.849,0.9121615999734864,0.8477032510339282,0.9692310951026104,13.0,0.2653,0.0086445816121122,0.0100568743247652,-0.0001278537363231,0.6537059538274606,22.4505,24.1871,0.1635695983067626,0.3587365143013252,0.2329079960197268,0.817451205510907,0.1515499425947187,11.442479908151553,0.9988518943742823,5.220665901262916,1.0,0.0192644263826894,0.0803191441731033,0.0166080201171041,0.0288191781433518,0.0410875842052488,0.9139709329582748,0.9113074204946997,0.952099325073919,0.9859619276109269,0.9306276650744234,0.9282013966122438
0.2819100091827364,0.5338401499910469,0.8125550022527248,0.8603536092840769,0.2020408163265306,0.2020408163265306,1.0,0.0390355912743972,0.8909090909090909,49.0,MC,2,EMB-Diffusion,submission,0.7477,0.6995,0.8020121950092312,0.755180381932334,0.9353616764272882,0.8303,0.8327,0.8861074834779407,0.8283029082654705,0.9608882824403228,18.0,0.36,0.013464429909535,0.0145552833076886,-0.0005475346651139,0.6438188494492044,21.3557,24.3844,0.2061127113660771,0.4396816796237708,0.2467633977888903,0.8541905855338691,0.1331802525832376,11.317336394948336,0.9977037887485648,5.797244546498278,1.0,0.0360708718974894,0.096950247586097,0.0187629501742037,0.042982608876955,0.0304800108651769,0.9005178851017704,0.8400384292061968,0.9050958376531948,0.9734343664299809,0.911720065686766,0.8757935401322157
0.8025711662075299,0.5639305238100254,0.8434460386107028,0.8432499040980406,0.6388692579505301,0.8894601542416453,0.1618828932261768,0.0631458094144661,0.9636363636363636,53.0,gan_leaks,2,EMB-Diffusion,submission,0.7477,0.6995,0.8020121950092312,0.755180381932334,0.9353616764272882,0.8303,0.8327,0.8861074834779407,0.8283029082654705,0.9608882824403228,18.0,0.36,0.013464429909535,0.0145552833076886,-0.0005475346651139,0.6438188494492044,21.3557,24.3844,0.2061127113660771,0.4396816796237708,0.2467633977888903,0.8541905855338691,0.1331802525832376,11.317336394948336,0.9977037887485648,5.797244546498278,1.0,0.0360708718974894,0.096950247586097,0.0187629501742037,0.042982608876955,0.0304800108651769,0.9005178851017704,0.8400384292061968,0.9050958376531948,0.9734343664299809,0.911720065686766,0.8757935401322157
0.7988980716253443,0.5503007194093049,0.8265046237594944,0.8260622448342855,0.6346289752650177,0.888208269525268,0.1377726750861079,0.0091848450057405,0.8363636363636363,46.0,loss_lr,2,EMB-Diffusion,submission,0.7477,0.6995,0.8020121950092312,0.755180381932334,0.9353616764272882,0.8303,0.8327,0.8861074834779407,0.8283029082654705,0.9608882824403228,18.0,0.36,0.013464429909535,0.0145552833076886,-0.0005475346651139,0.6438188494492044,21.3557,24.3844,0.2061127113660771,0.4396816796237708,0.2467633977888903,0.8541905855338691,0.1331802525832376,11.317336394948336,0.9977037887485648,5.797244546498278,1.0,0.0360708718974894,0.096950247586097,0.0187629501742037,0.042982608876955,0.0304800108651769,0.9005178851017704,0.8400384292061968,0.9050958376531948,0.9734343664299809,0.911720065686766,0.8757935401322157
0.7988980716253443,0.5334899251098073,0.8255749791084305,0.8252095390169971,0.623321554770318,0.888208269525268,0.1687715269804822,0.0195177956371986,0.8727272727272727,48.0,loss_rf,2,EMB-Diffusion,submission,0.7477,0.6995,0.8020121950092312,0.755180381932334,0.9353616764272882,0.8303,0.8327,0.8861074834779407,0.8283029082654705,0.9608882824403228,18.0,0.36,0.013464429909535,0.0145552833076886,-0.0005475346651139,0.6438188494492044,21.3557,24.3844,0.2061127113660771,0.4396816796237708,0.2467633977888903,0.8541905855338691,0.1331802525832376,11.317336394948336,0.9977037887485648,5.797244546498278,1.0,0.0360708718974894,0.096950247586097,0.0187629501742037,0.042982608876955,0.0304800108651769,0.9005178851017704,0.8400384292061968,0.9050958376531948,0.9734343664299809,0.911720065686766,0.8757935401322157
0.2745638200183655,0.5222958952590611,0.8076486509285679,0.8396387535633066,0.1938775510204081,0.1938775510204081,1.0,0.0114810562571756,0.8727272727272727,48.0,MC,4,EMB-Diffusion,submission,0.8073,0.7893,0.8774094580315533,0.8131075552113078,0.9649477654867504,0.8578,0.8296,0.9240185699041178,0.8495727646904352,0.9755638419488776,12.0,0.2449,0.0168771342911604,0.0157327137401989,-0.0007979959904835,0.6246913580246913,20.7408,24.0923,0.2148922789675887,0.421261885779038,0.2258750031191362,0.8920780711825488,0.13203214695752,11.82020665901263,0.9942594718714122,5.798163030998852,1.0,0.0185049314417199,0.1087682019300361,0.02332961017268,0.0467373085281893,0.0266480318088053,0.9411284681743997,0.9514223722275795,0.9495582519760388,0.9891180094980565,0.9570781797690814,0.8608891637577151
0.7998163452708907,0.5500479255100643,0.836987087695297,0.8367593223030038,0.6289752650176679,0.8886618998978549,0.1595866819747416,0.0482204362801377,0.8909090909090909,49.0,gan_leaks,4,EMB-Diffusion,submission,0.8073,0.7893,0.8774094580315533,0.8131075552113078,0.9649477654867504,0.8578,0.8296,0.9240185699041178,0.8495727646904352,0.9755638419488776,12.0,0.2449,0.0168771342911604,0.0157327137401989,-0.0007979959904835,0.6246913580246913,20.7408,24.0923,0.2148922789675887,0.421261885779038,0.2258750031191362,0.8920780711825488,0.13203214695752,11.82020665901263,0.9942594718714122,5.798163030998852,1.0,0.0185049314417199,0.1087682019300361,0.02332961017268,0.0467373085281893,0.0266480318088053,0.9411284681743997,0.9514223722275795,0.9495582519760388,0.9891180094980565,0.9570781797690814,0.8608891637577151
0.7988980716253443,0.5411685397992395,0.8058408461509834,0.8050908132719028,0.6275618374558304,0.888208269525268,0.0952927669345579,0.0045924225028702,0.8,44.0,loss_lr,4,EMB-Diffusion,submission,0.8073,0.7893,0.8774094580315533,0.8131075552113078,0.9649477654867504,0.8578,0.8296,0.9240185699041178,0.8495727646904352,0.9755638419488776,12.0,0.2449,0.0168771342911604,0.0157327137401989,-0.0007979959904835,0.6246913580246913,20.7408,24.0923,0.2148922789675887,0.421261885779038,0.2258750031191362,0.8920780711825488,0.13203214695752,11.82020665901263,0.9942594718714122,5.798163030998852,1.0,0.0185049314417199,0.1087682019300361,0.02332961017268,0.0467373085281893,0.0266480318088053,0.9411284681743997,0.9514223722275795,0.9495582519760388,0.9891180094980565,0.9570781797690814,0.8608891637577151
0.800734618916437,0.5082947998188311,0.8057927827410106,0.8054321217811524,0.6176678445229682,0.8892291985706994,0.0746268656716417,0.0252583237657864,0.8181818181818182,45.0,loss_rf,4,EMB-Diffusion,submission,0.8073,0.7893,0.8774094580315533,0.8131075552113078,0.9649477654867504,0.8578,0.8296,0.9240185699041178,0.8495727646904352,0.9755638419488776,12.0,0.2449,0.0168771342911604,0.0157327137401989,-0.0007979959904835,0.6246913580246913,20.7408,24.0923,0.2148922789675887,0.421261885779038,0.2258750031191362,0.8920780711825488,0.13203214695752,11.82020665901263,0.9942594718714122,5.798163030998852,1.0,0.0185049314417199,0.1087682019300361,0.02332961017268,0.0467373085281893,0.0266480318088053,0.9411284681743997,0.9514223722275795,0.9495582519760388,0.9891180094980565,0.9570781797690814,0.8608891637577151
0.2791551882460973,0.5313675855071238,0.8151163778983426,0.8593148597322605,0.199796126401631,0.199796126401631,1.0,0.0527522935779816,0.9272727272727272,51.0,MC,5,EMB-Diffusion,submission,0.8157,0.8374,0.8897864695193222,0.8219612089616904,0.9694257816350664,0.8664,0.8945,0.940568389663317,0.8595242416742291,0.9815849510059164,18.0,0.36,0.0169180712941884,0.0176334450327854,-0.0006152945600657,0.5929778933680104,20.698,23.786,0.222654329932332,0.4145293136261284,0.2214532435143338,0.9013761467889908,0.1295871559633027,11.093807339449542,0.9988532110091743,5.319954128440368,1.0,0.0306518694542246,0.0817457546199987,0.0229906843532032,0.0512700260475827,0.074255368878473,0.9414819944598338,0.9361654555617664,0.946009327230131,0.987612718228423,0.9562978786504365,0.8701757336248213
0.7998163452708907,0.5317454445524881,0.8362283070620089,0.8360266965664301,0.614406779661017,0.8887755102040816,0.1674311926605504,0.0722477064220183,0.9636363636363636,53.0,gan_leaks,5,EMB-Diffusion,submission,0.8157,0.8374,0.8897864695193222,0.8219612089616904,0.9694257816350664,0.8664,0.8945,0.940568389663317,0.8595242416742291,0.9815849510059164,18.0,0.36,0.0169180712941884,0.0176334450327854,-0.0006152945600657,0.5929778933680104,20.698,23.786,0.222654329932332,0.4145293136261284,0.2214532435143338,0.9013761467889908,0.1295871559633027,11.093807339449542,0.9988532110091743,5.319954128440368,1.0,0.0306518694542246,0.0817457546199987,0.0229906843532032,0.0512700260475827,0.074255368878473,0.9414819944598338,0.9361654555617664,0.946009327230131,0.987612718228423,0.9562978786504365,0.8701757336248213
0.7998163452708907,0.5406026719655012,0.7993764338125423,0.7982860382790514,0.635593220338983,0.8887755102040816,0.0607798165137614,0.0022935779816513,0.7090909090909091,39.0,loss_lr,5,EMB-Diffusion,submission,0.8157,0.8374,0.8897864695193222,0.8219612089616904,0.9694257816350664,0.8664,0.8945,0.940568389663317,0.8595242416742291,0.9815849510059164,18.0,0.36,0.0169180712941884,0.0176334450327854,-0.0006152945600657,0.5929778933680104,20.698,23.786,0.222654329932332,0.4145293136261284,0.2214532435143338,0.9013761467889908,0.1295871559633027,11.093807339449542,0.9988532110091743,5.319954128440368,1.0,0.0306518694542246,0.0817457546199987,0.0229906843532032,0.0512700260475827,0.074255368878473,0.9414819944598338,0.9361654555617664,0.946009327230131,0.987612718228423,0.9562978786504365,0.8701757336248213
0.7998163452708907,0.5183486238532109,0.8083045547051851,0.8077790338680604,0.6257062146892656,0.8887755102040816,0.1077981651376146,0.0080275229357798,0.7636363636363637,42.0,loss_rf,5,EMB-Diffusion,submission,0.8157,0.8374,0.8897864695193222,0.8219612089616904,0.9694257816350664,0.8664,0.8945,0.940568389663317,0.8595242416742291,0.9815849510059164,18.0,0.36,0.0169180712941884,0.0176334450327854,-0.0006152945600657,0.5929778933680104,20.698,23.786,0.222654329932332,0.4145293136261284,0.2214532435143338,0.9013761467889908,0.1295871559633027,11.093807339449542,0.9988532110091743,5.319954128440368,1.0,0.0306518694542246,0.0817457546199987,0.0229906843532032,0.0512700260475827,0.074255368878473,0.9414819944598338,0.9361654555617664,0.946009327230131,0.987612718228423,0.9562978786504365,0.8701757336248213
0.2543617998163452,0.4907809224870706,0.7973896593866086,0.7842154248446511,0.1714285714285714,0.1714285714285714,0.0826636050516647,0.0126291618828932,0.7636363636363637,42.0,MC,4,NMF,submission,0.7018,0.5194,0.7218308307764704,0.670023447531496,0.8070042508639043,0.8578,0.8296,0.9240185699041178,0.8495727646904352,0.9755638419488776,5.0,0.1,0.0023620804771266,0.0027814710580623,-0.0007979959904835,0.677832512315271,27.776,24.0923,0.195234516905604,0.2800189272865995,0.2258750031191362,0.0,0.703788748564868,0.0,0.0,0.000459242250287,0.0045871559633027,0.0039355766920997,0.0705052474134915,0.0064668363453667,0.0157228996638926,0.0699958888410823,0.8181394264397295,0.6260848601735776,0.7811864980715401,0.8272182876845426,0.7886592830875848,1.1528994741058345
0.7988980716253443,0.5040394358482816,0.7991956439922743,0.7986091774900352,0.6190812720848057,0.888208269525268,0.0918484500574052,0.0045924225028702,0.7818181818181819,43.0,gan_leaks,4,NMF,submission,0.7018,0.5194,0.7218308307764704,0.670023447531496,0.8070042508639043,0.8578,0.8296,0.9240185699041178,0.8495727646904352,0.9755638419488776,5.0,0.1,0.0023620804771266,0.0027814710580623,-0.0007979959904835,0.677832512315271,27.776,24.0923,0.195234516905604,0.2800189272865995,0.2258750031191362,0.0,0.703788748564868,0.0,0.0,0.000459242250287,0.0045871559633027,0.0039355766920997,0.0705052474134915,0.0064668363453667,0.0157228996638926,0.0699958888410823,0.8181394264397295,0.6260848601735776,0.7811864980715401,0.8272182876845426,0.7886592830875848,1.1528994741058345
0.7998163452708907,0.4898987771095124,0.7999287655109057,0.7995132139914654,0.6049469964664311,0.8884339815762539,0.0998851894374282,0.0137772675086107,0.8545454545454545,47.0,loss_lr,4,NMF,submission,0.7018,0.5194,0.7218308307764704,0.670023447531496,0.8070042508639043,0.8578,0.8296,0.9240185699041178,0.8495727646904352,0.9755638419488776,5.0,0.1,0.0023620804771266,0.0027814710580623,-0.0007979959904835,0.677832512315271,27.776,24.0923,0.195234516905604,0.2800189272865995,0.2258750031191362,0.0,0.703788748564868,0.0,0.0,0.000459242250287,0.0045871559633027,0.0039355766920997,0.0705052474134915,0.0064668363453667,0.0157228996638926,0.0699958888410823,0.8181394264397295,0.6260848601735776,0.7811864980715401,0.8272182876845426,0.7886592830875848,1.1528994741058345
0.7988980716253443,0.5102328863796755,0.8043053715749419,0.8036263739031437,0.6219081272084805,0.888208269525268,0.1102181400688863,0.0160734787600459,0.8181818181818182,45.0,loss_rf,4,NMF,submission,0.7018,0.5194,0.7218308307764704,0.670023447531496,0.8070042508639043,0.8578,0.8296,0.9240185699041178,0.8495727646904352,0.9755638419488776,5.0,0.1,0.0023620804771266,0.0027814710580623,-0.0007979959904835,0.677832512315271,27.776,24.0923,0.195234516905604,0.2800189272865995,0.2258750031191362,0.0,0.703788748564868,0.0,0.0,0.000459242250287,0.0045871559633027,0.0039355766920997,0.0705052474134915,0.0064668363453667,0.0157228996638926,0.0699958888410823,0.8181394264397295,0.6260848601735776,0.7811864980715401,0.8272182876845426,0.7886592830875848,1.1528994741058345
0.2451790633608815,0.4771537513561338,0.7978091520325746,0.7635410415293752,0.1612244897959183,0.1612244897959183,0.0769230769230769,0.0149253731343283,0.7090909090909091,39.0,MC,3,NMF,submission,0.7615,0.6413,0.7854798564422961,0.7594358351681373,0.894476439959487,0.8349,0.8507,0.9246935452306456,0.8325765298242361,0.9748439314001744,4.0,0.08,0.0016965775600985,0.0033488670781421,0.000128846632231,0.6773226773226774,27.6809,23.7678,0.187236145107564,0.3034465761516667,0.2464529789810098,0.0,0.7198622273249139,0.0,0.0,0.0006888633754305,0.0137614678899082,0.0035572733742144,0.041072947506019,0.006378230995701,0.0111444766649526,0.069917572773663,0.9120852796742125,0.7538497707770071,0.8494488368537,0.9175586072272562,0.9121513854449639,1.1646387128804516
0.7998163452708907,0.4836315950241734,0.7868704381109908,0.7861734246825898,0.6091872791519435,0.8886618998978549,0.0619977037887485,0.0149253731343283,0.7272727272727273,40.0,gan_leaks,3,NMF,submission,0.7615,0.6413,0.7854798564422961,0.7594358351681373,0.894476439959487,0.8349,0.8507,0.9246935452306456,0.8325765298242361,0.9748439314001744,4.0,0.08,0.0016965775600985,0.0033488670781421,0.000128846632231,0.6773226773226774,27.6809,23.7678,0.187236145107564,0.3034465761516667,0.2464529789810098,0.0,0.7198622273249139,0.0,0.0,0.0006888633754305,0.0137614678899082,0.0035572733742144,0.041072947506019,0.006378230995701,0.0111444766649526,0.069917572773663,0.9120852796742125,0.7538497707770071,0.8494488368537,0.9175586072272562,0.9121513854449639,1.1646387128804516
0.7988980716253443,0.4833893342040679,0.7964425258493809,0.795738286609009,0.607773851590106,0.888208269525268,0.0734787600459242,0.0114810562571756,0.8363636363636363,46.0,loss_lr,3,NMF,submission,0.7615,0.6413,0.7854798564422961,0.7594358351681373,0.894476439959487,0.8349,0.8507,0.9246935452306456,0.8325765298242361,0.9748439314001744,4.0,0.08,0.0016965775600985,0.0033488670781421,0.000128846632231,0.6773226773226774,27.6809,23.7678,0.187236145107564,0.3034465761516667,0.2464529789810098,0.0,0.7198622273249139,0.0,0.0,0.0006888633754305,0.0137614678899082,0.0035572733742144,0.041072947506019,0.006378230995701,0.0111444766649526,0.069917572773663,0.9120852796742125,0.7538497707770071,0.8494488368537,0.9175586072272562,0.9121513854449639,1.1646387128804516
0.7988980716253443,0.4721136729900251,0.7868682626166905,0.7863116385282147,0.6091872791519435,0.888208269525268,0.0849598163030998,0.0149253731343283,0.8181818181818182,45.0,loss_rf,3,NMF,submission,0.7615,0.6413,0.7854798564422961,0.7594358351681373,0.894476439959487,0.8349,0.8507,0.9246935452306456,0.8325765298242361,0.9748439314001744,4.0,0.08,0.0016965775600985,0.0033488670781421,0.000128846632231,0.6773226773226774,27.6809,23.7678,0.187236145107564,0.3034465761516667,0.2464529789810098,0.0,0.7198622273249139,0.0,0.0,0.0006888633754305,0.0137614678899082,0.0035572733742144,0.041072947506019,0.006378230995701,0.0111444766649526,0.069917572773663,0.9120852796742125,0.7538497707770071,0.8494488368537,0.9175586072272562,0.9121513854449639,1.1646387128804516
0.2672176308539944,0.5111176650270175,0.8047625558709339,0.8202174735778108,0.1857142857142857,0.1857142857142857,1.0,0.0160734787600459,0.8181818181818182,45.0,MC,2,NMF,submission,0.7156,0.5125,0.7173307018716701,0.6771240269071042,0.7957153504261245,0.8303,0.8327,0.8861074834779407,0.8283029082654705,0.9608882824403228,2.0,0.04,0.0028268558504762,0.0022012324569844,-0.0005475346651139,0.6713286713286714,27.8626,24.3844,0.1897217810964927,0.2964958591043337,0.2467633977888903,0.0,0.7014925373134329,0.0,0.0,0.001377726750861,0.0091743119266055,0.0052854504405986,0.0802907224628662,0.0097563339477866,0.0130492592263062,0.0932735549506496,0.8618571600626279,0.6154677554941755,0.809530125009409,0.8281039169353629,0.8174835801615783,1.1426403766342417
0.800734618916437,0.5114599900989056,0.8063287427135981,0.8058894217919288,0.6120141342756183,0.8892291985706994,0.1182548794489093,0.0126291618828932,0.8181818181818182,45.0,gan_leaks,2,NMF,submission,0.7156,0.5125,0.7173307018716701,0.6771240269071042,0.7957153504261245,0.8303,0.8327,0.8861074834779407,0.8283029082654705,0.9608882824403228,2.0,0.04,0.0028268558504762,0.0022012324569844,-0.0005475346651139,0.6713286713286714,27.8626,24.3844,0.1897217810964927,0.2964958591043337,0.2467633977888903,0.0,0.7014925373134329,0.0,0.0,0.001377726750861,0.0091743119266055,0.0052854504405986,0.0802907224628662,0.0097563339477866,0.0130492592263062,0.0932735549506496,0.8618571600626279,0.6154677554941755,0.809530125009409,0.8281039169353629,0.8174835801615783,1.1426403766342417
0.7998163452708907,0.5027438671146737,0.8090208398390794,0.80870510727915,0.6049469964664311,0.8886618998978549,0.1274397244546498,0.0241102181400688,0.8,44.0,loss_lr,2,NMF,submission,0.7156,0.5125,0.7173307018716701,0.6771240269071042,0.7957153504261245,0.8303,0.8327,0.8861074834779407,0.8283029082654705,0.9608882824403228,2.0,0.04,0.0028268558504762,0.0022012324569844,-0.0005475346651139,0.6713286713286714,27.8626,24.3844,0.1897217810964927,0.2964958591043337,0.2467633977888903,0.0,0.7014925373134329,0.0,0.0,0.001377726750861,0.0091743119266055,0.0052854504405986,0.0802907224628662,0.0097563339477866,0.0130492592263062,0.0932735549506496,0.8618571600626279,0.6154677554941755,0.809530125009409,0.8281039169353629,0.8174835801615783,1.1426403766342417
0.800734618916437,0.518477654072615,0.8194590810094877,0.8192028422810829,0.6190812720848057,0.8892291985706994,0.1274397244546498,0.0459242250287026,0.9090909090909092,50.0,loss_rf,2,NMF,submission,0.7156,0.5125,0.7173307018716701,0.6771240269071042,0.7957153504261245,0.8303,0.8327,0.8861074834779407,0.8283029082654705,0.9608882824403228,2.0,0.04,0.0028268558504762,0.0022012324569844,-0.0005475346651139,0.6713286713286714,27.8626,24.3844,0.1897217810964927,0.2964958591043337,0.2467633977888903,0.0,0.7014925373134329,0.0,0.0,0.001377726750861,0.0091743119266055,0.0052854504405986,0.0802907224628662,0.0097563339477866,0.0130492592263062,0.0932735549506496,0.8618571600626279,0.6154677554941755,0.809530125009409,0.8281039169353629,0.8174835801615783,1.1426403766342417
0.27089072543618,0.5160971781880997,0.8018706557877039,0.8244111972484236,0.1897959183673469,0.1897959183673469,1.0,0.0114810562571756,0.8363636363636363,46.0,MC,1,NMF,submission,0.7477,0.613,0.7916789241944041,0.7185690882133825,0.901476563404576,0.8532,0.849,0.9121615999734864,0.8477032510339282,0.9692310951026104,4.0,0.08,0.0018673202101071,0.0022675087695385,-0.0001278537363231,0.6909448818897638,27.6583,24.1871,0.1906083789567546,0.2784664523256121,0.2329079960197268,0.0,0.7152698048220436,0.0,0.0,0.0,0.0,0.0037792553751991,0.0560657594433122,0.007535242247429,0.0117722943115776,0.0588261908746875,0.8763478668541961,0.7220259128386337,0.8679152073683167,0.9300945542911401,0.8476658398289223,1.1435145180695494
0.7988980716253443,0.518080030335268,0.8133714920681903,0.812794857520465,0.623321554770318,0.888208269525268,0.1526980482204362,0.0091848450057405,0.8363636363636363,46.0,gan_leaks,1,NMF,submission,0.7477,0.613,0.7916789241944041,0.7185690882133825,0.901476563404576,0.8532,0.849,0.9121615999734864,0.8477032510339282,0.9692310951026104,4.0,0.08,0.0018673202101071,0.0022675087695385,-0.0001278537363231,0.6909448818897638,27.6583,24.1871,0.1906083789567546,0.2784664523256121,0.2329079960197268,0.0,0.7152698048220436,0.0,0.0,0.0,0.0,0.0037792553751991,0.0560657594433122,0.007535242247429,0.0117722943115776,0.0588261908746875,0.8763478668541961,0.7220259128386337,0.8679152073683167,0.9300945542911401,0.8476658398289223,1.1435145180695494
0.7988980716253443,0.5002001285035654,0.798171270602422,0.7976287825824798,0.6120141342756183,0.888208269525268,0.0964408725602755,0.0114810562571756,0.7636363636363637,42.0,loss_lr,1,NMF,submission,0.7477,0.613,0.7916789241944041,0.7185690882133825,0.901476563404576,0.8532,0.849,0.9121615999734864,0.8477032510339282,0.9692310951026104,4.0,0.08,0.0018673202101071,0.0022675087695385,-0.0001278537363231,0.6909448818897638,27.6583,24.1871,0.1906083789567546,0.2784664523256121,0.2329079960197268,0.0,0.7152698048220436,0.0,0.0,0.0,0.0,0.0037792553751991,0.0560657594433122,0.007535242247429,0.0117722943115776,0.0588261908746875,0.8763478668541961,0.7220259128386337,0.8679152073683167,0.9300945542911401,0.8476658398289223,1.1435145180695494
0.800734618916437,0.5152992974436217,0.8121918788222522,0.8115442349245962,0.6219081272084805,0.8892291985706994,0.105625717566016,0.0080367393800229,0.8545454545454545,47.0,loss_rf,1,NMF,submission,0.7477,0.613,0.7916789241944041,0.7185690882133825,0.901476563404576,0.8532,0.849,0.9121615999734864,0.8477032510339282,0.9692310951026104,4.0,0.08,0.0018673202101071,0.0022675087695385,-0.0001278537363231,0.6909448818897638,27.6583,24.1871,0.1906083789567546,0.2784664523256121,0.2329079960197268,0.0,0.7152698048220436,0.0,0.0,0.0,0.0,0.0037792553751991,0.0560657594433122,0.007535242247429,0.0117722943115776,0.0588261908746875,0.8763478668541961,0.7220259128386337,0.8679152073683167,0.9300945542911401,0.8476658398289223,1.1435145180695494
0.2626262626262626,0.5056890246480362,0.807883846034545,0.8148690024268159,0.18144750254842,0.18144750254842,1.0,0.0206422018348623,0.8545454545454545,47.0,MC,5,NMF,submission,0.7097,0.5478,0.7360913702808359,0.6737505954836971,0.8417390637297915,0.8664,0.8945,0.940568389663317,0.8595242416742291,0.9815849510059164,3.0,0.06,0.0020241828446199,0.0030542551013108,-0.0006152945600657,0.6988922457200403,27.7147,23.786,0.1888703820200131,0.2722510940526866,0.2214532435143338,0.0,0.7201834862385321,0.0,0.0,0.0013761467889908,0.0092165898617511,0.0046125953305172,0.0578393127038218,0.0078992241286229,0.0138764870533755,0.0504212633309548,0.8191366574330564,0.6124091671324762,0.7826027095640806,0.857530530462175,0.7838645646239462,1.1651685865635246
0.7998163452708907,0.4958250539043672,0.8083691430940947,0.8080236463567045,0.6115819209039548,0.8887755102040816,0.1066513761467889,0.0240825688073394,0.8545454545454545,47.0,gan_leaks,5,NMF,submission,0.7097,0.5478,0.7360913702808359,0.6737505954836971,0.8417390637297915,0.8664,0.8945,0.940568389663317,0.8595242416742291,0.9815849510059164,3.0,0.06,0.0020241828446199,0.0030542551013108,-0.0006152945600657,0.6988922457200403,27.7147,23.786,0.1888703820200131,0.2722510940526866,0.2214532435143338,0.0,0.7201834862385321,0.0,0.0,0.0013761467889908,0.0092165898617511,0.0046125953305172,0.0578393127038218,0.0078992241286229,0.0138764870533755,0.0504212633309548,0.8191366574330564,0.6124091671324762,0.7826027095640806,0.857530530462175,0.7838645646239462,1.1651685865635246
0.7998163452708907,0.5292140531856424,0.8210837126568988,0.8207518118348471,0.6257062146892656,0.8887755102040816,0.1456422018348623,0.0240825688073394,0.8363636363636363,46.0,loss_lr,5,NMF,submission,0.7097,0.5478,0.7360913702808359,0.6737505954836971,0.8417390637297915,0.8664,0.8945,0.940568389663317,0.8595242416742291,0.9815849510059164,3.0,0.06,0.0020241828446199,0.0030542551013108,-0.0006152945600657,0.6988922457200403,27.7147,23.786,0.1888703820200131,0.2722510940526866,0.2214532435143338,0.0,0.7201834862385321,0.0,0.0,0.0013761467889908,0.0092165898617511,0.0046125953305172,0.0578393127038218,0.0078992241286229,0.0138764870533755,0.0504212633309548,0.8191366574330564,0.6124091671324762,0.7826027095640806,0.857530530462175,0.7838645646239462,1.1651685865635246
0.7998163452708907,0.5018919375977677,0.8108161588912408,0.8104841521895237,0.6115819209039548,0.8887755102040816,0.1032110091743119,0.0240825688073394,0.8363636363636363,46.0,loss_rf,5,NMF,submission,0.7097,0.5478,0.7360913702808359,0.6737505954836971,0.8417390637297915,0.8664,0.8945,0.940568389663317,0.8595242416742291,0.9815849510059164,3.0,0.06,0.0020241828446199,0.0030542551013108,-0.0006152945600657,0.6988922457200403,27.7147,23.786,0.1888703820200131,0.2722510940526866,0.2214532435143338,0.0,0.7201834862385321,0.0,0.0,0.0013761467889908,0.0092165898617511,0.0046125953305172,0.0578393127038218,0.0078992241286229,0.0138764870533755,0.0504212633309548,0.8191366574330564,0.6124091671324762,0.7826027095640806,0.857530530462175,0.7838645646239462,1.1651685865635246
0.2764003673094582,0.5254874182369732,0.8096820344402826,0.8446528597183278,0.1959183673469387,0.1959183673469387,1.0,0.0149253731343283,0.9090909090909092,50.0,MC,1,P-NMF,submission,0.2477,0.219,0.3331251041881611,0.2701377157371559,0.5596616967521383,0.8532,0.849,0.9121615999734864,0.8477032510339282,0.9692310951026104,2.0,0.04,0.2942611610445174,0.2875572139377357,-0.0001278537363231,1.0,274.2259,24.1871,2.8640417294739287,2.866124536584211,0.2329079960197268,0.0,0.0,0.0,0.0,0.0,0.0,0.2799771095810184,0.3470038182729469,0.4020380964371775,0.3146764852412632,0.3951017037487349,0.2903187998124707,0.2579505300353357,0.3652040430093132,0.5774285406029902,0.31867014242032676,11.337692406282688
0.7988980716253443,0.5113862585449604,0.8182101593276447,0.8178744393812438,0.6148409893992933,0.888208269525268,0.1412169919632606,0.0149253731343283,0.9090909090909092,50.0,gan_leaks,1,P-NMF,submission,0.2477,0.219,0.3331251041881611,0.2701377157371559,0.5596616967521383,0.8532,0.849,0.9121615999734864,0.8477032510339282,0.9692310951026104,2.0,0.04,0.2942611610445174,0.2875572139377357,-0.0001278537363231,1.0,274.2259,24.1871,2.8640417294739287,2.866124536584211,0.2329079960197268,0.0,0.0,0.0,0.0,0.0,0.0,0.2799771095810184,0.3470038182729469,0.4020380964371775,0.3146764852412632,0.3951017037487349,0.2903187998124707,0.2579505300353357,0.3652040430093132,0.5774285406029902,0.31867014242032676,11.337692406282688
0.800734618916437,0.5046082221215729,0.8067949144270032,0.8064634580948922,0.6134275618374558,0.8892291985706994,0.1079219288174512,0.0241102181400688,0.8545454545454545,47.0,loss_lr,1,P-NMF,submission,0.2477,0.219,0.3331251041881611,0.2701377157371559,0.5596616967521383,0.8532,0.849,0.9121615999734864,0.8477032510339282,0.9692310951026104,2.0,0.04,0.2942611610445174,0.2875572139377357,-0.0001278537363231,1.0,274.2259,24.1871,2.8640417294739287,2.866124536584211,0.2329079960197268,0.0,0.0,0.0,0.0,0.0,0.0,0.2799771095810184,0.3470038182729469,0.4020380964371775,0.3146764852412632,0.3951017037487349,0.2903187998124707,0.2579505300353357,0.3652040430093132,0.5774285406029902,0.31867014242032676,11.337692406282688
0.800734618916437,0.5169687904865229,0.8048402158879099,0.8041225522793334,0.6176678445229682,0.8892291985706994,0.1297359357060849,0.0022962112514351,0.8363636363636363,46.0,loss_rf,1,P-NMF,submission,0.2477,0.219,0.3331251041881611,0.2701377157371559,0.5596616967521383,0.8532,0.849,0.9121615999734864,0.8477032510339282,0.9692310951026104,2.0,0.04,0.2942611610445174,0.2875572139377357,-0.0001278537363231,1.0,274.2259,24.1871,2.8640417294739287,2.866124536584211,0.2329079960197268,0.0,0.0,0.0,0.0,0.0,0.0,0.2799771095810184,0.3470038182729469,0.4020380964371775,0.3146764852412632,0.3951017037487349,0.2903187998124707,0.2579505300353357,0.3652040430093132,0.5774285406029902,0.31867014242032676,11.337692406282688
0.2506887052341597,0.4852352563224807,0.7942940930698797,0.7731717031208833,0.1673469387755102,0.1673469387755102,0.079219288174512,0.0080367393800229,0.7272727272727273,40.0,MC,2,P-NMF,submission,0.1422,0.2148,0.3656129948493174,0.1664649956590477,0.5044583865872037,0.8303,0.8327,0.8861074834779407,0.8283029082654705,0.9608882824403228,4.0,0.08,0.2913459522633705,0.2895337516084201,-0.0005475346651139,1.0,283.6381,24.3844,2.984050426550678,2.9839963978415014,0.2467633977888903,0.0,0.0,0.0,0.0,0.0,0.0,0.3044242805793471,0.3241628687022608,0.4054378835223183,0.3237092898356311,0.4532735691089937,0.17126339877152835,0.2579560465954125,0.412605695884995,0.5249917142355555,0.2009711592195639,11.631949115007956
0.7998163452708907,0.501974952337817,0.7941880864912925,0.793438136882674,0.6134275618374558,0.8886618998978549,0.0780711825487944,0.0057405281285878,0.7636363636363637,42.0,gan_leaks,2,P-NMF,submission,0.1422,0.2148,0.3656129948493174,0.1664649956590477,0.5044583865872037,0.8303,0.8327,0.8861074834779407,0.8283029082654705,0.9608882824403228,4.0,0.08,0.2913459522633705,0.2895337516084201,-0.0005475346651139,1.0,283.6381,24.3844,2.984050426550678,2.9839963978415014,0.2467633977888903,0.0,0.0,0.0,0.0,0.0,0.0,0.3044242805793471,0.3241628687022608,0.4054378835223183,0.3237092898356311,0.4532735691089937,0.17126339877152835,0.2579560465954125,0.412605695884995,0.5249917142355555,0.2009711592195639,11.631949115007956
0.7988980716253443,0.478112261557421,0.7833913759654751,0.782980675291343,0.607773851590106,0.888208269525268,0.0619977037887485,0.0022962112514351,0.7272727272727273,40.0,loss_lr,2,P-NMF,submission,0.1422,0.2148,0.3656129948493174,0.1664649956590477,0.5044583865872037,0.8303,0.8327,0.8861074834779407,0.8283029082654705,0.9608882824403228,4.0,0.08,0.2913459522633705,0.2895337516084201,-0.0005475346651139,1.0,283.6381,24.3844,2.984050426550678,2.9839963978415014,0.2467633977888903,0.0,0.0,0.0,0.0,0.0,0.0,0.3044242805793471,0.3241628687022608,0.4054378835223183,0.3237092898356311,0.4532735691089937,0.17126339877152835,0.2579560465954125,0.412605695884995,0.5249917142355555,0.2009711592195639,11.631949115007956
0.7988980716253443,0.5157943521629678,0.8192632113603248,0.818879279821986,0.620494699646643,0.888208269525268,0.1435132032146957,0.0367393800229621,0.9090909090909092,50.0,loss_rf,2,P-NMF,submission,0.1422,0.2148,0.3656129948493174,0.1664649956590477,0.5044583865872037,0.8303,0.8327,0.8861074834779407,0.8283029082654705,0.9608882824403228,4.0,0.08,0.2913459522633705,0.2895337516084201,-0.0005475346651139,1.0,283.6381,24.3844,2.984050426550678,2.9839963978415014,0.2467633977888903,0.0,0.0,0.0,0.0,0.0,0.0,0.3044242805793471,0.3241628687022608,0.4054378835223183,0.3237092898356311,0.4532735691089937,0.17126339877152835,0.2579560465954125,0.412605695884995,0.5249917142355555,0.2009711592195639,11.631949115007956
0.2699724517906336,0.5164276201750306,0.8061892340386959,0.8364403088488003,0.1896024464831804,0.1896024464831804,1.0,0.091743119266055,0.8909090909090909,49.0,MC,5,P-NMF,submission,0.1336,0.173,0.2864376767813554,0.1507175460503248,0.4311348551758707,0.8664,0.8945,0.940568389663317,0.8595242416742291,0.9815849510059164,1.0,0.0204,0.2905338949031461,0.2920804644834602,-0.0006152945600657,1.0,285.9832,23.786,2.847168754945194,2.872157926287014,0.2214532435143338,0.0,0.0,0.0,0.0,0.0,0.0,0.2888332303989378,0.328270122392489,0.4049665937403017,0.309782949818932,0.4087807398045166,0.15420129270544783,0.19340413638904416,0.30453678853048394,0.43922317139647354,0.17534996541429568,12.023173295215672
0.7998163452708907,0.4972255105060669,0.8059168014843408,0.8054733303738014,0.6214689265536724,0.8887755102040816,0.125,0.0149082568807339,0.8,44.0,gan_leaks,5,P-NMF,submission,0.1336,0.173,0.2864376767813554,0.1507175460503248,0.4311348551758707,0.8664,0.8945,0.940568389663317,0.8595242416742291,0.9815849510059164,1.0,0.0204,0.2905338949031461,0.2920804644834602,-0.0006152945600657,1.0,285.9832,23.786,2.847168754945194,2.872157926287014,0.2214532435143338,0.0,0.0,0.0,0.0,0.0,0.0,0.2888332303989378,0.328270122392489,0.4049665937403017,0.309782949818932,0.4087807398045166,0.15420129270544783,0.19340413638904416,0.30453678853048394,0.43922317139647354,0.17534996541429568,12.023173295215672
0.7998163452708907,0.5091690271847124,0.8006322915270311,0.799604385355556,0.615819209039548,0.8887755102040816,0.1055045871559633,0.0045871559633027,0.7454545454545455,41.0,loss_lr,5,P-NMF,submission,0.1336,0.173,0.2864376767813554,0.1507175460503248,0.4311348551758707,0.8664,0.8945,0.940568389663317,0.8595242416742291,0.9815849510059164,1.0,0.0204,0.2905338949031461,0.2920804644834602,-0.0006152945600657,1.0,285.9832,23.786,2.847168754945194,2.872157926287014,0.2214532435143338,0.0,0.0,0.0,0.0,0.0,0.0,0.2888332303989378,0.328270122392489,0.4049665937403017,0.309782949818932,0.4087807398045166,0.15420129270544783,0.19340413638904416,0.30453678853048394,0.43922317139647354,0.17534996541429568,12.023173295215672
0.8016528925619835,0.513037458250539,0.7964877949235222,0.7954412157880297,0.6285310734463276,0.889795918367347,0.0768348623853211,0.0045871559633027,0.7818181818181819,43.0,loss_rf,5,P-NMF,submission,0.1336,0.173,0.2864376767813554,0.1507175460503248,0.4311348551758707,0.8664,0.8945,0.940568389663317,0.8595242416742291,0.9815849510059164,1.0,0.0204,0.2905338949031461,0.2920804644834602,-0.0006152945600657,1.0,285.9832,23.786,2.847168754945194,2.872157926287014,0.2214532435143338,0.0,0.0,0.0,0.0,0.0,0.0,0.2888332303989378,0.328270122392489,0.4049665937403017,0.309782949818932,0.4087807398045166,0.15420129270544783,0.19340413638904416,0.30453678853048394,0.43922317139647354,0.17534996541429568,12.023173295215672
0.2525252525252525,0.4874893352573758,0.7977380617129204,0.777181356393029,0.1693877551020408,0.1693877551020408,0.0803673938002296,0.0195177956371986,0.7272727272727273,40.0,MC,3,P-NMF,submission,0.2523,0.2568,0.3774374925519733,0.2875938089228738,0.511444101129946,0.8349,0.8507,0.9246935452306456,0.8325765298242361,0.9748439314001744,6.0,0.12,0.2909539444717267,0.2931031796364015,0.000128846632231,1.0,279.1303,23.7678,2.963970525035222,2.9888372623481505,0.2464529789810098,0.0,0.0,0.0,0.0,0.0,0.0,0.2914005211592451,0.3263350266837169,0.3942760839644201,0.312264490498615,0.4025107123539032,0.3021918792669781,0.30186904901845535,0.4081757621200106,0.5246420320792844,0.3454262744874483,11.744052878263869
0.800734618916437,0.4887717376420649,0.7929765402141211,0.792516582561112,0.6148409893992933,0.8892291985706994,0.0803673938002296,0.0149253731343283,0.7272727272727273,40.0,gan_leaks,3,P-NMF,submission,0.2523,0.2568,0.3774374925519733,0.2875938089228738,0.511444101129946,0.8349,0.8507,0.9246935452306456,0.8325765298242361,0.9748439314001744,6.0,0.12,0.2909539444717267,0.2931031796364015,0.000128846632231,1.0,279.1303,23.7678,2.963970525035222,2.9888372623481505,0.2464529789810098,0.0,0.0,0.0,0.0,0.0,0.0,0.2914005211592451,0.3263350266837169,0.3942760839644201,0.312264490498615,0.4025107123539032,0.3021918792669781,0.30186904901845535,0.4081757621200106,0.5246420320792844,0.3454262744874483,11.744052878263869
0.7988980716253443,0.4900673063756728,0.8048613661473779,0.804516507299196,0.610600706713781,0.888208269525268,0.105625717566016,0.0275545350172215,0.8363636363636363,46.0,loss_lr,3,P-NMF,submission,0.2523,0.2568,0.3774374925519733,0.2875938089228738,0.511444101129946,0.8349,0.8507,0.9246935452306456,0.8325765298242361,0.9748439314001744,6.0,0.12,0.2909539444717267,0.2931031796364015,0.000128846632231,1.0,279.1303,23.7678,2.963970525035222,2.9888372623481505,0.2464529789810098,0.0,0.0,0.0,0.0,0.0,0.0,0.2914005211592451,0.3263350266837169,0.3942760839644201,0.312264490498615,0.4025107123539032,0.3021918792669781,0.30186904901845535,0.4081757621200106,0.5246420320792844,0.3454262744874483,11.744052878263869
0.8016528925619835,0.5141880575948767,0.8079263552295374,0.8075428969419934,0.6176678445229682,0.8896833503575077,0.1010332950631458,0.0206659012629161,0.8363636363636363,46.0,loss_rf,3,P-NMF,submission,0.2523,0.2568,0.3774374925519733,0.2875938089228738,0.511444101129946,0.8349,0.8507,0.9246935452306456,0.8325765298242361,0.9748439314001744,6.0,0.12,0.2909539444717267,0.2931031796364015,0.000128846632231,1.0,279.1303,23.7678,2.963970525035222,2.9888372623481505,0.2464529789810098,0.0,0.0,0.0,0.0,0.0,0.0,0.2914005211592451,0.3263350266837169,0.3942760839644201,0.312264490498615,0.4025107123539032,0.3021918792669781,0.30186904901845535,0.4081757621200106,0.5246420320792844,0.3454262744874483,11.744052878263869
0.2497704315886134,0.482536154794131,0.7954292653776689,0.7787499213311787,0.1653061224489796,0.1654749744637385,0.0757749712973593,0.0734787600459242,0.8545454545454545,47.0,MC,4,P-NMF,submission,0.3028,0.2807,0.4027447736859026,0.3439134089742251,0.5770989555933262,0.8578,0.8296,0.9240185699041178,0.8495727646904352,0.9755638419488776,3.0,0.06,0.2905732401781782,0.2942217132247422,-0.0007979959904835,1.0,282.1909,24.0923,2.9273961215405446,2.940333691940248,0.2258750031191362,0.0,0.0,0.0,0.0,0.0,0.0,0.2962356479372122,0.3194171106857266,0.4077948505045067,0.3147459986104659,0.4009320105321887,0.35299603637211474,0.3383558341369335,0.4358622075395022,0.591554269211597,0.4048074788503128,11.712908273597789
0.7988980716253443,0.4996787410863818,0.7967723608150974,0.7957752393087423,0.6148409893992933,0.888208269525268,0.0734787600459242,0.0034443168771526,0.7818181818181819,43.0,gan_leaks,4,P-NMF,submission,0.3028,0.2807,0.4027447736859026,0.3439134089742251,0.5770989555933262,0.8578,0.8296,0.9240185699041178,0.8495727646904352,0.9755638419488776,3.0,0.06,0.2905732401781782,0.2942217132247422,-0.0007979959904835,1.0,282.1909,24.0923,2.9273961215405446,2.940333691940248,0.2258750031191362,0.0,0.0,0.0,0.0,0.0,0.0,0.2962356479372122,0.3194171106857266,0.4077948505045067,0.3147459986104659,0.4009320105321887,0.35299603637211474,0.3383558341369335,0.4358622075395022,0.591554269211597,0.4048074788503128,11.712908273597789
0.800734618916437,0.5178641022129999,0.799214360524356,0.7986897020522679,0.6247349823321555,0.8892291985706994,0.0608495981630309,0.0149253731343283,0.6909090909090909,38.0,loss_lr,4,P-NMF,submission,0.3028,0.2807,0.4027447736859026,0.3439134089742251,0.5770989555933262,0.8578,0.8296,0.9240185699041178,0.8495727646904352,0.9755638419488776,3.0,0.06,0.2905732401781782,0.2942217132247422,-0.0007979959904835,1.0,282.1909,24.0923,2.9273961215405446,2.940333691940248,0.2258750031191362,0.0,0.0,0.0,0.0,0.0,0.0,0.2962356479372122,0.3194171106857266,0.4077948505045067,0.3147459986104659,0.4009320105321887,0.35299603637211474,0.3383558341369335,0.4358622075395022,0.591554269211597,0.4048074788503128,11.712908273597789
0.800734618916437,0.4818515046503544,0.7883869486275179,0.7876955026628247,0.6063604240282685,0.8892291985706994,0.0803673938002296,0.0034443168771526,0.7272727272727273,40.0,loss_rf,4,P-NMF,submission,0.3028,0.2807,0.4027447736859026,0.3439134089742251,0.5770989555933262,0.8578,0.8296,0.9240185699041178,0.8495727646904352,0.9755638419488776,3.0,0.06,0.2905732401781782,0.2942217132247422,-0.0007979959904835,1.0,282.1909,24.0923,2.9273961215405446,2.940333691940248,0.2258750031191362,0.0,0.0,0.0,0.0,0.0,0.0,0.2962356479372122,0.3194171106857266,0.4077948505045067,0.3147459986104659,0.4009320105321887,0.35299603637211474,0.3383558341369335,0.4358622075395022,0.591554269211597,0.4048074788503128,11.712908273597789
0.27089072543618,0.5167475958246873,0.8060797692694979,0.82975764272968,0.1897959183673469,0.1897959183673469,1.0,0.0091848450057405,0.8727272727272727,48.0,MC,1,DP-PGM ε=4,submission,0.7798,0.6617,0.8228286825469402,0.7252061196292938,0.9127196920834216,0.8532,0.849,0.9121615999734864,0.8477032510339282,0.9692310951026104,1.0,0.02,0.0122932953609222,0.0130581349597945,-0.0001278537363231,0.9480901077375122,27.4028,24.1871,17.620656678306855,18.536582396117403,0.2329079960197268,0.0,0.2904707233065442,0.0,0.0,0.0011481056257175,0.0091743119266055,0.1138406627856444,0.2202057215444567,0.0244339571141949,0.0781233124008743,0.3121378572051879,0.9139709329582748,0.7793875147232038,0.9020645931278592,0.9416946037898154,0.8554952676479336,1.132951035882764
0.7988980716253443,0.5062513824666365,0.8135161544090113,0.8130692205208611,0.6134275618374558,0.888208269525268,0.13203214695752,0.0195177956371986,0.8545454545454545,47.0,gan_leaks,1,DP-PGM ε=4,submission,0.7798,0.6617,0.8228286825469402,0.7252061196292938,0.9127196920834216,0.8532,0.849,0.9121615999734864,0.8477032510339282,0.9692310951026104,1.0,0.02,0.0122932953609222,0.0130581349597945,-0.0001278537363231,0.9480901077375122,27.4028,24.1871,17.620656678306855,18.536582396117403,0.2329079960197268,0.0,0.2904707233065442,0.0,0.0,0.0011481056257175,0.0091743119266055,0.1138406627856444,0.2202057215444567,0.0244339571141949,0.0781233124008743,0.3121378572051879,0.9139709329582748,0.7793875147232038,0.9020645931278592,0.9416946037898154,0.8554952676479336,1.132951035882764
0.7998163452708907,0.5092480434805506,0.7925257433839034,0.791562216977657,0.6247349823321555,0.8886618998978549,0.0815154994259471,0.0011481056257175,0.7454545454545455,41.0,loss_lr,1,DP-PGM ε=4,submission,0.7798,0.6617,0.8228286825469402,0.7252061196292938,0.9127196920834216,0.8532,0.849,0.9121615999734864,0.8477032510339282,0.9692310951026104,1.0,0.02,0.0122932953609222,0.0130581349597945,-0.0001278537363231,0.9480901077375122,27.4028,24.1871,17.620656678306855,18.536582396117403,0.2329079960197268,0.0,0.2904707233065442,0.0,0.0,0.0011481056257175,0.0091743119266055,0.1138406627856444,0.2202057215444567,0.0244339571141949,0.0781233124008743,0.3121378572051879,0.9139709329582748,0.7793875147232038,0.9020645931278592,0.9416946037898154,0.8554952676479336,1.132951035882764
0.800734618916437,0.5179246674180263,0.806608132974255,0.8064592058849072,0.6195190947666195,0.8892291985706994,0.1216991963260619,0.010332950631458,0.7818181818181819,43.0,loss_rf,1,DP-PGM ε=4,submission,0.7798,0.6617,0.8228286825469402,0.7252061196292938,0.9127196920834216,0.8532,0.849,0.9121615999734864,0.8477032510339282,0.9692310951026104,1.0,0.02,0.0122932953609222,0.0130581349597945,-0.0001278537363231,0.9480901077375122,27.4028,24.1871,17.620656678306855,18.536582396117403,0.2329079960197268,0.0,0.2904707233065442,0.0,0.0,0.0011481056257175,0.0091743119266055,0.1138406627856444,0.2202057215444567,0.0244339571141949,0.0781233124008743,0.3121378572051879,0.9139709329582748,0.7793875147232038,0.9020645931278592,0.9416946037898154,0.8554952676479336,1.132951035882764
0.2543617998163452,0.4912285783503091,0.7981784472815939,0.7847405796940927,0.1714285714285714,0.1714285714285714,0.0815154994259471,0.0034443168771526,0.8181818181818182,45.0,MC,2,DP-PGM ε=4,submission,0.7798,0.6898,0.8492964251718161,0.7259962011689917,0.9203831361086102,0.8303,0.8327,0.8861074834779407,0.8283029082654705,0.9608882824403228,3.0,0.06,0.013265633881463,0.0121299698798138,-0.0005475346651139,0.9686552072800808,27.5734,24.3844,17.68144868793983,18.437035805765937,0.2467633977888903,0.0,0.2927669345579793,0.0,0.0,0.0036739380022962,0.018348623853211,0.118399648873553,0.2019579584740465,0.0230239220321577,0.0833420342150635,0.3292855409169852,0.939178610140913,0.8283895760778192,0.958457569772865,0.9578461439566694,0.8764863601520887,1.1307803349682584
0.7998163452708907,0.5047820179273007,0.799775925989916,0.7990627767414856,0.6120141342756183,0.8886618998978549,0.0838117106773823,0.0034443168771526,0.8,44.0,gan_leaks,2,DP-PGM ε=4,submission,0.7798,0.6898,0.8492964251718161,0.7259962011689917,0.9203831361086102,0.8303,0.8327,0.8861074834779407,0.8283029082654705,0.9608882824403228,3.0,0.06,0.013265633881463,0.0121299698798138,-0.0005475346651139,0.9686552072800808,27.5734,24.3844,17.68144868793983,18.437035805765937,0.2467633977888903,0.0,0.2927669345579793,0.0,0.0,0.0036739380022962,0.018348623853211,0.118399648873553,0.2019579584740465,0.0230239220321577,0.0833420342150635,0.3292855409169852,0.939178610140913,0.8283895760778192,0.958457569772865,0.9578461439566694,0.8764863601520887,1.1307803349682584
0.7988980716253443,0.5112019296600976,0.8103482670578365,0.8099833056189111,0.6148409893992933,0.888208269525268,0.0975889781859931,0.0298507462686567,0.8181818181818182,45.0,loss_lr,2,DP-PGM ε=4,submission,0.7798,0.6898,0.8492964251718161,0.7259962011689917,0.9203831361086102,0.8303,0.8327,0.8861074834779407,0.8283029082654705,0.9608882824403228,3.0,0.06,0.013265633881463,0.0121299698798138,-0.0005475346651139,0.9686552072800808,27.5734,24.3844,17.68144868793983,18.437035805765937,0.2467633977888903,0.0,0.2927669345579793,0.0,0.0,0.0036739380022962,0.018348623853211,0.118399648873553,0.2019579584740465,0.0230239220321577,0.0833420342150635,0.3292855409169852,0.939178610140913,0.8283895760778192,0.958457569772865,0.9578461439566694,0.8764863601520887,1.1307803349682584
0.7988980716253443,0.5086687241281244,0.8013863160657131,0.7997380114241095,0.613314447592068,0.888208269525268,0.1159586681974741,0.0137772675086107,0.7818181818181819,43.0,loss_rf,2,DP-PGM ε=4,submission,0.7798,0.6898,0.8492964251718161,0.7259962011689917,0.9203831361086102,0.8303,0.8327,0.8861074834779407,0.8283029082654705,0.9608882824403228,3.0,0.06,0.013265633881463,0.0121299698798138,-0.0005475346651139,0.9686552072800808,27.5734,24.3844,17.68144868793983,18.437035805765937,0.2467633977888903,0.0,0.2927669345579793,0.0,0.0,0.0036739380022962,0.018348623853211,0.118399648873553,0.2019579584740465,0.0230239220321577,0.0833420342150635,0.3292855409169852,0.939178610140913,0.8283895760778192,0.958457569772865,0.9578461439566694,0.8764863601520887,1.1307803349682584
0.2607897153351698,0.5032791823447342,0.8073418336700876,0.8102829897267667,0.1794087665647298,0.1794087665647298,1.0,0.0137614678899082,0.8727272727272727,48.0,MC,5,DP-PGM ε=4,submission,0.7604,0.7068,0.8512077923039055,0.7016503059175145,0.9204436032233646,0.8664,0.8945,0.940568389663317,0.8595242416742291,0.9815849510059164,1.0,0.0204,0.0127105886958416,0.0134144286334859,-0.0006152945600657,0.9562563580874872,27.537,23.786,17.64264719848769,18.550537817688216,0.2214532435143338,0.0,0.2694954128440367,0.0,0.0,0.0107798165137614,0.0184331797235023,0.1125262781610655,0.1765964712716863,0.0255857424488877,0.0962357281418928,0.2884040420765951,0.8776546629732226,0.7901621017328117,0.9049929826034248,0.9377116084350164,0.8163240452076151,1.1576978054317664
0.7998163452708907,0.5013211854733015,0.8085921598609193,0.8081974729091368,0.6200564971751412,0.8887755102040816,0.1020642201834862,0.018348623853211,0.8727272727272727,48.0,gan_leaks,5,DP-PGM ε=4,submission,0.7604,0.7068,0.8512077923039055,0.7016503059175145,0.9204436032233646,0.8664,0.8945,0.940568389663317,0.8595242416742291,0.9815849510059164,1.0,0.0204,0.0127105886958416,0.0134144286334859,-0.0006152945600657,0.9562563580874872,27.537,23.786,17.64264719848769,18.550537817688216,0.2214532435143338,0.0,0.2694954128440367,0.0,0.0,0.0107798165137614,0.0184331797235023,0.1125262781610655,0.1765964712716863,0.0255857424488877,0.0962357281418928,0.2884040420765951,0.8776546629732226,0.7901621017328117,0.9049929826034248,0.9377116084350164,0.8163240452076151,1.1576978054317664
0.7998163452708907,0.5092958609901492,0.8117847459759678,0.8114127268852658,0.6271186440677966,0.8887755102040816,0.0894495412844036,0.0275229357798165,0.8181818181818182,45.0,loss_lr,5,DP-PGM ε=4,submission,0.7604,0.7068,0.8512077923039055,0.7016503059175145,0.9204436032233646,0.8664,0.8945,0.940568389663317,0.8595242416742291,0.9815849510059164,1.0,0.0204,0.0127105886958416,0.0134144286334859,-0.0006152945600657,0.9562563580874872,27.537,23.786,17.64264719848769,18.550537817688216,0.2214532435143338,0.0,0.2694954128440367,0.0,0.0,0.0107798165137614,0.0184331797235023,0.1125262781610655,0.1765964712716863,0.0255857424488877,0.0962357281418928,0.2884040420765951,0.8776546629732226,0.7901621017328117,0.9049929826034248,0.9377116084350164,0.8163240452076151,1.1576978054317664
0.7998163452708907,0.512730943220733,0.8096504483377736,0.8094564518273031,0.603988603988604,0.8887755102040816,0.128440366972477,0.0286697247706422,0.8,44.0,loss_rf,5,DP-PGM ε=4,submission,0.7604,0.7068,0.8512077923039055,0.7016503059175145,0.9204436032233646,0.8664,0.8945,0.940568389663317,0.8595242416742291,0.9815849510059164,1.0,0.0204,0.0127105886958416,0.0134144286334859,-0.0006152945600657,0.9562563580874872,27.537,23.786,17.64264719848769,18.550537817688216,0.2214532435143338,0.0,0.2694954128440367,0.0,0.0,0.0107798165137614,0.0184331797235023,0.1125262781610655,0.1765964712716863,0.0255857424488877,0.0962357281418928,0.2884040420765951,0.8776546629732226,0.7901621017328117,0.9049929826034248,0.9377116084350164,0.8163240452076151,1.1576978054317664
0.256198347107438,0.4924346159112693,0.792793164964064,0.7828655614495704,0.173469387755102,0.173469387755102,0.0975889781859931,0.010332950631458,0.6909090909090909,38.0,MC,3,DP-PGM ε=4,submission,0.7752,0.7103,0.858103417505295,0.7208302185978028,0.926837617418876,0.8349,0.8507,0.9246935452306456,0.8325765298242361,0.9748439314001744,2.0,0.04,0.0127068995914686,0.0151130166009494,0.000128846632231,0.970912738214644,27.4802,23.7678,17.694734554625356,18.43465519384358,0.2464529789810098,0.0,0.2812858783008036,0.0,0.0,0.0032146957520091,0.0137614678899082,0.1165587516879019,0.2111367838694272,0.023328081487034,0.0915415149246482,0.2920693042422608,0.9284944304707151,0.8349594451628072,0.9279868145843484,0.9507548722057011,0.8657825350301144,1.1561945152685567
0.800734618916437,0.4877394958868326,0.7857390073164756,0.7847220343779284,0.607773851590106,0.8892291985706994,0.0929965556831228,0.010332950631458,0.7090909090909091,39.0,gan_leaks,3,DP-PGM ε=4,submission,0.7752,0.7103,0.858103417505295,0.7208302185978028,0.926837617418876,0.8349,0.8507,0.9246935452306456,0.8325765298242361,0.9748439314001744,2.0,0.04,0.0127068995914686,0.0151130166009494,0.000128846632231,0.970912738214644,27.4802,23.7678,17.694734554625356,18.43465519384358,0.2464529789810098,0.0,0.2812858783008036,0.0,0.0,0.0032146957520091,0.0137614678899082,0.1165587516879019,0.2111367838694272,0.023328081487034,0.0915415149246482,0.2920693042422608,0.9284944304707151,0.8349594451628072,0.9279868145843484,0.9507548722057011,0.8657825350301144,1.1561945152685567
0.7988980716253443,0.4713236920548984,0.7884439168643177,0.7879963717979525,0.6021201413427562,0.888208269525268,0.0803673938002296,0.0126291618828932,0.7454545454545455,41.0,loss_lr,3,DP-PGM ε=4,submission,0.7752,0.7103,0.858103417505295,0.7208302185978028,0.926837617418876,0.8349,0.8507,0.9246935452306456,0.8325765298242361,0.9748439314001744,2.0,0.04,0.0127068995914686,0.0151130166009494,0.000128846632231,0.970912738214644,27.4802,23.7678,17.694734554625356,18.43465519384358,0.2464529789810098,0.0,0.2812858783008036,0.0,0.0,0.0032146957520091,0.0137614678899082,0.1165587516879019,0.2111367838694272,0.023328081487034,0.0915415149246482,0.2920693042422608,0.9284944304707151,0.8349594451628072,0.9279868145843484,0.9507548722057011,0.8657825350301144,1.1561945152685567
0.7988980716253443,0.4701597868104783,0.7799293815197881,0.7795665699713152,0.603399433427762,0.8880940214614206,0.0608495981630309,0.0068886337543053,0.7272727272727273,40.0,loss_rf,3,DP-PGM ε=4,submission,0.7752,0.7103,0.858103417505295,0.7208302185978028,0.926837617418876,0.8349,0.8507,0.9246935452306456,0.8325765298242361,0.9748439314001744,2.0,0.04,0.0127068995914686,0.0151130166009494,0.000128846632231,0.970912738214644,27.4802,23.7678,17.694734554625356,18.43465519384358,0.2464529789810098,0.0,0.2812858783008036,0.0,0.0,0.0032146957520091,0.0137614678899082,0.1165587516879019,0.2111367838694272,0.023328081487034,0.0915415149246482,0.2920693042422608,0.9284944304707151,0.8349594451628072,0.9279868145843484,0.9507548722057011,0.8657825350301144,1.1561945152685567
0.2525252525252525,0.4881660855918011,0.7971457389309967,0.7791558563346929,0.1693877551020408,0.1693877551020408,0.0952927669345579,0.0137772675086107,0.7454545454545455,41.0,MC,4,DP-PGM ε=4,submission,0.7752,0.6707,0.8521055729190481,0.7204140928219531,0.9033374664832032,0.8578,0.8296,0.9240185699041178,0.8495727646904352,0.9755638419488776,3.0,0.06,0.0124423461280825,0.0117958443857473,-0.0007979959904835,0.9596774193548387,27.5103,24.0923,17.624797978622492,18.54170258081643,0.2258750031191362,0.0,0.3122847301951779,0.0,0.0,0.0006888633754305,0.0045871559633027,0.1124478142378241,0.18556839190889,0.0223825497501214,0.0788007253905048,0.3024658297227587,0.9037071578456517,0.8084619093539055,0.922173645284497,0.9259644808879056,0.8479722076359821,1.1418710542372459
0.7988980716253443,0.5032810541505599,0.7977028849388104,0.7967603358865789,0.620494699646643,0.888208269525268,0.0838117106773823,0.0172215843857634,0.7636363636363637,42.0,gan_leaks,4,DP-PGM ε=4,submission,0.7752,0.6707,0.8521055729190481,0.7204140928219531,0.9033374664832032,0.8578,0.8296,0.9240185699041178,0.8495727646904352,0.9755638419488776,3.0,0.06,0.0124423461280825,0.0117958443857473,-0.0007979959904835,0.9596774193548387,27.5103,24.0923,17.624797978622492,18.54170258081643,0.2258750031191362,0.0,0.3122847301951779,0.0,0.0,0.0006888633754305,0.0045871559633027,0.1124478142378241,0.18556839190889,0.0223825497501214,0.0788007253905048,0.3024658297227587,0.9037071578456517,0.8084619093539055,0.922173645284497,0.9259644808879056,0.8479722076359821,1.1418710542372459
0.7998163452708907,0.5150517700839486,0.8098385443713663,0.8092836458092416,0.620494699646643,0.8886618998978549,0.1182548794489093,0.010332950631458,0.8363636363636363,46.0,loss_lr,4,DP-PGM ε=4,submission,0.7752,0.6707,0.8521055729190481,0.7204140928219531,0.9033374664832032,0.8578,0.8296,0.9240185699041178,0.8495727646904352,0.9755638419488776,3.0,0.06,0.0124423461280825,0.0117958443857473,-0.0007979959904835,0.9596774193548387,27.5103,24.0923,17.624797978622492,18.54170258081643,0.2258750031191362,0.0,0.3122847301951779,0.0,0.0,0.0006888633754305,0.0045871559633027,0.1124478142378241,0.18556839190889,0.0223825497501214,0.0788007253905048,0.3024658297227587,0.9037071578456517,0.8084619093539055,0.922173645284497,0.9259644808879056,0.8479722076359821,1.1418710542372459
0.7988980716253443,0.499104688273523,0.7956142353510184,0.7950142275301447,0.6171266808209483,0.888208269525268,0.0907003444316877,0.0057405281285878,0.7636363636363637,42.0,loss_rf,4,DP-PGM ε=4,submission,0.7752,0.6707,0.8521055729190481,0.7204140928219531,0.9033374664832032,0.8578,0.8296,0.9240185699041178,0.8495727646904352,0.9755638419488776,3.0,0.06,0.0124423461280825,0.0117958443857473,-0.0007979959904835,0.9596774193548387,27.5103,24.0923,17.624797978622492,18.54170258081643,0.2258750031191362,0.0,0.3122847301951779,0.0,0.0,0.0006888633754305,0.0045871559633027,0.1124478142378241,0.18556839190889,0.0223825497501214,0.0788007253905048,0.3024658297227587,0.9037071578456517,0.8084619093539055,0.922173645284497,0.9259644808879056,0.8479722076359821,1.1418710542372459
