correct,direction,comparison,seed,fold,metric,origin,category
1.0,up,BRCA.Basal_BRCA.Her2,real data,1,tpr,MVN,baseline
1.0,up,BRCA.Basal_BRCA.LumA,real data,1,tpr,MVN,baseline
1.0,up,BRCA.Basal_BRCA.LumB,real data,1,tpr,MVN,baseline
1.0,up,BRCA.Basal_BRCA.Normal,real data,1,tpr,MVN,baseline
1.0,up,BRCA.Her2_BRCA.LumA,real data,1,tpr,MVN,baseline
1.0,up,BRCA.Her2_BRCA.LumB,real data,1,tpr,MVN,baseline
1.0,up,BRCA.Her2_BRCA.Normal,real data,1,tpr,MVN,baseline
1.0,up,BRCA.LumA_BRCA.LumB,real data,1,tpr,MVN,baseline
1.0,up,BRCA.LumA_BRCA.Normal,real data,1,tpr,MVN,baseline
1.0,up,BRCA.LumB_BRCA.Normal,real data,1,tpr,MVN,baseline
1.0,down,BRCA.Basal_BRCA.Her2,real data,1,tpr,MVN,baseline
1.0,down,BRCA.Basal_BRCA.LumA,real data,1,tpr,MVN,baseline
1.0,down,BRCA.Basal_BRCA.LumB,real data,1,tpr,MVN,baseline
1.0,down,BRCA.Basal_BRCA.Normal,real data,1,tpr,MVN,baseline
1.0,down,BRCA.Her2_BRCA.LumA,real data,1,tpr,MVN,baseline
1.0,down,BRCA.Her2_BRCA.LumB,real data,1,tpr,MVN,baseline
1.0,down,BRCA.Her2_BRCA.Normal,real data,1,tpr,MVN,baseline
1.0,down,BRCA.LumA_BRCA.LumB,real data,1,tpr,MVN,baseline
1.0,down,BRCA.LumA_BRCA.Normal,real data,1,tpr,MVN,baseline
1.0,down,BRCA.LumB_BRCA.Normal,real data,1,tpr,MVN,baseline
0.6875,up,BRCA.Basal_BRCA.Her2,synthetic data,1,tpr,MVN,baseline
0.81151832460733,up,BRCA.Basal_BRCA.LumA,synthetic data,1,tpr,MVN,baseline
0.806451612903226,up,BRCA.Basal_BRCA.LumB,synthetic data,1,tpr,MVN,baseline
0.608108108108108,up,BRCA.Basal_BRCA.Normal,synthetic data,1,tpr,MVN,baseline
0.720588235294118,up,BRCA.Her2_BRCA.LumA,synthetic data,1,tpr,MVN,baseline
0.736842105263158,up,BRCA.Her2_BRCA.LumB,synthetic data,1,tpr,MVN,baseline
0.813953488372093,up,BRCA.Her2_BRCA.Normal,synthetic data,1,tpr,MVN,baseline
0.647058823529412,up,BRCA.LumA_BRCA.LumB,synthetic data,1,tpr,MVN,baseline
0.6,up,BRCA.LumA_BRCA.Normal,synthetic data,1,tpr,MVN,baseline
0.549295774647887,up,BRCA.LumB_BRCA.Normal,synthetic data,1,tpr,MVN,baseline
0.857142857142857,down,BRCA.Basal_BRCA.Her2,synthetic data,1,tpr,MVN,baseline
0.885714285714286,down,BRCA.Basal_BRCA.LumA,synthetic data,1,tpr,MVN,baseline
0.823529411764706,down,BRCA.Basal_BRCA.LumB,synthetic data,1,tpr,MVN,baseline
0.659574468085106,down,BRCA.Basal_BRCA.Normal,synthetic data,1,tpr,MVN,baseline
0.75,down,BRCA.Her2_BRCA.LumA,synthetic data,1,tpr,MVN,baseline
0.692307692307692,down,BRCA.Her2_BRCA.LumB,synthetic data,1,tpr,MVN,baseline
0.75,down,BRCA.Her2_BRCA.Normal,synthetic data,1,tpr,MVN,baseline
0.86046511627907,down,BRCA.LumA_BRCA.LumB,synthetic data,1,tpr,MVN,baseline
0.8125,down,BRCA.LumA_BRCA.Normal,synthetic data,1,tpr,MVN,baseline
0.851351351351351,down,BRCA.LumB_BRCA.Normal,synthetic data,1,tpr,MVN,baseline
1.0,up,BRCA.Basal_BRCA.Her2,real data,2,tpr,MVN,baseline
1.0,up,BRCA.Basal_BRCA.LumA,real data,2,tpr,MVN,baseline
1.0,up,BRCA.Basal_BRCA.LumB,real data,2,tpr,MVN,baseline
1.0,up,BRCA.Basal_BRCA.Normal,real data,2,tpr,MVN,baseline
1.0,up,BRCA.Her2_BRCA.LumA,real data,2,tpr,MVN,baseline
1.0,up,BRCA.Her2_BRCA.LumB,real data,2,tpr,MVN,baseline
1.0,up,BRCA.Her2_BRCA.Normal,real data,2,tpr,MVN,baseline
1.0,up,BRCA.LumA_BRCA.LumB,real data,2,tpr,MVN,baseline
1.0,up,BRCA.LumA_BRCA.Normal,real data,2,tpr,MVN,baseline
1.0,up,BRCA.LumB_BRCA.Normal,real data,2,tpr,MVN,baseline
1.0,down,BRCA.Basal_BRCA.Her2,real data,2,tpr,MVN,baseline
1.0,down,BRCA.Basal_BRCA.LumA,real data,2,tpr,MVN,baseline
1.0,down,BRCA.Basal_BRCA.LumB,real data,2,tpr,MVN,baseline
1.0,down,BRCA.Basal_BRCA.Normal,real data,2,tpr,MVN,baseline
1.0,down,BRCA.Her2_BRCA.LumA,real data,2,tpr,MVN,baseline
1.0,down,BRCA.Her2_BRCA.LumB,real data,2,tpr,MVN,baseline
1.0,down,BRCA.Her2_BRCA.Normal,real data,2,tpr,MVN,baseline
1.0,down,BRCA.LumA_BRCA.LumB,real data,2,tpr,MVN,baseline
1.0,down,BRCA.LumA_BRCA.Normal,real data,2,tpr,MVN,baseline
1.0,down,BRCA.LumB_BRCA.Normal,real data,2,tpr,MVN,baseline
0.732142857142857,up,BRCA.Basal_BRCA.Her2,synthetic data,2,tpr,MVN,baseline
0.825641025641026,up,BRCA.Basal_BRCA.LumA,synthetic data,2,tpr,MVN,baseline
0.790697674418605,up,BRCA.Basal_BRCA.LumB,synthetic data,2,tpr,MVN,baseline
0.702380952380952,up,BRCA.Basal_BRCA.Normal,synthetic data,2,tpr,MVN,baseline
0.696969696969697,up,BRCA.Her2_BRCA.LumA,synthetic data,2,tpr,MVN,baseline
0.5,up,BRCA.Her2_BRCA.LumB,synthetic data,2,tpr,MVN,baseline
0.897959183673469,up,BRCA.Her2_BRCA.Normal,synthetic data,2,tpr,MVN,baseline
0.466666666666667,up,BRCA.LumA_BRCA.LumB,synthetic data,2,tpr,MVN,baseline
0.7,up,BRCA.LumA_BRCA.Normal,synthetic data,2,tpr,MVN,baseline
0.8,up,BRCA.LumB_BRCA.Normal,synthetic data,2,tpr,MVN,baseline
0.727272727272727,down,BRCA.Basal_BRCA.Her2,synthetic data,2,tpr,MVN,baseline
0.915094339622642,down,BRCA.Basal_BRCA.LumA,synthetic data,2,tpr,MVN,baseline
0.752475247524752,down,BRCA.Basal_BRCA.LumB,synthetic data,2,tpr,MVN,baseline
0.722222222222222,down,BRCA.Basal_BRCA.Normal,synthetic data,2,tpr,MVN,baseline
0.695652173913043,down,BRCA.Her2_BRCA.LumA,synthetic data,2,tpr,MVN,baseline
0.533333333333333,down,BRCA.Her2_BRCA.LumB,synthetic data,2,tpr,MVN,baseline
0.631578947368421,down,BRCA.Her2_BRCA.Normal,synthetic data,2,tpr,MVN,baseline
0.875,down,BRCA.LumA_BRCA.LumB,synthetic data,2,tpr,MVN,baseline
0.8,down,BRCA.LumA_BRCA.Normal,synthetic data,2,tpr,MVN,baseline
0.731707317073171,down,BRCA.LumB_BRCA.Normal,synthetic data,2,tpr,MVN,baseline
1.0,up,BRCA.Basal_BRCA.Her2,real data,3,tpr,MVN,baseline
1.0,up,BRCA.Basal_BRCA.LumA,real data,3,tpr,MVN,baseline
1.0,up,BRCA.Basal_BRCA.LumB,real data,3,tpr,MVN,baseline
1.0,up,BRCA.Basal_BRCA.Normal,real data,3,tpr,MVN,baseline
1.0,up,BRCA.Her2_BRCA.LumA,real data,3,tpr,MVN,baseline
1.0,up,BRCA.Her2_BRCA.LumB,real data,3,tpr,MVN,baseline
1.0,up,BRCA.Her2_BRCA.Normal,real data,3,tpr,MVN,baseline
1.0,up,BRCA.LumA_BRCA.LumB,real data,3,tpr,MVN,baseline
1.0,up,BRCA.LumA_BRCA.Normal,real data,3,tpr,MVN,baseline
1.0,up,BRCA.LumB_BRCA.Normal,real data,3,tpr,MVN,baseline
1.0,down,BRCA.Basal_BRCA.Her2,real data,3,tpr,MVN,baseline
1.0,down,BRCA.Basal_BRCA.LumA,real data,3,tpr,MVN,baseline
1.0,down,BRCA.Basal_BRCA.LumB,real data,3,tpr,MVN,baseline
1.0,down,BRCA.Basal_BRCA.Normal,real data,3,tpr,MVN,baseline
1.0,down,BRCA.Her2_BRCA.LumA,real data,3,tpr,MVN,baseline
1.0,down,BRCA.Her2_BRCA.LumB,real data,3,tpr,MVN,baseline
1.0,down,BRCA.Her2_BRCA.Normal,real data,3,tpr,MVN,baseline
1.0,down,BRCA.LumA_BRCA.LumB,real data,3,tpr,MVN,baseline
1.0,down,BRCA.LumA_BRCA.Normal,real data,3,tpr,MVN,baseline
1.0,down,BRCA.LumB_BRCA.Normal,real data,3,tpr,MVN,baseline
0.739130434782609,up,BRCA.Basal_BRCA.Her2,synthetic data,3,tpr,MVN,baseline
0.90625,up,BRCA.Basal_BRCA.LumA,synthetic data,3,tpr,MVN,baseline
0.857142857142857,up,BRCA.Basal_BRCA.LumB,synthetic data,3,tpr,MVN,baseline
0.723684210526316,up,BRCA.Basal_BRCA.Normal,synthetic data,3,tpr,MVN,baseline
0.656716417910448,up,BRCA.Her2_BRCA.LumA,synthetic data,3,tpr,MVN,baseline
0.764705882352941,up,BRCA.Her2_BRCA.LumB,synthetic data,3,tpr,MVN,baseline
0.568181818181818,up,BRCA.Her2_BRCA.Normal,synthetic data,3,tpr,MVN,baseline
0.384615384615385,up,BRCA.LumA_BRCA.LumB,synthetic data,3,tpr,MVN,baseline
0.6,up,BRCA.LumA_BRCA.Normal,synthetic data,3,tpr,MVN,baseline
0.583333333333333,up,BRCA.LumB_BRCA.Normal,synthetic data,3,tpr,MVN,baseline
0.869565217391304,down,BRCA.Basal_BRCA.Her2,synthetic data,3,tpr,MVN,baseline
0.861111111111111,down,BRCA.Basal_BRCA.LumA,synthetic data,3,tpr,MVN,baseline
0.849462365591398,down,BRCA.Basal_BRCA.LumB,synthetic data,3,tpr,MVN,baseline
0.521739130434783,down,BRCA.Basal_BRCA.Normal,synthetic data,3,tpr,MVN,baseline
0.80952380952381,down,BRCA.Her2_BRCA.LumA,synthetic data,3,tpr,MVN,baseline
0.785714285714286,down,BRCA.Her2_BRCA.LumB,synthetic data,3,tpr,MVN,baseline
0.666666666666667,down,BRCA.Her2_BRCA.Normal,synthetic data,3,tpr,MVN,baseline
0.85,down,BRCA.LumA_BRCA.LumB,synthetic data,3,tpr,MVN,baseline
0.787878787878788,down,BRCA.LumA_BRCA.Normal,synthetic data,3,tpr,MVN,baseline
0.753846153846154,down,BRCA.LumB_BRCA.Normal,synthetic data,3,tpr,MVN,baseline
1.0,up,BRCA.Basal_BRCA.Her2,real data,4,tpr,MVN,baseline
1.0,up,BRCA.Basal_BRCA.LumA,real data,4,tpr,MVN,baseline
1.0,up,BRCA.Basal_BRCA.LumB,real data,4,tpr,MVN,baseline
1.0,up,BRCA.Basal_BRCA.Normal,real data,4,tpr,MVN,baseline
1.0,up,BRCA.Her2_BRCA.LumA,real data,4,tpr,MVN,baseline
1.0,up,BRCA.Her2_BRCA.LumB,real data,4,tpr,MVN,baseline
1.0,up,BRCA.Her2_BRCA.Normal,real data,4,tpr,MVN,baseline
1.0,up,BRCA.LumA_BRCA.LumB,real data,4,tpr,MVN,baseline
1.0,up,BRCA.LumA_BRCA.Normal,real data,4,tpr,MVN,baseline
1.0,up,BRCA.LumB_BRCA.Normal,real data,4,tpr,MVN,baseline
1.0,down,BRCA.Basal_BRCA.Her2,real data,4,tpr,MVN,baseline
1.0,down,BRCA.Basal_BRCA.LumA,real data,4,tpr,MVN,baseline
1.0,down,BRCA.Basal_BRCA.LumB,real data,4,tpr,MVN,baseline
1.0,down,BRCA.Basal_BRCA.Normal,real data,4,tpr,MVN,baseline
1.0,down,BRCA.Her2_BRCA.LumA,real data,4,tpr,MVN,baseline
1.0,down,BRCA.Her2_BRCA.LumB,real data,4,tpr,MVN,baseline
1.0,down,BRCA.Her2_BRCA.Normal,real data,4,tpr,MVN,baseline
1.0,down,BRCA.LumA_BRCA.LumB,real data,4,tpr,MVN,baseline
1.0,down,BRCA.LumA_BRCA.Normal,real data,4,tpr,MVN,baseline
1.0,down,BRCA.LumB_BRCA.Normal,real data,4,tpr,MVN,baseline
0.823529411764706,up,BRCA.Basal_BRCA.Her2,synthetic data,4,tpr,MVN,baseline
0.926315789473684,up,BRCA.Basal_BRCA.LumA,synthetic data,4,tpr,MVN,baseline
0.894308943089431,up,BRCA.Basal_BRCA.LumB,synthetic data,4,tpr,MVN,baseline
0.835820895522388,up,BRCA.Basal_BRCA.Normal,synthetic data,4,tpr,MVN,baseline
0.764705882352941,up,BRCA.Her2_BRCA.LumA,synthetic data,4,tpr,MVN,baseline
0.444444444444444,up,BRCA.Her2_BRCA.LumB,synthetic data,4,tpr,MVN,baseline
0.947368421052632,up,BRCA.Her2_BRCA.Normal,synthetic data,4,tpr,MVN,baseline
0.4375,up,BRCA.LumA_BRCA.LumB,synthetic data,4,tpr,MVN,baseline
0.5,up,BRCA.LumA_BRCA.Normal,synthetic data,4,tpr,MVN,baseline
0.737704918032787,up,BRCA.LumB_BRCA.Normal,synthetic data,4,tpr,MVN,baseline
0.836363636363636,down,BRCA.Basal_BRCA.Her2,synthetic data,4,tpr,MVN,baseline
0.94392523364486,down,BRCA.Basal_BRCA.LumA,synthetic data,4,tpr,MVN,baseline
0.922330097087379,down,BRCA.Basal_BRCA.LumB,synthetic data,4,tpr,MVN,baseline
0.714285714285714,down,BRCA.Basal_BRCA.Normal,synthetic data,4,tpr,MVN,baseline
0.636363636363636,down,BRCA.Her2_BRCA.LumA,synthetic data,4,tpr,MVN,baseline
0.714285714285714,down,BRCA.Her2_BRCA.LumB,synthetic data,4,tpr,MVN,baseline
0.846153846153846,down,BRCA.Her2_BRCA.Normal,synthetic data,4,tpr,MVN,baseline
0.80952380952381,down,BRCA.LumA_BRCA.LumB,synthetic data,4,tpr,MVN,baseline
0.696969696969697,down,BRCA.LumA_BRCA.Normal,synthetic data,4,tpr,MVN,baseline
0.679012345679012,down,BRCA.LumB_BRCA.Normal,synthetic data,4,tpr,MVN,baseline
1.0,up,BRCA.Basal_BRCA.Her2,real data,5,tpr,MVN,baseline
1.0,up,BRCA.Basal_BRCA.LumA,real data,5,tpr,MVN,baseline
1.0,up,BRCA.Basal_BRCA.LumB,real data,5,tpr,MVN,baseline
1.0,up,BRCA.Basal_BRCA.Normal,real data,5,tpr,MVN,baseline
1.0,up,BRCA.Her2_BRCA.LumA,real data,5,tpr,MVN,baseline
1.0,up,BRCA.Her2_BRCA.LumB,real data,5,tpr,MVN,baseline
1.0,up,BRCA.Her2_BRCA.Normal,real data,5,tpr,MVN,baseline
1.0,up,BRCA.LumA_BRCA.LumB,real data,5,tpr,MVN,baseline
1.0,up,BRCA.LumA_BRCA.Normal,real data,5,tpr,MVN,baseline
1.0,up,BRCA.LumB_BRCA.Normal,real data,5,tpr,MVN,baseline
1.0,down,BRCA.Basal_BRCA.Her2,real data,5,tpr,MVN,baseline
1.0,down,BRCA.Basal_BRCA.LumA,real data,5,tpr,MVN,baseline
1.0,down,BRCA.Basal_BRCA.LumB,real data,5,tpr,MVN,baseline
1.0,down,BRCA.Basal_BRCA.Normal,real data,5,tpr,MVN,baseline
1.0,down,BRCA.Her2_BRCA.LumA,real data,5,tpr,MVN,baseline
1.0,down,BRCA.Her2_BRCA.LumB,real data,5,tpr,MVN,baseline
1.0,down,BRCA.Her2_BRCA.Normal,real data,5,tpr,MVN,baseline
1.0,down,BRCA.LumA_BRCA.LumB,real data,5,tpr,MVN,baseline
1.0,down,BRCA.LumA_BRCA.Normal,real data,5,tpr,MVN,baseline
1.0,down,BRCA.LumB_BRCA.Normal,real data,5,tpr,MVN,baseline
0.630434782608696,up,BRCA.Basal_BRCA.Her2,synthetic data,5,tpr,MVN,baseline
0.875,up,BRCA.Basal_BRCA.LumA,synthetic data,5,tpr,MVN,baseline
0.826771653543307,up,BRCA.Basal_BRCA.LumB,synthetic data,5,tpr,MVN,baseline
0.641975308641975,up,BRCA.Basal_BRCA.Normal,synthetic data,5,tpr,MVN,baseline
0.764705882352941,up,BRCA.Her2_BRCA.LumA,synthetic data,5,tpr,MVN,baseline
0.833333333333333,up,BRCA.Her2_BRCA.LumB,synthetic data,5,tpr,MVN,baseline
0.5625,up,BRCA.Her2_BRCA.Normal,synthetic data,5,tpr,MVN,baseline
0.769230769230769,up,BRCA.LumA_BRCA.LumB,synthetic data,5,tpr,MVN,baseline
0.444444444444444,up,BRCA.LumA_BRCA.Normal,synthetic data,5,tpr,MVN,baseline
0.660714285714286,up,BRCA.LumB_BRCA.Normal,synthetic data,5,tpr,MVN,baseline
0.76,down,BRCA.Basal_BRCA.Her2,synthetic data,5,tpr,MVN,baseline
0.851851851851852,down,BRCA.Basal_BRCA.LumA,synthetic data,5,tpr,MVN,baseline
0.8,down,BRCA.Basal_BRCA.LumB,synthetic data,5,tpr,MVN,baseline
0.779661016949153,down,BRCA.Basal_BRCA.Normal,synthetic data,5,tpr,MVN,baseline
0.857142857142857,down,BRCA.Her2_BRCA.LumA,synthetic data,5,tpr,MVN,baseline
0.705882352941177,down,BRCA.Her2_BRCA.LumB,synthetic data,5,tpr,MVN,baseline
0.892857142857143,down,BRCA.Her2_BRCA.Normal,synthetic data,5,tpr,MVN,baseline
0.902439024390244,down,BRCA.LumA_BRCA.LumB,synthetic data,5,tpr,MVN,baseline
0.730769230769231,down,BRCA.LumA_BRCA.Normal,synthetic data,5,tpr,MVN,baseline
0.866666666666667,down,BRCA.LumB_BRCA.Normal,synthetic data,5,tpr,MVN,baseline
0.0,up,BRCA.Basal_BRCA.Her2,real data,1,fpr,MVN,baseline
0.0,up,BRCA.Basal_BRCA.LumA,real data,1,fpr,MVN,baseline
0.0,up,BRCA.Basal_BRCA.LumB,real data,1,fpr,MVN,baseline
0.0,up,BRCA.Basal_BRCA.Normal,real data,1,fpr,MVN,baseline
0.0,up,BRCA.Her2_BRCA.LumA,real data,1,fpr,MVN,baseline
0.0,up,BRCA.Her2_BRCA.LumB,real data,1,fpr,MVN,baseline
0.0,up,BRCA.Her2_BRCA.Normal,real data,1,fpr,MVN,baseline
0.0,up,BRCA.LumA_BRCA.LumB,real data,1,fpr,MVN,baseline
0.0,up,BRCA.LumA_BRCA.Normal,real data,1,fpr,MVN,baseline
0.0,up,BRCA.LumB_BRCA.Normal,real data,1,fpr,MVN,baseline
0.0,down,BRCA.Basal_BRCA.Her2,real data,1,fpr,MVN,baseline
0.0,down,BRCA.Basal_BRCA.LumA,real data,1,fpr,MVN,baseline
0.0,down,BRCA.Basal_BRCA.LumB,real data,1,fpr,MVN,baseline
0.0,down,BRCA.Basal_BRCA.Normal,real data,1,fpr,MVN,baseline
0.0,down,BRCA.Her2_BRCA.LumA,real data,1,fpr,MVN,baseline
0.0,down,BRCA.Her2_BRCA.LumB,real data,1,fpr,MVN,baseline
0.0,down,BRCA.Her2_BRCA.Normal,real data,1,fpr,MVN,baseline
0.0,down,BRCA.LumA_BRCA.LumB,real data,1,fpr,MVN,baseline
0.0,down,BRCA.LumA_BRCA.Normal,real data,1,fpr,MVN,baseline
0.0,down,BRCA.LumB_BRCA.Normal,real data,1,fpr,MVN,baseline
0.0032258064516129,up,BRCA.Basal_BRCA.Her2,synthetic data,1,fpr,MVN,baseline
0.0038119440914866,up,BRCA.Basal_BRCA.LumA,synthetic data,1,fpr,MVN,baseline
0.0058548009367681,up,BRCA.Basal_BRCA.LumB,synthetic data,1,fpr,MVN,baseline
0.0033185840707964,up,BRCA.Basal_BRCA.Normal,synthetic data,1,fpr,MVN,baseline
0.0076923076923076,up,BRCA.Her2_BRCA.LumA,synthetic data,1,fpr,MVN,baseline
0.0052137643378519,up,BRCA.Her2_BRCA.LumB,synthetic data,1,fpr,MVN,baseline
0.0053475935828877,up,BRCA.Her2_BRCA.Normal,synthetic data,1,fpr,MVN,baseline
0.0031217481789802,up,BRCA.LumA_BRCA.LumB,synthetic data,1,fpr,MVN,baseline
0.0010330578512396,up,BRCA.LumA_BRCA.Normal,synthetic data,1,fpr,MVN,baseline
0.0033076074972436,up,BRCA.LumB_BRCA.Normal,synthetic data,1,fpr,MVN,baseline
0.0086114101184068,down,BRCA.Basal_BRCA.Her2,synthetic data,1,fpr,MVN,baseline
0.0045819014891179,down,BRCA.Basal_BRCA.LumA,synthetic data,1,fpr,MVN,baseline
0.0079908675799086,down,BRCA.Basal_BRCA.LumB,synthetic data,1,fpr,MVN,baseline
0.0053705692803437,down,BRCA.Basal_BRCA.Normal,synthetic data,1,fpr,MVN,baseline
0.0031315240083507,down,BRCA.Her2_BRCA.LumA,synthetic data,1,fpr,MVN,baseline
0.0020725388601036,down,BRCA.Her2_BRCA.LumB,synthetic data,1,fpr,MVN,baseline
0.0063424947145877,down,BRCA.Her2_BRCA.Normal,synthetic data,1,fpr,MVN,baseline
0.0,down,BRCA.LumA_BRCA.LumB,synthetic data,1,fpr,MVN,baseline
0.0105708245243129,down,BRCA.LumA_BRCA.Normal,synthetic data,1,fpr,MVN,baseline
0.0143805309734513,down,BRCA.LumB_BRCA.Normal,synthetic data,1,fpr,MVN,baseline
0.0,up,BRCA.Basal_BRCA.Her2,real data,2,fpr,MVN,baseline
0.0,up,BRCA.Basal_BRCA.LumA,real data,2,fpr,MVN,baseline
0.0,up,BRCA.Basal_BRCA.LumB,real data,2,fpr,MVN,baseline
0.0,up,BRCA.Basal_BRCA.Normal,real data,2,fpr,MVN,baseline
0.0,up,BRCA.Her2_BRCA.LumA,real data,2,fpr,MVN,baseline
0.0,up,BRCA.Her2_BRCA.LumB,real data,2,fpr,MVN,baseline
0.0,up,BRCA.Her2_BRCA.Normal,real data,2,fpr,MVN,baseline
0.0,up,BRCA.LumA_BRCA.LumB,real data,2,fpr,MVN,baseline
0.0,up,BRCA.LumA_BRCA.Normal,real data,2,fpr,MVN,baseline
0.0,up,BRCA.LumB_BRCA.Normal,real data,2,fpr,MVN,baseline
0.0,down,BRCA.Basal_BRCA.Her2,real data,2,fpr,MVN,baseline
0.0,down,BRCA.Basal_BRCA.LumA,real data,2,fpr,MVN,baseline
0.0,down,BRCA.Basal_BRCA.LumB,real data,2,fpr,MVN,baseline
0.0,down,BRCA.Basal_BRCA.Normal,real data,2,fpr,MVN,baseline
0.0,down,BRCA.Her2_BRCA.LumA,real data,2,fpr,MVN,baseline
0.0,down,BRCA.Her2_BRCA.LumB,real data,2,fpr,MVN,baseline
0.0,down,BRCA.Her2_BRCA.Normal,real data,2,fpr,MVN,baseline
0.0,down,BRCA.LumA_BRCA.LumB,real data,2,fpr,MVN,baseline
0.0,down,BRCA.LumA_BRCA.Normal,real data,2,fpr,MVN,baseline
0.0,down,BRCA.LumB_BRCA.Normal,real data,2,fpr,MVN,baseline
0.0032537960954446,up,BRCA.Basal_BRCA.Her2,synthetic data,2,fpr,MVN,baseline
0.0089399744572158,up,BRCA.Basal_BRCA.LumA,synthetic data,2,fpr,MVN,baseline
0.0070671378091872,up,BRCA.Basal_BRCA.LumB,synthetic data,2,fpr,MVN,baseline
0.0190156599552573,up,BRCA.Basal_BRCA.Normal,synthetic data,2,fpr,MVN,baseline
0.0021929824561403,up,BRCA.Her2_BRCA.LumA,synthetic data,2,fpr,MVN,baseline
0.0,up,BRCA.Her2_BRCA.LumB,synthetic data,2,fpr,MVN,baseline
0.007534983853606,up,BRCA.Her2_BRCA.Normal,synthetic data,2,fpr,MVN,baseline
0.0,up,BRCA.LumA_BRCA.LumB,synthetic data,2,fpr,MVN,baseline
0.0020661157024793,up,BRCA.LumA_BRCA.Normal,synthetic data,2,fpr,MVN,baseline
0.0098576122672508,up,BRCA.LumB_BRCA.Normal,synthetic data,2,fpr,MVN,baseline
0.0054171180931744,down,BRCA.Basal_BRCA.Her2,synthetic data,2,fpr,MVN,baseline
0.0022935779816513,down,BRCA.Basal_BRCA.LumA,synthetic data,2,fpr,MVN,baseline
0.0045610034207525,down,BRCA.Basal_BRCA.LumB,synthetic data,2,fpr,MVN,baseline
0.0043290043290043,down,BRCA.Basal_BRCA.Normal,synthetic data,2,fpr,MVN,baseline
0.0,down,BRCA.Her2_BRCA.LumA,synthetic data,2,fpr,MVN,baseline
0.0,down,BRCA.Her2_BRCA.LumB,synthetic data,2,fpr,MVN,baseline
0.0063829787234042,down,BRCA.Her2_BRCA.Normal,synthetic data,2,fpr,MVN,baseline
0.0031982942430703,down,BRCA.LumA_BRCA.LumB,synthetic data,2,fpr,MVN,baseline
0.0106609808102345,down,BRCA.LumA_BRCA.Normal,synthetic data,2,fpr,MVN,baseline
0.0066964285714285,down,BRCA.LumB_BRCA.Normal,synthetic data,2,fpr,MVN,baseline
0.0,up,BRCA.Basal_BRCA.Her2,real data,3,fpr,MVN,baseline
0.0,up,BRCA.Basal_BRCA.LumA,real data,3,fpr,MVN,baseline
0.0,up,BRCA.Basal_BRCA.LumB,real data,3,fpr,MVN,baseline
0.0,up,BRCA.Basal_BRCA.Normal,real data,3,fpr,MVN,baseline
0.0,up,BRCA.Her2_BRCA.LumA,real data,3,fpr,MVN,baseline
0.0,up,BRCA.Her2_BRCA.LumB,real data,3,fpr,MVN,baseline
0.0,up,BRCA.Her2_BRCA.Normal,real data,3,fpr,MVN,baseline
0.0,up,BRCA.LumA_BRCA.LumB,real data,3,fpr,MVN,baseline
0.0,up,BRCA.LumA_BRCA.Normal,real data,3,fpr,MVN,baseline
0.0,up,BRCA.LumB_BRCA.Normal,real data,3,fpr,MVN,baseline
0.0,down,BRCA.Basal_BRCA.Her2,real data,3,fpr,MVN,baseline
0.0,down,BRCA.Basal_BRCA.LumA,real data,3,fpr,MVN,baseline
0.0,down,BRCA.Basal_BRCA.LumB,real data,3,fpr,MVN,baseline
0.0,down,BRCA.Basal_BRCA.Normal,real data,3,fpr,MVN,baseline
0.0,down,BRCA.Her2_BRCA.LumA,real data,3,fpr,MVN,baseline
0.0,down,BRCA.Her2_BRCA.LumB,real data,3,fpr,MVN,baseline
0.0,down,BRCA.Her2_BRCA.Normal,real data,3,fpr,MVN,baseline
0.0,down,BRCA.LumA_BRCA.LumB,real data,3,fpr,MVN,baseline
0.0,down,BRCA.LumA_BRCA.Normal,real data,3,fpr,MVN,baseline
0.0,down,BRCA.LumB_BRCA.Normal,real data,3,fpr,MVN,baseline
0.0064377682403433,up,BRCA.Basal_BRCA.Her2,synthetic data,3,fpr,MVN,baseline
0.0165394402035623,up,BRCA.Basal_BRCA.LumA,synthetic data,3,fpr,MVN,baseline
0.0093896713615023,up,BRCA.Basal_BRCA.LumB,synthetic data,3,fpr,MVN,baseline
0.0055432372505543,up,BRCA.Basal_BRCA.Normal,synthetic data,3,fpr,MVN,baseline
0.0021953896816685,up,BRCA.Her2_BRCA.LumA,synthetic data,3,fpr,MVN,baseline
0.0010405827263267,up,BRCA.Her2_BRCA.LumB,synthetic data,3,fpr,MVN,baseline
0.0021413276231263,up,BRCA.Her2_BRCA.Normal,synthetic data,3,fpr,MVN,baseline
0.0,up,BRCA.LumA_BRCA.LumB,synthetic data,3,fpr,MVN,baseline
0.0020661157024793,up,BRCA.LumA_BRCA.Normal,synthetic data,3,fpr,MVN,baseline
0.0032679738562091,up,BRCA.LumB_BRCA.Normal,synthetic data,3,fpr,MVN,baseline
0.0042918454935622,down,BRCA.Basal_BRCA.Her2,synthetic data,3,fpr,MVN,baseline
0.0034482758620689,down,BRCA.Basal_BRCA.LumA,synthetic data,3,fpr,MVN,baseline
0.0056497175141242,down,BRCA.Basal_BRCA.LumB,synthetic data,3,fpr,MVN,baseline
0.0032188841201716,down,BRCA.Basal_BRCA.Normal,synthetic data,3,fpr,MVN,baseline
0.0031347962382445,down,BRCA.Her2_BRCA.LumA,synthetic data,3,fpr,MVN,baseline
0.0,down,BRCA.Her2_BRCA.LumB,synthetic data,3,fpr,MVN,baseline
0.0031746031746031,down,BRCA.Her2_BRCA.Normal,synthetic data,3,fpr,MVN,baseline
0.0,down,BRCA.LumA_BRCA.LumB,synthetic data,3,fpr,MVN,baseline
0.0074074074074074,down,BRCA.LumA_BRCA.Normal,synthetic data,3,fpr,MVN,baseline
0.0065717415115005,down,BRCA.LumB_BRCA.Normal,synthetic data,3,fpr,MVN,baseline
0.0,up,BRCA.Basal_BRCA.Her2,real data,4,fpr,MVN,baseline
0.0,up,BRCA.Basal_BRCA.LumA,real data,4,fpr,MVN,baseline
0.0,up,BRCA.Basal_BRCA.LumB,real data,4,fpr,MVN,baseline
0.0,up,BRCA.Basal_BRCA.Normal,real data,4,fpr,MVN,baseline
0.0,up,BRCA.Her2_BRCA.LumA,real data,4,fpr,MVN,baseline
0.0,up,BRCA.Her2_BRCA.LumB,real data,4,fpr,MVN,baseline
0.0,up,BRCA.Her2_BRCA.Normal,real data,4,fpr,MVN,baseline
0.0,up,BRCA.LumA_BRCA.LumB,real data,4,fpr,MVN,baseline
0.0,up,BRCA.LumA_BRCA.Normal,real data,4,fpr,MVN,baseline
0.0,up,BRCA.LumB_BRCA.Normal,real data,4,fpr,MVN,baseline
0.0,down,BRCA.Basal_BRCA.Her2,real data,4,fpr,MVN,baseline
0.0,down,BRCA.Basal_BRCA.LumA,real data,4,fpr,MVN,baseline
0.0,down,BRCA.Basal_BRCA.LumB,real data,4,fpr,MVN,baseline
0.0,down,BRCA.Basal_BRCA.Normal,real data,4,fpr,MVN,baseline
0.0,down,BRCA.Her2_BRCA.LumA,real data,4,fpr,MVN,baseline
0.0,down,BRCA.Her2_BRCA.LumB,real data,4,fpr,MVN,baseline
0.0,down,BRCA.Her2_BRCA.Normal,real data,4,fpr,MVN,baseline
0.0,down,BRCA.LumA_BRCA.LumB,real data,4,fpr,MVN,baseline
0.0,down,BRCA.LumA_BRCA.Normal,real data,4,fpr,MVN,baseline
0.0,down,BRCA.LumB_BRCA.Normal,real data,4,fpr,MVN,baseline
0.0064724919093851,up,BRCA.Basal_BRCA.Her2,synthetic data,4,fpr,MVN,baseline
0.0152284263959391,up,BRCA.Basal_BRCA.LumA,synthetic data,4,fpr,MVN,baseline
0.0152046783625731,up,BRCA.Basal_BRCA.LumB,synthetic data,4,fpr,MVN,baseline
0.0098792535675082,up,BRCA.Basal_BRCA.Normal,synthetic data,4,fpr,MVN,baseline
0.0010989010989011,up,BRCA.Her2_BRCA.LumA,synthetic data,4,fpr,MVN,baseline
0.0,up,BRCA.Her2_BRCA.LumB,synthetic data,4,fpr,MVN,baseline
0.002127659574468,up,BRCA.Her2_BRCA.Normal,synthetic data,4,fpr,MVN,baseline
0.001039501039501,up,BRCA.LumA_BRCA.LumB,synthetic data,4,fpr,MVN,baseline
0.0,up,BRCA.LumA_BRCA.Normal,synthetic data,4,fpr,MVN,baseline
0.0098146128680479,up,BRCA.LumB_BRCA.Normal,synthetic data,4,fpr,MVN,baseline
0.0119176598049837,down,BRCA.Basal_BRCA.Her2,synthetic data,4,fpr,MVN,baseline
0.0091848450057405,down,BRCA.Basal_BRCA.LumA,synthetic data,4,fpr,MVN,baseline
0.0114285714285714,down,BRCA.Basal_BRCA.LumB,synthetic data,4,fpr,MVN,baseline
0.0043057050592034,down,BRCA.Basal_BRCA.Normal,synthetic data,4,fpr,MVN,baseline
0.002092050209205,down,BRCA.Her2_BRCA.LumA,synthetic data,4,fpr,MVN,baseline
0.0010373443983402,down,BRCA.Her2_BRCA.LumB,synthetic data,4,fpr,MVN,baseline
0.0063897763578274,down,BRCA.Her2_BRCA.Normal,synthetic data,4,fpr,MVN,baseline
0.0021367521367521,down,BRCA.LumA_BRCA.LumB,synthetic data,4,fpr,MVN,baseline
0.0021164021164021,down,BRCA.LumA_BRCA.Normal,synthetic data,4,fpr,MVN,baseline
0.0044593088071348,down,BRCA.LumB_BRCA.Normal,synthetic data,4,fpr,MVN,baseline
0.0,up,BRCA.Basal_BRCA.Her2,real data,5,fpr,MVN,baseline
0.0,up,BRCA.Basal_BRCA.LumA,real data,5,fpr,MVN,baseline
0.0,up,BRCA.Basal_BRCA.LumB,real data,5,fpr,MVN,baseline
0.0,up,BRCA.Basal_BRCA.Normal,real data,5,fpr,MVN,baseline
0.0,up,BRCA.Her2_BRCA.LumA,real data,5,fpr,MVN,baseline
0.0,up,BRCA.Her2_BRCA.LumB,real data,5,fpr,MVN,baseline
0.0,up,BRCA.Her2_BRCA.Normal,real data,5,fpr,MVN,baseline
0.0,up,BRCA.LumA_BRCA.LumB,real data,5,fpr,MVN,baseline
0.0,up,BRCA.LumA_BRCA.Normal,real data,5,fpr,MVN,baseline
0.0,up,BRCA.LumB_BRCA.Normal,real data,5,fpr,MVN,baseline
0.0,down,BRCA.Basal_BRCA.Her2,real data,5,fpr,MVN,baseline
0.0,down,BRCA.Basal_BRCA.LumA,real data,5,fpr,MVN,baseline
0.0,down,BRCA.Basal_BRCA.LumB,real data,5,fpr,MVN,baseline
0.0,down,BRCA.Basal_BRCA.Normal,real data,5,fpr,MVN,baseline
0.0,down,BRCA.Her2_BRCA.LumA,real data,5,fpr,MVN,baseline
0.0,down,BRCA.Her2_BRCA.LumB,real data,5,fpr,MVN,baseline
0.0,down,BRCA.Her2_BRCA.Normal,real data,5,fpr,MVN,baseline
0.0,down,BRCA.LumA_BRCA.LumB,real data,5,fpr,MVN,baseline
0.0,down,BRCA.LumA_BRCA.Normal,real data,5,fpr,MVN,baseline
0.0,down,BRCA.LumB_BRCA.Normal,real data,5,fpr,MVN,baseline
0.0010729613733905,up,BRCA.Basal_BRCA.Her2,synthetic data,5,fpr,MVN,baseline
0.0076335877862595,up,BRCA.Basal_BRCA.LumA,synthetic data,5,fpr,MVN,baseline
0.0047003525264394,up,BRCA.Basal_BRCA.LumB,synthetic data,5,fpr,MVN,baseline
0.0033444816053511,up,BRCA.Basal_BRCA.Normal,synthetic data,5,fpr,MVN,baseline
0.0054945054945054,up,BRCA.Her2_BRCA.LumA,synthetic data,5,fpr,MVN,baseline
0.0041666666666666,up,BRCA.Her2_BRCA.LumB,synthetic data,5,fpr,MVN,baseline
0.0063424947145877,up,BRCA.Her2_BRCA.Normal,synthetic data,5,fpr,MVN,baseline
0.0041450777202072,up,BRCA.LumA_BRCA.LumB,synthetic data,5,fpr,MVN,baseline
0.0,up,BRCA.LumA_BRCA.Normal,synthetic data,5,fpr,MVN,baseline
0.0054229934924078,up,BRCA.LumB_BRCA.Normal,synthetic data,5,fpr,MVN,baseline
0.0010775862068965,down,BRCA.Basal_BRCA.Her2,synthetic data,5,fpr,MVN,baseline
0.0034482758620689,down,BRCA.Basal_BRCA.LumA,synthetic data,5,fpr,MVN,baseline
0.0056947608200455,down,BRCA.Basal_BRCA.LumB,synthetic data,5,fpr,MVN,baseline
0.0054406964091403,down,BRCA.Basal_BRCA.Normal,synthetic data,5,fpr,MVN,baseline
0.006269592476489,down,BRCA.Her2_BRCA.LumA,synthetic data,5,fpr,MVN,baseline
0.0020811654526534,down,BRCA.Her2_BRCA.LumB,synthetic data,5,fpr,MVN,baseline
0.0021052631578947,down,BRCA.Her2_BRCA.Normal,synthetic data,5,fpr,MVN,baseline
0.0010672358591248,down,BRCA.LumA_BRCA.LumB,synthetic data,5,fpr,MVN,baseline
0.0115546218487395,down,BRCA.LumA_BRCA.Normal,synthetic data,5,fpr,MVN,baseline
0.008859357696567,down,BRCA.LumB_BRCA.Normal,synthetic data,5,fpr,MVN,baseline
1.0,up,BRCA.Basal_BRCA.Her2,real data,1,tpr,CVAE,baseline
1.0,up,BRCA.Basal_BRCA.LumA,real data,1,tpr,CVAE,baseline
1.0,up,BRCA.Basal_BRCA.LumB,real data,1,tpr,CVAE,baseline
1.0,up,BRCA.Basal_BRCA.Normal,real data,1,tpr,CVAE,baseline
1.0,up,BRCA.Her2_BRCA.LumA,real data,1,tpr,CVAE,baseline
1.0,up,BRCA.Her2_BRCA.LumB,real data,1,tpr,CVAE,baseline
1.0,up,BRCA.Her2_BRCA.Normal,real data,1,tpr,CVAE,baseline
1.0,up,BRCA.LumA_BRCA.LumB,real data,1,tpr,CVAE,baseline
1.0,up,BRCA.LumA_BRCA.Normal,real data,1,tpr,CVAE,baseline
1.0,up,BRCA.LumB_BRCA.Normal,real data,1,tpr,CVAE,baseline
1.0,down,BRCA.Basal_BRCA.Her2,real data,1,tpr,CVAE,baseline
1.0,down,BRCA.Basal_BRCA.LumA,real data,1,tpr,CVAE,baseline
1.0,down,BRCA.Basal_BRCA.LumB,real data,1,tpr,CVAE,baseline
1.0,down,BRCA.Basal_BRCA.Normal,real data,1,tpr,CVAE,baseline
1.0,down,BRCA.Her2_BRCA.LumA,real data,1,tpr,CVAE,baseline
1.0,down,BRCA.Her2_BRCA.LumB,real data,1,tpr,CVAE,baseline
1.0,down,BRCA.Her2_BRCA.Normal,real data,1,tpr,CVAE,baseline
1.0,down,BRCA.LumA_BRCA.LumB,real data,1,tpr,CVAE,baseline
1.0,down,BRCA.LumA_BRCA.Normal,real data,1,tpr,CVAE,baseline
1.0,down,BRCA.LumB_BRCA.Normal,real data,1,tpr,CVAE,baseline
0.916666666666667,up,BRCA.Basal_BRCA.Her2,synthetic data,1,tpr,CVAE,baseline
0.931937172774869,up,BRCA.Basal_BRCA.LumA,synthetic data,1,tpr,CVAE,baseline
0.92741935483871,up,BRCA.Basal_BRCA.LumB,synthetic data,1,tpr,CVAE,baseline
0.891891891891892,up,BRCA.Basal_BRCA.Normal,synthetic data,1,tpr,CVAE,baseline
0.882352941176471,up,BRCA.Her2_BRCA.LumA,synthetic data,1,tpr,CVAE,baseline
0.894736842105263,up,BRCA.Her2_BRCA.LumB,synthetic data,1,tpr,CVAE,baseline
0.511627906976744,up,BRCA.Her2_BRCA.Normal,synthetic data,1,tpr,CVAE,baseline
0.823529411764706,up,BRCA.LumA_BRCA.LumB,synthetic data,1,tpr,CVAE,baseline
1.0,up,BRCA.LumA_BRCA.Normal,synthetic data,1,tpr,CVAE,baseline
0.802816901408451,up,BRCA.LumB_BRCA.Normal,synthetic data,1,tpr,CVAE,baseline
0.795918367346939,down,BRCA.Basal_BRCA.Her2,synthetic data,1,tpr,CVAE,baseline
0.942857142857143,down,BRCA.Basal_BRCA.LumA,synthetic data,1,tpr,CVAE,baseline
0.901960784313726,down,BRCA.Basal_BRCA.LumB,synthetic data,1,tpr,CVAE,baseline
0.74468085106383,down,BRCA.Basal_BRCA.Normal,synthetic data,1,tpr,CVAE,baseline
0.9,down,BRCA.Her2_BRCA.LumA,synthetic data,1,tpr,CVAE,baseline
0.923076923076923,down,BRCA.Her2_BRCA.LumB,synthetic data,1,tpr,CVAE,baseline
0.59375,down,BRCA.Her2_BRCA.Normal,synthetic data,1,tpr,CVAE,baseline
0.883720930232558,down,BRCA.LumA_BRCA.LumB,synthetic data,1,tpr,CVAE,baseline
0.75,down,BRCA.LumA_BRCA.Normal,synthetic data,1,tpr,CVAE,baseline
0.783783783783784,down,BRCA.LumB_BRCA.Normal,synthetic data,1,tpr,CVAE,baseline
1.0,up,BRCA.Basal_BRCA.Her2,real data,2,tpr,CVAE,baseline
1.0,up,BRCA.Basal_BRCA.LumA,real data,2,tpr,CVAE,baseline
1.0,up,BRCA.Basal_BRCA.LumB,real data,2,tpr,CVAE,baseline
1.0,up,BRCA.Basal_BRCA.Normal,real data,2,tpr,CVAE,baseline
1.0,up,BRCA.Her2_BRCA.LumA,real data,2,tpr,CVAE,baseline
1.0,up,BRCA.Her2_BRCA.LumB,real data,2,tpr,CVAE,baseline
1.0,up,BRCA.Her2_BRCA.Normal,real data,2,tpr,CVAE,baseline
1.0,up,BRCA.LumA_BRCA.LumB,real data,2,tpr,CVAE,baseline
1.0,up,BRCA.LumA_BRCA.Normal,real data,2,tpr,CVAE,baseline
1.0,up,BRCA.LumB_BRCA.Normal,real data,2,tpr,CVAE,baseline
1.0,down,BRCA.Basal_BRCA.Her2,real data,2,tpr,CVAE,baseline
1.0,down,BRCA.Basal_BRCA.LumA,real data,2,tpr,CVAE,baseline
1.0,down,BRCA.Basal_BRCA.LumB,real data,2,tpr,CVAE,baseline
1.0,down,BRCA.Basal_BRCA.Normal,real data,2,tpr,CVAE,baseline
1.0,down,BRCA.Her2_BRCA.LumA,real data,2,tpr,CVAE,baseline
1.0,down,BRCA.Her2_BRCA.LumB,real data,2,tpr,CVAE,baseline
1.0,down,BRCA.Her2_BRCA.Normal,real data,2,tpr,CVAE,baseline
1.0,down,BRCA.LumA_BRCA.LumB,real data,2,tpr,CVAE,baseline
1.0,down,BRCA.LumA_BRCA.Normal,real data,2,tpr,CVAE,baseline
1.0,down,BRCA.LumB_BRCA.Normal,real data,2,tpr,CVAE,baseline
0.821428571428571,up,BRCA.Basal_BRCA.Her2,synthetic data,2,tpr,CVAE,baseline
0.902564102564103,up,BRCA.Basal_BRCA.LumA,synthetic data,2,tpr,CVAE,baseline
0.914728682170543,up,BRCA.Basal_BRCA.LumB,synthetic data,2,tpr,CVAE,baseline
0.952380952380952,up,BRCA.Basal_BRCA.Normal,synthetic data,2,tpr,CVAE,baseline
0.893939393939394,up,BRCA.Her2_BRCA.LumA,synthetic data,2,tpr,CVAE,baseline
0.9,up,BRCA.Her2_BRCA.LumB,synthetic data,2,tpr,CVAE,baseline
0.877551020408163,up,BRCA.Her2_BRCA.Normal,synthetic data,2,tpr,CVAE,baseline
0.8,up,BRCA.LumA_BRCA.LumB,synthetic data,2,tpr,CVAE,baseline
1.0,up,BRCA.LumA_BRCA.Normal,synthetic data,2,tpr,CVAE,baseline
0.753846153846154,up,BRCA.LumB_BRCA.Normal,synthetic data,2,tpr,CVAE,baseline
0.872727272727273,down,BRCA.Basal_BRCA.Her2,synthetic data,2,tpr,CVAE,baseline
0.962264150943396,down,BRCA.Basal_BRCA.LumA,synthetic data,2,tpr,CVAE,baseline
0.900990099009901,down,BRCA.Basal_BRCA.LumB,synthetic data,2,tpr,CVAE,baseline
0.925925925925926,down,BRCA.Basal_BRCA.Normal,synthetic data,2,tpr,CVAE,baseline
0.739130434782609,down,BRCA.Her2_BRCA.LumA,synthetic data,2,tpr,CVAE,baseline
1.0,down,BRCA.Her2_BRCA.LumB,synthetic data,2,tpr,CVAE,baseline
0.815789473684211,down,BRCA.Her2_BRCA.Normal,synthetic data,2,tpr,CVAE,baseline
0.9,down,BRCA.LumA_BRCA.LumB,synthetic data,2,tpr,CVAE,baseline
0.875,down,BRCA.LumA_BRCA.Normal,synthetic data,2,tpr,CVAE,baseline
0.878048780487805,down,BRCA.LumB_BRCA.Normal,synthetic data,2,tpr,CVAE,baseline
1.0,up,BRCA.Basal_BRCA.Her2,real data,5,tpr,CVAE,baseline
1.0,up,BRCA.Basal_BRCA.LumA,real data,5,tpr,CVAE,baseline
1.0,up,BRCA.Basal_BRCA.LumB,real data,5,tpr,CVAE,baseline
1.0,up,BRCA.Basal_BRCA.Normal,real data,5,tpr,CVAE,baseline
1.0,up,BRCA.Her2_BRCA.LumA,real data,5,tpr,CVAE,baseline
1.0,up,BRCA.Her2_BRCA.LumB,real data,5,tpr,CVAE,baseline
1.0,up,BRCA.Her2_BRCA.Normal,real data,5,tpr,CVAE,baseline
1.0,up,BRCA.LumA_BRCA.LumB,real data,5,tpr,CVAE,baseline
1.0,up,BRCA.LumA_BRCA.Normal,real data,5,tpr,CVAE,baseline
1.0,up,BRCA.LumB_BRCA.Normal,real data,5,tpr,CVAE,baseline
1.0,down,BRCA.Basal_BRCA.Her2,real data,5,tpr,CVAE,baseline
1.0,down,BRCA.Basal_BRCA.LumA,real data,5,tpr,CVAE,baseline
1.0,down,BRCA.Basal_BRCA.LumB,real data,5,tpr,CVAE,baseline
1.0,down,BRCA.Basal_BRCA.Normal,real data,5,tpr,CVAE,baseline
1.0,down,BRCA.Her2_BRCA.LumA,real data,5,tpr,CVAE,baseline
1.0,down,BRCA.Her2_BRCA.LumB,real data,5,tpr,CVAE,baseline
1.0,down,BRCA.Her2_BRCA.Normal,real data,5,tpr,CVAE,baseline
1.0,down,BRCA.LumA_BRCA.LumB,real data,5,tpr,CVAE,baseline
1.0,down,BRCA.LumA_BRCA.Normal,real data,5,tpr,CVAE,baseline
1.0,down,BRCA.LumB_BRCA.Normal,real data,5,tpr,CVAE,baseline
0.891304347826087,up,BRCA.Basal_BRCA.Her2,synthetic data,5,tpr,CVAE,baseline
0.875,up,BRCA.Basal_BRCA.LumA,synthetic data,5,tpr,CVAE,baseline
0.881889763779528,up,BRCA.Basal_BRCA.LumB,synthetic data,5,tpr,CVAE,baseline
0.864197530864197,up,BRCA.Basal_BRCA.Normal,synthetic data,5,tpr,CVAE,baseline
0.764705882352941,up,BRCA.Her2_BRCA.LumA,synthetic data,5,tpr,CVAE,baseline
0.833333333333333,up,BRCA.Her2_BRCA.LumB,synthetic data,5,tpr,CVAE,baseline
0.84375,up,BRCA.Her2_BRCA.Normal,synthetic data,5,tpr,CVAE,baseline
0.615384615384615,up,BRCA.LumA_BRCA.LumB,synthetic data,5,tpr,CVAE,baseline
1.0,up,BRCA.LumA_BRCA.Normal,synthetic data,5,tpr,CVAE,baseline
0.839285714285714,up,BRCA.LumB_BRCA.Normal,synthetic data,5,tpr,CVAE,baseline
0.76,down,BRCA.Basal_BRCA.Her2,synthetic data,5,tpr,CVAE,baseline
0.796296296296296,down,BRCA.Basal_BRCA.LumA,synthetic data,5,tpr,CVAE,baseline
0.81,down,BRCA.Basal_BRCA.LumB,synthetic data,5,tpr,CVAE,baseline
0.796610169491525,down,BRCA.Basal_BRCA.Normal,synthetic data,5,tpr,CVAE,baseline
0.761904761904762,down,BRCA.Her2_BRCA.LumA,synthetic data,5,tpr,CVAE,baseline
0.529411764705882,down,BRCA.Her2_BRCA.LumB,synthetic data,5,tpr,CVAE,baseline
0.821428571428571,down,BRCA.Her2_BRCA.Normal,synthetic data,5,tpr,CVAE,baseline
0.878048780487805,down,BRCA.LumA_BRCA.LumB,synthetic data,5,tpr,CVAE,baseline
0.961538461538462,down,BRCA.LumA_BRCA.Normal,synthetic data,5,tpr,CVAE,baseline
0.906666666666667,down,BRCA.LumB_BRCA.Normal,synthetic data,5,tpr,CVAE,baseline
1.0,up,BRCA.Basal_BRCA.Her2,real data,3,tpr,CVAE,baseline
1.0,up,BRCA.Basal_BRCA.LumA,real data,3,tpr,CVAE,baseline
1.0,up,BRCA.Basal_BRCA.LumB,real data,3,tpr,CVAE,baseline
1.0,up,BRCA.Basal_BRCA.Normal,real data,3,tpr,CVAE,baseline
1.0,up,BRCA.Her2_BRCA.LumA,real data,3,tpr,CVAE,baseline
1.0,up,BRCA.Her2_BRCA.LumB,real data,3,tpr,CVAE,baseline
1.0,up,BRCA.Her2_BRCA.Normal,real data,3,tpr,CVAE,baseline
1.0,up,BRCA.LumA_BRCA.LumB,real data,3,tpr,CVAE,baseline
1.0,up,BRCA.LumA_BRCA.Normal,real data,3,tpr,CVAE,baseline
1.0,up,BRCA.LumB_BRCA.Normal,real data,3,tpr,CVAE,baseline
1.0,down,BRCA.Basal_BRCA.Her2,real data,3,tpr,CVAE,baseline
1.0,down,BRCA.Basal_BRCA.LumA,real data,3,tpr,CVAE,baseline
1.0,down,BRCA.Basal_BRCA.LumB,real data,3,tpr,CVAE,baseline
1.0,down,BRCA.Basal_BRCA.Normal,real data,3,tpr,CVAE,baseline
1.0,down,BRCA.Her2_BRCA.LumA,real data,3,tpr,CVAE,baseline
1.0,down,BRCA.Her2_BRCA.LumB,real data,3,tpr,CVAE,baseline
1.0,down,BRCA.Her2_BRCA.Normal,real data,3,tpr,CVAE,baseline
1.0,down,BRCA.LumA_BRCA.LumB,real data,3,tpr,CVAE,baseline
1.0,down,BRCA.LumA_BRCA.Normal,real data,3,tpr,CVAE,baseline
1.0,down,BRCA.LumB_BRCA.Normal,real data,3,tpr,CVAE,baseline
0.956521739130435,up,BRCA.Basal_BRCA.Her2,synthetic data,3,tpr,CVAE,baseline
0.921875,up,BRCA.Basal_BRCA.LumA,synthetic data,3,tpr,CVAE,baseline
0.880952380952381,up,BRCA.Basal_BRCA.LumB,synthetic data,3,tpr,CVAE,baseline
0.907894736842105,up,BRCA.Basal_BRCA.Normal,synthetic data,3,tpr,CVAE,baseline
0.746268656716418,up,BRCA.Her2_BRCA.LumA,synthetic data,3,tpr,CVAE,baseline
0.882352941176471,up,BRCA.Her2_BRCA.LumB,synthetic data,3,tpr,CVAE,baseline
0.613636363636364,up,BRCA.Her2_BRCA.Normal,synthetic data,3,tpr,CVAE,baseline
0.461538461538462,up,BRCA.LumA_BRCA.LumB,synthetic data,3,tpr,CVAE,baseline
0.9,up,BRCA.LumA_BRCA.Normal,synthetic data,3,tpr,CVAE,baseline
0.733333333333333,up,BRCA.LumB_BRCA.Normal,synthetic data,3,tpr,CVAE,baseline
0.891304347826087,down,BRCA.Basal_BRCA.Her2,synthetic data,3,tpr,CVAE,baseline
0.888888888888889,down,BRCA.Basal_BRCA.LumA,synthetic data,3,tpr,CVAE,baseline
0.881720430107527,down,BRCA.Basal_BRCA.LumB,synthetic data,3,tpr,CVAE,baseline
0.891304347826087,down,BRCA.Basal_BRCA.Normal,synthetic data,3,tpr,CVAE,baseline
0.80952380952381,down,BRCA.Her2_BRCA.LumA,synthetic data,3,tpr,CVAE,baseline
0.928571428571429,down,BRCA.Her2_BRCA.LumB,synthetic data,3,tpr,CVAE,baseline
0.666666666666667,down,BRCA.Her2_BRCA.Normal,synthetic data,3,tpr,CVAE,baseline
0.825,down,BRCA.LumA_BRCA.LumB,synthetic data,3,tpr,CVAE,baseline
0.848484848484849,down,BRCA.LumA_BRCA.Normal,synthetic data,3,tpr,CVAE,baseline
0.753846153846154,down,BRCA.LumB_BRCA.Normal,synthetic data,3,tpr,CVAE,baseline
1.0,up,BRCA.Basal_BRCA.Her2,real data,4,tpr,CVAE,baseline
1.0,up,BRCA.Basal_BRCA.LumA,real data,4,tpr,CVAE,baseline
1.0,up,BRCA.Basal_BRCA.LumB,real data,4,tpr,CVAE,baseline
1.0,up,BRCA.Basal_BRCA.Normal,real data,4,tpr,CVAE,baseline
1.0,up,BRCA.Her2_BRCA.LumA,real data,4,tpr,CVAE,baseline
1.0,up,BRCA.Her2_BRCA.LumB,real data,4,tpr,CVAE,baseline
1.0,up,BRCA.Her2_BRCA.Normal,real data,4,tpr,CVAE,baseline
1.0,up,BRCA.LumA_BRCA.LumB,real data,4,tpr,CVAE,baseline
1.0,up,BRCA.LumA_BRCA.Normal,real data,4,tpr,CVAE,baseline
1.0,up,BRCA.LumB_BRCA.Normal,real data,4,tpr,CVAE,baseline
1.0,down,BRCA.Basal_BRCA.Her2,real data,4,tpr,CVAE,baseline
1.0,down,BRCA.Basal_BRCA.LumA,real data,4,tpr,CVAE,baseline
1.0,down,BRCA.Basal_BRCA.LumB,real data,4,tpr,CVAE,baseline
1.0,down,BRCA.Basal_BRCA.Normal,real data,4,tpr,CVAE,baseline
1.0,down,BRCA.Her2_BRCA.LumA,real data,4,tpr,CVAE,baseline
1.0,down,BRCA.Her2_BRCA.LumB,real data,4,tpr,CVAE,baseline
1.0,down,BRCA.Her2_BRCA.Normal,real data,4,tpr,CVAE,baseline
1.0,down,BRCA.LumA_BRCA.LumB,real data,4,tpr,CVAE,baseline
1.0,down,BRCA.LumA_BRCA.Normal,real data,4,tpr,CVAE,baseline
1.0,down,BRCA.LumB_BRCA.Normal,real data,4,tpr,CVAE,baseline
0.96078431372549,up,BRCA.Basal_BRCA.Her2,synthetic data,4,tpr,CVAE,baseline
0.968421052631579,up,BRCA.Basal_BRCA.LumA,synthetic data,4,tpr,CVAE,baseline
0.951219512195122,up,BRCA.Basal_BRCA.LumB,synthetic data,4,tpr,CVAE,baseline
0.91044776119403,up,BRCA.Basal_BRCA.Normal,synthetic data,4,tpr,CVAE,baseline
0.941176470588235,up,BRCA.Her2_BRCA.LumA,synthetic data,4,tpr,CVAE,baseline
0.888888888888889,up,BRCA.Her2_BRCA.LumB,synthetic data,4,tpr,CVAE,baseline
0.842105263157895,up,BRCA.Her2_BRCA.Normal,synthetic data,4,tpr,CVAE,baseline
0.625,up,BRCA.LumA_BRCA.LumB,synthetic data,4,tpr,CVAE,baseline
0.857142857142857,up,BRCA.LumA_BRCA.Normal,synthetic data,4,tpr,CVAE,baseline
0.704918032786885,up,BRCA.LumB_BRCA.Normal,synthetic data,4,tpr,CVAE,baseline
0.890909090909091,down,BRCA.Basal_BRCA.Her2,synthetic data,4,tpr,CVAE,baseline
0.934579439252336,down,BRCA.Basal_BRCA.LumA,synthetic data,4,tpr,CVAE,baseline
0.941747572815534,down,BRCA.Basal_BRCA.LumB,synthetic data,4,tpr,CVAE,baseline
0.836734693877551,down,BRCA.Basal_BRCA.Normal,synthetic data,4,tpr,CVAE,baseline
0.772727272727273,down,BRCA.Her2_BRCA.LumA,synthetic data,4,tpr,CVAE,baseline
0.785714285714286,down,BRCA.Her2_BRCA.LumB,synthetic data,4,tpr,CVAE,baseline
0.717948717948718,down,BRCA.Her2_BRCA.Normal,synthetic data,4,tpr,CVAE,baseline
0.761904761904762,down,BRCA.LumA_BRCA.LumB,synthetic data,4,tpr,CVAE,baseline
0.878787878787879,down,BRCA.LumA_BRCA.Normal,synthetic data,4,tpr,CVAE,baseline
0.679012345679012,down,BRCA.LumB_BRCA.Normal,synthetic data,4,tpr,CVAE,baseline
0.0,up,BRCA.Basal_BRCA.Her2,real data,1,fpr,CVAE,baseline
0.0,up,BRCA.Basal_BRCA.LumA,real data,1,fpr,CVAE,baseline
0.0,up,BRCA.Basal_BRCA.LumB,real data,1,fpr,CVAE,baseline
0.0,up,BRCA.Basal_BRCA.Normal,real data,1,fpr,CVAE,baseline
0.0,up,BRCA.Her2_BRCA.LumA,real data,1,fpr,CVAE,baseline
0.0,up,BRCA.Her2_BRCA.LumB,real data,1,fpr,CVAE,baseline
0.0,up,BRCA.Her2_BRCA.Normal,real data,1,fpr,CVAE,baseline
0.0,up,BRCA.LumA_BRCA.LumB,real data,1,fpr,CVAE,baseline
0.0,up,BRCA.LumA_BRCA.Normal,real data,1,fpr,CVAE,baseline
0.0,up,BRCA.LumB_BRCA.Normal,real data,1,fpr,CVAE,baseline
0.0,down,BRCA.Basal_BRCA.Her2,real data,1,fpr,CVAE,baseline
0.0,down,BRCA.Basal_BRCA.LumA,real data,1,fpr,CVAE,baseline
0.0,down,BRCA.Basal_BRCA.LumB,real data,1,fpr,CVAE,baseline
0.0,down,BRCA.Basal_BRCA.Normal,real data,1,fpr,CVAE,baseline
0.0,down,BRCA.Her2_BRCA.LumA,real data,1,fpr,CVAE,baseline
0.0,down,BRCA.Her2_BRCA.LumB,real data,1,fpr,CVAE,baseline
0.0,down,BRCA.Her2_BRCA.Normal,real data,1,fpr,CVAE,baseline
0.0,down,BRCA.LumA_BRCA.LumB,real data,1,fpr,CVAE,baseline
0.0,down,BRCA.LumA_BRCA.Normal,real data,1,fpr,CVAE,baseline
0.0,down,BRCA.LumB_BRCA.Normal,real data,1,fpr,CVAE,baseline
0.0279569892473118,up,BRCA.Basal_BRCA.Her2,synthetic data,1,fpr,CVAE,baseline
0.0292249047013977,up,BRCA.Basal_BRCA.LumA,synthetic data,1,fpr,CVAE,baseline
0.0339578454332553,up,BRCA.Basal_BRCA.LumB,synthetic data,1,fpr,CVAE,baseline
0.0210176991150442,up,BRCA.Basal_BRCA.Normal,synthetic data,1,fpr,CVAE,baseline
0.0252747252747253,up,BRCA.Her2_BRCA.LumA,synthetic data,1,fpr,CVAE,baseline
0.02711157455683,up,BRCA.Her2_BRCA.LumB,synthetic data,1,fpr,CVAE,baseline
0.0042780748663101,up,BRCA.Her2_BRCA.Normal,synthetic data,1,fpr,CVAE,baseline
0.0124869927159209,up,BRCA.LumA_BRCA.LumB,synthetic data,1,fpr,CVAE,baseline
0.0165289256198347,up,BRCA.LumA_BRCA.Normal,synthetic data,1,fpr,CVAE,baseline
0.0176405733186329,up,BRCA.LumB_BRCA.Normal,synthetic data,1,fpr,CVAE,baseline
0.0182992465016146,down,BRCA.Basal_BRCA.Her2,synthetic data,1,fpr,CVAE,baseline
0.013745704467354,down,BRCA.Basal_BRCA.LumA,synthetic data,1,fpr,CVAE,baseline
0.0148401826484018,down,BRCA.Basal_BRCA.LumB,synthetic data,1,fpr,CVAE,baseline
0.0021482277121374,down,BRCA.Basal_BRCA.Normal,synthetic data,1,fpr,CVAE,baseline
0.0125260960334029,down,BRCA.Her2_BRCA.LumA,synthetic data,1,fpr,CVAE,baseline
0.0093264248704663,down,BRCA.Her2_BRCA.LumB,synthetic data,1,fpr,CVAE,baseline
0.0,down,BRCA.Her2_BRCA.Normal,synthetic data,1,fpr,CVAE,baseline
0.0117647058823529,down,BRCA.LumA_BRCA.LumB,synthetic data,1,fpr,CVAE,baseline
0.0042283298097251,down,BRCA.LumA_BRCA.Normal,synthetic data,1,fpr,CVAE,baseline
0.0099557522123893,down,BRCA.LumB_BRCA.Normal,synthetic data,1,fpr,CVAE,baseline
0.0,up,BRCA.Basal_BRCA.Her2,real data,2,fpr,CVAE,baseline
0.0,up,BRCA.Basal_BRCA.LumA,real data,2,fpr,CVAE,baseline
0.0,up,BRCA.Basal_BRCA.LumB,real data,2,fpr,CVAE,baseline
0.0,up,BRCA.Basal_BRCA.Normal,real data,2,fpr,CVAE,baseline
0.0,up,BRCA.Her2_BRCA.LumA,real data,2,fpr,CVAE,baseline
0.0,up,BRCA.Her2_BRCA.LumB,real data,2,fpr,CVAE,baseline
0.0,up,BRCA.Her2_BRCA.Normal,real data,2,fpr,CVAE,baseline
0.0,up,BRCA.LumA_BRCA.LumB,real data,2,fpr,CVAE,baseline
0.0,up,BRCA.LumA_BRCA.Normal,real data,2,fpr,CVAE,baseline
0.0,up,BRCA.LumB_BRCA.Normal,real data,2,fpr,CVAE,baseline
0.0,down,BRCA.Basal_BRCA.Her2,real data,2,fpr,CVAE,baseline
0.0,down,BRCA.Basal_BRCA.LumA,real data,2,fpr,CVAE,baseline
0.0,down,BRCA.Basal_BRCA.LumB,real data,2,fpr,CVAE,baseline
0.0,down,BRCA.Basal_BRCA.Normal,real data,2,fpr,CVAE,baseline
0.0,down,BRCA.Her2_BRCA.LumA,real data,2,fpr,CVAE,baseline
0.0,down,BRCA.Her2_BRCA.LumB,real data,2,fpr,CVAE,baseline
0.0,down,BRCA.Her2_BRCA.Normal,real data,2,fpr,CVAE,baseline
0.0,down,BRCA.LumA_BRCA.LumB,real data,2,fpr,CVAE,baseline
0.0,down,BRCA.LumA_BRCA.Normal,real data,2,fpr,CVAE,baseline
0.0,down,BRCA.LumB_BRCA.Normal,real data,2,fpr,CVAE,baseline
0.0206073752711497,up,BRCA.Basal_BRCA.Her2,synthetic data,2,fpr,CVAE,baseline
0.0344827586206897,up,BRCA.Basal_BRCA.LumA,synthetic data,2,fpr,CVAE,baseline
0.0435806831566549,up,BRCA.Basal_BRCA.LumB,synthetic data,2,fpr,CVAE,baseline
0.0324384787472036,up,BRCA.Basal_BRCA.Normal,synthetic data,2,fpr,CVAE,baseline
0.0296052631578947,up,BRCA.Her2_BRCA.LumA,synthetic data,2,fpr,CVAE,baseline
0.022964509394572,up,BRCA.Her2_BRCA.LumB,synthetic data,2,fpr,CVAE,baseline
0.0129171151776103,up,BRCA.Her2_BRCA.Normal,synthetic data,2,fpr,CVAE,baseline
0.0155763239875389,up,BRCA.LumA_BRCA.LumB,synthetic data,2,fpr,CVAE,baseline
0.0185950413223141,up,BRCA.LumA_BRCA.Normal,synthetic data,2,fpr,CVAE,baseline
0.0273822562979189,up,BRCA.LumB_BRCA.Normal,synthetic data,2,fpr,CVAE,baseline
0.0205850487540628,down,BRCA.Basal_BRCA.Her2,synthetic data,2,fpr,CVAE,baseline
0.0355504587155963,down,BRCA.Basal_BRCA.LumA,synthetic data,2,fpr,CVAE,baseline
0.0330672748004561,down,BRCA.Basal_BRCA.LumB,synthetic data,2,fpr,CVAE,baseline
0.0151515151515152,down,BRCA.Basal_BRCA.Normal,synthetic data,2,fpr,CVAE,baseline
0.0230366492146597,down,BRCA.Her2_BRCA.LumA,synthetic data,2,fpr,CVAE,baseline
0.0072689511941848,down,BRCA.Her2_BRCA.LumB,synthetic data,2,fpr,CVAE,baseline
0.0063829787234042,down,BRCA.Her2_BRCA.Normal,synthetic data,2,fpr,CVAE,baseline
0.0138592750533049,down,BRCA.LumA_BRCA.LumB,synthetic data,2,fpr,CVAE,baseline
0.0266524520255864,down,BRCA.LumA_BRCA.Normal,synthetic data,2,fpr,CVAE,baseline
0.0223214285714286,down,BRCA.LumB_BRCA.Normal,synthetic data,2,fpr,CVAE,baseline
0.0,up,BRCA.Basal_BRCA.Her2,real data,5,fpr,CVAE,baseline
0.0,up,BRCA.Basal_BRCA.LumA,real data,5,fpr,CVAE,baseline
0.0,up,BRCA.Basal_BRCA.LumB,real data,5,fpr,CVAE,baseline
0.0,up,BRCA.Basal_BRCA.Normal,real data,5,fpr,CVAE,baseline
0.0,up,BRCA.Her2_BRCA.LumA,real data,5,fpr,CVAE,baseline
0.0,up,BRCA.Her2_BRCA.LumB,real data,5,fpr,CVAE,baseline
0.0,up,BRCA.Her2_BRCA.Normal,real data,5,fpr,CVAE,baseline
0.0,up,BRCA.LumA_BRCA.LumB,real data,5,fpr,CVAE,baseline
0.0,up,BRCA.LumA_BRCA.Normal,real data,5,fpr,CVAE,baseline
0.0,up,BRCA.LumB_BRCA.Normal,real data,5,fpr,CVAE,baseline
0.0,down,BRCA.Basal_BRCA.Her2,real data,5,fpr,CVAE,baseline
0.0,down,BRCA.Basal_BRCA.LumA,real data,5,fpr,CVAE,baseline
0.0,down,BRCA.Basal_BRCA.LumB,real data,5,fpr,CVAE,baseline
0.0,down,BRCA.Basal_BRCA.Normal,real data,5,fpr,CVAE,baseline
0.0,down,BRCA.Her2_BRCA.LumA,real data,5,fpr,CVAE,baseline
0.0,down,BRCA.Her2_BRCA.LumB,real data,5,fpr,CVAE,baseline
0.0,down,BRCA.Her2_BRCA.Normal,real data,5,fpr,CVAE,baseline
0.0,down,BRCA.LumA_BRCA.LumB,real data,5,fpr,CVAE,baseline
0.0,down,BRCA.LumA_BRCA.Normal,real data,5,fpr,CVAE,baseline
0.0,down,BRCA.LumB_BRCA.Normal,real data,5,fpr,CVAE,baseline
0.0064377682403433,up,BRCA.Basal_BRCA.Her2,synthetic data,5,fpr,CVAE,baseline
0.0216284987277354,up,BRCA.Basal_BRCA.LumA,synthetic data,5,fpr,CVAE,baseline
0.0211515863689777,up,BRCA.Basal_BRCA.LumB,synthetic data,5,fpr,CVAE,baseline
0.020066889632107,up,BRCA.Basal_BRCA.Normal,synthetic data,5,fpr,CVAE,baseline
0.0131868131868132,up,BRCA.Her2_BRCA.LumA,synthetic data,5,fpr,CVAE,baseline
0.0125,up,BRCA.Her2_BRCA.LumB,synthetic data,5,fpr,CVAE,baseline
0.0126849894291755,up,BRCA.Her2_BRCA.Normal,synthetic data,5,fpr,CVAE,baseline
0.0093264248704663,up,BRCA.LumA_BRCA.LumB,synthetic data,5,fpr,CVAE,baseline
0.0072239422084623,up,BRCA.LumA_BRCA.Normal,synthetic data,5,fpr,CVAE,baseline
0.017353579175705,up,BRCA.LumB_BRCA.Normal,synthetic data,5,fpr,CVAE,baseline
0.0140086206896552,down,BRCA.Basal_BRCA.Her2,synthetic data,5,fpr,CVAE,baseline
0.0103448275862069,down,BRCA.Basal_BRCA.LumA,synthetic data,5,fpr,CVAE,baseline
0.0182232346241458,down,BRCA.Basal_BRCA.LumB,synthetic data,5,fpr,CVAE,baseline
0.015233949945593,down,BRCA.Basal_BRCA.Normal,synthetic data,5,fpr,CVAE,baseline
0.0125391849529781,down,BRCA.Her2_BRCA.LumA,synthetic data,5,fpr,CVAE,baseline
0.0083246618106139,down,BRCA.Her2_BRCA.LumB,synthetic data,5,fpr,CVAE,baseline
0.0115789473684211,down,BRCA.Her2_BRCA.Normal,synthetic data,5,fpr,CVAE,baseline
0.0096051227321238,down,BRCA.LumA_BRCA.LumB,synthetic data,5,fpr,CVAE,baseline
0.0315126050420168,down,BRCA.LumA_BRCA.Normal,synthetic data,5,fpr,CVAE,baseline
0.0143964562569214,down,BRCA.LumB_BRCA.Normal,synthetic data,5,fpr,CVAE,baseline
0.0,up,BRCA.Basal_BRCA.Her2,real data,3,fpr,CVAE,baseline
0.0,up,BRCA.Basal_BRCA.LumA,real data,3,fpr,CVAE,baseline
0.0,up,BRCA.Basal_BRCA.LumB,real data,3,fpr,CVAE,baseline
0.0,up,BRCA.Basal_BRCA.Normal,real data,3,fpr,CVAE,baseline
0.0,up,BRCA.Her2_BRCA.LumA,real data,3,fpr,CVAE,baseline
0.0,up,BRCA.Her2_BRCA.LumB,real data,3,fpr,CVAE,baseline
0.0,up,BRCA.Her2_BRCA.Normal,real data,3,fpr,CVAE,baseline
0.0,up,BRCA.LumA_BRCA.LumB,real data,3,fpr,CVAE,baseline
0.0,up,BRCA.LumA_BRCA.Normal,real data,3,fpr,CVAE,baseline
0.0,up,BRCA.LumB_BRCA.Normal,real data,3,fpr,CVAE,baseline
0.0,down,BRCA.Basal_BRCA.Her2,real data,3,fpr,CVAE,baseline
0.0,down,BRCA.Basal_BRCA.LumA,real data,3,fpr,CVAE,baseline
0.0,down,BRCA.Basal_BRCA.LumB,real data,3,fpr,CVAE,baseline
0.0,down,BRCA.Basal_BRCA.Normal,real data,3,fpr,CVAE,baseline
0.0,down,BRCA.Her2_BRCA.LumA,real data,3,fpr,CVAE,baseline
0.0,down,BRCA.Her2_BRCA.LumB,real data,3,fpr,CVAE,baseline
0.0,down,BRCA.Her2_BRCA.Normal,real data,3,fpr,CVAE,baseline
0.0,down,BRCA.LumA_BRCA.LumB,real data,3,fpr,CVAE,baseline
0.0,down,BRCA.LumA_BRCA.Normal,real data,3,fpr,CVAE,baseline
0.0,down,BRCA.LumB_BRCA.Normal,real data,3,fpr,CVAE,baseline
0.0289699570815451,up,BRCA.Basal_BRCA.Her2,synthetic data,3,fpr,CVAE,baseline
0.0458015267175573,up,BRCA.Basal_BRCA.LumA,synthetic data,3,fpr,CVAE,baseline
0.034037558685446,up,BRCA.Basal_BRCA.LumB,synthetic data,3,fpr,CVAE,baseline
0.0177383592017738,up,BRCA.Basal_BRCA.Normal,synthetic data,3,fpr,CVAE,baseline
0.0197585071350165,up,BRCA.Her2_BRCA.LumA,synthetic data,3,fpr,CVAE,baseline
0.0093652445369406,up,BRCA.Her2_BRCA.LumB,synthetic data,3,fpr,CVAE,baseline
0.0074946466809421,up,BRCA.Her2_BRCA.Normal,synthetic data,3,fpr,CVAE,baseline
0.0031088082901554,up,BRCA.LumA_BRCA.LumB,synthetic data,3,fpr,CVAE,baseline
0.0216942148760331,up,BRCA.LumA_BRCA.Normal,synthetic data,3,fpr,CVAE,baseline
0.0185185185185185,up,BRCA.LumB_BRCA.Normal,synthetic data,3,fpr,CVAE,baseline
0.0236051502145923,down,BRCA.Basal_BRCA.Her2,synthetic data,3,fpr,CVAE,baseline
0.032183908045977,down,BRCA.Basal_BRCA.LumA,synthetic data,3,fpr,CVAE,baseline
0.0259887005649717,down,BRCA.Basal_BRCA.LumB,synthetic data,3,fpr,CVAE,baseline
0.009656652360515,down,BRCA.Basal_BRCA.Normal,synthetic data,3,fpr,CVAE,baseline
0.0125391849529781,down,BRCA.Her2_BRCA.LumA,synthetic data,3,fpr,CVAE,baseline
0.0093360995850622,down,BRCA.Her2_BRCA.LumB,synthetic data,3,fpr,CVAE,baseline
0.0084656084656084,down,BRCA.Her2_BRCA.Normal,synthetic data,3,fpr,CVAE,baseline
0.0031982942430703,down,BRCA.LumA_BRCA.LumB,synthetic data,3,fpr,CVAE,baseline
0.0063492063492063,down,BRCA.LumA_BRCA.Normal,synthetic data,3,fpr,CVAE,baseline
0.0076670317634173,down,BRCA.LumB_BRCA.Normal,synthetic data,3,fpr,CVAE,baseline
0.0,up,BRCA.Basal_BRCA.Her2,real data,4,fpr,CVAE,baseline
0.0,up,BRCA.Basal_BRCA.LumA,real data,4,fpr,CVAE,baseline
0.0,up,BRCA.Basal_BRCA.LumB,real data,4,fpr,CVAE,baseline
0.0,up,BRCA.Basal_BRCA.Normal,real data,4,fpr,CVAE,baseline
0.0,up,BRCA.Her2_BRCA.LumA,real data,4,fpr,CVAE,baseline
0.0,up,BRCA.Her2_BRCA.LumB,real data,4,fpr,CVAE,baseline
0.0,up,BRCA.Her2_BRCA.Normal,real data,4,fpr,CVAE,baseline
0.0,up,BRCA.LumA_BRCA.LumB,real data,4,fpr,CVAE,baseline
0.0,up,BRCA.LumA_BRCA.Normal,real data,4,fpr,CVAE,baseline
0.0,up,BRCA.LumB_BRCA.Normal,real data,4,fpr,CVAE,baseline
0.0,down,BRCA.Basal_BRCA.Her2,real data,4,fpr,CVAE,baseline
0.0,down,BRCA.Basal_BRCA.LumA,real data,4,fpr,CVAE,baseline
0.0,down,BRCA.Basal_BRCA.LumB,real data,4,fpr,CVAE,baseline
0.0,down,BRCA.Basal_BRCA.Normal,real data,4,fpr,CVAE,baseline
0.0,down,BRCA.Her2_BRCA.LumA,real data,4,fpr,CVAE,baseline
0.0,down,BRCA.Her2_BRCA.LumB,real data,4,fpr,CVAE,baseline
0.0,down,BRCA.Her2_BRCA.Normal,real data,4,fpr,CVAE,baseline
0.0,down,BRCA.LumA_BRCA.LumB,real data,4,fpr,CVAE,baseline
0.0,down,BRCA.LumA_BRCA.Normal,real data,4,fpr,CVAE,baseline
0.0,down,BRCA.LumB_BRCA.Normal,real data,4,fpr,CVAE,baseline
0.0312837108953614,up,BRCA.Basal_BRCA.Her2,synthetic data,4,fpr,CVAE,baseline
0.0469543147208122,up,BRCA.Basal_BRCA.LumA,synthetic data,4,fpr,CVAE,baseline
0.0339181286549708,up,BRCA.Basal_BRCA.LumB,synthetic data,4,fpr,CVAE,baseline
0.0395170142700329,up,BRCA.Basal_BRCA.Normal,synthetic data,4,fpr,CVAE,baseline
0.0307692307692308,up,BRCA.Her2_BRCA.LumA,synthetic data,4,fpr,CVAE,baseline
0.015625,up,BRCA.Her2_BRCA.LumB,synthetic data,4,fpr,CVAE,baseline
0.0170212765957447,up,BRCA.Her2_BRCA.Normal,synthetic data,4,fpr,CVAE,baseline
0.002079002079002,up,BRCA.LumA_BRCA.LumB,synthetic data,4,fpr,CVAE,baseline
0.0134854771784232,up,BRCA.LumA_BRCA.Normal,synthetic data,4,fpr,CVAE,baseline
0.0174482006543075,up,BRCA.LumB_BRCA.Normal,synthetic data,4,fpr,CVAE,baseline
0.0325027085590466,down,BRCA.Basal_BRCA.Her2,synthetic data,4,fpr,CVAE,baseline
0.0206659012629162,down,BRCA.Basal_BRCA.LumA,synthetic data,4,fpr,CVAE,baseline
0.0297142857142857,down,BRCA.Basal_BRCA.LumB,synthetic data,4,fpr,CVAE,baseline
0.007534983853606,down,BRCA.Basal_BRCA.Normal,synthetic data,4,fpr,CVAE,baseline
0.0146443514644351,down,BRCA.Her2_BRCA.LumA,synthetic data,4,fpr,CVAE,baseline
0.0072614107883817,down,BRCA.Her2_BRCA.LumB,synthetic data,4,fpr,CVAE,baseline
0.0053248136315229,down,BRCA.Her2_BRCA.Normal,synthetic data,4,fpr,CVAE,baseline
0.0064102564102564,down,BRCA.LumA_BRCA.LumB,synthetic data,4,fpr,CVAE,baseline
0.0084656084656084,down,BRCA.LumA_BRCA.Normal,synthetic data,4,fpr,CVAE,baseline
0.0066889632107023,down,BRCA.LumB_BRCA.Normal,synthetic data,4,fpr,CVAE,baseline
1.0,up,BRCA.Basal_BRCA.Her2,real data,2,tpr,DP-CVAE ε=4,baseline
1.0,up,BRCA.Basal_BRCA.LumA,real data,2,tpr,DP-CVAE ε=4,baseline
1.0,up,BRCA.Basal_BRCA.LumB,real data,2,tpr,DP-CVAE ε=4,baseline
1.0,up,BRCA.Basal_BRCA.Normal,real data,2,tpr,DP-CVAE ε=4,baseline
1.0,up,BRCA.Her2_BRCA.LumA,real data,2,tpr,DP-CVAE ε=4,baseline
1.0,up,BRCA.Her2_BRCA.LumB,real data,2,tpr,DP-CVAE ε=4,baseline
1.0,up,BRCA.Her2_BRCA.Normal,real data,2,tpr,DP-CVAE ε=4,baseline
1.0,up,BRCA.LumA_BRCA.LumB,real data,2,tpr,DP-CVAE ε=4,baseline
1.0,up,BRCA.LumA_BRCA.Normal,real data,2,tpr,DP-CVAE ε=4,baseline
1.0,up,BRCA.LumB_BRCA.Normal,real data,2,tpr,DP-CVAE ε=4,baseline
1.0,down,BRCA.Basal_BRCA.Her2,real data,2,tpr,DP-CVAE ε=4,baseline
1.0,down,BRCA.Basal_BRCA.LumA,real data,2,tpr,DP-CVAE ε=4,baseline
1.0,down,BRCA.Basal_BRCA.LumB,real data,2,tpr,DP-CVAE ε=4,baseline
1.0,down,BRCA.Basal_BRCA.Normal,real data,2,tpr,DP-CVAE ε=4,baseline
1.0,down,BRCA.Her2_BRCA.LumA,real data,2,tpr,DP-CVAE ε=4,baseline
1.0,down,BRCA.Her2_BRCA.LumB,real data,2,tpr,DP-CVAE ε=4,baseline
1.0,down,BRCA.Her2_BRCA.Normal,real data,2,tpr,DP-CVAE ε=4,baseline
1.0,down,BRCA.LumA_BRCA.LumB,real data,2,tpr,DP-CVAE ε=4,baseline
1.0,down,BRCA.LumA_BRCA.Normal,real data,2,tpr,DP-CVAE ε=4,baseline
1.0,down,BRCA.LumB_BRCA.Normal,real data,2,tpr,DP-CVAE ε=4,baseline
0.160714285714286,up,BRCA.Basal_BRCA.Her2,synthetic data,2,tpr,DP-CVAE ε=4,baseline
0.194871794871795,up,BRCA.Basal_BRCA.LumA,synthetic data,2,tpr,DP-CVAE ε=4,baseline
0.178294573643411,up,BRCA.Basal_BRCA.LumB,synthetic data,2,tpr,DP-CVAE ε=4,baseline
0.19047619047619,up,BRCA.Basal_BRCA.Normal,synthetic data,2,tpr,DP-CVAE ε=4,baseline
0.121212121212121,up,BRCA.Her2_BRCA.LumA,synthetic data,2,tpr,DP-CVAE ε=4,baseline
0.05,up,BRCA.Her2_BRCA.LumB,synthetic data,2,tpr,DP-CVAE ε=4,baseline
0.0816326530612245,up,BRCA.Her2_BRCA.Normal,synthetic data,2,tpr,DP-CVAE ε=4,baseline
0.333333333333333,up,BRCA.LumA_BRCA.LumB,synthetic data,2,tpr,DP-CVAE ε=4,baseline
0.1,up,BRCA.LumA_BRCA.Normal,synthetic data,2,tpr,DP-CVAE ε=4,baseline
0.0923076923076923,up,BRCA.LumB_BRCA.Normal,synthetic data,2,tpr,DP-CVAE ε=4,baseline
0.2,down,BRCA.Basal_BRCA.Her2,synthetic data,2,tpr,DP-CVAE ε=4,baseline
0.254716981132075,down,BRCA.Basal_BRCA.LumA,synthetic data,2,tpr,DP-CVAE ε=4,baseline
0.287128712871287,down,BRCA.Basal_BRCA.LumB,synthetic data,2,tpr,DP-CVAE ε=4,baseline
0.166666666666667,down,BRCA.Basal_BRCA.Normal,synthetic data,2,tpr,DP-CVAE ε=4,baseline
0.0869565217391304,down,BRCA.Her2_BRCA.LumA,synthetic data,2,tpr,DP-CVAE ε=4,baseline
0.0666666666666667,down,BRCA.Her2_BRCA.LumB,synthetic data,2,tpr,DP-CVAE ε=4,baseline
0.131578947368421,down,BRCA.Her2_BRCA.Normal,synthetic data,2,tpr,DP-CVAE ε=4,baseline
0.15,down,BRCA.LumA_BRCA.LumB,synthetic data,2,tpr,DP-CVAE ε=4,baseline
0.175,down,BRCA.LumA_BRCA.Normal,synthetic data,2,tpr,DP-CVAE ε=4,baseline
0.0975609756097561,down,BRCA.LumB_BRCA.Normal,synthetic data,2,tpr,DP-CVAE ε=4,baseline
1.0,up,BRCA.Basal_BRCA.Her2,real data,1,tpr,DP-CVAE ε=4,baseline
1.0,up,BRCA.Basal_BRCA.LumA,real data,1,tpr,DP-CVAE ε=4,baseline
1.0,up,BRCA.Basal_BRCA.LumB,real data,1,tpr,DP-CVAE ε=4,baseline
1.0,up,BRCA.Basal_BRCA.Normal,real data,1,tpr,DP-CVAE ε=4,baseline
1.0,up,BRCA.Her2_BRCA.LumA,real data,1,tpr,DP-CVAE ε=4,baseline
1.0,up,BRCA.Her2_BRCA.LumB,real data,1,tpr,DP-CVAE ε=4,baseline
1.0,up,BRCA.Her2_BRCA.Normal,real data,1,tpr,DP-CVAE ε=4,baseline
1.0,up,BRCA.LumA_BRCA.LumB,real data,1,tpr,DP-CVAE ε=4,baseline
1.0,up,BRCA.LumA_BRCA.Normal,real data,1,tpr,DP-CVAE ε=4,baseline
1.0,up,BRCA.LumB_BRCA.Normal,real data,1,tpr,DP-CVAE ε=4,baseline
1.0,down,BRCA.Basal_BRCA.Her2,real data,1,tpr,DP-CVAE ε=4,baseline
1.0,down,BRCA.Basal_BRCA.LumA,real data,1,tpr,DP-CVAE ε=4,baseline
1.0,down,BRCA.Basal_BRCA.LumB,real data,1,tpr,DP-CVAE ε=4,baseline
1.0,down,BRCA.Basal_BRCA.Normal,real data,1,tpr,DP-CVAE ε=4,baseline
1.0,down,BRCA.Her2_BRCA.LumA,real data,1,tpr,DP-CVAE ε=4,baseline
1.0,down,BRCA.Her2_BRCA.LumB,real data,1,tpr,DP-CVAE ε=4,baseline
1.0,down,BRCA.Her2_BRCA.Normal,real data,1,tpr,DP-CVAE ε=4,baseline
1.0,down,BRCA.LumA_BRCA.LumB,real data,1,tpr,DP-CVAE ε=4,baseline
1.0,down,BRCA.LumA_BRCA.Normal,real data,1,tpr,DP-CVAE ε=4,baseline
1.0,down,BRCA.LumB_BRCA.Normal,real data,1,tpr,DP-CVAE ε=4,baseline
0.1875,up,BRCA.Basal_BRCA.Her2,synthetic data,1,tpr,DP-CVAE ε=4,baseline
0.214659685863874,up,BRCA.Basal_BRCA.LumA,synthetic data,1,tpr,DP-CVAE ε=4,baseline
0.17741935483871,up,BRCA.Basal_BRCA.LumB,synthetic data,1,tpr,DP-CVAE ε=4,baseline
0.135135135135135,up,BRCA.Basal_BRCA.Normal,synthetic data,1,tpr,DP-CVAE ε=4,baseline
0.132352941176471,up,BRCA.Her2_BRCA.LumA,synthetic data,1,tpr,DP-CVAE ε=4,baseline
0.105263157894737,up,BRCA.Her2_BRCA.LumB,synthetic data,1,tpr,DP-CVAE ε=4,baseline
0.0232558139534884,up,BRCA.Her2_BRCA.Normal,synthetic data,1,tpr,DP-CVAE ε=4,baseline
0.411764705882353,up,BRCA.LumA_BRCA.LumB,synthetic data,1,tpr,DP-CVAE ε=4,baseline
0.1,up,BRCA.LumA_BRCA.Normal,synthetic data,1,tpr,DP-CVAE ε=4,baseline
0.0845070422535211,up,BRCA.LumB_BRCA.Normal,synthetic data,1,tpr,DP-CVAE ε=4,baseline
0.122448979591837,down,BRCA.Basal_BRCA.Her2,synthetic data,1,tpr,DP-CVAE ε=4,baseline
0.238095238095238,down,BRCA.Basal_BRCA.LumA,synthetic data,1,tpr,DP-CVAE ε=4,baseline
0.264705882352941,down,BRCA.Basal_BRCA.LumB,synthetic data,1,tpr,DP-CVAE ε=4,baseline
0.191489361702128,down,BRCA.Basal_BRCA.Normal,synthetic data,1,tpr,DP-CVAE ε=4,baseline
0.05,down,BRCA.Her2_BRCA.LumA,synthetic data,1,tpr,DP-CVAE ε=4,baseline
0.0769230769230769,down,BRCA.Her2_BRCA.LumB,synthetic data,1,tpr,DP-CVAE ε=4,baseline
0.21875,down,BRCA.Her2_BRCA.Normal,synthetic data,1,tpr,DP-CVAE ε=4,baseline
0.186046511627907,down,BRCA.LumA_BRCA.LumB,synthetic data,1,tpr,DP-CVAE ε=4,baseline
0.15625,down,BRCA.LumA_BRCA.Normal,synthetic data,1,tpr,DP-CVAE ε=4,baseline
0.121621621621622,down,BRCA.LumB_BRCA.Normal,synthetic data,1,tpr,DP-CVAE ε=4,baseline
1.0,up,BRCA.Basal_BRCA.Her2,real data,3,tpr,DP-CVAE ε=4,baseline
1.0,up,BRCA.Basal_BRCA.LumA,real data,3,tpr,DP-CVAE ε=4,baseline
1.0,up,BRCA.Basal_BRCA.LumB,real data,3,tpr,DP-CVAE ε=4,baseline
1.0,up,BRCA.Basal_BRCA.Normal,real data,3,tpr,DP-CVAE ε=4,baseline
1.0,up,BRCA.Her2_BRCA.LumA,real data,3,tpr,DP-CVAE ε=4,baseline
1.0,up,BRCA.Her2_BRCA.LumB,real data,3,tpr,DP-CVAE ε=4,baseline
1.0,up,BRCA.Her2_BRCA.Normal,real data,3,tpr,DP-CVAE ε=4,baseline
1.0,up,BRCA.LumA_BRCA.LumB,real data,3,tpr,DP-CVAE ε=4,baseline
1.0,up,BRCA.LumA_BRCA.Normal,real data,3,tpr,DP-CVAE ε=4,baseline
1.0,up,BRCA.LumB_BRCA.Normal,real data,3,tpr,DP-CVAE ε=4,baseline
1.0,down,BRCA.Basal_BRCA.Her2,real data,3,tpr,DP-CVAE ε=4,baseline
1.0,down,BRCA.Basal_BRCA.LumA,real data,3,tpr,DP-CVAE ε=4,baseline
1.0,down,BRCA.Basal_BRCA.LumB,real data,3,tpr,DP-CVAE ε=4,baseline
1.0,down,BRCA.Basal_BRCA.Normal,real data,3,tpr,DP-CVAE ε=4,baseline
1.0,down,BRCA.Her2_BRCA.LumA,real data,3,tpr,DP-CVAE ε=4,baseline
1.0,down,BRCA.Her2_BRCA.LumB,real data,3,tpr,DP-CVAE ε=4,baseline
1.0,down,BRCA.Her2_BRCA.Normal,real data,3,tpr,DP-CVAE ε=4,baseline
1.0,down,BRCA.LumA_BRCA.LumB,real data,3,tpr,DP-CVAE ε=4,baseline
1.0,down,BRCA.LumA_BRCA.Normal,real data,3,tpr,DP-CVAE ε=4,baseline
1.0,down,BRCA.LumB_BRCA.Normal,real data,3,tpr,DP-CVAE ε=4,baseline
0.195652173913043,up,BRCA.Basal_BRCA.Her2,synthetic data,3,tpr,DP-CVAE ε=4,baseline
0.192708333333333,up,BRCA.Basal_BRCA.LumA,synthetic data,3,tpr,DP-CVAE ε=4,baseline
0.174603174603175,up,BRCA.Basal_BRCA.LumB,synthetic data,3,tpr,DP-CVAE ε=4,baseline
0.131578947368421,up,BRCA.Basal_BRCA.Normal,synthetic data,3,tpr,DP-CVAE ε=4,baseline
0.134328358208955,up,BRCA.Her2_BRCA.LumA,synthetic data,3,tpr,DP-CVAE ε=4,baseline
0.0588235294117647,up,BRCA.Her2_BRCA.LumB,synthetic data,3,tpr,DP-CVAE ε=4,baseline
0.0454545454545455,up,BRCA.Her2_BRCA.Normal,synthetic data,3,tpr,DP-CVAE ε=4,baseline
0.384615384615385,up,BRCA.LumA_BRCA.LumB,synthetic data,3,tpr,DP-CVAE ε=4,baseline
0.0,up,BRCA.LumA_BRCA.Normal,synthetic data,3,tpr,DP-CVAE ε=4,baseline
0.05,up,BRCA.LumB_BRCA.Normal,synthetic data,3,tpr,DP-CVAE ε=4,baseline
0.195652173913043,down,BRCA.Basal_BRCA.Her2,synthetic data,3,tpr,DP-CVAE ε=4,baseline
0.240740740740741,down,BRCA.Basal_BRCA.LumA,synthetic data,3,tpr,DP-CVAE ε=4,baseline
0.204301075268817,down,BRCA.Basal_BRCA.LumB,synthetic data,3,tpr,DP-CVAE ε=4,baseline
0.173913043478261,down,BRCA.Basal_BRCA.Normal,synthetic data,3,tpr,DP-CVAE ε=4,baseline
0.142857142857143,down,BRCA.Her2_BRCA.LumA,synthetic data,3,tpr,DP-CVAE ε=4,baseline
0.0714285714285714,down,BRCA.Her2_BRCA.LumB,synthetic data,3,tpr,DP-CVAE ε=4,baseline
0.212121212121212,down,BRCA.Her2_BRCA.Normal,synthetic data,3,tpr,DP-CVAE ε=4,baseline
0.2,down,BRCA.LumA_BRCA.LumB,synthetic data,3,tpr,DP-CVAE ε=4,baseline
0.0909090909090909,down,BRCA.LumA_BRCA.Normal,synthetic data,3,tpr,DP-CVAE ε=4,baseline
0.123076923076923,down,BRCA.LumB_BRCA.Normal,synthetic data,3,tpr,DP-CVAE ε=4,baseline
1.0,up,BRCA.Basal_BRCA.Her2,real data,5,tpr,DP-CVAE ε=4,baseline
1.0,up,BRCA.Basal_BRCA.LumA,real data,5,tpr,DP-CVAE ε=4,baseline
1.0,up,BRCA.Basal_BRCA.LumB,real data,5,tpr,DP-CVAE ε=4,baseline
1.0,up,BRCA.Basal_BRCA.Normal,real data,5,tpr,DP-CVAE ε=4,baseline
1.0,up,BRCA.Her2_BRCA.LumA,real data,5,tpr,DP-CVAE ε=4,baseline
1.0,up,BRCA.Her2_BRCA.LumB,real data,5,tpr,DP-CVAE ε=4,baseline
1.0,up,BRCA.Her2_BRCA.Normal,real data,5,tpr,DP-CVAE ε=4,baseline
1.0,up,BRCA.LumA_BRCA.LumB,real data,5,tpr,DP-CVAE ε=4,baseline
1.0,up,BRCA.LumA_BRCA.Normal,real data,5,tpr,DP-CVAE ε=4,baseline
1.0,up,BRCA.LumB_BRCA.Normal,real data,5,tpr,DP-CVAE ε=4,baseline
1.0,down,BRCA.Basal_BRCA.Her2,real data,5,tpr,DP-CVAE ε=4,baseline
1.0,down,BRCA.Basal_BRCA.LumA,real data,5,tpr,DP-CVAE ε=4,baseline
1.0,down,BRCA.Basal_BRCA.LumB,real data,5,tpr,DP-CVAE ε=4,baseline
1.0,down,BRCA.Basal_BRCA.Normal,real data,5,tpr,DP-CVAE ε=4,baseline
1.0,down,BRCA.Her2_BRCA.LumA,real data,5,tpr,DP-CVAE ε=4,baseline
1.0,down,BRCA.Her2_BRCA.LumB,real data,5,tpr,DP-CVAE ε=4,baseline
1.0,down,BRCA.Her2_BRCA.Normal,real data,5,tpr,DP-CVAE ε=4,baseline
1.0,down,BRCA.LumA_BRCA.LumB,real data,5,tpr,DP-CVAE ε=4,baseline
1.0,down,BRCA.LumA_BRCA.Normal,real data,5,tpr,DP-CVAE ε=4,baseline
1.0,down,BRCA.LumB_BRCA.Normal,real data,5,tpr,DP-CVAE ε=4,baseline
0.108695652173913,up,BRCA.Basal_BRCA.Her2,synthetic data,5,tpr,DP-CVAE ε=4,baseline
0.208333333333333,up,BRCA.Basal_BRCA.LumA,synthetic data,5,tpr,DP-CVAE ε=4,baseline
0.173228346456693,up,BRCA.Basal_BRCA.LumB,synthetic data,5,tpr,DP-CVAE ε=4,baseline
0.172839506172839,up,BRCA.Basal_BRCA.Normal,synthetic data,5,tpr,DP-CVAE ε=4,baseline
0.0882352941176471,up,BRCA.Her2_BRCA.LumA,synthetic data,5,tpr,DP-CVAE ε=4,baseline
0.111111111111111,up,BRCA.Her2_BRCA.LumB,synthetic data,5,tpr,DP-CVAE ε=4,baseline
0.09375,up,BRCA.Her2_BRCA.Normal,synthetic data,5,tpr,DP-CVAE ε=4,baseline
0.461538461538462,up,BRCA.LumA_BRCA.LumB,synthetic data,5,tpr,DP-CVAE ε=4,baseline
0.111111111111111,up,BRCA.LumA_BRCA.Normal,synthetic data,5,tpr,DP-CVAE ε=4,baseline
0.0892857142857143,up,BRCA.LumB_BRCA.Normal,synthetic data,5,tpr,DP-CVAE ε=4,baseline
0.2,down,BRCA.Basal_BRCA.Her2,synthetic data,5,tpr,DP-CVAE ε=4,baseline
0.268518518518519,down,BRCA.Basal_BRCA.LumA,synthetic data,5,tpr,DP-CVAE ε=4,baseline
0.2,down,BRCA.Basal_BRCA.LumB,synthetic data,5,tpr,DP-CVAE ε=4,baseline
0.152542372881356,down,BRCA.Basal_BRCA.Normal,synthetic data,5,tpr,DP-CVAE ε=4,baseline
0.142857142857143,down,BRCA.Her2_BRCA.LumA,synthetic data,5,tpr,DP-CVAE ε=4,baseline
0.0588235294117647,down,BRCA.Her2_BRCA.LumB,synthetic data,5,tpr,DP-CVAE ε=4,baseline
0.142857142857143,down,BRCA.Her2_BRCA.Normal,synthetic data,5,tpr,DP-CVAE ε=4,baseline
0.146341463414634,down,BRCA.LumA_BRCA.LumB,synthetic data,5,tpr,DP-CVAE ε=4,baseline
0.115384615384615,down,BRCA.LumA_BRCA.Normal,synthetic data,5,tpr,DP-CVAE ε=4,baseline
0.0933333333333333,down,BRCA.LumB_BRCA.Normal,synthetic data,5,tpr,DP-CVAE ε=4,baseline
1.0,up,BRCA.Basal_BRCA.Her2,real data,4,tpr,DP-CVAE ε=4,baseline
1.0,up,BRCA.Basal_BRCA.LumA,real data,4,tpr,DP-CVAE ε=4,baseline
1.0,up,BRCA.Basal_BRCA.LumB,real data,4,tpr,DP-CVAE ε=4,baseline
1.0,up,BRCA.Basal_BRCA.Normal,real data,4,tpr,DP-CVAE ε=4,baseline
1.0,up,BRCA.Her2_BRCA.LumA,real data,4,tpr,DP-CVAE ε=4,baseline
1.0,up,BRCA.Her2_BRCA.LumB,real data,4,tpr,DP-CVAE ε=4,baseline
1.0,up,BRCA.Her2_BRCA.Normal,real data,4,tpr,DP-CVAE ε=4,baseline
1.0,up,BRCA.LumA_BRCA.LumB,real data,4,tpr,DP-CVAE ε=4,baseline
1.0,up,BRCA.LumA_BRCA.Normal,real data,4,tpr,DP-CVAE ε=4,baseline
1.0,up,BRCA.LumB_BRCA.Normal,real data,4,tpr,DP-CVAE ε=4,baseline
1.0,down,BRCA.Basal_BRCA.Her2,real data,4,tpr,DP-CVAE ε=4,baseline
1.0,down,BRCA.Basal_BRCA.LumA,real data,4,tpr,DP-CVAE ε=4,baseline
1.0,down,BRCA.Basal_BRCA.LumB,real data,4,tpr,DP-CVAE ε=4,baseline
1.0,down,BRCA.Basal_BRCA.Normal,real data,4,tpr,DP-CVAE ε=4,baseline
1.0,down,BRCA.Her2_BRCA.LumA,real data,4,tpr,DP-CVAE ε=4,baseline
1.0,down,BRCA.Her2_BRCA.LumB,real data,4,tpr,DP-CVAE ε=4,baseline
1.0,down,BRCA.Her2_BRCA.Normal,real data,4,tpr,DP-CVAE ε=4,baseline
1.0,down,BRCA.LumA_BRCA.LumB,real data,4,tpr,DP-CVAE ε=4,baseline
1.0,down,BRCA.LumA_BRCA.Normal,real data,4,tpr,DP-CVAE ε=4,baseline
1.0,down,BRCA.LumB_BRCA.Normal,real data,4,tpr,DP-CVAE ε=4,baseline
0.156862745098039,up,BRCA.Basal_BRCA.Her2,synthetic data,4,tpr,DP-CVAE ε=4,baseline
0.205263157894737,up,BRCA.Basal_BRCA.LumA,synthetic data,4,tpr,DP-CVAE ε=4,baseline
0.170731707317073,up,BRCA.Basal_BRCA.LumB,synthetic data,4,tpr,DP-CVAE ε=4,baseline
0.164179104477612,up,BRCA.Basal_BRCA.Normal,synthetic data,4,tpr,DP-CVAE ε=4,baseline
0.147058823529412,up,BRCA.Her2_BRCA.LumA,synthetic data,4,tpr,DP-CVAE ε=4,baseline
0.111111111111111,up,BRCA.Her2_BRCA.LumB,synthetic data,4,tpr,DP-CVAE ε=4,baseline
0.0263157894736842,up,BRCA.Her2_BRCA.Normal,synthetic data,4,tpr,DP-CVAE ε=4,baseline
0.4375,up,BRCA.LumA_BRCA.LumB,synthetic data,4,tpr,DP-CVAE ε=4,baseline
0.0,up,BRCA.LumA_BRCA.Normal,synthetic data,4,tpr,DP-CVAE ε=4,baseline
0.0327868852459016,up,BRCA.LumB_BRCA.Normal,synthetic data,4,tpr,DP-CVAE ε=4,baseline
0.236363636363636,down,BRCA.Basal_BRCA.Her2,synthetic data,4,tpr,DP-CVAE ε=4,baseline
0.261682242990654,down,BRCA.Basal_BRCA.LumA,synthetic data,4,tpr,DP-CVAE ε=4,baseline
0.252427184466019,down,BRCA.Basal_BRCA.LumB,synthetic data,4,tpr,DP-CVAE ε=4,baseline
0.224489795918367,down,BRCA.Basal_BRCA.Normal,synthetic data,4,tpr,DP-CVAE ε=4,baseline
0.0909090909090909,down,BRCA.Her2_BRCA.LumA,synthetic data,4,tpr,DP-CVAE ε=4,baseline
0.0714285714285714,down,BRCA.Her2_BRCA.LumB,synthetic data,4,tpr,DP-CVAE ε=4,baseline
0.153846153846154,down,BRCA.Her2_BRCA.Normal,synthetic data,4,tpr,DP-CVAE ε=4,baseline
0.19047619047619,down,BRCA.LumA_BRCA.LumB,synthetic data,4,tpr,DP-CVAE ε=4,baseline
0.181818181818182,down,BRCA.LumA_BRCA.Normal,synthetic data,4,tpr,DP-CVAE ε=4,baseline
0.123456790123457,down,BRCA.LumB_BRCA.Normal,synthetic data,4,tpr,DP-CVAE ε=4,baseline
0.0,up,BRCA.Basal_BRCA.Her2,real data,2,fpr,DP-CVAE ε=4,baseline
0.0,up,BRCA.Basal_BRCA.LumA,real data,2,fpr,DP-CVAE ε=4,baseline
0.0,up,BRCA.Basal_BRCA.LumB,real data,2,fpr,DP-CVAE ε=4,baseline
0.0,up,BRCA.Basal_BRCA.Normal,real data,2,fpr,DP-CVAE ε=4,baseline
0.0,up,BRCA.Her2_BRCA.LumA,real data,2,fpr,DP-CVAE ε=4,baseline
0.0,up,BRCA.Her2_BRCA.LumB,real data,2,fpr,DP-CVAE ε=4,baseline
0.0,up,BRCA.Her2_BRCA.Normal,real data,2,fpr,DP-CVAE ε=4,baseline
0.0,up,BRCA.LumA_BRCA.LumB,real data,2,fpr,DP-CVAE ε=4,baseline
0.0,up,BRCA.LumA_BRCA.Normal,real data,2,fpr,DP-CVAE ε=4,baseline
0.0,up,BRCA.LumB_BRCA.Normal,real data,2,fpr,DP-CVAE ε=4,baseline
0.0,down,BRCA.Basal_BRCA.Her2,real data,2,fpr,DP-CVAE ε=4,baseline
0.0,down,BRCA.Basal_BRCA.LumA,real data,2,fpr,DP-CVAE ε=4,baseline
0.0,down,BRCA.Basal_BRCA.LumB,real data,2,fpr,DP-CVAE ε=4,baseline
0.0,down,BRCA.Basal_BRCA.Normal,real data,2,fpr,DP-CVAE ε=4,baseline
0.0,down,BRCA.Her2_BRCA.LumA,real data,2,fpr,DP-CVAE ε=4,baseline
0.0,down,BRCA.Her2_BRCA.LumB,real data,2,fpr,DP-CVAE ε=4,baseline
0.0,down,BRCA.Her2_BRCA.Normal,real data,2,fpr,DP-CVAE ε=4,baseline
0.0,down,BRCA.LumA_BRCA.LumB,real data,2,fpr,DP-CVAE ε=4,baseline
0.0,down,BRCA.LumA_BRCA.Normal,real data,2,fpr,DP-CVAE ε=4,baseline
0.0,down,BRCA.LumB_BRCA.Normal,real data,2,fpr,DP-CVAE ε=4,baseline
0.119305856832972,up,BRCA.Basal_BRCA.Her2,synthetic data,2,fpr,DP-CVAE ε=4,baseline
0.194125159642401,up,BRCA.Basal_BRCA.LumA,synthetic data,2,fpr,DP-CVAE ε=4,baseline
0.181389870435807,up,BRCA.Basal_BRCA.LumB,synthetic data,2,fpr,DP-CVAE ε=4,baseline
0.139821029082774,up,BRCA.Basal_BRCA.Normal,synthetic data,2,fpr,DP-CVAE ε=4,baseline
0.0833333333333333,up,BRCA.Her2_BRCA.LumA,synthetic data,2,fpr,DP-CVAE ε=4,baseline
0.0354906054279749,up,BRCA.Her2_BRCA.LumB,synthetic data,2,fpr,DP-CVAE ε=4,baseline
0.0430570505920344,up,BRCA.Her2_BRCA.Normal,synthetic data,2,fpr,DP-CVAE ε=4,baseline
0.146417445482866,up,BRCA.LumA_BRCA.LumB,synthetic data,2,fpr,DP-CVAE ε=4,baseline
0.0661157024793388,up,BRCA.LumA_BRCA.Normal,synthetic data,2,fpr,DP-CVAE ε=4,baseline
0.0514786418400876,up,BRCA.LumB_BRCA.Normal,synthetic data,2,fpr,DP-CVAE ε=4,baseline
0.121343445287107,down,BRCA.Basal_BRCA.Her2,synthetic data,2,fpr,DP-CVAE ε=4,baseline
0.186926605504587,down,BRCA.Basal_BRCA.LumA,synthetic data,2,fpr,DP-CVAE ε=4,baseline
0.158494868871152,down,BRCA.Basal_BRCA.LumB,synthetic data,2,fpr,DP-CVAE ε=4,baseline
0.112554112554113,down,BRCA.Basal_BRCA.Normal,synthetic data,2,fpr,DP-CVAE ε=4,baseline
0.0712041884816754,down,BRCA.Her2_BRCA.LumA,synthetic data,2,fpr,DP-CVAE ε=4,baseline
0.0425752855659398,down,BRCA.Her2_BRCA.LumB,synthetic data,2,fpr,DP-CVAE ε=4,baseline
0.0478723404255319,down,BRCA.Her2_BRCA.Normal,synthetic data,2,fpr,DP-CVAE ε=4,baseline
0.139658848614072,down,BRCA.LumA_BRCA.LumB,synthetic data,2,fpr,DP-CVAE ε=4,baseline
0.0692963752665245,down,BRCA.LumA_BRCA.Normal,synthetic data,2,fpr,DP-CVAE ε=4,baseline
0.0491071428571429,down,BRCA.LumB_BRCA.Normal,synthetic data,2,fpr,DP-CVAE ε=4,baseline
0.0,up,BRCA.Basal_BRCA.Her2,real data,1,fpr,DP-CVAE ε=4,baseline
0.0,up,BRCA.Basal_BRCA.LumA,real data,1,fpr,DP-CVAE ε=4,baseline
0.0,up,BRCA.Basal_BRCA.LumB,real data,1,fpr,DP-CVAE ε=4,baseline
0.0,up,BRCA.Basal_BRCA.Normal,real data,1,fpr,DP-CVAE ε=4,baseline
0.0,up,BRCA.Her2_BRCA.LumA,real data,1,fpr,DP-CVAE ε=4,baseline
0.0,up,BRCA.Her2_BRCA.LumB,real data,1,fpr,DP-CVAE ε=4,baseline
0.0,up,BRCA.Her2_BRCA.Normal,real data,1,fpr,DP-CVAE ε=4,baseline
0.0,up,BRCA.LumA_BRCA.LumB,real data,1,fpr,DP-CVAE ε=4,baseline
0.0,up,BRCA.LumA_BRCA.Normal,real data,1,fpr,DP-CVAE ε=4,baseline
0.0,up,BRCA.LumB_BRCA.Normal,real data,1,fpr,DP-CVAE ε=4,baseline
0.0,down,BRCA.Basal_BRCA.Her2,real data,1,fpr,DP-CVAE ε=4,baseline
0.0,down,BRCA.Basal_BRCA.LumA,real data,1,fpr,DP-CVAE ε=4,baseline
0.0,down,BRCA.Basal_BRCA.LumB,real data,1,fpr,DP-CVAE ε=4,baseline
0.0,down,BRCA.Basal_BRCA.Normal,real data,1,fpr,DP-CVAE ε=4,baseline
0.0,down,BRCA.Her2_BRCA.LumA,real data,1,fpr,DP-CVAE ε=4,baseline
0.0,down,BRCA.Her2_BRCA.LumB,real data,1,fpr,DP-CVAE ε=4,baseline
0.0,down,BRCA.Her2_BRCA.Normal,real data,1,fpr,DP-CVAE ε=4,baseline
0.0,down,BRCA.LumA_BRCA.LumB,real data,1,fpr,DP-CVAE ε=4,baseline
0.0,down,BRCA.LumA_BRCA.Normal,real data,1,fpr,DP-CVAE ε=4,baseline
0.0,down,BRCA.LumB_BRCA.Normal,real data,1,fpr,DP-CVAE ε=4,baseline
0.120430107526882,up,BRCA.Basal_BRCA.Her2,synthetic data,1,fpr,DP-CVAE ε=4,baseline
0.177890724269377,up,BRCA.Basal_BRCA.LumA,synthetic data,1,fpr,DP-CVAE ε=4,baseline
0.169789227166276,up,BRCA.Basal_BRCA.LumB,synthetic data,1,fpr,DP-CVAE ε=4,baseline
0.129424778761062,up,BRCA.Basal_BRCA.Normal,synthetic data,1,fpr,DP-CVAE ε=4,baseline
0.0769230769230769,up,BRCA.Her2_BRCA.LumA,synthetic data,1,fpr,DP-CVAE ε=4,baseline
0.0469238790406674,up,BRCA.Her2_BRCA.LumB,synthetic data,1,fpr,DP-CVAE ε=4,baseline
0.0545454545454545,up,BRCA.Her2_BRCA.Normal,synthetic data,1,fpr,DP-CVAE ε=4,baseline
0.146722164412071,up,BRCA.LumA_BRCA.LumB,synthetic data,1,fpr,DP-CVAE ε=4,baseline
0.0588842975206612,up,BRCA.LumA_BRCA.Normal,synthetic data,1,fpr,DP-CVAE ε=4,baseline
0.0573318632855568,up,BRCA.LumB_BRCA.Normal,synthetic data,1,fpr,DP-CVAE ε=4,baseline
0.123789020452099,down,BRCA.Basal_BRCA.Her2,synthetic data,1,fpr,DP-CVAE ε=4,baseline
0.176403207331042,down,BRCA.Basal_BRCA.LumA,synthetic data,1,fpr,DP-CVAE ε=4,baseline
0.149543378995434,down,BRCA.Basal_BRCA.LumB,synthetic data,1,fpr,DP-CVAE ε=4,baseline
0.105263157894737,down,BRCA.Basal_BRCA.Normal,synthetic data,1,fpr,DP-CVAE ε=4,baseline
0.0730688935281837,down,BRCA.Her2_BRCA.LumA,synthetic data,1,fpr,DP-CVAE ε=4,baseline
0.0404145077720207,down,BRCA.Her2_BRCA.LumB,synthetic data,1,fpr,DP-CVAE ε=4,baseline
0.0517970401691332,down,BRCA.Her2_BRCA.Normal,synthetic data,1,fpr,DP-CVAE ε=4,baseline
0.133689839572193,down,BRCA.LumA_BRCA.LumB,synthetic data,1,fpr,DP-CVAE ε=4,baseline
0.0454545454545455,down,BRCA.LumA_BRCA.Normal,synthetic data,1,fpr,DP-CVAE ε=4,baseline
0.0486725663716814,down,BRCA.LumB_BRCA.Normal,synthetic data,1,fpr,DP-CVAE ε=4,baseline
0.0,up,BRCA.Basal_BRCA.Her2,real data,3,fpr,DP-CVAE ε=4,baseline
0.0,up,BRCA.Basal_BRCA.LumA,real data,3,fpr,DP-CVAE ε=4,baseline
0.0,up,BRCA.Basal_BRCA.LumB,real data,3,fpr,DP-CVAE ε=4,baseline
0.0,up,BRCA.Basal_BRCA.Normal,real data,3,fpr,DP-CVAE ε=4,baseline
0.0,up,BRCA.Her2_BRCA.LumA,real data,3,fpr,DP-CVAE ε=4,baseline
0.0,up,BRCA.Her2_BRCA.LumB,real data,3,fpr,DP-CVAE ε=4,baseline
0.0,up,BRCA.Her2_BRCA.Normal,real data,3,fpr,DP-CVAE ε=4,baseline
0.0,up,BRCA.LumA_BRCA.LumB,real data,3,fpr,DP-CVAE ε=4,baseline
0.0,up,BRCA.LumA_BRCA.Normal,real data,3,fpr,DP-CVAE ε=4,baseline
0.0,up,BRCA.LumB_BRCA.Normal,real data,3,fpr,DP-CVAE ε=4,baseline
0.0,down,BRCA.Basal_BRCA.Her2,real data,3,fpr,DP-CVAE ε=4,baseline
0.0,down,BRCA.Basal_BRCA.LumA,real data,3,fpr,DP-CVAE ε=4,baseline
0.0,down,BRCA.Basal_BRCA.LumB,real data,3,fpr,DP-CVAE ε=4,baseline
0.0,down,BRCA.Basal_BRCA.Normal,real data,3,fpr,DP-CVAE ε=4,baseline
0.0,down,BRCA.Her2_BRCA.LumA,real data,3,fpr,DP-CVAE ε=4,baseline
0.0,down,BRCA.Her2_BRCA.LumB,real data,3,fpr,DP-CVAE ε=4,baseline
0.0,down,BRCA.Her2_BRCA.Normal,real data,3,fpr,DP-CVAE ε=4,baseline
0.0,down,BRCA.LumA_BRCA.LumB,real data,3,fpr,DP-CVAE ε=4,baseline
0.0,down,BRCA.LumA_BRCA.Normal,real data,3,fpr,DP-CVAE ε=4,baseline
0.0,down,BRCA.LumB_BRCA.Normal,real data,3,fpr,DP-CVAE ε=4,baseline
0.123390557939914,up,BRCA.Basal_BRCA.Her2,synthetic data,3,fpr,DP-CVAE ε=4,baseline
0.203562340966921,up,BRCA.Basal_BRCA.LumA,synthetic data,3,fpr,DP-CVAE ε=4,baseline
0.174882629107981,up,BRCA.Basal_BRCA.LumB,synthetic data,3,fpr,DP-CVAE ε=4,baseline
0.135254988913525,up,BRCA.Basal_BRCA.Normal,synthetic data,3,fpr,DP-CVAE ε=4,baseline
0.0889132821075741,up,BRCA.Her2_BRCA.LumA,synthetic data,3,fpr,DP-CVAE ε=4,baseline
0.0437044745057232,up,BRCA.Her2_BRCA.LumB,synthetic data,3,fpr,DP-CVAE ε=4,baseline
0.0438972162740899,up,BRCA.Her2_BRCA.Normal,synthetic data,3,fpr,DP-CVAE ε=4,baseline
0.155440414507772,up,BRCA.LumA_BRCA.LumB,synthetic data,3,fpr,DP-CVAE ε=4,baseline
0.0423553719008264,up,BRCA.LumA_BRCA.Normal,synthetic data,3,fpr,DP-CVAE ε=4,baseline
0.0392156862745098,up,BRCA.LumB_BRCA.Normal,synthetic data,3,fpr,DP-CVAE ε=4,baseline
0.128755364806867,down,BRCA.Basal_BRCA.Her2,synthetic data,3,fpr,DP-CVAE ε=4,baseline
0.196551724137931,down,BRCA.Basal_BRCA.LumA,synthetic data,3,fpr,DP-CVAE ε=4,baseline
0.149152542372881,down,BRCA.Basal_BRCA.LumB,synthetic data,3,fpr,DP-CVAE ε=4,baseline
0.106223175965665,down,BRCA.Basal_BRCA.Normal,synthetic data,3,fpr,DP-CVAE ε=4,baseline
0.0752351097178683,down,BRCA.Her2_BRCA.LumA,synthetic data,3,fpr,DP-CVAE ε=4,baseline
0.045643153526971,down,BRCA.Her2_BRCA.LumB,synthetic data,3,fpr,DP-CVAE ε=4,baseline
0.037037037037037,down,BRCA.Her2_BRCA.Normal,synthetic data,3,fpr,DP-CVAE ε=4,baseline
0.14498933901919,down,BRCA.LumA_BRCA.LumB,synthetic data,3,fpr,DP-CVAE ε=4,baseline
0.035978835978836,down,BRCA.LumA_BRCA.Normal,synthetic data,3,fpr,DP-CVAE ε=4,baseline
0.0438116100766703,down,BRCA.LumB_BRCA.Normal,synthetic data,3,fpr,DP-CVAE ε=4,baseline
0.0,up,BRCA.Basal_BRCA.Her2,real data,5,fpr,DP-CVAE ε=4,baseline
0.0,up,BRCA.Basal_BRCA.LumA,real data,5,fpr,DP-CVAE ε=4,baseline
0.0,up,BRCA.Basal_BRCA.LumB,real data,5,fpr,DP-CVAE ε=4,baseline
0.0,up,BRCA.Basal_BRCA.Normal,real data,5,fpr,DP-CVAE ε=4,baseline
0.0,up,BRCA.Her2_BRCA.LumA,real data,5,fpr,DP-CVAE ε=4,baseline
0.0,up,BRCA.Her2_BRCA.LumB,real data,5,fpr,DP-CVAE ε=4,baseline
0.0,up,BRCA.Her2_BRCA.Normal,real data,5,fpr,DP-CVAE ε=4,baseline
0.0,up,BRCA.LumA_BRCA.LumB,real data,5,fpr,DP-CVAE ε=4,baseline
0.0,up,BRCA.LumA_BRCA.Normal,real data,5,fpr,DP-CVAE ε=4,baseline
0.0,up,BRCA.LumB_BRCA.Normal,real data,5,fpr,DP-CVAE ε=4,baseline
0.0,down,BRCA.Basal_BRCA.Her2,real data,5,fpr,DP-CVAE ε=4,baseline
0.0,down,BRCA.Basal_BRCA.LumA,real data,5,fpr,DP-CVAE ε=4,baseline
0.0,down,BRCA.Basal_BRCA.LumB,real data,5,fpr,DP-CVAE ε=4,baseline
0.0,down,BRCA.Basal_BRCA.Normal,real data,5,fpr,DP-CVAE ε=4,baseline
0.0,down,BRCA.Her2_BRCA.LumA,real data,5,fpr,DP-CVAE ε=4,baseline
0.0,down,BRCA.Her2_BRCA.LumB,real data,5,fpr,DP-CVAE ε=4,baseline
0.0,down,BRCA.Her2_BRCA.Normal,real data,5,fpr,DP-CVAE ε=4,baseline
0.0,down,BRCA.LumA_BRCA.LumB,real data,5,fpr,DP-CVAE ε=4,baseline
0.0,down,BRCA.LumA_BRCA.Normal,real data,5,fpr,DP-CVAE ε=4,baseline
0.0,down,BRCA.LumB_BRCA.Normal,real data,5,fpr,DP-CVAE ε=4,baseline
0.131974248927039,up,BRCA.Basal_BRCA.Her2,synthetic data,5,fpr,DP-CVAE ε=4,baseline
0.192111959287532,up,BRCA.Basal_BRCA.LumA,synthetic data,5,fpr,DP-CVAE ε=4,baseline
0.18096357226792,up,BRCA.Basal_BRCA.LumB,synthetic data,5,fpr,DP-CVAE ε=4,baseline
0.147157190635452,up,BRCA.Basal_BRCA.Normal,synthetic data,5,fpr,DP-CVAE ε=4,baseline
0.0714285714285714,up,BRCA.Her2_BRCA.LumA,synthetic data,5,fpr,DP-CVAE ε=4,baseline
0.0552083333333333,up,BRCA.Her2_BRCA.LumB,synthetic data,5,fpr,DP-CVAE ε=4,baseline
0.0676532769556025,up,BRCA.Her2_BRCA.Normal,synthetic data,5,fpr,DP-CVAE ε=4,baseline
0.149222797927461,up,BRCA.LumA_BRCA.LumB,synthetic data,5,fpr,DP-CVAE ε=4,baseline
0.0546955624355005,up,BRCA.LumA_BRCA.Normal,synthetic data,5,fpr,DP-CVAE ε=4,baseline
0.0585683297180043,up,BRCA.LumB_BRCA.Normal,synthetic data,5,fpr,DP-CVAE ε=4,baseline
0.122844827586207,down,BRCA.Basal_BRCA.Her2,synthetic data,5,fpr,DP-CVAE ε=4,baseline
0.183908045977011,down,BRCA.Basal_BRCA.LumA,synthetic data,5,fpr,DP-CVAE ε=4,baseline
0.149202733485194,down,BRCA.Basal_BRCA.LumB,synthetic data,5,fpr,DP-CVAE ε=4,baseline
0.11316648531012,down,BRCA.Basal_BRCA.Normal,synthetic data,5,fpr,DP-CVAE ε=4,baseline
0.0679205851619645,down,BRCA.Her2_BRCA.LumA,synthetic data,5,fpr,DP-CVAE ε=4,baseline
0.0385015608740895,down,BRCA.Her2_BRCA.LumB,synthetic data,5,fpr,DP-CVAE ε=4,baseline
0.0515789473684211,down,BRCA.Her2_BRCA.Normal,synthetic data,5,fpr,DP-CVAE ε=4,baseline
0.131270010672359,down,BRCA.LumA_BRCA.LumB,synthetic data,5,fpr,DP-CVAE ε=4,baseline
0.0577731092436975,down,BRCA.LumA_BRCA.Normal,synthetic data,5,fpr,DP-CVAE ε=4,baseline
0.0542635658914729,down,BRCA.LumB_BRCA.Normal,synthetic data,5,fpr,DP-CVAE ε=4,baseline
0.0,up,BRCA.Basal_BRCA.Her2,real data,4,fpr,DP-CVAE ε=4,baseline
0.0,up,BRCA.Basal_BRCA.LumA,real data,4,fpr,DP-CVAE ε=4,baseline
0.0,up,BRCA.Basal_BRCA.LumB,real data,4,fpr,DP-CVAE ε=4,baseline
0.0,up,BRCA.Basal_BRCA.Normal,real data,4,fpr,DP-CVAE ε=4,baseline
0.0,up,BRCA.Her2_BRCA.LumA,real data,4,fpr,DP-CVAE ε=4,baseline
0.0,up,BRCA.Her2_BRCA.LumB,real data,4,fpr,DP-CVAE ε=4,baseline
0.0,up,BRCA.Her2_BRCA.Normal,real data,4,fpr,DP-CVAE ε=4,baseline
0.0,up,BRCA.LumA_BRCA.LumB,real data,4,fpr,DP-CVAE ε=4,baseline
0.0,up,BRCA.LumA_BRCA.Normal,real data,4,fpr,DP-CVAE ε=4,baseline
0.0,up,BRCA.LumB_BRCA.Normal,real data,4,fpr,DP-CVAE ε=4,baseline
0.0,down,BRCA.Basal_BRCA.Her2,real data,4,fpr,DP-CVAE ε=4,baseline
0.0,down,BRCA.Basal_BRCA.LumA,real data,4,fpr,DP-CVAE ε=4,baseline
0.0,down,BRCA.Basal_BRCA.LumB,real data,4,fpr,DP-CVAE ε=4,baseline
0.0,down,BRCA.Basal_BRCA.Normal,real data,4,fpr,DP-CVAE ε=4,baseline
0.0,down,BRCA.Her2_BRCA.LumA,real data,4,fpr,DP-CVAE ε=4,baseline
0.0,down,BRCA.Her2_BRCA.LumB,real data,4,fpr,DP-CVAE ε=4,baseline
0.0,down,BRCA.Her2_BRCA.Normal,real data,4,fpr,DP-CVAE ε=4,baseline
0.0,down,BRCA.LumA_BRCA.LumB,real data,4,fpr,DP-CVAE ε=4,baseline
0.0,down,BRCA.LumA_BRCA.Normal,real data,4,fpr,DP-CVAE ε=4,baseline
0.0,down,BRCA.LumB_BRCA.Normal,real data,4,fpr,DP-CVAE ε=4,baseline
0.132686084142395,up,BRCA.Basal_BRCA.Her2,synthetic data,4,fpr,DP-CVAE ε=4,baseline
0.192893401015228,up,BRCA.Basal_BRCA.LumA,synthetic data,4,fpr,DP-CVAE ε=4,baseline
0.189473684210526,up,BRCA.Basal_BRCA.LumB,synthetic data,4,fpr,DP-CVAE ε=4,baseline
0.141602634467618,up,BRCA.Basal_BRCA.Normal,synthetic data,4,fpr,DP-CVAE ε=4,baseline
0.0835164835164835,up,BRCA.Her2_BRCA.LumA,synthetic data,4,fpr,DP-CVAE ε=4,baseline
0.0520833333333333,up,BRCA.Her2_BRCA.LumB,synthetic data,4,fpr,DP-CVAE ε=4,baseline
0.0595744680851064,up,BRCA.Her2_BRCA.Normal,synthetic data,4,fpr,DP-CVAE ε=4,baseline
0.155925155925156,up,BRCA.LumA_BRCA.LumB,synthetic data,4,fpr,DP-CVAE ε=4,baseline
0.0778008298755187,up,BRCA.LumA_BRCA.Normal,synthetic data,4,fpr,DP-CVAE ε=4,baseline
0.0534351145038168,up,BRCA.LumB_BRCA.Normal,synthetic data,4,fpr,DP-CVAE ε=4,baseline
0.118093174431203,down,BRCA.Basal_BRCA.Her2,synthetic data,4,fpr,DP-CVAE ε=4,baseline
0.198622273249139,down,BRCA.Basal_BRCA.LumA,synthetic data,4,fpr,DP-CVAE ε=4,baseline
0.168,down,BRCA.Basal_BRCA.LumB,synthetic data,4,fpr,DP-CVAE ε=4,baseline
0.121636167922497,down,BRCA.Basal_BRCA.Normal,synthetic data,4,fpr,DP-CVAE ε=4,baseline
0.0700836820083682,down,BRCA.Her2_BRCA.LumA,synthetic data,4,fpr,DP-CVAE ε=4,baseline
0.037344398340249,down,BRCA.Her2_BRCA.LumB,synthetic data,4,fpr,DP-CVAE ε=4,baseline
0.0425985090521832,down,BRCA.Her2_BRCA.Normal,synthetic data,4,fpr,DP-CVAE ε=4,baseline
0.139957264957265,down,BRCA.LumA_BRCA.LumB,synthetic data,4,fpr,DP-CVAE ε=4,baseline
0.0666666666666667,down,BRCA.LumA_BRCA.Normal,synthetic data,4,fpr,DP-CVAE ε=4,baseline
0.0557413600891862,down,BRCA.LumB_BRCA.Normal,synthetic data,4,fpr,DP-CVAE ε=4,baseline
1.0,up,BRCA.Basal_BRCA.Her2,real data,2,tpr,CTGAN,baseline
1.0,up,BRCA.Basal_BRCA.LumA,real data,2,tpr,CTGAN,baseline
1.0,up,BRCA.Basal_BRCA.LumB,real data,2,tpr,CTGAN,baseline
1.0,up,BRCA.Basal_BRCA.Normal,real data,2,tpr,CTGAN,baseline
1.0,up,BRCA.Her2_BRCA.LumA,real data,2,tpr,CTGAN,baseline
1.0,up,BRCA.Her2_BRCA.LumB,real data,2,tpr,CTGAN,baseline
1.0,up,BRCA.Her2_BRCA.Normal,real data,2,tpr,CTGAN,baseline
1.0,up,BRCA.LumA_BRCA.LumB,real data,2,tpr,CTGAN,baseline
1.0,up,BRCA.LumA_BRCA.Normal,real data,2,tpr,CTGAN,baseline
1.0,up,BRCA.LumB_BRCA.Normal,real data,2,tpr,CTGAN,baseline
1.0,down,BRCA.Basal_BRCA.Her2,real data,2,tpr,CTGAN,baseline
1.0,down,BRCA.Basal_BRCA.LumA,real data,2,tpr,CTGAN,baseline
1.0,down,BRCA.Basal_BRCA.LumB,real data,2,tpr,CTGAN,baseline
1.0,down,BRCA.Basal_BRCA.Normal,real data,2,tpr,CTGAN,baseline
1.0,down,BRCA.Her2_BRCA.LumA,real data,2,tpr,CTGAN,baseline
1.0,down,BRCA.Her2_BRCA.LumB,real data,2,tpr,CTGAN,baseline
1.0,down,BRCA.Her2_BRCA.Normal,real data,2,tpr,CTGAN,baseline
1.0,down,BRCA.LumA_BRCA.LumB,real data,2,tpr,CTGAN,baseline
1.0,down,BRCA.LumA_BRCA.Normal,real data,2,tpr,CTGAN,baseline
1.0,down,BRCA.LumB_BRCA.Normal,real data,2,tpr,CTGAN,baseline
0.0,up,BRCA.Basal_BRCA.Her2,synthetic data,2,tpr,CTGAN,baseline
0.0,up,BRCA.Basal_BRCA.LumA,synthetic data,2,tpr,CTGAN,baseline
0.0,up,BRCA.Basal_BRCA.LumB,synthetic data,2,tpr,CTGAN,baseline
0.0,up,BRCA.Basal_BRCA.Normal,synthetic data,2,tpr,CTGAN,baseline
0.0,up,BRCA.Her2_BRCA.LumA,synthetic data,2,tpr,CTGAN,baseline
0.0,up,BRCA.Her2_BRCA.LumB,synthetic data,2,tpr,CTGAN,baseline
0.0,up,BRCA.Her2_BRCA.Normal,synthetic data,2,tpr,CTGAN,baseline
0.0,up,BRCA.LumA_BRCA.LumB,synthetic data,2,tpr,CTGAN,baseline
0.0,up,BRCA.LumA_BRCA.Normal,synthetic data,2,tpr,CTGAN,baseline
0.0,up,BRCA.LumB_BRCA.Normal,synthetic data,2,tpr,CTGAN,baseline
0.0,down,BRCA.Basal_BRCA.Her2,synthetic data,2,tpr,CTGAN,baseline
0.0,down,BRCA.Basal_BRCA.LumA,synthetic data,2,tpr,CTGAN,baseline
0.0,down,BRCA.Basal_BRCA.LumB,synthetic data,2,tpr,CTGAN,baseline
0.0,down,BRCA.Basal_BRCA.Normal,synthetic data,2,tpr,CTGAN,baseline
0.0,down,BRCA.Her2_BRCA.LumA,synthetic data,2,tpr,CTGAN,baseline
0.0,down,BRCA.Her2_BRCA.LumB,synthetic data,2,tpr,CTGAN,baseline
0.0,down,BRCA.Her2_BRCA.Normal,synthetic data,2,tpr,CTGAN,baseline
0.0,down,BRCA.LumA_BRCA.LumB,synthetic data,2,tpr,CTGAN,baseline
0.0,down,BRCA.LumA_BRCA.Normal,synthetic data,2,tpr,CTGAN,baseline
0.0,down,BRCA.LumB_BRCA.Normal,synthetic data,2,tpr,CTGAN,baseline
1.0,up,BRCA.Basal_BRCA.Her2,real data,1,tpr,CTGAN,baseline
1.0,up,BRCA.Basal_BRCA.LumA,real data,1,tpr,CTGAN,baseline
1.0,up,BRCA.Basal_BRCA.LumB,real data,1,tpr,CTGAN,baseline
1.0,up,BRCA.Basal_BRCA.Normal,real data,1,tpr,CTGAN,baseline
1.0,up,BRCA.Her2_BRCA.LumA,real data,1,tpr,CTGAN,baseline
1.0,up,BRCA.Her2_BRCA.LumB,real data,1,tpr,CTGAN,baseline
1.0,up,BRCA.Her2_BRCA.Normal,real data,1,tpr,CTGAN,baseline
1.0,up,BRCA.LumA_BRCA.LumB,real data,1,tpr,CTGAN,baseline
1.0,up,BRCA.LumA_BRCA.Normal,real data,1,tpr,CTGAN,baseline
1.0,up,BRCA.LumB_BRCA.Normal,real data,1,tpr,CTGAN,baseline
1.0,down,BRCA.Basal_BRCA.Her2,real data,1,tpr,CTGAN,baseline
1.0,down,BRCA.Basal_BRCA.LumA,real data,1,tpr,CTGAN,baseline
1.0,down,BRCA.Basal_BRCA.LumB,real data,1,tpr,CTGAN,baseline
1.0,down,BRCA.Basal_BRCA.Normal,real data,1,tpr,CTGAN,baseline
1.0,down,BRCA.Her2_BRCA.LumA,real data,1,tpr,CTGAN,baseline
1.0,down,BRCA.Her2_BRCA.LumB,real data,1,tpr,CTGAN,baseline
1.0,down,BRCA.Her2_BRCA.Normal,real data,1,tpr,CTGAN,baseline
1.0,down,BRCA.LumA_BRCA.LumB,real data,1,tpr,CTGAN,baseline
1.0,down,BRCA.LumA_BRCA.Normal,real data,1,tpr,CTGAN,baseline
1.0,down,BRCA.LumB_BRCA.Normal,real data,1,tpr,CTGAN,baseline
0.0,up,BRCA.Basal_BRCA.Her2,synthetic data,1,tpr,CTGAN,baseline
0.0,up,BRCA.Basal_BRCA.LumA,synthetic data,1,tpr,CTGAN,baseline
0.0,up,BRCA.Basal_BRCA.LumB,synthetic data,1,tpr,CTGAN,baseline
0.0,up,BRCA.Basal_BRCA.Normal,synthetic data,1,tpr,CTGAN,baseline
0.0,up,BRCA.Her2_BRCA.LumA,synthetic data,1,tpr,CTGAN,baseline
0.0,up,BRCA.Her2_BRCA.LumB,synthetic data,1,tpr,CTGAN,baseline
0.0,up,BRCA.Her2_BRCA.Normal,synthetic data,1,tpr,CTGAN,baseline
0.0,up,BRCA.LumA_BRCA.LumB,synthetic data,1,tpr,CTGAN,baseline
0.0,up,BRCA.LumA_BRCA.Normal,synthetic data,1,tpr,CTGAN,baseline
0.0,up,BRCA.LumB_BRCA.Normal,synthetic data,1,tpr,CTGAN,baseline
0.0,down,BRCA.Basal_BRCA.Her2,synthetic data,1,tpr,CTGAN,baseline
0.0,down,BRCA.Basal_BRCA.LumA,synthetic data,1,tpr,CTGAN,baseline
0.0,down,BRCA.Basal_BRCA.LumB,synthetic data,1,tpr,CTGAN,baseline
0.0,down,BRCA.Basal_BRCA.Normal,synthetic data,1,tpr,CTGAN,baseline
0.0,down,BRCA.Her2_BRCA.LumA,synthetic data,1,tpr,CTGAN,baseline
0.0,down,BRCA.Her2_BRCA.LumB,synthetic data,1,tpr,CTGAN,baseline
0.0,down,BRCA.Her2_BRCA.Normal,synthetic data,1,tpr,CTGAN,baseline
0.0,down,BRCA.LumA_BRCA.LumB,synthetic data,1,tpr,CTGAN,baseline
0.0,down,BRCA.LumA_BRCA.Normal,synthetic data,1,tpr,CTGAN,baseline
0.0,down,BRCA.LumB_BRCA.Normal,synthetic data,1,tpr,CTGAN,baseline
1.0,up,BRCA.Basal_BRCA.Her2,real data,3,tpr,CTGAN,baseline
1.0,up,BRCA.Basal_BRCA.LumA,real data,3,tpr,CTGAN,baseline
1.0,up,BRCA.Basal_BRCA.LumB,real data,3,tpr,CTGAN,baseline
1.0,up,BRCA.Basal_BRCA.Normal,real data,3,tpr,CTGAN,baseline
1.0,up,BRCA.Her2_BRCA.LumA,real data,3,tpr,CTGAN,baseline
1.0,up,BRCA.Her2_BRCA.LumB,real data,3,tpr,CTGAN,baseline
1.0,up,BRCA.Her2_BRCA.Normal,real data,3,tpr,CTGAN,baseline
1.0,up,BRCA.LumA_BRCA.LumB,real data,3,tpr,CTGAN,baseline
1.0,up,BRCA.LumA_BRCA.Normal,real data,3,tpr,CTGAN,baseline
1.0,up,BRCA.LumB_BRCA.Normal,real data,3,tpr,CTGAN,baseline
1.0,down,BRCA.Basal_BRCA.Her2,real data,3,tpr,CTGAN,baseline
1.0,down,BRCA.Basal_BRCA.LumA,real data,3,tpr,CTGAN,baseline
1.0,down,BRCA.Basal_BRCA.LumB,real data,3,tpr,CTGAN,baseline
1.0,down,BRCA.Basal_BRCA.Normal,real data,3,tpr,CTGAN,baseline
1.0,down,BRCA.Her2_BRCA.LumA,real data,3,tpr,CTGAN,baseline
1.0,down,BRCA.Her2_BRCA.LumB,real data,3,tpr,CTGAN,baseline
1.0,down,BRCA.Her2_BRCA.Normal,real data,3,tpr,CTGAN,baseline
1.0,down,BRCA.LumA_BRCA.LumB,real data,3,tpr,CTGAN,baseline
1.0,down,BRCA.LumA_BRCA.Normal,real data,3,tpr,CTGAN,baseline
1.0,down,BRCA.LumB_BRCA.Normal,real data,3,tpr,CTGAN,baseline
0.0,up,BRCA.Basal_BRCA.Her2,synthetic data,3,tpr,CTGAN,baseline
0.0,up,BRCA.Basal_BRCA.LumA,synthetic data,3,tpr,CTGAN,baseline
0.0,up,BRCA.Basal_BRCA.LumB,synthetic data,3,tpr,CTGAN,baseline
0.0,up,BRCA.Basal_BRCA.Normal,synthetic data,3,tpr,CTGAN,baseline
0.0,up,BRCA.Her2_BRCA.LumA,synthetic data,3,tpr,CTGAN,baseline
0.0,up,BRCA.Her2_BRCA.LumB,synthetic data,3,tpr,CTGAN,baseline
0.0,up,BRCA.Her2_BRCA.Normal,synthetic data,3,tpr,CTGAN,baseline
0.0,up,BRCA.LumA_BRCA.LumB,synthetic data,3,tpr,CTGAN,baseline
0.0,up,BRCA.LumA_BRCA.Normal,synthetic data,3,tpr,CTGAN,baseline
0.0,up,BRCA.LumB_BRCA.Normal,synthetic data,3,tpr,CTGAN,baseline
0.0,down,BRCA.Basal_BRCA.Her2,synthetic data,3,tpr,CTGAN,baseline
0.0,down,BRCA.Basal_BRCA.LumA,synthetic data,3,tpr,CTGAN,baseline
0.0,down,BRCA.Basal_BRCA.LumB,synthetic data,3,tpr,CTGAN,baseline
0.0,down,BRCA.Basal_BRCA.Normal,synthetic data,3,tpr,CTGAN,baseline
0.0,down,BRCA.Her2_BRCA.LumA,synthetic data,3,tpr,CTGAN,baseline
0.0,down,BRCA.Her2_BRCA.LumB,synthetic data,3,tpr,CTGAN,baseline
0.0,down,BRCA.Her2_BRCA.Normal,synthetic data,3,tpr,CTGAN,baseline
0.0,down,BRCA.LumA_BRCA.LumB,synthetic data,3,tpr,CTGAN,baseline
0.0,down,BRCA.LumA_BRCA.Normal,synthetic data,3,tpr,CTGAN,baseline
0.0,down,BRCA.LumB_BRCA.Normal,synthetic data,3,tpr,CTGAN,baseline
1.0,up,BRCA.Basal_BRCA.Her2,real data,4,tpr,CTGAN,baseline
1.0,up,BRCA.Basal_BRCA.LumA,real data,4,tpr,CTGAN,baseline
1.0,up,BRCA.Basal_BRCA.LumB,real data,4,tpr,CTGAN,baseline
1.0,up,BRCA.Basal_BRCA.Normal,real data,4,tpr,CTGAN,baseline
1.0,up,BRCA.Her2_BRCA.LumA,real data,4,tpr,CTGAN,baseline
1.0,up,BRCA.Her2_BRCA.LumB,real data,4,tpr,CTGAN,baseline
1.0,up,BRCA.Her2_BRCA.Normal,real data,4,tpr,CTGAN,baseline
1.0,up,BRCA.LumA_BRCA.LumB,real data,4,tpr,CTGAN,baseline
1.0,up,BRCA.LumA_BRCA.Normal,real data,4,tpr,CTGAN,baseline
1.0,up,BRCA.LumB_BRCA.Normal,real data,4,tpr,CTGAN,baseline
1.0,down,BRCA.Basal_BRCA.Her2,real data,4,tpr,CTGAN,baseline
1.0,down,BRCA.Basal_BRCA.LumA,real data,4,tpr,CTGAN,baseline
1.0,down,BRCA.Basal_BRCA.LumB,real data,4,tpr,CTGAN,baseline
1.0,down,BRCA.Basal_BRCA.Normal,real data,4,tpr,CTGAN,baseline
1.0,down,BRCA.Her2_BRCA.LumA,real data,4,tpr,CTGAN,baseline
1.0,down,BRCA.Her2_BRCA.LumB,real data,4,tpr,CTGAN,baseline
1.0,down,BRCA.Her2_BRCA.Normal,real data,4,tpr,CTGAN,baseline
1.0,down,BRCA.LumA_BRCA.LumB,real data,4,tpr,CTGAN,baseline
1.0,down,BRCA.LumA_BRCA.Normal,real data,4,tpr,CTGAN,baseline
1.0,down,BRCA.LumB_BRCA.Normal,real data,4,tpr,CTGAN,baseline
0.0,up,BRCA.Basal_BRCA.Her2,synthetic data,4,tpr,CTGAN,baseline
0.0,up,BRCA.Basal_BRCA.LumA,synthetic data,4,tpr,CTGAN,baseline
0.0,up,BRCA.Basal_BRCA.LumB,synthetic data,4,tpr,CTGAN,baseline
0.0,up,BRCA.Basal_BRCA.Normal,synthetic data,4,tpr,CTGAN,baseline
0.0,up,BRCA.Her2_BRCA.LumA,synthetic data,4,tpr,CTGAN,baseline
0.0,up,BRCA.Her2_BRCA.LumB,synthetic data,4,tpr,CTGAN,baseline
0.0,up,BRCA.Her2_BRCA.Normal,synthetic data,4,tpr,CTGAN,baseline
0.0,up,BRCA.LumA_BRCA.LumB,synthetic data,4,tpr,CTGAN,baseline
0.0,up,BRCA.LumA_BRCA.Normal,synthetic data,4,tpr,CTGAN,baseline
0.0,up,BRCA.LumB_BRCA.Normal,synthetic data,4,tpr,CTGAN,baseline
0.0,down,BRCA.Basal_BRCA.Her2,synthetic data,4,tpr,CTGAN,baseline
0.0,down,BRCA.Basal_BRCA.LumA,synthetic data,4,tpr,CTGAN,baseline
0.0,down,BRCA.Basal_BRCA.LumB,synthetic data,4,tpr,CTGAN,baseline
0.0,down,BRCA.Basal_BRCA.Normal,synthetic data,4,tpr,CTGAN,baseline
0.0,down,BRCA.Her2_BRCA.LumA,synthetic data,4,tpr,CTGAN,baseline
0.0,down,BRCA.Her2_BRCA.LumB,synthetic data,4,tpr,CTGAN,baseline
0.0,down,BRCA.Her2_BRCA.Normal,synthetic data,4,tpr,CTGAN,baseline
0.0,down,BRCA.LumA_BRCA.LumB,synthetic data,4,tpr,CTGAN,baseline
0.0,down,BRCA.LumA_BRCA.Normal,synthetic data,4,tpr,CTGAN,baseline
0.0,down,BRCA.LumB_BRCA.Normal,synthetic data,4,tpr,CTGAN,baseline
1.0,up,BRCA.Basal_BRCA.Her2,real data,5,tpr,CTGAN,baseline
1.0,up,BRCA.Basal_BRCA.LumA,real data,5,tpr,CTGAN,baseline
1.0,up,BRCA.Basal_BRCA.LumB,real data,5,tpr,CTGAN,baseline
1.0,up,BRCA.Basal_BRCA.Normal,real data,5,tpr,CTGAN,baseline
1.0,up,BRCA.Her2_BRCA.LumA,real data,5,tpr,CTGAN,baseline
1.0,up,BRCA.Her2_BRCA.LumB,real data,5,tpr,CTGAN,baseline
1.0,up,BRCA.Her2_BRCA.Normal,real data,5,tpr,CTGAN,baseline
1.0,up,BRCA.LumA_BRCA.LumB,real data,5,tpr,CTGAN,baseline
1.0,up,BRCA.LumA_BRCA.Normal,real data,5,tpr,CTGAN,baseline
1.0,up,BRCA.LumB_BRCA.Normal,real data,5,tpr,CTGAN,baseline
1.0,down,BRCA.Basal_BRCA.Her2,real data,5,tpr,CTGAN,baseline
1.0,down,BRCA.Basal_BRCA.LumA,real data,5,tpr,CTGAN,baseline
1.0,down,BRCA.Basal_BRCA.LumB,real data,5,tpr,CTGAN,baseline
1.0,down,BRCA.Basal_BRCA.Normal,real data,5,tpr,CTGAN,baseline
1.0,down,BRCA.Her2_BRCA.LumA,real data,5,tpr,CTGAN,baseline
1.0,down,BRCA.Her2_BRCA.LumB,real data,5,tpr,CTGAN,baseline
1.0,down,BRCA.Her2_BRCA.Normal,real data,5,tpr,CTGAN,baseline
1.0,down,BRCA.LumA_BRCA.LumB,real data,5,tpr,CTGAN,baseline
1.0,down,BRCA.LumA_BRCA.Normal,real data,5,tpr,CTGAN,baseline
1.0,down,BRCA.LumB_BRCA.Normal,real data,5,tpr,CTGAN,baseline
0.0,up,BRCA.Basal_BRCA.Her2,synthetic data,5,tpr,CTGAN,baseline
0.0,up,BRCA.Basal_BRCA.LumA,synthetic data,5,tpr,CTGAN,baseline
0.0,up,BRCA.Basal_BRCA.LumB,synthetic data,5,tpr,CTGAN,baseline
0.0,up,BRCA.Basal_BRCA.Normal,synthetic data,5,tpr,CTGAN,baseline
0.0,up,BRCA.Her2_BRCA.LumA,synthetic data,5,tpr,CTGAN,baseline
0.0,up,BRCA.Her2_BRCA.LumB,synthetic data,5,tpr,CTGAN,baseline
0.0,up,BRCA.Her2_BRCA.Normal,synthetic data,5,tpr,CTGAN,baseline
0.0,up,BRCA.LumA_BRCA.LumB,synthetic data,5,tpr,CTGAN,baseline
0.0,up,BRCA.LumA_BRCA.Normal,synthetic data,5,tpr,CTGAN,baseline
0.0,up,BRCA.LumB_BRCA.Normal,synthetic data,5,tpr,CTGAN,baseline
0.0,down,BRCA.Basal_BRCA.Her2,synthetic data,5,tpr,CTGAN,baseline
0.0,down,BRCA.Basal_BRCA.LumA,synthetic data,5,tpr,CTGAN,baseline
0.0,down,BRCA.Basal_BRCA.LumB,synthetic data,5,tpr,CTGAN,baseline
0.0,down,BRCA.Basal_BRCA.Normal,synthetic data,5,tpr,CTGAN,baseline
0.0,down,BRCA.Her2_BRCA.LumA,synthetic data,5,tpr,CTGAN,baseline
0.0,down,BRCA.Her2_BRCA.LumB,synthetic data,5,tpr,CTGAN,baseline
0.0,down,BRCA.Her2_BRCA.Normal,synthetic data,5,tpr,CTGAN,baseline
0.0,down,BRCA.LumA_BRCA.LumB,synthetic data,5,tpr,CTGAN,baseline
0.0,down,BRCA.LumA_BRCA.Normal,synthetic data,5,tpr,CTGAN,baseline
0.0,down,BRCA.LumB_BRCA.Normal,synthetic data,5,tpr,CTGAN,baseline
0.0,up,BRCA.Basal_BRCA.Her2,real data,2,fpr,CTGAN,baseline
0.0,up,BRCA.Basal_BRCA.LumA,real data,2,fpr,CTGAN,baseline
0.0,up,BRCA.Basal_BRCA.LumB,real data,2,fpr,CTGAN,baseline
0.0,up,BRCA.Basal_BRCA.Normal,real data,2,fpr,CTGAN,baseline
0.0,up,BRCA.Her2_BRCA.LumA,real data,2,fpr,CTGAN,baseline
0.0,up,BRCA.Her2_BRCA.LumB,real data,2,fpr,CTGAN,baseline
0.0,up,BRCA.Her2_BRCA.Normal,real data,2,fpr,CTGAN,baseline
0.0,up,BRCA.LumA_BRCA.LumB,real data,2,fpr,CTGAN,baseline
0.0,up,BRCA.LumA_BRCA.Normal,real data,2,fpr,CTGAN,baseline
0.0,up,BRCA.LumB_BRCA.Normal,real data,2,fpr,CTGAN,baseline
0.0,down,BRCA.Basal_BRCA.Her2,real data,2,fpr,CTGAN,baseline
0.0,down,BRCA.Basal_BRCA.LumA,real data,2,fpr,CTGAN,baseline
0.0,down,BRCA.Basal_BRCA.LumB,real data,2,fpr,CTGAN,baseline
0.0,down,BRCA.Basal_BRCA.Normal,real data,2,fpr,CTGAN,baseline
0.0,down,BRCA.Her2_BRCA.LumA,real data,2,fpr,CTGAN,baseline
0.0,down,BRCA.Her2_BRCA.LumB,real data,2,fpr,CTGAN,baseline
0.0,down,BRCA.Her2_BRCA.Normal,real data,2,fpr,CTGAN,baseline
0.0,down,BRCA.LumA_BRCA.LumB,real data,2,fpr,CTGAN,baseline
0.0,down,BRCA.LumA_BRCA.Normal,real data,2,fpr,CTGAN,baseline
0.0,down,BRCA.LumB_BRCA.Normal,real data,2,fpr,CTGAN,baseline
0.0,up,BRCA.Basal_BRCA.Her2,synthetic data,2,fpr,CTGAN,baseline
0.0,up,BRCA.Basal_BRCA.LumA,synthetic data,2,fpr,CTGAN,baseline
0.0,up,BRCA.Basal_BRCA.LumB,synthetic data,2,fpr,CTGAN,baseline
0.0,up,BRCA.Basal_BRCA.Normal,synthetic data,2,fpr,CTGAN,baseline
0.0,up,BRCA.Her2_BRCA.LumA,synthetic data,2,fpr,CTGAN,baseline
0.0,up,BRCA.Her2_BRCA.LumB,synthetic data,2,fpr,CTGAN,baseline
0.0,up,BRCA.Her2_BRCA.Normal,synthetic data,2,fpr,CTGAN,baseline
0.0,up,BRCA.LumA_BRCA.LumB,synthetic data,2,fpr,CTGAN,baseline
0.0,up,BRCA.LumA_BRCA.Normal,synthetic data,2,fpr,CTGAN,baseline
0.0,up,BRCA.LumB_BRCA.Normal,synthetic data,2,fpr,CTGAN,baseline
0.0,down,BRCA.Basal_BRCA.Her2,synthetic data,2,fpr,CTGAN,baseline
0.0,down,BRCA.Basal_BRCA.LumA,synthetic data,2,fpr,CTGAN,baseline
0.0,down,BRCA.Basal_BRCA.LumB,synthetic data,2,fpr,CTGAN,baseline
0.0,down,BRCA.Basal_BRCA.Normal,synthetic data,2,fpr,CTGAN,baseline
0.0,down,BRCA.Her2_BRCA.LumA,synthetic data,2,fpr,CTGAN,baseline
0.0,down,BRCA.Her2_BRCA.LumB,synthetic data,2,fpr,CTGAN,baseline
0.0,down,BRCA.Her2_BRCA.Normal,synthetic data,2,fpr,CTGAN,baseline
0.0,down,BRCA.LumA_BRCA.LumB,synthetic data,2,fpr,CTGAN,baseline
0.0,down,BRCA.LumA_BRCA.Normal,synthetic data,2,fpr,CTGAN,baseline
0.0,down,BRCA.LumB_BRCA.Normal,synthetic data,2,fpr,CTGAN,baseline
0.0,up,BRCA.Basal_BRCA.Her2,real data,1,fpr,CTGAN,baseline
0.0,up,BRCA.Basal_BRCA.LumA,real data,1,fpr,CTGAN,baseline
0.0,up,BRCA.Basal_BRCA.LumB,real data,1,fpr,CTGAN,baseline
0.0,up,BRCA.Basal_BRCA.Normal,real data,1,fpr,CTGAN,baseline
0.0,up,BRCA.Her2_BRCA.LumA,real data,1,fpr,CTGAN,baseline
0.0,up,BRCA.Her2_BRCA.LumB,real data,1,fpr,CTGAN,baseline
0.0,up,BRCA.Her2_BRCA.Normal,real data,1,fpr,CTGAN,baseline
0.0,up,BRCA.LumA_BRCA.LumB,real data,1,fpr,CTGAN,baseline
0.0,up,BRCA.LumA_BRCA.Normal,real data,1,fpr,CTGAN,baseline
0.0,up,BRCA.LumB_BRCA.Normal,real data,1,fpr,CTGAN,baseline
0.0,down,BRCA.Basal_BRCA.Her2,real data,1,fpr,CTGAN,baseline
0.0,down,BRCA.Basal_BRCA.LumA,real data,1,fpr,CTGAN,baseline
0.0,down,BRCA.Basal_BRCA.LumB,real data,1,fpr,CTGAN,baseline
0.0,down,BRCA.Basal_BRCA.Normal,real data,1,fpr,CTGAN,baseline
0.0,down,BRCA.Her2_BRCA.LumA,real data,1,fpr,CTGAN,baseline
0.0,down,BRCA.Her2_BRCA.LumB,real data,1,fpr,CTGAN,baseline
0.0,down,BRCA.Her2_BRCA.Normal,real data,1,fpr,CTGAN,baseline
0.0,down,BRCA.LumA_BRCA.LumB,real data,1,fpr,CTGAN,baseline
0.0,down,BRCA.LumA_BRCA.Normal,real data,1,fpr,CTGAN,baseline
0.0,down,BRCA.LumB_BRCA.Normal,real data,1,fpr,CTGAN,baseline
0.0,up,BRCA.Basal_BRCA.Her2,synthetic data,1,fpr,CTGAN,baseline
0.0,up,BRCA.Basal_BRCA.LumA,synthetic data,1,fpr,CTGAN,baseline
0.0,up,BRCA.Basal_BRCA.LumB,synthetic data,1,fpr,CTGAN,baseline
0.0,up,BRCA.Basal_BRCA.Normal,synthetic data,1,fpr,CTGAN,baseline
0.0,up,BRCA.Her2_BRCA.LumA,synthetic data,1,fpr,CTGAN,baseline
0.0,up,BRCA.Her2_BRCA.LumB,synthetic data,1,fpr,CTGAN,baseline
0.0,up,BRCA.Her2_BRCA.Normal,synthetic data,1,fpr,CTGAN,baseline
0.0,up,BRCA.LumA_BRCA.LumB,synthetic data,1,fpr,CTGAN,baseline
0.0,up,BRCA.LumA_BRCA.Normal,synthetic data,1,fpr,CTGAN,baseline
0.0,up,BRCA.LumB_BRCA.Normal,synthetic data,1,fpr,CTGAN,baseline
0.0,down,BRCA.Basal_BRCA.Her2,synthetic data,1,fpr,CTGAN,baseline
0.0,down,BRCA.Basal_BRCA.LumA,synthetic data,1,fpr,CTGAN,baseline
0.0,down,BRCA.Basal_BRCA.LumB,synthetic data,1,fpr,CTGAN,baseline
0.0,down,BRCA.Basal_BRCA.Normal,synthetic data,1,fpr,CTGAN,baseline
0.0,down,BRCA.Her2_BRCA.LumA,synthetic data,1,fpr,CTGAN,baseline
0.0,down,BRCA.Her2_BRCA.LumB,synthetic data,1,fpr,CTGAN,baseline
0.0,down,BRCA.Her2_BRCA.Normal,synthetic data,1,fpr,CTGAN,baseline
0.0,down,BRCA.LumA_BRCA.LumB,synthetic data,1,fpr,CTGAN,baseline
0.0,down,BRCA.LumA_BRCA.Normal,synthetic data,1,fpr,CTGAN,baseline
0.0,down,BRCA.LumB_BRCA.Normal,synthetic data,1,fpr,CTGAN,baseline
0.0,up,BRCA.Basal_BRCA.Her2,real data,3,fpr,CTGAN,baseline
0.0,up,BRCA.Basal_BRCA.LumA,real data,3,fpr,CTGAN,baseline
0.0,up,BRCA.Basal_BRCA.LumB,real data,3,fpr,CTGAN,baseline
0.0,up,BRCA.Basal_BRCA.Normal,real data,3,fpr,CTGAN,baseline
0.0,up,BRCA.Her2_BRCA.LumA,real data,3,fpr,CTGAN,baseline
0.0,up,BRCA.Her2_BRCA.LumB,real data,3,fpr,CTGAN,baseline
0.0,up,BRCA.Her2_BRCA.Normal,real data,3,fpr,CTGAN,baseline
0.0,up,BRCA.LumA_BRCA.LumB,real data,3,fpr,CTGAN,baseline
0.0,up,BRCA.LumA_BRCA.Normal,real data,3,fpr,CTGAN,baseline
0.0,up,BRCA.LumB_BRCA.Normal,real data,3,fpr,CTGAN,baseline
0.0,down,BRCA.Basal_BRCA.Her2,real data,3,fpr,CTGAN,baseline
0.0,down,BRCA.Basal_BRCA.LumA,real data,3,fpr,CTGAN,baseline
0.0,down,BRCA.Basal_BRCA.LumB,real data,3,fpr,CTGAN,baseline
0.0,down,BRCA.Basal_BRCA.Normal,real data,3,fpr,CTGAN,baseline
0.0,down,BRCA.Her2_BRCA.LumA,real data,3,fpr,CTGAN,baseline
0.0,down,BRCA.Her2_BRCA.LumB,real data,3,fpr,CTGAN,baseline
0.0,down,BRCA.Her2_BRCA.Normal,real data,3,fpr,CTGAN,baseline
0.0,down,BRCA.LumA_BRCA.LumB,real data,3,fpr,CTGAN,baseline
0.0,down,BRCA.LumA_BRCA.Normal,real data,3,fpr,CTGAN,baseline
0.0,down,BRCA.LumB_BRCA.Normal,real data,3,fpr,CTGAN,baseline
0.0,up,BRCA.Basal_BRCA.Her2,synthetic data,3,fpr,CTGAN,baseline
0.0,up,BRCA.Basal_BRCA.LumA,synthetic data,3,fpr,CTGAN,baseline
0.0,up,BRCA.Basal_BRCA.LumB,synthetic data,3,fpr,CTGAN,baseline
0.0,up,BRCA.Basal_BRCA.Normal,synthetic data,3,fpr,CTGAN,baseline
0.0,up,BRCA.Her2_BRCA.LumA,synthetic data,3,fpr,CTGAN,baseline
0.0,up,BRCA.Her2_BRCA.LumB,synthetic data,3,fpr,CTGAN,baseline
0.0,up,BRCA.Her2_BRCA.Normal,synthetic data,3,fpr,CTGAN,baseline
0.0,up,BRCA.LumA_BRCA.LumB,synthetic data,3,fpr,CTGAN,baseline
0.0,up,BRCA.LumA_BRCA.Normal,synthetic data,3,fpr,CTGAN,baseline
0.0,up,BRCA.LumB_BRCA.Normal,synthetic data,3,fpr,CTGAN,baseline
0.0,down,BRCA.Basal_BRCA.Her2,synthetic data,3,fpr,CTGAN,baseline
0.0,down,BRCA.Basal_BRCA.LumA,synthetic data,3,fpr,CTGAN,baseline
0.0,down,BRCA.Basal_BRCA.LumB,synthetic data,3,fpr,CTGAN,baseline
0.0,down,BRCA.Basal_BRCA.Normal,synthetic data,3,fpr,CTGAN,baseline
0.0,down,BRCA.Her2_BRCA.LumA,synthetic data,3,fpr,CTGAN,baseline
0.0,down,BRCA.Her2_BRCA.LumB,synthetic data,3,fpr,CTGAN,baseline
0.0,down,BRCA.Her2_BRCA.Normal,synthetic data,3,fpr,CTGAN,baseline
0.0,down,BRCA.LumA_BRCA.LumB,synthetic data,3,fpr,CTGAN,baseline
0.0,down,BRCA.LumA_BRCA.Normal,synthetic data,3,fpr,CTGAN,baseline
0.0,down,BRCA.LumB_BRCA.Normal,synthetic data,3,fpr,CTGAN,baseline
0.0,up,BRCA.Basal_BRCA.Her2,real data,4,fpr,CTGAN,baseline
0.0,up,BRCA.Basal_BRCA.LumA,real data,4,fpr,CTGAN,baseline
0.0,up,BRCA.Basal_BRCA.LumB,real data,4,fpr,CTGAN,baseline
0.0,up,BRCA.Basal_BRCA.Normal,real data,4,fpr,CTGAN,baseline
0.0,up,BRCA.Her2_BRCA.LumA,real data,4,fpr,CTGAN,baseline
0.0,up,BRCA.Her2_BRCA.LumB,real data,4,fpr,CTGAN,baseline
0.0,up,BRCA.Her2_BRCA.Normal,real data,4,fpr,CTGAN,baseline
0.0,up,BRCA.LumA_BRCA.LumB,real data,4,fpr,CTGAN,baseline
0.0,up,BRCA.LumA_BRCA.Normal,real data,4,fpr,CTGAN,baseline
0.0,up,BRCA.LumB_BRCA.Normal,real data,4,fpr,CTGAN,baseline
0.0,down,BRCA.Basal_BRCA.Her2,real data,4,fpr,CTGAN,baseline
0.0,down,BRCA.Basal_BRCA.LumA,real data,4,fpr,CTGAN,baseline
0.0,down,BRCA.Basal_BRCA.LumB,real data,4,fpr,CTGAN,baseline
0.0,down,BRCA.Basal_BRCA.Normal,real data,4,fpr,CTGAN,baseline
0.0,down,BRCA.Her2_BRCA.LumA,real data,4,fpr,CTGAN,baseline
0.0,down,BRCA.Her2_BRCA.LumB,real data,4,fpr,CTGAN,baseline
0.0,down,BRCA.Her2_BRCA.Normal,real data,4,fpr,CTGAN,baseline
0.0,down,BRCA.LumA_BRCA.LumB,real data,4,fpr,CTGAN,baseline
0.0,down,BRCA.LumA_BRCA.Normal,real data,4,fpr,CTGAN,baseline
0.0,down,BRCA.LumB_BRCA.Normal,real data,4,fpr,CTGAN,baseline
0.0,up,BRCA.Basal_BRCA.Her2,synthetic data,4,fpr,CTGAN,baseline
0.0,up,BRCA.Basal_BRCA.LumA,synthetic data,4,fpr,CTGAN,baseline
0.0,up,BRCA.Basal_BRCA.LumB,synthetic data,4,fpr,CTGAN,baseline
0.0,up,BRCA.Basal_BRCA.Normal,synthetic data,4,fpr,CTGAN,baseline
0.0,up,BRCA.Her2_BRCA.LumA,synthetic data,4,fpr,CTGAN,baseline
0.0,up,BRCA.Her2_BRCA.LumB,synthetic data,4,fpr,CTGAN,baseline
0.0,up,BRCA.Her2_BRCA.Normal,synthetic data,4,fpr,CTGAN,baseline
0.0,up,BRCA.LumA_BRCA.LumB,synthetic data,4,fpr,CTGAN,baseline
0.0,up,BRCA.LumA_BRCA.Normal,synthetic data,4,fpr,CTGAN,baseline
0.0,up,BRCA.LumB_BRCA.Normal,synthetic data,4,fpr,CTGAN,baseline
0.0,down,BRCA.Basal_BRCA.Her2,synthetic data,4,fpr,CTGAN,baseline
0.0,down,BRCA.Basal_BRCA.LumA,synthetic data,4,fpr,CTGAN,baseline
0.0,down,BRCA.Basal_BRCA.LumB,synthetic data,4,fpr,CTGAN,baseline
0.0,down,BRCA.Basal_BRCA.Normal,synthetic data,4,fpr,CTGAN,baseline
0.0,down,BRCA.Her2_BRCA.LumA,synthetic data,4,fpr,CTGAN,baseline
0.0,down,BRCA.Her2_BRCA.LumB,synthetic data,4,fpr,CTGAN,baseline
0.0,down,BRCA.Her2_BRCA.Normal,synthetic data,4,fpr,CTGAN,baseline
0.0,down,BRCA.LumA_BRCA.LumB,synthetic data,4,fpr,CTGAN,baseline
0.0,down,BRCA.LumA_BRCA.Normal,synthetic data,4,fpr,CTGAN,baseline
0.0,down,BRCA.LumB_BRCA.Normal,synthetic data,4,fpr,CTGAN,baseline
0.0,up,BRCA.Basal_BRCA.Her2,real data,5,fpr,CTGAN,baseline
0.0,up,BRCA.Basal_BRCA.LumA,real data,5,fpr,CTGAN,baseline
0.0,up,BRCA.Basal_BRCA.LumB,real data,5,fpr,CTGAN,baseline
0.0,up,BRCA.Basal_BRCA.Normal,real data,5,fpr,CTGAN,baseline
0.0,up,BRCA.Her2_BRCA.LumA,real data,5,fpr,CTGAN,baseline
0.0,up,BRCA.Her2_BRCA.LumB,real data,5,fpr,CTGAN,baseline
0.0,up,BRCA.Her2_BRCA.Normal,real data,5,fpr,CTGAN,baseline
0.0,up,BRCA.LumA_BRCA.LumB,real data,5,fpr,CTGAN,baseline
0.0,up,BRCA.LumA_BRCA.Normal,real data,5,fpr,CTGAN,baseline
0.0,up,BRCA.LumB_BRCA.Normal,real data,5,fpr,CTGAN,baseline
0.0,down,BRCA.Basal_BRCA.Her2,real data,5,fpr,CTGAN,baseline
0.0,down,BRCA.Basal_BRCA.LumA,real data,5,fpr,CTGAN,baseline
0.0,down,BRCA.Basal_BRCA.LumB,real data,5,fpr,CTGAN,baseline
0.0,down,BRCA.Basal_BRCA.Normal,real data,5,fpr,CTGAN,baseline
0.0,down,BRCA.Her2_BRCA.LumA,real data,5,fpr,CTGAN,baseline
0.0,down,BRCA.Her2_BRCA.LumB,real data,5,fpr,CTGAN,baseline
0.0,down,BRCA.Her2_BRCA.Normal,real data,5,fpr,CTGAN,baseline
0.0,down,BRCA.LumA_BRCA.LumB,real data,5,fpr,CTGAN,baseline
0.0,down,BRCA.LumA_BRCA.Normal,real data,5,fpr,CTGAN,baseline
0.0,down,BRCA.LumB_BRCA.Normal,real data,5,fpr,CTGAN,baseline
0.0,up,BRCA.Basal_BRCA.Her2,synthetic data,5,fpr,CTGAN,baseline
0.0,up,BRCA.Basal_BRCA.LumA,synthetic data,5,fpr,CTGAN,baseline
0.0,up,BRCA.Basal_BRCA.LumB,synthetic data,5,fpr,CTGAN,baseline
0.0,up,BRCA.Basal_BRCA.Normal,synthetic data,5,fpr,CTGAN,baseline
0.0,up,BRCA.Her2_BRCA.LumA,synthetic data,5,fpr,CTGAN,baseline
0.0,up,BRCA.Her2_BRCA.LumB,synthetic data,5,fpr,CTGAN,baseline
0.0,up,BRCA.Her2_BRCA.Normal,synthetic data,5,fpr,CTGAN,baseline
0.0,up,BRCA.LumA_BRCA.LumB,synthetic data,5,fpr,CTGAN,baseline
0.0,up,BRCA.LumA_BRCA.Normal,synthetic data,5,fpr,CTGAN,baseline
0.0,up,BRCA.LumB_BRCA.Normal,synthetic data,5,fpr,CTGAN,baseline
0.0,down,BRCA.Basal_BRCA.Her2,synthetic data,5,fpr,CTGAN,baseline
0.0,down,BRCA.Basal_BRCA.LumA,synthetic data,5,fpr,CTGAN,baseline
0.0,down,BRCA.Basal_BRCA.LumB,synthetic data,5,fpr,CTGAN,baseline
0.0,down,BRCA.Basal_BRCA.Normal,synthetic data,5,fpr,CTGAN,baseline
0.0,down,BRCA.Her2_BRCA.LumA,synthetic data,5,fpr,CTGAN,baseline
0.0,down,BRCA.Her2_BRCA.LumB,synthetic data,5,fpr,CTGAN,baseline
0.0,down,BRCA.Her2_BRCA.Normal,synthetic data,5,fpr,CTGAN,baseline
0.0,down,BRCA.LumA_BRCA.LumB,synthetic data,5,fpr,CTGAN,baseline
0.0,down,BRCA.LumA_BRCA.Normal,synthetic data,5,fpr,CTGAN,baseline
0.0,down,BRCA.LumB_BRCA.Normal,synthetic data,5,fpr,CTGAN,baseline
1.0,up,BRCA.Basal_BRCA.Her2,real data,1,tpr,DP-CTGAN ε=50,baseline
1.0,up,BRCA.Basal_BRCA.LumA,real data,1,tpr,DP-CTGAN ε=50,baseline
1.0,up,BRCA.Basal_BRCA.LumB,real data,1,tpr,DP-CTGAN ε=50,baseline
1.0,up,BRCA.Basal_BRCA.Normal,real data,1,tpr,DP-CTGAN ε=50,baseline
1.0,up,BRCA.Her2_BRCA.LumA,real data,1,tpr,DP-CTGAN ε=50,baseline
1.0,up,BRCA.Her2_BRCA.LumB,real data,1,tpr,DP-CTGAN ε=50,baseline
1.0,up,BRCA.Her2_BRCA.Normal,real data,1,tpr,DP-CTGAN ε=50,baseline
1.0,up,BRCA.LumA_BRCA.LumB,real data,1,tpr,DP-CTGAN ε=50,baseline
1.0,up,BRCA.LumA_BRCA.Normal,real data,1,tpr,DP-CTGAN ε=50,baseline
1.0,up,BRCA.LumB_BRCA.Normal,real data,1,tpr,DP-CTGAN ε=50,baseline
1.0,down,BRCA.Basal_BRCA.Her2,real data,1,tpr,DP-CTGAN ε=50,baseline
1.0,down,BRCA.Basal_BRCA.LumA,real data,1,tpr,DP-CTGAN ε=50,baseline
1.0,down,BRCA.Basal_BRCA.LumB,real data,1,tpr,DP-CTGAN ε=50,baseline
1.0,down,BRCA.Basal_BRCA.Normal,real data,1,tpr,DP-CTGAN ε=50,baseline
1.0,down,BRCA.Her2_BRCA.LumA,real data,1,tpr,DP-CTGAN ε=50,baseline
1.0,down,BRCA.Her2_BRCA.LumB,real data,1,tpr,DP-CTGAN ε=50,baseline
1.0,down,BRCA.Her2_BRCA.Normal,real data,1,tpr,DP-CTGAN ε=50,baseline
1.0,down,BRCA.LumA_BRCA.LumB,real data,1,tpr,DP-CTGAN ε=50,baseline
1.0,down,BRCA.LumA_BRCA.Normal,real data,1,tpr,DP-CTGAN ε=50,baseline
1.0,down,BRCA.LumB_BRCA.Normal,real data,1,tpr,DP-CTGAN ε=50,baseline
0.0,up,BRCA.Basal_BRCA.Her2,synthetic data,1,tpr,DP-CTGAN ε=50,baseline
0.0,up,BRCA.Basal_BRCA.LumA,synthetic data,1,tpr,DP-CTGAN ε=50,baseline
0.0,up,BRCA.Basal_BRCA.LumB,synthetic data,1,tpr,DP-CTGAN ε=50,baseline
0.0,up,BRCA.Basal_BRCA.Normal,synthetic data,1,tpr,DP-CTGAN ε=50,baseline
0.0,up,BRCA.Her2_BRCA.LumA,synthetic data,1,tpr,DP-CTGAN ε=50,baseline
0.0,up,BRCA.Her2_BRCA.LumB,synthetic data,1,tpr,DP-CTGAN ε=50,baseline
0.0,up,BRCA.Her2_BRCA.Normal,synthetic data,1,tpr,DP-CTGAN ε=50,baseline
0.0,up,BRCA.LumA_BRCA.LumB,synthetic data,1,tpr,DP-CTGAN ε=50,baseline
0.0,up,BRCA.LumA_BRCA.Normal,synthetic data,1,tpr,DP-CTGAN ε=50,baseline
0.0,up,BRCA.LumB_BRCA.Normal,synthetic data,1,tpr,DP-CTGAN ε=50,baseline
0.0,down,BRCA.Basal_BRCA.Her2,synthetic data,1,tpr,DP-CTGAN ε=50,baseline
0.0,down,BRCA.Basal_BRCA.LumA,synthetic data,1,tpr,DP-CTGAN ε=50,baseline
0.0,down,BRCA.Basal_BRCA.LumB,synthetic data,1,tpr,DP-CTGAN ε=50,baseline
0.0,down,BRCA.Basal_BRCA.Normal,synthetic data,1,tpr,DP-CTGAN ε=50,baseline
0.0,down,BRCA.Her2_BRCA.LumA,synthetic data,1,tpr,DP-CTGAN ε=50,baseline
0.0,down,BRCA.Her2_BRCA.LumB,synthetic data,1,tpr,DP-CTGAN ε=50,baseline
0.0,down,BRCA.Her2_BRCA.Normal,synthetic data,1,tpr,DP-CTGAN ε=50,baseline
0.0,down,BRCA.LumA_BRCA.LumB,synthetic data,1,tpr,DP-CTGAN ε=50,baseline
0.0,down,BRCA.LumA_BRCA.Normal,synthetic data,1,tpr,DP-CTGAN ε=50,baseline
0.0,down,BRCA.LumB_BRCA.Normal,synthetic data,1,tpr,DP-CTGAN ε=50,baseline
1.0,up,BRCA.Basal_BRCA.Her2,real data,2,tpr,DP-CTGAN ε=50,baseline
1.0,up,BRCA.Basal_BRCA.LumA,real data,2,tpr,DP-CTGAN ε=50,baseline
1.0,up,BRCA.Basal_BRCA.LumB,real data,2,tpr,DP-CTGAN ε=50,baseline
1.0,up,BRCA.Basal_BRCA.Normal,real data,2,tpr,DP-CTGAN ε=50,baseline
1.0,up,BRCA.Her2_BRCA.LumA,real data,2,tpr,DP-CTGAN ε=50,baseline
1.0,up,BRCA.Her2_BRCA.LumB,real data,2,tpr,DP-CTGAN ε=50,baseline
1.0,up,BRCA.Her2_BRCA.Normal,real data,2,tpr,DP-CTGAN ε=50,baseline
1.0,up,BRCA.LumA_BRCA.LumB,real data,2,tpr,DP-CTGAN ε=50,baseline
1.0,up,BRCA.LumA_BRCA.Normal,real data,2,tpr,DP-CTGAN ε=50,baseline
1.0,up,BRCA.LumB_BRCA.Normal,real data,2,tpr,DP-CTGAN ε=50,baseline
1.0,down,BRCA.Basal_BRCA.Her2,real data,2,tpr,DP-CTGAN ε=50,baseline
1.0,down,BRCA.Basal_BRCA.LumA,real data,2,tpr,DP-CTGAN ε=50,baseline
1.0,down,BRCA.Basal_BRCA.LumB,real data,2,tpr,DP-CTGAN ε=50,baseline
1.0,down,BRCA.Basal_BRCA.Normal,real data,2,tpr,DP-CTGAN ε=50,baseline
1.0,down,BRCA.Her2_BRCA.LumA,real data,2,tpr,DP-CTGAN ε=50,baseline
1.0,down,BRCA.Her2_BRCA.LumB,real data,2,tpr,DP-CTGAN ε=50,baseline
1.0,down,BRCA.Her2_BRCA.Normal,real data,2,tpr,DP-CTGAN ε=50,baseline
1.0,down,BRCA.LumA_BRCA.LumB,real data,2,tpr,DP-CTGAN ε=50,baseline
1.0,down,BRCA.LumA_BRCA.Normal,real data,2,tpr,DP-CTGAN ε=50,baseline
1.0,down,BRCA.LumB_BRCA.Normal,real data,2,tpr,DP-CTGAN ε=50,baseline
0.0,up,BRCA.Basal_BRCA.Her2,synthetic data,2,tpr,DP-CTGAN ε=50,baseline
0.0,up,BRCA.Basal_BRCA.LumA,synthetic data,2,tpr,DP-CTGAN ε=50,baseline
0.0,up,BRCA.Basal_BRCA.LumB,synthetic data,2,tpr,DP-CTGAN ε=50,baseline
0.0,up,BRCA.Basal_BRCA.Normal,synthetic data,2,tpr,DP-CTGAN ε=50,baseline
0.0,up,BRCA.Her2_BRCA.LumA,synthetic data,2,tpr,DP-CTGAN ε=50,baseline
0.0,up,BRCA.Her2_BRCA.LumB,synthetic data,2,tpr,DP-CTGAN ε=50,baseline
0.0,up,BRCA.Her2_BRCA.Normal,synthetic data,2,tpr,DP-CTGAN ε=50,baseline
0.0,up,BRCA.LumA_BRCA.LumB,synthetic data,2,tpr,DP-CTGAN ε=50,baseline
0.0,up,BRCA.LumA_BRCA.Normal,synthetic data,2,tpr,DP-CTGAN ε=50,baseline
0.0,up,BRCA.LumB_BRCA.Normal,synthetic data,2,tpr,DP-CTGAN ε=50,baseline
0.0,down,BRCA.Basal_BRCA.Her2,synthetic data,2,tpr,DP-CTGAN ε=50,baseline
0.0,down,BRCA.Basal_BRCA.LumA,synthetic data,2,tpr,DP-CTGAN ε=50,baseline
0.0,down,BRCA.Basal_BRCA.LumB,synthetic data,2,tpr,DP-CTGAN ε=50,baseline
0.0,down,BRCA.Basal_BRCA.Normal,synthetic data,2,tpr,DP-CTGAN ε=50,baseline
0.0,down,BRCA.Her2_BRCA.LumA,synthetic data,2,tpr,DP-CTGAN ε=50,baseline
0.0,down,BRCA.Her2_BRCA.LumB,synthetic data,2,tpr,DP-CTGAN ε=50,baseline
0.0,down,BRCA.Her2_BRCA.Normal,synthetic data,2,tpr,DP-CTGAN ε=50,baseline
0.0,down,BRCA.LumA_BRCA.LumB,synthetic data,2,tpr,DP-CTGAN ε=50,baseline
0.0,down,BRCA.LumA_BRCA.Normal,synthetic data,2,tpr,DP-CTGAN ε=50,baseline
0.0,down,BRCA.LumB_BRCA.Normal,synthetic data,2,tpr,DP-CTGAN ε=50,baseline
1.0,up,BRCA.Basal_BRCA.Her2,real data,3,tpr,DP-CTGAN ε=50,baseline
1.0,up,BRCA.Basal_BRCA.LumA,real data,3,tpr,DP-CTGAN ε=50,baseline
1.0,up,BRCA.Basal_BRCA.LumB,real data,3,tpr,DP-CTGAN ε=50,baseline
1.0,up,BRCA.Basal_BRCA.Normal,real data,3,tpr,DP-CTGAN ε=50,baseline
1.0,up,BRCA.Her2_BRCA.LumA,real data,3,tpr,DP-CTGAN ε=50,baseline
1.0,up,BRCA.Her2_BRCA.LumB,real data,3,tpr,DP-CTGAN ε=50,baseline
1.0,up,BRCA.Her2_BRCA.Normal,real data,3,tpr,DP-CTGAN ε=50,baseline
1.0,up,BRCA.LumA_BRCA.LumB,real data,3,tpr,DP-CTGAN ε=50,baseline
1.0,up,BRCA.LumA_BRCA.Normal,real data,3,tpr,DP-CTGAN ε=50,baseline
1.0,up,BRCA.LumB_BRCA.Normal,real data,3,tpr,DP-CTGAN ε=50,baseline
1.0,down,BRCA.Basal_BRCA.Her2,real data,3,tpr,DP-CTGAN ε=50,baseline
1.0,down,BRCA.Basal_BRCA.LumA,real data,3,tpr,DP-CTGAN ε=50,baseline
1.0,down,BRCA.Basal_BRCA.LumB,real data,3,tpr,DP-CTGAN ε=50,baseline
1.0,down,BRCA.Basal_BRCA.Normal,real data,3,tpr,DP-CTGAN ε=50,baseline
1.0,down,BRCA.Her2_BRCA.LumA,real data,3,tpr,DP-CTGAN ε=50,baseline
1.0,down,BRCA.Her2_BRCA.LumB,real data,3,tpr,DP-CTGAN ε=50,baseline
1.0,down,BRCA.Her2_BRCA.Normal,real data,3,tpr,DP-CTGAN ε=50,baseline
1.0,down,BRCA.LumA_BRCA.LumB,real data,3,tpr,DP-CTGAN ε=50,baseline
1.0,down,BRCA.LumA_BRCA.Normal,real data,3,tpr,DP-CTGAN ε=50,baseline
1.0,down,BRCA.LumB_BRCA.Normal,real data,3,tpr,DP-CTGAN ε=50,baseline
0.0,up,BRCA.Basal_BRCA.Her2,synthetic data,3,tpr,DP-CTGAN ε=50,baseline
0.0,up,BRCA.Basal_BRCA.LumA,synthetic data,3,tpr,DP-CTGAN ε=50,baseline
0.0,up,BRCA.Basal_BRCA.LumB,synthetic data,3,tpr,DP-CTGAN ε=50,baseline
0.0,up,BRCA.Basal_BRCA.Normal,synthetic data,3,tpr,DP-CTGAN ε=50,baseline
0.0,up,BRCA.Her2_BRCA.LumA,synthetic data,3,tpr,DP-CTGAN ε=50,baseline
0.0,up,BRCA.Her2_BRCA.LumB,synthetic data,3,tpr,DP-CTGAN ε=50,baseline
0.0,up,BRCA.Her2_BRCA.Normal,synthetic data,3,tpr,DP-CTGAN ε=50,baseline
0.0,up,BRCA.LumA_BRCA.LumB,synthetic data,3,tpr,DP-CTGAN ε=50,baseline
0.0,up,BRCA.LumA_BRCA.Normal,synthetic data,3,tpr,DP-CTGAN ε=50,baseline
0.0,up,BRCA.LumB_BRCA.Normal,synthetic data,3,tpr,DP-CTGAN ε=50,baseline
0.0,down,BRCA.Basal_BRCA.Her2,synthetic data,3,tpr,DP-CTGAN ε=50,baseline
0.0,down,BRCA.Basal_BRCA.LumA,synthetic data,3,tpr,DP-CTGAN ε=50,baseline
0.0,down,BRCA.Basal_BRCA.LumB,synthetic data,3,tpr,DP-CTGAN ε=50,baseline
0.0,down,BRCA.Basal_BRCA.Normal,synthetic data,3,tpr,DP-CTGAN ε=50,baseline
0.0,down,BRCA.Her2_BRCA.LumA,synthetic data,3,tpr,DP-CTGAN ε=50,baseline
0.0,down,BRCA.Her2_BRCA.LumB,synthetic data,3,tpr,DP-CTGAN ε=50,baseline
0.0,down,BRCA.Her2_BRCA.Normal,synthetic data,3,tpr,DP-CTGAN ε=50,baseline
0.0,down,BRCA.LumA_BRCA.LumB,synthetic data,3,tpr,DP-CTGAN ε=50,baseline
0.0,down,BRCA.LumA_BRCA.Normal,synthetic data,3,tpr,DP-CTGAN ε=50,baseline
0.0,down,BRCA.LumB_BRCA.Normal,synthetic data,3,tpr,DP-CTGAN ε=50,baseline
1.0,up,BRCA.Basal_BRCA.Her2,real data,5,tpr,DP-CTGAN ε=50,baseline
1.0,up,BRCA.Basal_BRCA.LumA,real data,5,tpr,DP-CTGAN ε=50,baseline
1.0,up,BRCA.Basal_BRCA.LumB,real data,5,tpr,DP-CTGAN ε=50,baseline
1.0,up,BRCA.Basal_BRCA.Normal,real data,5,tpr,DP-CTGAN ε=50,baseline
1.0,up,BRCA.Her2_BRCA.LumA,real data,5,tpr,DP-CTGAN ε=50,baseline
1.0,up,BRCA.Her2_BRCA.LumB,real data,5,tpr,DP-CTGAN ε=50,baseline
1.0,up,BRCA.Her2_BRCA.Normal,real data,5,tpr,DP-CTGAN ε=50,baseline
1.0,up,BRCA.LumA_BRCA.LumB,real data,5,tpr,DP-CTGAN ε=50,baseline
1.0,up,BRCA.LumA_BRCA.Normal,real data,5,tpr,DP-CTGAN ε=50,baseline
1.0,up,BRCA.LumB_BRCA.Normal,real data,5,tpr,DP-CTGAN ε=50,baseline
1.0,down,BRCA.Basal_BRCA.Her2,real data,5,tpr,DP-CTGAN ε=50,baseline
1.0,down,BRCA.Basal_BRCA.LumA,real data,5,tpr,DP-CTGAN ε=50,baseline
1.0,down,BRCA.Basal_BRCA.LumB,real data,5,tpr,DP-CTGAN ε=50,baseline
1.0,down,BRCA.Basal_BRCA.Normal,real data,5,tpr,DP-CTGAN ε=50,baseline
1.0,down,BRCA.Her2_BRCA.LumA,real data,5,tpr,DP-CTGAN ε=50,baseline
1.0,down,BRCA.Her2_BRCA.LumB,real data,5,tpr,DP-CTGAN ε=50,baseline
1.0,down,BRCA.Her2_BRCA.Normal,real data,5,tpr,DP-CTGAN ε=50,baseline
1.0,down,BRCA.LumA_BRCA.LumB,real data,5,tpr,DP-CTGAN ε=50,baseline
1.0,down,BRCA.LumA_BRCA.Normal,real data,5,tpr,DP-CTGAN ε=50,baseline
1.0,down,BRCA.LumB_BRCA.Normal,real data,5,tpr,DP-CTGAN ε=50,baseline
0.0,up,BRCA.Basal_BRCA.Her2,synthetic data,5,tpr,DP-CTGAN ε=50,baseline
0.0,up,BRCA.Basal_BRCA.LumA,synthetic data,5,tpr,DP-CTGAN ε=50,baseline
0.0,up,BRCA.Basal_BRCA.LumB,synthetic data,5,tpr,DP-CTGAN ε=50,baseline
0.0,up,BRCA.Basal_BRCA.Normal,synthetic data,5,tpr,DP-CTGAN ε=50,baseline
0.0,up,BRCA.Her2_BRCA.LumA,synthetic data,5,tpr,DP-CTGAN ε=50,baseline
0.0,up,BRCA.Her2_BRCA.LumB,synthetic data,5,tpr,DP-CTGAN ε=50,baseline
0.0,up,BRCA.Her2_BRCA.Normal,synthetic data,5,tpr,DP-CTGAN ε=50,baseline
0.0,up,BRCA.LumA_BRCA.LumB,synthetic data,5,tpr,DP-CTGAN ε=50,baseline
0.0,up,BRCA.LumA_BRCA.Normal,synthetic data,5,tpr,DP-CTGAN ε=50,baseline
0.0,up,BRCA.LumB_BRCA.Normal,synthetic data,5,tpr,DP-CTGAN ε=50,baseline
0.0,down,BRCA.Basal_BRCA.Her2,synthetic data,5,tpr,DP-CTGAN ε=50,baseline
0.0,down,BRCA.Basal_BRCA.LumA,synthetic data,5,tpr,DP-CTGAN ε=50,baseline
0.0,down,BRCA.Basal_BRCA.LumB,synthetic data,5,tpr,DP-CTGAN ε=50,baseline
0.0,down,BRCA.Basal_BRCA.Normal,synthetic data,5,tpr,DP-CTGAN ε=50,baseline
0.0,down,BRCA.Her2_BRCA.LumA,synthetic data,5,tpr,DP-CTGAN ε=50,baseline
0.0,down,BRCA.Her2_BRCA.LumB,synthetic data,5,tpr,DP-CTGAN ε=50,baseline
0.0,down,BRCA.Her2_BRCA.Normal,synthetic data,5,tpr,DP-CTGAN ε=50,baseline
0.0,down,BRCA.LumA_BRCA.LumB,synthetic data,5,tpr,DP-CTGAN ε=50,baseline
0.0,down,BRCA.LumA_BRCA.Normal,synthetic data,5,tpr,DP-CTGAN ε=50,baseline
0.0,down,BRCA.LumB_BRCA.Normal,synthetic data,5,tpr,DP-CTGAN ε=50,baseline
1.0,up,BRCA.Basal_BRCA.Her2,real data,4,tpr,DP-CTGAN ε=50,baseline
1.0,up,BRCA.Basal_BRCA.LumA,real data,4,tpr,DP-CTGAN ε=50,baseline
1.0,up,BRCA.Basal_BRCA.LumB,real data,4,tpr,DP-CTGAN ε=50,baseline
1.0,up,BRCA.Basal_BRCA.Normal,real data,4,tpr,DP-CTGAN ε=50,baseline
1.0,up,BRCA.Her2_BRCA.LumA,real data,4,tpr,DP-CTGAN ε=50,baseline
1.0,up,BRCA.Her2_BRCA.LumB,real data,4,tpr,DP-CTGAN ε=50,baseline
1.0,up,BRCA.Her2_BRCA.Normal,real data,4,tpr,DP-CTGAN ε=50,baseline
1.0,up,BRCA.LumA_BRCA.LumB,real data,4,tpr,DP-CTGAN ε=50,baseline
1.0,up,BRCA.LumA_BRCA.Normal,real data,4,tpr,DP-CTGAN ε=50,baseline
1.0,up,BRCA.LumB_BRCA.Normal,real data,4,tpr,DP-CTGAN ε=50,baseline
1.0,down,BRCA.Basal_BRCA.Her2,real data,4,tpr,DP-CTGAN ε=50,baseline
1.0,down,BRCA.Basal_BRCA.LumA,real data,4,tpr,DP-CTGAN ε=50,baseline
1.0,down,BRCA.Basal_BRCA.LumB,real data,4,tpr,DP-CTGAN ε=50,baseline
1.0,down,BRCA.Basal_BRCA.Normal,real data,4,tpr,DP-CTGAN ε=50,baseline
1.0,down,BRCA.Her2_BRCA.LumA,real data,4,tpr,DP-CTGAN ε=50,baseline
1.0,down,BRCA.Her2_BRCA.LumB,real data,4,tpr,DP-CTGAN ε=50,baseline
1.0,down,BRCA.Her2_BRCA.Normal,real data,4,tpr,DP-CTGAN ε=50,baseline
1.0,down,BRCA.LumA_BRCA.LumB,real data,4,tpr,DP-CTGAN ε=50,baseline
1.0,down,BRCA.LumA_BRCA.Normal,real data,4,tpr,DP-CTGAN ε=50,baseline
1.0,down,BRCA.LumB_BRCA.Normal,real data,4,tpr,DP-CTGAN ε=50,baseline
0.0,up,BRCA.Basal_BRCA.Her2,synthetic data,4,tpr,DP-CTGAN ε=50,baseline
0.0,up,BRCA.Basal_BRCA.LumA,synthetic data,4,tpr,DP-CTGAN ε=50,baseline
0.0,up,BRCA.Basal_BRCA.LumB,synthetic data,4,tpr,DP-CTGAN ε=50,baseline
0.0,up,BRCA.Basal_BRCA.Normal,synthetic data,4,tpr,DP-CTGAN ε=50,baseline
0.0,up,BRCA.Her2_BRCA.LumA,synthetic data,4,tpr,DP-CTGAN ε=50,baseline
0.0,up,BRCA.Her2_BRCA.LumB,synthetic data,4,tpr,DP-CTGAN ε=50,baseline
0.0,up,BRCA.Her2_BRCA.Normal,synthetic data,4,tpr,DP-CTGAN ε=50,baseline
0.0,up,BRCA.LumA_BRCA.LumB,synthetic data,4,tpr,DP-CTGAN ε=50,baseline
0.0,up,BRCA.LumA_BRCA.Normal,synthetic data,4,tpr,DP-CTGAN ε=50,baseline
0.0,up,BRCA.LumB_BRCA.Normal,synthetic data,4,tpr,DP-CTGAN ε=50,baseline
0.0,down,BRCA.Basal_BRCA.Her2,synthetic data,4,tpr,DP-CTGAN ε=50,baseline
0.0,down,BRCA.Basal_BRCA.LumA,synthetic data,4,tpr,DP-CTGAN ε=50,baseline
0.0,down,BRCA.Basal_BRCA.LumB,synthetic data,4,tpr,DP-CTGAN ε=50,baseline
0.0,down,BRCA.Basal_BRCA.Normal,synthetic data,4,tpr,DP-CTGAN ε=50,baseline
0.0,down,BRCA.Her2_BRCA.LumA,synthetic data,4,tpr,DP-CTGAN ε=50,baseline
0.0,down,BRCA.Her2_BRCA.LumB,synthetic data,4,tpr,DP-CTGAN ε=50,baseline
0.0,down,BRCA.Her2_BRCA.Normal,synthetic data,4,tpr,DP-CTGAN ε=50,baseline
0.0,down,BRCA.LumA_BRCA.LumB,synthetic data,4,tpr,DP-CTGAN ε=50,baseline
0.0,down,BRCA.LumA_BRCA.Normal,synthetic data,4,tpr,DP-CTGAN ε=50,baseline
0.0,down,BRCA.LumB_BRCA.Normal,synthetic data,4,tpr,DP-CTGAN ε=50,baseline
0.0,up,BRCA.Basal_BRCA.Her2,real data,1,fpr,DP-CTGAN ε=50,baseline
0.0,up,BRCA.Basal_BRCA.LumA,real data,1,fpr,DP-CTGAN ε=50,baseline
0.0,up,BRCA.Basal_BRCA.LumB,real data,1,fpr,DP-CTGAN ε=50,baseline
0.0,up,BRCA.Basal_BRCA.Normal,real data,1,fpr,DP-CTGAN ε=50,baseline
0.0,up,BRCA.Her2_BRCA.LumA,real data,1,fpr,DP-CTGAN ε=50,baseline
0.0,up,BRCA.Her2_BRCA.LumB,real data,1,fpr,DP-CTGAN ε=50,baseline
0.0,up,BRCA.Her2_BRCA.Normal,real data,1,fpr,DP-CTGAN ε=50,baseline
0.0,up,BRCA.LumA_BRCA.LumB,real data,1,fpr,DP-CTGAN ε=50,baseline
0.0,up,BRCA.LumA_BRCA.Normal,real data,1,fpr,DP-CTGAN ε=50,baseline
0.0,up,BRCA.LumB_BRCA.Normal,real data,1,fpr,DP-CTGAN ε=50,baseline
0.0,down,BRCA.Basal_BRCA.Her2,real data,1,fpr,DP-CTGAN ε=50,baseline
0.0,down,BRCA.Basal_BRCA.LumA,real data,1,fpr,DP-CTGAN ε=50,baseline
0.0,down,BRCA.Basal_BRCA.LumB,real data,1,fpr,DP-CTGAN ε=50,baseline
0.0,down,BRCA.Basal_BRCA.Normal,real data,1,fpr,DP-CTGAN ε=50,baseline
0.0,down,BRCA.Her2_BRCA.LumA,real data,1,fpr,DP-CTGAN ε=50,baseline
0.0,down,BRCA.Her2_BRCA.LumB,real data,1,fpr,DP-CTGAN ε=50,baseline
0.0,down,BRCA.Her2_BRCA.Normal,real data,1,fpr,DP-CTGAN ε=50,baseline
0.0,down,BRCA.LumA_BRCA.LumB,real data,1,fpr,DP-CTGAN ε=50,baseline
0.0,down,BRCA.LumA_BRCA.Normal,real data,1,fpr,DP-CTGAN ε=50,baseline
0.0,down,BRCA.LumB_BRCA.Normal,real data,1,fpr,DP-CTGAN ε=50,baseline
0.0,up,BRCA.Basal_BRCA.Her2,synthetic data,1,fpr,DP-CTGAN ε=50,baseline
0.0,up,BRCA.Basal_BRCA.LumA,synthetic data,1,fpr,DP-CTGAN ε=50,baseline
0.0,up,BRCA.Basal_BRCA.LumB,synthetic data,1,fpr,DP-CTGAN ε=50,baseline
0.0,up,BRCA.Basal_BRCA.Normal,synthetic data,1,fpr,DP-CTGAN ε=50,baseline
0.0,up,BRCA.Her2_BRCA.LumA,synthetic data,1,fpr,DP-CTGAN ε=50,baseline
0.0,up,BRCA.Her2_BRCA.LumB,synthetic data,1,fpr,DP-CTGAN ε=50,baseline
0.0,up,BRCA.Her2_BRCA.Normal,synthetic data,1,fpr,DP-CTGAN ε=50,baseline
0.0,up,BRCA.LumA_BRCA.LumB,synthetic data,1,fpr,DP-CTGAN ε=50,baseline
0.0,up,BRCA.LumA_BRCA.Normal,synthetic data,1,fpr,DP-CTGAN ε=50,baseline
0.0,up,BRCA.LumB_BRCA.Normal,synthetic data,1,fpr,DP-CTGAN ε=50,baseline
0.0,down,BRCA.Basal_BRCA.Her2,synthetic data,1,fpr,DP-CTGAN ε=50,baseline
0.0,down,BRCA.Basal_BRCA.LumA,synthetic data,1,fpr,DP-CTGAN ε=50,baseline
0.0,down,BRCA.Basal_BRCA.LumB,synthetic data,1,fpr,DP-CTGAN ε=50,baseline
0.0,down,BRCA.Basal_BRCA.Normal,synthetic data,1,fpr,DP-CTGAN ε=50,baseline
0.0,down,BRCA.Her2_BRCA.LumA,synthetic data,1,fpr,DP-CTGAN ε=50,baseline
0.0,down,BRCA.Her2_BRCA.LumB,synthetic data,1,fpr,DP-CTGAN ε=50,baseline
0.0,down,BRCA.Her2_BRCA.Normal,synthetic data,1,fpr,DP-CTGAN ε=50,baseline
0.0,down,BRCA.LumA_BRCA.LumB,synthetic data,1,fpr,DP-CTGAN ε=50,baseline
0.0,down,BRCA.LumA_BRCA.Normal,synthetic data,1,fpr,DP-CTGAN ε=50,baseline
0.0,down,BRCA.LumB_BRCA.Normal,synthetic data,1,fpr,DP-CTGAN ε=50,baseline
0.0,up,BRCA.Basal_BRCA.Her2,real data,2,fpr,DP-CTGAN ε=50,baseline
0.0,up,BRCA.Basal_BRCA.LumA,real data,2,fpr,DP-CTGAN ε=50,baseline
0.0,up,BRCA.Basal_BRCA.LumB,real data,2,fpr,DP-CTGAN ε=50,baseline
0.0,up,BRCA.Basal_BRCA.Normal,real data,2,fpr,DP-CTGAN ε=50,baseline
0.0,up,BRCA.Her2_BRCA.LumA,real data,2,fpr,DP-CTGAN ε=50,baseline
0.0,up,BRCA.Her2_BRCA.LumB,real data,2,fpr,DP-CTGAN ε=50,baseline
0.0,up,BRCA.Her2_BRCA.Normal,real data,2,fpr,DP-CTGAN ε=50,baseline
0.0,up,BRCA.LumA_BRCA.LumB,real data,2,fpr,DP-CTGAN ε=50,baseline
0.0,up,BRCA.LumA_BRCA.Normal,real data,2,fpr,DP-CTGAN ε=50,baseline
0.0,up,BRCA.LumB_BRCA.Normal,real data,2,fpr,DP-CTGAN ε=50,baseline
0.0,down,BRCA.Basal_BRCA.Her2,real data,2,fpr,DP-CTGAN ε=50,baseline
0.0,down,BRCA.Basal_BRCA.LumA,real data,2,fpr,DP-CTGAN ε=50,baseline
0.0,down,BRCA.Basal_BRCA.LumB,real data,2,fpr,DP-CTGAN ε=50,baseline
0.0,down,BRCA.Basal_BRCA.Normal,real data,2,fpr,DP-CTGAN ε=50,baseline
0.0,down,BRCA.Her2_BRCA.LumA,real data,2,fpr,DP-CTGAN ε=50,baseline
0.0,down,BRCA.Her2_BRCA.LumB,real data,2,fpr,DP-CTGAN ε=50,baseline
0.0,down,BRCA.Her2_BRCA.Normal,real data,2,fpr,DP-CTGAN ε=50,baseline
0.0,down,BRCA.LumA_BRCA.LumB,real data,2,fpr,DP-CTGAN ε=50,baseline
0.0,down,BRCA.LumA_BRCA.Normal,real data,2,fpr,DP-CTGAN ε=50,baseline
0.0,down,BRCA.LumB_BRCA.Normal,real data,2,fpr,DP-CTGAN ε=50,baseline
0.0,up,BRCA.Basal_BRCA.Her2,synthetic data,2,fpr,DP-CTGAN ε=50,baseline
0.0,up,BRCA.Basal_BRCA.LumA,synthetic data,2,fpr,DP-CTGAN ε=50,baseline
0.0,up,BRCA.Basal_BRCA.LumB,synthetic data,2,fpr,DP-CTGAN ε=50,baseline
0.0,up,BRCA.Basal_BRCA.Normal,synthetic data,2,fpr,DP-CTGAN ε=50,baseline
0.0,up,BRCA.Her2_BRCA.LumA,synthetic data,2,fpr,DP-CTGAN ε=50,baseline
0.0,up,BRCA.Her2_BRCA.LumB,synthetic data,2,fpr,DP-CTGAN ε=50,baseline
0.0,up,BRCA.Her2_BRCA.Normal,synthetic data,2,fpr,DP-CTGAN ε=50,baseline
0.0,up,BRCA.LumA_BRCA.LumB,synthetic data,2,fpr,DP-CTGAN ε=50,baseline
0.0,up,BRCA.LumA_BRCA.Normal,synthetic data,2,fpr,DP-CTGAN ε=50,baseline
0.0010940919037199,up,BRCA.LumB_BRCA.Normal,synthetic data,2,fpr,DP-CTGAN ε=50,baseline
0.0,down,BRCA.Basal_BRCA.Her2,synthetic data,2,fpr,DP-CTGAN ε=50,baseline
0.0,down,BRCA.Basal_BRCA.LumA,synthetic data,2,fpr,DP-CTGAN ε=50,baseline
0.0,down,BRCA.Basal_BRCA.LumB,synthetic data,2,fpr,DP-CTGAN ε=50,baseline
0.0,down,BRCA.Basal_BRCA.Normal,synthetic data,2,fpr,DP-CTGAN ε=50,baseline
0.0,down,BRCA.Her2_BRCA.LumA,synthetic data,2,fpr,DP-CTGAN ε=50,baseline
0.0,down,BRCA.Her2_BRCA.LumB,synthetic data,2,fpr,DP-CTGAN ε=50,baseline
0.0,down,BRCA.Her2_BRCA.Normal,synthetic data,2,fpr,DP-CTGAN ε=50,baseline
0.0,down,BRCA.LumA_BRCA.LumB,synthetic data,2,fpr,DP-CTGAN ε=50,baseline
0.0,down,BRCA.LumA_BRCA.Normal,synthetic data,2,fpr,DP-CTGAN ε=50,baseline
0.0011148272017837,down,BRCA.LumB_BRCA.Normal,synthetic data,2,fpr,DP-CTGAN ε=50,baseline
0.0,up,BRCA.Basal_BRCA.Her2,real data,3,fpr,DP-CTGAN ε=50,baseline
0.0,up,BRCA.Basal_BRCA.LumA,real data,3,fpr,DP-CTGAN ε=50,baseline
0.0,up,BRCA.Basal_BRCA.LumB,real data,3,fpr,DP-CTGAN ε=50,baseline
0.0,up,BRCA.Basal_BRCA.Normal,real data,3,fpr,DP-CTGAN ε=50,baseline
0.0,up,BRCA.Her2_BRCA.LumA,real data,3,fpr,DP-CTGAN ε=50,baseline
0.0,up,BRCA.Her2_BRCA.LumB,real data,3,fpr,DP-CTGAN ε=50,baseline
0.0,up,BRCA.Her2_BRCA.Normal,real data,3,fpr,DP-CTGAN ε=50,baseline
0.0,up,BRCA.LumA_BRCA.LumB,real data,3,fpr,DP-CTGAN ε=50,baseline
0.0,up,BRCA.LumA_BRCA.Normal,real data,3,fpr,DP-CTGAN ε=50,baseline
0.0,up,BRCA.LumB_BRCA.Normal,real data,3,fpr,DP-CTGAN ε=50,baseline
0.0,down,BRCA.Basal_BRCA.Her2,real data,3,fpr,DP-CTGAN ε=50,baseline
0.0,down,BRCA.Basal_BRCA.LumA,real data,3,fpr,DP-CTGAN ε=50,baseline
0.0,down,BRCA.Basal_BRCA.LumB,real data,3,fpr,DP-CTGAN ε=50,baseline
0.0,down,BRCA.Basal_BRCA.Normal,real data,3,fpr,DP-CTGAN ε=50,baseline
0.0,down,BRCA.Her2_BRCA.LumA,real data,3,fpr,DP-CTGAN ε=50,baseline
0.0,down,BRCA.Her2_BRCA.LumB,real data,3,fpr,DP-CTGAN ε=50,baseline
0.0,down,BRCA.Her2_BRCA.Normal,real data,3,fpr,DP-CTGAN ε=50,baseline
0.0,down,BRCA.LumA_BRCA.LumB,real data,3,fpr,DP-CTGAN ε=50,baseline
0.0,down,BRCA.LumA_BRCA.Normal,real data,3,fpr,DP-CTGAN ε=50,baseline
0.0,down,BRCA.LumB_BRCA.Normal,real data,3,fpr,DP-CTGAN ε=50,baseline
0.0,up,BRCA.Basal_BRCA.Her2,synthetic data,3,fpr,DP-CTGAN ε=50,baseline
0.0,up,BRCA.Basal_BRCA.LumA,synthetic data,3,fpr,DP-CTGAN ε=50,baseline
0.0,up,BRCA.Basal_BRCA.LumB,synthetic data,3,fpr,DP-CTGAN ε=50,baseline
0.0,up,BRCA.Basal_BRCA.Normal,synthetic data,3,fpr,DP-CTGAN ε=50,baseline
0.0,up,BRCA.Her2_BRCA.LumA,synthetic data,3,fpr,DP-CTGAN ε=50,baseline
0.0,up,BRCA.Her2_BRCA.LumB,synthetic data,3,fpr,DP-CTGAN ε=50,baseline
0.0,up,BRCA.Her2_BRCA.Normal,synthetic data,3,fpr,DP-CTGAN ε=50,baseline
0.0,up,BRCA.LumA_BRCA.LumB,synthetic data,3,fpr,DP-CTGAN ε=50,baseline
0.0,up,BRCA.LumA_BRCA.Normal,synthetic data,3,fpr,DP-CTGAN ε=50,baseline
0.0,up,BRCA.LumB_BRCA.Normal,synthetic data,3,fpr,DP-CTGAN ε=50,baseline
0.0,down,BRCA.Basal_BRCA.Her2,synthetic data,3,fpr,DP-CTGAN ε=50,baseline
0.0,down,BRCA.Basal_BRCA.LumA,synthetic data,3,fpr,DP-CTGAN ε=50,baseline
0.0,down,BRCA.Basal_BRCA.LumB,synthetic data,3,fpr,DP-CTGAN ε=50,baseline
0.0,down,BRCA.Basal_BRCA.Normal,synthetic data,3,fpr,DP-CTGAN ε=50,baseline
0.0,down,BRCA.Her2_BRCA.LumA,synthetic data,3,fpr,DP-CTGAN ε=50,baseline
0.0,down,BRCA.Her2_BRCA.LumB,synthetic data,3,fpr,DP-CTGAN ε=50,baseline
0.0,down,BRCA.Her2_BRCA.Normal,synthetic data,3,fpr,DP-CTGAN ε=50,baseline
0.0,down,BRCA.LumA_BRCA.LumB,synthetic data,3,fpr,DP-CTGAN ε=50,baseline
0.0,down,BRCA.LumA_BRCA.Normal,synthetic data,3,fpr,DP-CTGAN ε=50,baseline
0.0,down,BRCA.LumB_BRCA.Normal,synthetic data,3,fpr,DP-CTGAN ε=50,baseline
0.0,up,BRCA.Basal_BRCA.Her2,real data,5,fpr,DP-CTGAN ε=50,baseline
0.0,up,BRCA.Basal_BRCA.LumA,real data,5,fpr,DP-CTGAN ε=50,baseline
0.0,up,BRCA.Basal_BRCA.LumB,real data,5,fpr,DP-CTGAN ε=50,baseline
0.0,up,BRCA.Basal_BRCA.Normal,real data,5,fpr,DP-CTGAN ε=50,baseline
0.0,up,BRCA.Her2_BRCA.LumA,real data,5,fpr,DP-CTGAN ε=50,baseline
0.0,up,BRCA.Her2_BRCA.LumB,real data,5,fpr,DP-CTGAN ε=50,baseline
0.0,up,BRCA.Her2_BRCA.Normal,real data,5,fpr,DP-CTGAN ε=50,baseline
0.0,up,BRCA.LumA_BRCA.LumB,real data,5,fpr,DP-CTGAN ε=50,baseline
0.0,up,BRCA.LumA_BRCA.Normal,real data,5,fpr,DP-CTGAN ε=50,baseline
0.0,up,BRCA.LumB_BRCA.Normal,real data,5,fpr,DP-CTGAN ε=50,baseline
0.0,down,BRCA.Basal_BRCA.Her2,real data,5,fpr,DP-CTGAN ε=50,baseline
0.0,down,BRCA.Basal_BRCA.LumA,real data,5,fpr,DP-CTGAN ε=50,baseline
0.0,down,BRCA.Basal_BRCA.LumB,real data,5,fpr,DP-CTGAN ε=50,baseline
0.0,down,BRCA.Basal_BRCA.Normal,real data,5,fpr,DP-CTGAN ε=50,baseline
0.0,down,BRCA.Her2_BRCA.LumA,real data,5,fpr,DP-CTGAN ε=50,baseline
0.0,down,BRCA.Her2_BRCA.LumB,real data,5,fpr,DP-CTGAN ε=50,baseline
0.0,down,BRCA.Her2_BRCA.Normal,real data,5,fpr,DP-CTGAN ε=50,baseline
0.0,down,BRCA.LumA_BRCA.LumB,real data,5,fpr,DP-CTGAN ε=50,baseline
0.0,down,BRCA.LumA_BRCA.Normal,real data,5,fpr,DP-CTGAN ε=50,baseline
0.0,down,BRCA.LumB_BRCA.Normal,real data,5,fpr,DP-CTGAN ε=50,baseline
0.0,up,BRCA.Basal_BRCA.Her2,synthetic data,5,fpr,DP-CTGAN ε=50,baseline
0.0,up,BRCA.Basal_BRCA.LumA,synthetic data,5,fpr,DP-CTGAN ε=50,baseline
0.0,up,BRCA.Basal_BRCA.LumB,synthetic data,5,fpr,DP-CTGAN ε=50,baseline
0.0,up,BRCA.Basal_BRCA.Normal,synthetic data,5,fpr,DP-CTGAN ε=50,baseline
0.0,up,BRCA.Her2_BRCA.LumA,synthetic data,5,fpr,DP-CTGAN ε=50,baseline
0.0,up,BRCA.Her2_BRCA.LumB,synthetic data,5,fpr,DP-CTGAN ε=50,baseline
0.0,up,BRCA.Her2_BRCA.Normal,synthetic data,5,fpr,DP-CTGAN ε=50,baseline
0.0,up,BRCA.LumA_BRCA.LumB,synthetic data,5,fpr,DP-CTGAN ε=50,baseline
0.0,up,BRCA.LumA_BRCA.Normal,synthetic data,5,fpr,DP-CTGAN ε=50,baseline
0.0010834236186348,up,BRCA.LumB_BRCA.Normal,synthetic data,5,fpr,DP-CTGAN ε=50,baseline
0.0,down,BRCA.Basal_BRCA.Her2,synthetic data,5,fpr,DP-CTGAN ε=50,baseline
0.0,down,BRCA.Basal_BRCA.LumA,synthetic data,5,fpr,DP-CTGAN ε=50,baseline
0.0,down,BRCA.Basal_BRCA.LumB,synthetic data,5,fpr,DP-CTGAN ε=50,baseline
0.0,down,BRCA.Basal_BRCA.Normal,synthetic data,5,fpr,DP-CTGAN ε=50,baseline
0.0,down,BRCA.Her2_BRCA.LumA,synthetic data,5,fpr,DP-CTGAN ε=50,baseline
0.0,down,BRCA.Her2_BRCA.LumB,synthetic data,5,fpr,DP-CTGAN ε=50,baseline
0.0,down,BRCA.Her2_BRCA.Normal,synthetic data,5,fpr,DP-CTGAN ε=50,baseline
0.0,down,BRCA.LumA_BRCA.LumB,synthetic data,5,fpr,DP-CTGAN ε=50,baseline
0.0,down,BRCA.LumA_BRCA.Normal,synthetic data,5,fpr,DP-CTGAN ε=50,baseline
0.0011061946902654,down,BRCA.LumB_BRCA.Normal,synthetic data,5,fpr,DP-CTGAN ε=50,baseline
0.0,up,BRCA.Basal_BRCA.Her2,real data,4,fpr,DP-CTGAN ε=50,baseline
0.0,up,BRCA.Basal_BRCA.LumA,real data,4,fpr,DP-CTGAN ε=50,baseline
0.0,up,BRCA.Basal_BRCA.LumB,real data,4,fpr,DP-CTGAN ε=50,baseline
0.0,up,BRCA.Basal_BRCA.Normal,real data,4,fpr,DP-CTGAN ε=50,baseline
0.0,up,BRCA.Her2_BRCA.LumA,real data,4,fpr,DP-CTGAN ε=50,baseline
0.0,up,BRCA.Her2_BRCA.LumB,real data,4,fpr,DP-CTGAN ε=50,baseline
0.0,up,BRCA.Her2_BRCA.Normal,real data,4,fpr,DP-CTGAN ε=50,baseline
0.0,up,BRCA.LumA_BRCA.LumB,real data,4,fpr,DP-CTGAN ε=50,baseline
0.0,up,BRCA.LumA_BRCA.Normal,real data,4,fpr,DP-CTGAN ε=50,baseline
0.0,up,BRCA.LumB_BRCA.Normal,real data,4,fpr,DP-CTGAN ε=50,baseline
0.0,down,BRCA.Basal_BRCA.Her2,real data,4,fpr,DP-CTGAN ε=50,baseline
0.0,down,BRCA.Basal_BRCA.LumA,real data,4,fpr,DP-CTGAN ε=50,baseline
0.0,down,BRCA.Basal_BRCA.LumB,real data,4,fpr,DP-CTGAN ε=50,baseline
0.0,down,BRCA.Basal_BRCA.Normal,real data,4,fpr,DP-CTGAN ε=50,baseline
0.0,down,BRCA.Her2_BRCA.LumA,real data,4,fpr,DP-CTGAN ε=50,baseline
0.0,down,BRCA.Her2_BRCA.LumB,real data,4,fpr,DP-CTGAN ε=50,baseline
0.0,down,BRCA.Her2_BRCA.Normal,real data,4,fpr,DP-CTGAN ε=50,baseline
0.0,down,BRCA.LumA_BRCA.LumB,real data,4,fpr,DP-CTGAN ε=50,baseline
0.0,down,BRCA.LumA_BRCA.Normal,real data,4,fpr,DP-CTGAN ε=50,baseline
0.0,down,BRCA.LumB_BRCA.Normal,real data,4,fpr,DP-CTGAN ε=50,baseline
0.0,up,BRCA.Basal_BRCA.Her2,synthetic data,4,fpr,DP-CTGAN ε=50,baseline
0.0,up,BRCA.Basal_BRCA.LumA,synthetic data,4,fpr,DP-CTGAN ε=50,baseline
0.0,up,BRCA.Basal_BRCA.LumB,synthetic data,4,fpr,DP-CTGAN ε=50,baseline
0.0,up,BRCA.Basal_BRCA.Normal,synthetic data,4,fpr,DP-CTGAN ε=50,baseline
0.0,up,BRCA.Her2_BRCA.LumA,synthetic data,4,fpr,DP-CTGAN ε=50,baseline
0.0,up,BRCA.Her2_BRCA.LumB,synthetic data,4,fpr,DP-CTGAN ε=50,baseline
0.0,up,BRCA.Her2_BRCA.Normal,synthetic data,4,fpr,DP-CTGAN ε=50,baseline
0.0,up,BRCA.LumA_BRCA.LumB,synthetic data,4,fpr,DP-CTGAN ε=50,baseline
0.0,up,BRCA.LumA_BRCA.Normal,synthetic data,4,fpr,DP-CTGAN ε=50,baseline
0.0,up,BRCA.LumB_BRCA.Normal,synthetic data,4,fpr,DP-CTGAN ε=50,baseline
0.0,down,BRCA.Basal_BRCA.Her2,synthetic data,4,fpr,DP-CTGAN ε=50,baseline
0.0,down,BRCA.Basal_BRCA.LumA,synthetic data,4,fpr,DP-CTGAN ε=50,baseline
0.0,down,BRCA.Basal_BRCA.LumB,synthetic data,4,fpr,DP-CTGAN ε=50,baseline
0.0,down,BRCA.Basal_BRCA.Normal,synthetic data,4,fpr,DP-CTGAN ε=50,baseline
0.0,down,BRCA.Her2_BRCA.LumA,synthetic data,4,fpr,DP-CTGAN ε=50,baseline
0.0,down,BRCA.Her2_BRCA.LumB,synthetic data,4,fpr,DP-CTGAN ε=50,baseline
0.0,down,BRCA.Her2_BRCA.Normal,synthetic data,4,fpr,DP-CTGAN ε=50,baseline
0.0,down,BRCA.LumA_BRCA.LumB,synthetic data,4,fpr,DP-CTGAN ε=50,baseline
0.0,down,BRCA.LumA_BRCA.Normal,synthetic data,4,fpr,DP-CTGAN ε=50,baseline
0.0,down,BRCA.LumB_BRCA.Normal,synthetic data,4,fpr,DP-CTGAN ε=50,baseline
1.0,up,BRCA.Basal_BRCA.Her2,real data,2,tpr,WGAN-GP,postmodel
1.0,up,BRCA.Basal_BRCA.LumA,real data,2,tpr,WGAN-GP,postmodel
1.0,up,BRCA.Basal_BRCA.LumB,real data,2,tpr,WGAN-GP,postmodel
1.0,up,BRCA.Basal_BRCA.Normal,real data,2,tpr,WGAN-GP,postmodel
1.0,up,BRCA.Her2_BRCA.LumA,real data,2,tpr,WGAN-GP,postmodel
1.0,up,BRCA.Her2_BRCA.LumB,real data,2,tpr,WGAN-GP,postmodel
1.0,up,BRCA.Her2_BRCA.Normal,real data,2,tpr,WGAN-GP,postmodel
1.0,up,BRCA.LumA_BRCA.LumB,real data,2,tpr,WGAN-GP,postmodel
1.0,up,BRCA.LumA_BRCA.Normal,real data,2,tpr,WGAN-GP,postmodel
1.0,up,BRCA.LumB_BRCA.Normal,real data,2,tpr,WGAN-GP,postmodel
1.0,down,BRCA.Basal_BRCA.Her2,real data,2,tpr,WGAN-GP,postmodel
1.0,down,BRCA.Basal_BRCA.LumA,real data,2,tpr,WGAN-GP,postmodel
1.0,down,BRCA.Basal_BRCA.LumB,real data,2,tpr,WGAN-GP,postmodel
1.0,down,BRCA.Basal_BRCA.Normal,real data,2,tpr,WGAN-GP,postmodel
1.0,down,BRCA.Her2_BRCA.LumA,real data,2,tpr,WGAN-GP,postmodel
1.0,down,BRCA.Her2_BRCA.LumB,real data,2,tpr,WGAN-GP,postmodel
1.0,down,BRCA.Her2_BRCA.Normal,real data,2,tpr,WGAN-GP,postmodel
1.0,down,BRCA.LumA_BRCA.LumB,real data,2,tpr,WGAN-GP,postmodel
1.0,down,BRCA.LumA_BRCA.Normal,real data,2,tpr,WGAN-GP,postmodel
1.0,down,BRCA.LumB_BRCA.Normal,real data,2,tpr,WGAN-GP,postmodel
0.910714285714286,up,BRCA.Basal_BRCA.Her2,synthetic data,2,tpr,WGAN-GP,postmodel
0.98974358974359,up,BRCA.Basal_BRCA.LumA,synthetic data,2,tpr,WGAN-GP,postmodel
0.984496124031008,up,BRCA.Basal_BRCA.LumB,synthetic data,2,tpr,WGAN-GP,postmodel
0.916666666666667,up,BRCA.Basal_BRCA.Normal,synthetic data,2,tpr,WGAN-GP,postmodel
0.878787878787879,up,BRCA.Her2_BRCA.LumA,synthetic data,2,tpr,WGAN-GP,postmodel
0.95,up,BRCA.Her2_BRCA.LumB,synthetic data,2,tpr,WGAN-GP,postmodel
0.63265306122449,up,BRCA.Her2_BRCA.Normal,synthetic data,2,tpr,WGAN-GP,postmodel
0.333333333333333,up,BRCA.LumA_BRCA.LumB,synthetic data,2,tpr,WGAN-GP,postmodel
0.8,up,BRCA.LumA_BRCA.Normal,synthetic data,2,tpr,WGAN-GP,postmodel
0.646153846153846,up,BRCA.LumB_BRCA.Normal,synthetic data,2,tpr,WGAN-GP,postmodel
0.945454545454545,down,BRCA.Basal_BRCA.Her2,synthetic data,2,tpr,WGAN-GP,postmodel
0.981132075471698,down,BRCA.Basal_BRCA.LumA,synthetic data,2,tpr,WGAN-GP,postmodel
0.96039603960396,down,BRCA.Basal_BRCA.LumB,synthetic data,2,tpr,WGAN-GP,postmodel
0.87037037037037,down,BRCA.Basal_BRCA.Normal,synthetic data,2,tpr,WGAN-GP,postmodel
0.956521739130435,down,BRCA.Her2_BRCA.LumA,synthetic data,2,tpr,WGAN-GP,postmodel
1.0,down,BRCA.Her2_BRCA.LumB,synthetic data,2,tpr,WGAN-GP,postmodel
0.631578947368421,down,BRCA.Her2_BRCA.Normal,synthetic data,2,tpr,WGAN-GP,postmodel
0.875,down,BRCA.LumA_BRCA.LumB,synthetic data,2,tpr,WGAN-GP,postmodel
0.725,down,BRCA.LumA_BRCA.Normal,synthetic data,2,tpr,WGAN-GP,postmodel
0.707317073170732,down,BRCA.LumB_BRCA.Normal,synthetic data,2,tpr,WGAN-GP,postmodel
1.0,up,BRCA.Basal_BRCA.Her2,real data,3,tpr,WGAN-GP,postmodel
1.0,up,BRCA.Basal_BRCA.LumA,real data,3,tpr,WGAN-GP,postmodel
1.0,up,BRCA.Basal_BRCA.LumB,real data,3,tpr,WGAN-GP,postmodel
1.0,up,BRCA.Basal_BRCA.Normal,real data,3,tpr,WGAN-GP,postmodel
1.0,up,BRCA.Her2_BRCA.LumA,real data,3,tpr,WGAN-GP,postmodel
1.0,up,BRCA.Her2_BRCA.LumB,real data,3,tpr,WGAN-GP,postmodel
1.0,up,BRCA.Her2_BRCA.Normal,real data,3,tpr,WGAN-GP,postmodel
1.0,up,BRCA.LumA_BRCA.LumB,real data,3,tpr,WGAN-GP,postmodel
1.0,up,BRCA.LumA_BRCA.Normal,real data,3,tpr,WGAN-GP,postmodel
1.0,up,BRCA.LumB_BRCA.Normal,real data,3,tpr,WGAN-GP,postmodel
1.0,down,BRCA.Basal_BRCA.Her2,real data,3,tpr,WGAN-GP,postmodel
1.0,down,BRCA.Basal_BRCA.LumA,real data,3,tpr,WGAN-GP,postmodel
1.0,down,BRCA.Basal_BRCA.LumB,real data,3,tpr,WGAN-GP,postmodel
1.0,down,BRCA.Basal_BRCA.Normal,real data,3,tpr,WGAN-GP,postmodel
1.0,down,BRCA.Her2_BRCA.LumA,real data,3,tpr,WGAN-GP,postmodel
1.0,down,BRCA.Her2_BRCA.LumB,real data,3,tpr,WGAN-GP,postmodel
1.0,down,BRCA.Her2_BRCA.Normal,real data,3,tpr,WGAN-GP,postmodel
1.0,down,BRCA.LumA_BRCA.LumB,real data,3,tpr,WGAN-GP,postmodel
1.0,down,BRCA.LumA_BRCA.Normal,real data,3,tpr,WGAN-GP,postmodel
1.0,down,BRCA.LumB_BRCA.Normal,real data,3,tpr,WGAN-GP,postmodel
0.695652173913043,up,BRCA.Basal_BRCA.Her2,synthetic data,3,tpr,WGAN-GP,postmodel
0.958333333333333,up,BRCA.Basal_BRCA.LumA,synthetic data,3,tpr,WGAN-GP,postmodel
0.896825396825397,up,BRCA.Basal_BRCA.LumB,synthetic data,3,tpr,WGAN-GP,postmodel
0.657894736842105,up,BRCA.Basal_BRCA.Normal,synthetic data,3,tpr,WGAN-GP,postmodel
0.880597014925373,up,BRCA.Her2_BRCA.LumA,synthetic data,3,tpr,WGAN-GP,postmodel
0.882352941176471,up,BRCA.Her2_BRCA.LumB,synthetic data,3,tpr,WGAN-GP,postmodel
0.454545454545455,up,BRCA.Her2_BRCA.Normal,synthetic data,3,tpr,WGAN-GP,postmodel
0.153846153846154,up,BRCA.LumA_BRCA.LumB,synthetic data,3,tpr,WGAN-GP,postmodel
0.7,up,BRCA.LumA_BRCA.Normal,synthetic data,3,tpr,WGAN-GP,postmodel
0.316666666666667,up,BRCA.LumB_BRCA.Normal,synthetic data,3,tpr,WGAN-GP,postmodel
0.891304347826087,down,BRCA.Basal_BRCA.Her2,synthetic data,3,tpr,WGAN-GP,postmodel
0.953703703703704,down,BRCA.Basal_BRCA.LumA,synthetic data,3,tpr,WGAN-GP,postmodel
0.849462365591398,down,BRCA.Basal_BRCA.LumB,synthetic data,3,tpr,WGAN-GP,postmodel
0.565217391304348,down,BRCA.Basal_BRCA.Normal,synthetic data,3,tpr,WGAN-GP,postmodel
0.952380952380952,down,BRCA.Her2_BRCA.LumA,synthetic data,3,tpr,WGAN-GP,postmodel
0.857142857142857,down,BRCA.Her2_BRCA.LumB,synthetic data,3,tpr,WGAN-GP,postmodel
0.272727272727273,down,BRCA.Her2_BRCA.Normal,synthetic data,3,tpr,WGAN-GP,postmodel
0.875,down,BRCA.LumA_BRCA.LumB,synthetic data,3,tpr,WGAN-GP,postmodel
0.242424242424242,down,BRCA.LumA_BRCA.Normal,synthetic data,3,tpr,WGAN-GP,postmodel
0.323076923076923,down,BRCA.LumB_BRCA.Normal,synthetic data,3,tpr,WGAN-GP,postmodel
1.0,up,BRCA.Basal_BRCA.Her2,real data,1,tpr,WGAN-GP,postmodel
1.0,up,BRCA.Basal_BRCA.LumA,real data,1,tpr,WGAN-GP,postmodel
1.0,up,BRCA.Basal_BRCA.LumB,real data,1,tpr,WGAN-GP,postmodel
1.0,up,BRCA.Basal_BRCA.Normal,real data,1,tpr,WGAN-GP,postmodel
1.0,up,BRCA.Her2_BRCA.LumA,real data,1,tpr,WGAN-GP,postmodel
1.0,up,BRCA.Her2_BRCA.LumB,real data,1,tpr,WGAN-GP,postmodel
1.0,up,BRCA.Her2_BRCA.Normal,real data,1,tpr,WGAN-GP,postmodel
1.0,up,BRCA.LumA_BRCA.LumB,real data,1,tpr,WGAN-GP,postmodel
1.0,up,BRCA.LumA_BRCA.Normal,real data,1,tpr,WGAN-GP,postmodel
1.0,up,BRCA.LumB_BRCA.Normal,real data,1,tpr,WGAN-GP,postmodel
1.0,down,BRCA.Basal_BRCA.Her2,real data,1,tpr,WGAN-GP,postmodel
1.0,down,BRCA.Basal_BRCA.LumA,real data,1,tpr,WGAN-GP,postmodel
1.0,down,BRCA.Basal_BRCA.LumB,real data,1,tpr,WGAN-GP,postmodel
1.0,down,BRCA.Basal_BRCA.Normal,real data,1,tpr,WGAN-GP,postmodel
1.0,down,BRCA.Her2_BRCA.LumA,real data,1,tpr,WGAN-GP,postmodel
1.0,down,BRCA.Her2_BRCA.LumB,real data,1,tpr,WGAN-GP,postmodel
1.0,down,BRCA.Her2_BRCA.Normal,real data,1,tpr,WGAN-GP,postmodel
1.0,down,BRCA.LumA_BRCA.LumB,real data,1,tpr,WGAN-GP,postmodel
1.0,down,BRCA.LumA_BRCA.Normal,real data,1,tpr,WGAN-GP,postmodel
1.0,down,BRCA.LumB_BRCA.Normal,real data,1,tpr,WGAN-GP,postmodel
0.833333333333333,up,BRCA.Basal_BRCA.Her2,synthetic data,1,tpr,WGAN-GP,postmodel
0.968586387434555,up,BRCA.Basal_BRCA.LumA,synthetic data,1,tpr,WGAN-GP,postmodel
0.911290322580645,up,BRCA.Basal_BRCA.LumB,synthetic data,1,tpr,WGAN-GP,postmodel
0.459459459459459,up,BRCA.Basal_BRCA.Normal,synthetic data,1,tpr,WGAN-GP,postmodel
0.941176470588235,up,BRCA.Her2_BRCA.LumA,synthetic data,1,tpr,WGAN-GP,postmodel
0.842105263157895,up,BRCA.Her2_BRCA.LumB,synthetic data,1,tpr,WGAN-GP,postmodel
0.27906976744186,up,BRCA.Her2_BRCA.Normal,synthetic data,1,tpr,WGAN-GP,postmodel
0.823529411764706,up,BRCA.LumA_BRCA.LumB,synthetic data,1,tpr,WGAN-GP,postmodel
1.0,up,BRCA.LumA_BRCA.Normal,synthetic data,1,tpr,WGAN-GP,postmodel
0.47887323943662,up,BRCA.LumB_BRCA.Normal,synthetic data,1,tpr,WGAN-GP,postmodel
0.836734693877551,down,BRCA.Basal_BRCA.Her2,synthetic data,1,tpr,WGAN-GP,postmodel
0.904761904761905,down,BRCA.Basal_BRCA.LumA,synthetic data,1,tpr,WGAN-GP,postmodel
0.970588235294118,down,BRCA.Basal_BRCA.LumB,synthetic data,1,tpr,WGAN-GP,postmodel
0.468085106382979,down,BRCA.Basal_BRCA.Normal,synthetic data,1,tpr,WGAN-GP,postmodel
0.95,down,BRCA.Her2_BRCA.LumA,synthetic data,1,tpr,WGAN-GP,postmodel
0.923076923076923,down,BRCA.Her2_BRCA.LumB,synthetic data,1,tpr,WGAN-GP,postmodel
0.6875,down,BRCA.Her2_BRCA.Normal,synthetic data,1,tpr,WGAN-GP,postmodel
1.0,down,BRCA.LumA_BRCA.LumB,synthetic data,1,tpr,WGAN-GP,postmodel
0.59375,down,BRCA.LumA_BRCA.Normal,synthetic data,1,tpr,WGAN-GP,postmodel
0.756756756756757,down,BRCA.LumB_BRCA.Normal,synthetic data,1,tpr,WGAN-GP,postmodel
1.0,up,BRCA.Basal_BRCA.Her2,real data,4,tpr,WGAN-GP,postmodel
1.0,up,BRCA.Basal_BRCA.LumA,real data,4,tpr,WGAN-GP,postmodel
1.0,up,BRCA.Basal_BRCA.LumB,real data,4,tpr,WGAN-GP,postmodel
1.0,up,BRCA.Basal_BRCA.Normal,real data,4,tpr,WGAN-GP,postmodel
1.0,up,BRCA.Her2_BRCA.LumA,real data,4,tpr,WGAN-GP,postmodel
1.0,up,BRCA.Her2_BRCA.LumB,real data,4,tpr,WGAN-GP,postmodel
1.0,up,BRCA.Her2_BRCA.Normal,real data,4,tpr,WGAN-GP,postmodel
1.0,up,BRCA.LumA_BRCA.LumB,real data,4,tpr,WGAN-GP,postmodel
1.0,up,BRCA.LumA_BRCA.Normal,real data,4,tpr,WGAN-GP,postmodel
1.0,up,BRCA.LumB_BRCA.Normal,real data,4,tpr,WGAN-GP,postmodel
1.0,down,BRCA.Basal_BRCA.Her2,real data,4,tpr,WGAN-GP,postmodel
1.0,down,BRCA.Basal_BRCA.LumA,real data,4,tpr,WGAN-GP,postmodel
1.0,down,BRCA.Basal_BRCA.LumB,real data,4,tpr,WGAN-GP,postmodel
1.0,down,BRCA.Basal_BRCA.Normal,real data,4,tpr,WGAN-GP,postmodel
1.0,down,BRCA.Her2_BRCA.LumA,real data,4,tpr,WGAN-GP,postmodel
1.0,down,BRCA.Her2_BRCA.LumB,real data,4,tpr,WGAN-GP,postmodel
1.0,down,BRCA.Her2_BRCA.Normal,real data,4,tpr,WGAN-GP,postmodel
1.0,down,BRCA.LumA_BRCA.LumB,real data,4,tpr,WGAN-GP,postmodel
1.0,down,BRCA.LumA_BRCA.Normal,real data,4,tpr,WGAN-GP,postmodel
1.0,down,BRCA.LumB_BRCA.Normal,real data,4,tpr,WGAN-GP,postmodel
0.980392156862745,up,BRCA.Basal_BRCA.Her2,synthetic data,4,tpr,WGAN-GP,postmodel
0.989473684210526,up,BRCA.Basal_BRCA.LumA,synthetic data,4,tpr,WGAN-GP,postmodel
0.975609756097561,up,BRCA.Basal_BRCA.LumB,synthetic data,4,tpr,WGAN-GP,postmodel
0.955223880597015,up,BRCA.Basal_BRCA.Normal,synthetic data,4,tpr,WGAN-GP,postmodel
0.926470588235294,up,BRCA.Her2_BRCA.LumA,synthetic data,4,tpr,WGAN-GP,postmodel
0.833333333333333,up,BRCA.Her2_BRCA.LumB,synthetic data,4,tpr,WGAN-GP,postmodel
0.815789473684211,up,BRCA.Her2_BRCA.Normal,synthetic data,4,tpr,WGAN-GP,postmodel
0.4375,up,BRCA.LumA_BRCA.LumB,synthetic data,4,tpr,WGAN-GP,postmodel
0.785714285714286,up,BRCA.LumA_BRCA.Normal,synthetic data,4,tpr,WGAN-GP,postmodel
0.721311475409836,up,BRCA.LumB_BRCA.Normal,synthetic data,4,tpr,WGAN-GP,postmodel
0.963636363636364,down,BRCA.Basal_BRCA.Her2,synthetic data,4,tpr,WGAN-GP,postmodel
0.981308411214953,down,BRCA.Basal_BRCA.LumA,synthetic data,4,tpr,WGAN-GP,postmodel
0.980582524271845,down,BRCA.Basal_BRCA.LumB,synthetic data,4,tpr,WGAN-GP,postmodel
0.938775510204082,down,BRCA.Basal_BRCA.Normal,synthetic data,4,tpr,WGAN-GP,postmodel
0.954545454545455,down,BRCA.Her2_BRCA.LumA,synthetic data,4,tpr,WGAN-GP,postmodel
0.857142857142857,down,BRCA.Her2_BRCA.LumB,synthetic data,4,tpr,WGAN-GP,postmodel
0.58974358974359,down,BRCA.Her2_BRCA.Normal,synthetic data,4,tpr,WGAN-GP,postmodel
0.976190476190476,down,BRCA.LumA_BRCA.LumB,synthetic data,4,tpr,WGAN-GP,postmodel
0.878787878787879,down,BRCA.LumA_BRCA.Normal,synthetic data,4,tpr,WGAN-GP,postmodel
0.876543209876543,down,BRCA.LumB_BRCA.Normal,synthetic data,4,tpr,WGAN-GP,postmodel
1.0,up,BRCA.Basal_BRCA.Her2,real data,5,tpr,WGAN-GP,postmodel
1.0,up,BRCA.Basal_BRCA.LumA,real data,5,tpr,WGAN-GP,postmodel
1.0,up,BRCA.Basal_BRCA.LumB,real data,5,tpr,WGAN-GP,postmodel
1.0,up,BRCA.Basal_BRCA.Normal,real data,5,tpr,WGAN-GP,postmodel
1.0,up,BRCA.Her2_BRCA.LumA,real data,5,tpr,WGAN-GP,postmodel
1.0,up,BRCA.Her2_BRCA.LumB,real data,5,tpr,WGAN-GP,postmodel
1.0,up,BRCA.Her2_BRCA.Normal,real data,5,tpr,WGAN-GP,postmodel
1.0,up,BRCA.LumA_BRCA.LumB,real data,5,tpr,WGAN-GP,postmodel
1.0,up,BRCA.LumA_BRCA.Normal,real data,5,tpr,WGAN-GP,postmodel
1.0,up,BRCA.LumB_BRCA.Normal,real data,5,tpr,WGAN-GP,postmodel
1.0,down,BRCA.Basal_BRCA.Her2,real data,5,tpr,WGAN-GP,postmodel
1.0,down,BRCA.Basal_BRCA.LumA,real data,5,tpr,WGAN-GP,postmodel
1.0,down,BRCA.Basal_BRCA.LumB,real data,5,tpr,WGAN-GP,postmodel
1.0,down,BRCA.Basal_BRCA.Normal,real data,5,tpr,WGAN-GP,postmodel
1.0,down,BRCA.Her2_BRCA.LumA,real data,5,tpr,WGAN-GP,postmodel
1.0,down,BRCA.Her2_BRCA.LumB,real data,5,tpr,WGAN-GP,postmodel
1.0,down,BRCA.Her2_BRCA.Normal,real data,5,tpr,WGAN-GP,postmodel
1.0,down,BRCA.LumA_BRCA.LumB,real data,5,tpr,WGAN-GP,postmodel
1.0,down,BRCA.LumA_BRCA.Normal,real data,5,tpr,WGAN-GP,postmodel
1.0,down,BRCA.LumB_BRCA.Normal,real data,5,tpr,WGAN-GP,postmodel
0.91304347826087,up,BRCA.Basal_BRCA.Her2,synthetic data,5,tpr,WGAN-GP,postmodel
0.932291666666667,up,BRCA.Basal_BRCA.LumA,synthetic data,5,tpr,WGAN-GP,postmodel
0.866141732283465,up,BRCA.Basal_BRCA.LumB,synthetic data,5,tpr,WGAN-GP,postmodel
0.518518518518518,up,BRCA.Basal_BRCA.Normal,synthetic data,5,tpr,WGAN-GP,postmodel
0.529411764705882,up,BRCA.Her2_BRCA.LumA,synthetic data,5,tpr,WGAN-GP,postmodel
0.555555555555556,up,BRCA.Her2_BRCA.LumB,synthetic data,5,tpr,WGAN-GP,postmodel
0.03125,up,BRCA.Her2_BRCA.Normal,synthetic data,5,tpr,WGAN-GP,postmodel
0.769230769230769,up,BRCA.LumA_BRCA.LumB,synthetic data,5,tpr,WGAN-GP,postmodel
0.777777777777778,up,BRCA.LumA_BRCA.Normal,synthetic data,5,tpr,WGAN-GP,postmodel
0.535714285714286,up,BRCA.LumB_BRCA.Normal,synthetic data,5,tpr,WGAN-GP,postmodel
0.74,down,BRCA.Basal_BRCA.Her2,synthetic data,5,tpr,WGAN-GP,postmodel
0.888888888888889,down,BRCA.Basal_BRCA.LumA,synthetic data,5,tpr,WGAN-GP,postmodel
0.88,down,BRCA.Basal_BRCA.LumB,synthetic data,5,tpr,WGAN-GP,postmodel
0.576271186440678,down,BRCA.Basal_BRCA.Normal,synthetic data,5,tpr,WGAN-GP,postmodel
0.619047619047619,down,BRCA.Her2_BRCA.LumA,synthetic data,5,tpr,WGAN-GP,postmodel
0.470588235294118,down,BRCA.Her2_BRCA.LumB,synthetic data,5,tpr,WGAN-GP,postmodel
0.321428571428571,down,BRCA.Her2_BRCA.Normal,synthetic data,5,tpr,WGAN-GP,postmodel
0.951219512195122,down,BRCA.LumA_BRCA.LumB,synthetic data,5,tpr,WGAN-GP,postmodel
0.730769230769231,down,BRCA.LumA_BRCA.Normal,synthetic data,5,tpr,WGAN-GP,postmodel
0.906666666666667,down,BRCA.LumB_BRCA.Normal,synthetic data,5,tpr,WGAN-GP,postmodel
0.0,up,BRCA.Basal_BRCA.Her2,real data,2,fpr,WGAN-GP,postmodel
0.0,up,BRCA.Basal_BRCA.LumA,real data,2,fpr,WGAN-GP,postmodel
0.0,up,BRCA.Basal_BRCA.LumB,real data,2,fpr,WGAN-GP,postmodel
0.0,up,BRCA.Basal_BRCA.Normal,real data,2,fpr,WGAN-GP,postmodel
0.0,up,BRCA.Her2_BRCA.LumA,real data,2,fpr,WGAN-GP,postmodel
0.0,up,BRCA.Her2_BRCA.LumB,real data,2,fpr,WGAN-GP,postmodel
0.0,up,BRCA.Her2_BRCA.Normal,real data,2,fpr,WGAN-GP,postmodel
0.0,up,BRCA.LumA_BRCA.LumB,real data,2,fpr,WGAN-GP,postmodel
0.0,up,BRCA.LumA_BRCA.Normal,real data,2,fpr,WGAN-GP,postmodel
0.0,up,BRCA.LumB_BRCA.Normal,real data,2,fpr,WGAN-GP,postmodel
0.0,down,BRCA.Basal_BRCA.Her2,real data,2,fpr,WGAN-GP,postmodel
0.0,down,BRCA.Basal_BRCA.LumA,real data,2,fpr,WGAN-GP,postmodel
0.0,down,BRCA.Basal_BRCA.LumB,real data,2,fpr,WGAN-GP,postmodel
0.0,down,BRCA.Basal_BRCA.Normal,real data,2,fpr,WGAN-GP,postmodel
0.0,down,BRCA.Her2_BRCA.LumA,real data,2,fpr,WGAN-GP,postmodel
0.0,down,BRCA.Her2_BRCA.LumB,real data,2,fpr,WGAN-GP,postmodel
0.0,down,BRCA.Her2_BRCA.Normal,real data,2,fpr,WGAN-GP,postmodel
0.0,down,BRCA.LumA_BRCA.LumB,real data,2,fpr,WGAN-GP,postmodel
0.0,down,BRCA.LumA_BRCA.Normal,real data,2,fpr,WGAN-GP,postmodel
0.0,down,BRCA.LumB_BRCA.Normal,real data,2,fpr,WGAN-GP,postmodel
0.0184381778741865,up,BRCA.Basal_BRCA.Her2,synthetic data,2,fpr,WGAN-GP,postmodel
0.0498084291187739,up,BRCA.Basal_BRCA.LumA,synthetic data,2,fpr,WGAN-GP,postmodel
0.0400471142520612,up,BRCA.Basal_BRCA.LumB,synthetic data,2,fpr,WGAN-GP,postmodel
0.0402684563758389,up,BRCA.Basal_BRCA.Normal,synthetic data,2,fpr,WGAN-GP,postmodel
0.0241228070175439,up,BRCA.Her2_BRCA.LumA,synthetic data,2,fpr,WGAN-GP,postmodel
0.0146137787056367,up,BRCA.Her2_BRCA.LumB,synthetic data,2,fpr,WGAN-GP,postmodel
0.0010764262648008,up,BRCA.Her2_BRCA.Normal,synthetic data,2,fpr,WGAN-GP,postmodel
0.0010384215991692,up,BRCA.LumA_BRCA.LumB,synthetic data,2,fpr,WGAN-GP,postmodel
0.0072314049586776,up,BRCA.LumA_BRCA.Normal,synthetic data,2,fpr,WGAN-GP,postmodel
0.0021905805038335,up,BRCA.LumB_BRCA.Normal,synthetic data,2,fpr,WGAN-GP,postmodel
0.0119176598049837,down,BRCA.Basal_BRCA.Her2,synthetic data,2,fpr,WGAN-GP,postmodel
0.0229357798165138,down,BRCA.Basal_BRCA.LumA,synthetic data,2,fpr,WGAN-GP,postmodel
0.0205245153933865,down,BRCA.Basal_BRCA.LumB,synthetic data,2,fpr,WGAN-GP,postmodel
0.0248917748917749,down,BRCA.Basal_BRCA.Normal,synthetic data,2,fpr,WGAN-GP,postmodel
0.0198952879581152,down,BRCA.Her2_BRCA.LumA,synthetic data,2,fpr,WGAN-GP,postmodel
0.0145379023883697,down,BRCA.Her2_BRCA.LumB,synthetic data,2,fpr,WGAN-GP,postmodel
0.0,down,BRCA.Her2_BRCA.Normal,synthetic data,2,fpr,WGAN-GP,postmodel
0.0042643923240938,down,BRCA.LumA_BRCA.LumB,synthetic data,2,fpr,WGAN-GP,postmodel
0.0074626865671641,down,BRCA.LumA_BRCA.Normal,synthetic data,2,fpr,WGAN-GP,postmodel
0.0044642857142857,down,BRCA.LumB_BRCA.Normal,synthetic data,2,fpr,WGAN-GP,postmodel
0.0,up,BRCA.Basal_BRCA.Her2,real data,3,fpr,WGAN-GP,postmodel
0.0,up,BRCA.Basal_BRCA.LumA,real data,3,fpr,WGAN-GP,postmodel
0.0,up,BRCA.Basal_BRCA.LumB,real data,3,fpr,WGAN-GP,postmodel
0.0,up,BRCA.Basal_BRCA.Normal,real data,3,fpr,WGAN-GP,postmodel
0.0,up,BRCA.Her2_BRCA.LumA,real data,3,fpr,WGAN-GP,postmodel
0.0,up,BRCA.Her2_BRCA.LumB,real data,3,fpr,WGAN-GP,postmodel
0.0,up,BRCA.Her2_BRCA.Normal,real data,3,fpr,WGAN-GP,postmodel
0.0,up,BRCA.LumA_BRCA.LumB,real data,3,fpr,WGAN-GP,postmodel
0.0,up,BRCA.LumA_BRCA.Normal,real data,3,fpr,WGAN-GP,postmodel
0.0,up,BRCA.LumB_BRCA.Normal,real data,3,fpr,WGAN-GP,postmodel
0.0,down,BRCA.Basal_BRCA.Her2,real data,3,fpr,WGAN-GP,postmodel
0.0,down,BRCA.Basal_BRCA.LumA,real data,3,fpr,WGAN-GP,postmodel
0.0,down,BRCA.Basal_BRCA.LumB,real data,3,fpr,WGAN-GP,postmodel
0.0,down,BRCA.Basal_BRCA.Normal,real data,3,fpr,WGAN-GP,postmodel
0.0,down,BRCA.Her2_BRCA.LumA,real data,3,fpr,WGAN-GP,postmodel
0.0,down,BRCA.Her2_BRCA.LumB,real data,3,fpr,WGAN-GP,postmodel
0.0,down,BRCA.Her2_BRCA.Normal,real data,3,fpr,WGAN-GP,postmodel
0.0,down,BRCA.LumA_BRCA.LumB,real data,3,fpr,WGAN-GP,postmodel
0.0,down,BRCA.LumA_BRCA.Normal,real data,3,fpr,WGAN-GP,postmodel
0.0,down,BRCA.LumB_BRCA.Normal,real data,3,fpr,WGAN-GP,postmodel
0.0107296137339056,up,BRCA.Basal_BRCA.Her2,synthetic data,3,fpr,WGAN-GP,postmodel
0.0203562340966921,up,BRCA.Basal_BRCA.LumA,synthetic data,3,fpr,WGAN-GP,postmodel
0.0117370892018779,up,BRCA.Basal_BRCA.LumB,synthetic data,3,fpr,WGAN-GP,postmodel
0.0232815964523282,up,BRCA.Basal_BRCA.Normal,synthetic data,3,fpr,WGAN-GP,postmodel
0.0296377607025247,up,BRCA.Her2_BRCA.LumA,synthetic data,3,fpr,WGAN-GP,postmodel
0.0093652445369406,up,BRCA.Her2_BRCA.LumB,synthetic data,3,fpr,WGAN-GP,postmodel
0.0053533190578158,up,BRCA.Her2_BRCA.Normal,synthetic data,3,fpr,WGAN-GP,postmodel
0.0,up,BRCA.LumA_BRCA.LumB,synthetic data,3,fpr,WGAN-GP,postmodel
0.0082644628099173,up,BRCA.LumA_BRCA.Normal,synthetic data,3,fpr,WGAN-GP,postmodel
0.0032679738562091,up,BRCA.LumB_BRCA.Normal,synthetic data,3,fpr,WGAN-GP,postmodel
0.0107296137339056,down,BRCA.Basal_BRCA.Her2,synthetic data,3,fpr,WGAN-GP,postmodel
0.0034482758620689,down,BRCA.Basal_BRCA.LumA,synthetic data,3,fpr,WGAN-GP,postmodel
0.0135593220338983,down,BRCA.Basal_BRCA.LumB,synthetic data,3,fpr,WGAN-GP,postmodel
0.0064377682403433,down,BRCA.Basal_BRCA.Normal,synthetic data,3,fpr,WGAN-GP,postmodel
0.006269592476489,down,BRCA.Her2_BRCA.LumA,synthetic data,3,fpr,WGAN-GP,postmodel
0.0072614107883817,down,BRCA.Her2_BRCA.LumB,synthetic data,3,fpr,WGAN-GP,postmodel
0.0,down,BRCA.Her2_BRCA.Normal,synthetic data,3,fpr,WGAN-GP,postmodel
0.0010660980810234,down,BRCA.LumA_BRCA.LumB,synthetic data,3,fpr,WGAN-GP,postmodel
0.0031746031746031,down,BRCA.LumA_BRCA.Normal,synthetic data,3,fpr,WGAN-GP,postmodel
0.0,down,BRCA.LumB_BRCA.Normal,synthetic data,3,fpr,WGAN-GP,postmodel
0.0,up,BRCA.Basal_BRCA.Her2,real data,1,fpr,WGAN-GP,postmodel
0.0,up,BRCA.Basal_BRCA.LumA,real data,1,fpr,WGAN-GP,postmodel
0.0,up,BRCA.Basal_BRCA.LumB,real data,1,fpr,WGAN-GP,postmodel
0.0,up,BRCA.Basal_BRCA.Normal,real data,1,fpr,WGAN-GP,postmodel
0.0,up,BRCA.Her2_BRCA.LumA,real data,1,fpr,WGAN-GP,postmodel
0.0,up,BRCA.Her2_BRCA.LumB,real data,1,fpr,WGAN-GP,postmodel
0.0,up,BRCA.Her2_BRCA.Normal,real data,1,fpr,WGAN-GP,postmodel
0.0,up,BRCA.LumA_BRCA.LumB,real data,1,fpr,WGAN-GP,postmodel
0.0,up,BRCA.LumA_BRCA.Normal,real data,1,fpr,WGAN-GP,postmodel
0.0,up,BRCA.LumB_BRCA.Normal,real data,1,fpr,WGAN-GP,postmodel
0.0,down,BRCA.Basal_BRCA.Her2,real data,1,fpr,WGAN-GP,postmodel
0.0,down,BRCA.Basal_BRCA.LumA,real data,1,fpr,WGAN-GP,postmodel
0.0,down,BRCA.Basal_BRCA.LumB,real data,1,fpr,WGAN-GP,postmodel
0.0,down,BRCA.Basal_BRCA.Normal,real data,1,fpr,WGAN-GP,postmodel
0.0,down,BRCA.Her2_BRCA.LumA,real data,1,fpr,WGAN-GP,postmodel
0.0,down,BRCA.Her2_BRCA.LumB,real data,1,fpr,WGAN-GP,postmodel
0.0,down,BRCA.Her2_BRCA.Normal,real data,1,fpr,WGAN-GP,postmodel
0.0,down,BRCA.LumA_BRCA.LumB,real data,1,fpr,WGAN-GP,postmodel
0.0,down,BRCA.LumA_BRCA.Normal,real data,1,fpr,WGAN-GP,postmodel
0.0,down,BRCA.LumB_BRCA.Normal,real data,1,fpr,WGAN-GP,postmodel
0.0075268817204301,up,BRCA.Basal_BRCA.Her2,synthetic data,1,fpr,WGAN-GP,postmodel
0.0266836086404066,up,BRCA.Basal_BRCA.LumA,synthetic data,1,fpr,WGAN-GP,postmodel
0.0257611241217799,up,BRCA.Basal_BRCA.LumB,synthetic data,1,fpr,WGAN-GP,postmodel
0.0077433628318584,up,BRCA.Basal_BRCA.Normal,synthetic data,1,fpr,WGAN-GP,postmodel
0.0241758241758242,up,BRCA.Her2_BRCA.LumA,synthetic data,1,fpr,WGAN-GP,postmodel
0.0177267987486966,up,BRCA.Her2_BRCA.LumB,synthetic data,1,fpr,WGAN-GP,postmodel
0.0042780748663101,up,BRCA.Her2_BRCA.Normal,synthetic data,1,fpr,WGAN-GP,postmodel
0.0072840790842872,up,BRCA.LumA_BRCA.LumB,synthetic data,1,fpr,WGAN-GP,postmodel
0.012396694214876,up,BRCA.LumA_BRCA.Normal,synthetic data,1,fpr,WGAN-GP,postmodel
0.0209481808158765,up,BRCA.LumB_BRCA.Normal,synthetic data,1,fpr,WGAN-GP,postmodel
0.0107642626480086,down,BRCA.Basal_BRCA.Her2,synthetic data,1,fpr,WGAN-GP,postmodel
0.0148911798396334,down,BRCA.Basal_BRCA.LumA,synthetic data,1,fpr,WGAN-GP,postmodel
0.023972602739726,down,BRCA.Basal_BRCA.LumB,synthetic data,1,fpr,WGAN-GP,postmodel
0.0075187969924812,down,BRCA.Basal_BRCA.Normal,synthetic data,1,fpr,WGAN-GP,postmodel
0.0135699373695198,down,BRCA.Her2_BRCA.LumA,synthetic data,1,fpr,WGAN-GP,postmodel
0.0145077720207254,down,BRCA.Her2_BRCA.LumB,synthetic data,1,fpr,WGAN-GP,postmodel
0.0084566596194503,down,BRCA.Her2_BRCA.Normal,synthetic data,1,fpr,WGAN-GP,postmodel
0.0160427807486631,down,BRCA.LumA_BRCA.LumB,synthetic data,1,fpr,WGAN-GP,postmodel
0.0306553911205074,down,BRCA.LumA_BRCA.Normal,synthetic data,1,fpr,WGAN-GP,postmodel
0.0232300884955752,down,BRCA.LumB_BRCA.Normal,synthetic data,1,fpr,WGAN-GP,postmodel
0.0,up,BRCA.Basal_BRCA.Her2,real data,4,fpr,WGAN-GP,postmodel
0.0,up,BRCA.Basal_BRCA.LumA,real data,4,fpr,WGAN-GP,postmodel
0.0,up,BRCA.Basal_BRCA.LumB,real data,4,fpr,WGAN-GP,postmodel
0.0,up,BRCA.Basal_BRCA.Normal,real data,4,fpr,WGAN-GP,postmodel
0.0,up,BRCA.Her2_BRCA.LumA,real data,4,fpr,WGAN-GP,postmodel
0.0,up,BRCA.Her2_BRCA.LumB,real data,4,fpr,WGAN-GP,postmodel
0.0,up,BRCA.Her2_BRCA.Normal,real data,4,fpr,WGAN-GP,postmodel
0.0,up,BRCA.LumA_BRCA.LumB,real data,4,fpr,WGAN-GP,postmodel
0.0,up,BRCA.LumA_BRCA.Normal,real data,4,fpr,WGAN-GP,postmodel
0.0,up,BRCA.LumB_BRCA.Normal,real data,4,fpr,WGAN-GP,postmodel
0.0,down,BRCA.Basal_BRCA.Her2,real data,4,fpr,WGAN-GP,postmodel
0.0,down,BRCA.Basal_BRCA.LumA,real data,4,fpr,WGAN-GP,postmodel
0.0,down,BRCA.Basal_BRCA.LumB,real data,4,fpr,WGAN-GP,postmodel
0.0,down,BRCA.Basal_BRCA.Normal,real data,4,fpr,WGAN-GP,postmodel
0.0,down,BRCA.Her2_BRCA.LumA,real data,4,fpr,WGAN-GP,postmodel
0.0,down,BRCA.Her2_BRCA.LumB,real data,4,fpr,WGAN-GP,postmodel
0.0,down,BRCA.Her2_BRCA.Normal,real data,4,fpr,WGAN-GP,postmodel
0.0,down,BRCA.LumA_BRCA.LumB,real data,4,fpr,WGAN-GP,postmodel
0.0,down,BRCA.LumA_BRCA.Normal,real data,4,fpr,WGAN-GP,postmodel
0.0,down,BRCA.LumB_BRCA.Normal,real data,4,fpr,WGAN-GP,postmodel
0.0258899676375405,up,BRCA.Basal_BRCA.Her2,synthetic data,4,fpr,WGAN-GP,postmodel
0.0431472081218274,up,BRCA.Basal_BRCA.LumA,synthetic data,4,fpr,WGAN-GP,postmodel
0.0339181286549708,up,BRCA.Basal_BRCA.LumB,synthetic data,4,fpr,WGAN-GP,postmodel
0.0417124039517014,up,BRCA.Basal_BRCA.Normal,synthetic data,4,fpr,WGAN-GP,postmodel
0.0197802197802198,up,BRCA.Her2_BRCA.LumA,synthetic data,4,fpr,WGAN-GP,postmodel
0.003125,up,BRCA.Her2_BRCA.LumB,synthetic data,4,fpr,WGAN-GP,postmodel
0.0095744680851063,up,BRCA.Her2_BRCA.Normal,synthetic data,4,fpr,WGAN-GP,postmodel
0.001039501039501,up,BRCA.LumA_BRCA.LumB,synthetic data,4,fpr,WGAN-GP,postmodel
0.004149377593361,up,BRCA.LumA_BRCA.Normal,synthetic data,4,fpr,WGAN-GP,postmodel
0.0087241003271537,up,BRCA.LumB_BRCA.Normal,synthetic data,4,fpr,WGAN-GP,postmodel
0.0260021668472373,down,BRCA.Basal_BRCA.Her2,synthetic data,4,fpr,WGAN-GP,postmodel
0.0206659012629162,down,BRCA.Basal_BRCA.LumA,synthetic data,4,fpr,WGAN-GP,postmodel
0.0228571428571429,down,BRCA.Basal_BRCA.LumB,synthetic data,4,fpr,WGAN-GP,postmodel
0.0322927879440258,down,BRCA.Basal_BRCA.Normal,synthetic data,4,fpr,WGAN-GP,postmodel
0.006276150627615,down,BRCA.Her2_BRCA.LumA,synthetic data,4,fpr,WGAN-GP,postmodel
0.004149377593361,down,BRCA.Her2_BRCA.LumB,synthetic data,4,fpr,WGAN-GP,postmodel
0.0063897763578274,down,BRCA.Her2_BRCA.Normal,synthetic data,4,fpr,WGAN-GP,postmodel
0.0021367521367521,down,BRCA.LumA_BRCA.LumB,synthetic data,4,fpr,WGAN-GP,postmodel
0.017989417989418,down,BRCA.LumA_BRCA.Normal,synthetic data,4,fpr,WGAN-GP,postmodel
0.007803790412486,down,BRCA.LumB_BRCA.Normal,synthetic data,4,fpr,WGAN-GP,postmodel
0.0,up,BRCA.Basal_BRCA.Her2,real data,5,fpr,WGAN-GP,postmodel
0.0,up,BRCA.Basal_BRCA.LumA,real data,5,fpr,WGAN-GP,postmodel
0.0,up,BRCA.Basal_BRCA.LumB,real data,5,fpr,WGAN-GP,postmodel
0.0,up,BRCA.Basal_BRCA.Normal,real data,5,fpr,WGAN-GP,postmodel
0.0,up,BRCA.Her2_BRCA.LumA,real data,5,fpr,WGAN-GP,postmodel
0.0,up,BRCA.Her2_BRCA.LumB,real data,5,fpr,WGAN-GP,postmodel
0.0,up,BRCA.Her2_BRCA.Normal,real data,5,fpr,WGAN-GP,postmodel
0.0,up,BRCA.LumA_BRCA.LumB,real data,5,fpr,WGAN-GP,postmodel
0.0,up,BRCA.LumA_BRCA.Normal,real data,5,fpr,WGAN-GP,postmodel
0.0,up,BRCA.LumB_BRCA.Normal,real data,5,fpr,WGAN-GP,postmodel
0.0,down,BRCA.Basal_BRCA.Her2,real data,5,fpr,WGAN-GP,postmodel
0.0,down,BRCA.Basal_BRCA.LumA,real data,5,fpr,WGAN-GP,postmodel
0.0,down,BRCA.Basal_BRCA.LumB,real data,5,fpr,WGAN-GP,postmodel
0.0,down,BRCA.Basal_BRCA.Normal,real data,5,fpr,WGAN-GP,postmodel
0.0,down,BRCA.Her2_BRCA.LumA,real data,5,fpr,WGAN-GP,postmodel
0.0,down,BRCA.Her2_BRCA.LumB,real data,5,fpr,WGAN-GP,postmodel
0.0,down,BRCA.Her2_BRCA.Normal,real data,5,fpr,WGAN-GP,postmodel
0.0,down,BRCA.LumA_BRCA.LumB,real data,5,fpr,WGAN-GP,postmodel
0.0,down,BRCA.LumA_BRCA.Normal,real data,5,fpr,WGAN-GP,postmodel
0.0,down,BRCA.LumB_BRCA.Normal,real data,5,fpr,WGAN-GP,postmodel
0.0278969957081545,up,BRCA.Basal_BRCA.Her2,synthetic data,5,fpr,WGAN-GP,postmodel
0.0101781170483461,up,BRCA.Basal_BRCA.LumA,synthetic data,5,fpr,WGAN-GP,postmodel
0.0094007050528789,up,BRCA.Basal_BRCA.LumB,synthetic data,5,fpr,WGAN-GP,postmodel
0.0011148272017837,up,BRCA.Basal_BRCA.Normal,synthetic data,5,fpr,WGAN-GP,postmodel
0.0,up,BRCA.Her2_BRCA.LumA,synthetic data,5,fpr,WGAN-GP,postmodel
0.0010416666666666,up,BRCA.Her2_BRCA.LumB,synthetic data,5,fpr,WGAN-GP,postmodel
0.0010570824524312,up,BRCA.Her2_BRCA.Normal,synthetic data,5,fpr,WGAN-GP,postmodel
0.0082901554404145,up,BRCA.LumA_BRCA.LumB,synthetic data,5,fpr,WGAN-GP,postmodel
0.0113519091847265,up,BRCA.LumA_BRCA.Normal,synthetic data,5,fpr,WGAN-GP,postmodel
0.0162689804772234,up,BRCA.LumB_BRCA.Normal,synthetic data,5,fpr,WGAN-GP,postmodel
0.0086206896551724,down,BRCA.Basal_BRCA.Her2,synthetic data,5,fpr,WGAN-GP,postmodel
0.0011494252873563,down,BRCA.Basal_BRCA.LumA,synthetic data,5,fpr,WGAN-GP,postmodel
0.0159453302961276,down,BRCA.Basal_BRCA.LumB,synthetic data,5,fpr,WGAN-GP,postmodel
0.0021762785636561,down,BRCA.Basal_BRCA.Normal,synthetic data,5,fpr,WGAN-GP,postmodel
0.0010449320794148,down,BRCA.Her2_BRCA.LumA,synthetic data,5,fpr,WGAN-GP,postmodel
0.0010405827263267,down,BRCA.Her2_BRCA.LumB,synthetic data,5,fpr,WGAN-GP,postmodel
0.0084210526315789,down,BRCA.Her2_BRCA.Normal,synthetic data,5,fpr,WGAN-GP,postmodel
0.0064034151547492,down,BRCA.LumA_BRCA.LumB,synthetic data,5,fpr,WGAN-GP,postmodel
0.0199579831932773,down,BRCA.LumA_BRCA.Normal,synthetic data,5,fpr,WGAN-GP,postmodel
0.017718715393134,down,BRCA.LumB_BRCA.Normal,synthetic data,5,fpr,WGAN-GP,postmodel
1.0,up,BRCA.Basal_BRCA.Her2,real data,1,tpr,CVAE-GMM,postmodel
1.0,up,BRCA.Basal_BRCA.LumA,real data,1,tpr,CVAE-GMM,postmodel
1.0,up,BRCA.Basal_BRCA.LumB,real data,1,tpr,CVAE-GMM,postmodel
1.0,up,BRCA.Basal_BRCA.Normal,real data,1,tpr,CVAE-GMM,postmodel
1.0,up,BRCA.Her2_BRCA.LumA,real data,1,tpr,CVAE-GMM,postmodel
1.0,up,BRCA.Her2_BRCA.LumB,real data,1,tpr,CVAE-GMM,postmodel
1.0,up,BRCA.Her2_BRCA.Normal,real data,1,tpr,CVAE-GMM,postmodel
1.0,up,BRCA.LumA_BRCA.LumB,real data,1,tpr,CVAE-GMM,postmodel
1.0,up,BRCA.LumA_BRCA.Normal,real data,1,tpr,CVAE-GMM,postmodel
1.0,up,BRCA.LumB_BRCA.Normal,real data,1,tpr,CVAE-GMM,postmodel
1.0,down,BRCA.Basal_BRCA.Her2,real data,1,tpr,CVAE-GMM,postmodel
1.0,down,BRCA.Basal_BRCA.LumA,real data,1,tpr,CVAE-GMM,postmodel
1.0,down,BRCA.Basal_BRCA.LumB,real data,1,tpr,CVAE-GMM,postmodel
1.0,down,BRCA.Basal_BRCA.Normal,real data,1,tpr,CVAE-GMM,postmodel
1.0,down,BRCA.Her2_BRCA.LumA,real data,1,tpr,CVAE-GMM,postmodel
1.0,down,BRCA.Her2_BRCA.LumB,real data,1,tpr,CVAE-GMM,postmodel
1.0,down,BRCA.Her2_BRCA.Normal,real data,1,tpr,CVAE-GMM,postmodel
1.0,down,BRCA.LumA_BRCA.LumB,real data,1,tpr,CVAE-GMM,postmodel
1.0,down,BRCA.LumA_BRCA.Normal,real data,1,tpr,CVAE-GMM,postmodel
1.0,down,BRCA.LumB_BRCA.Normal,real data,1,tpr,CVAE-GMM,postmodel
0.979166666666667,up,BRCA.Basal_BRCA.Her2,synthetic data,1,tpr,CVAE-GMM,postmodel
0.931937172774869,up,BRCA.Basal_BRCA.LumA,synthetic data,1,tpr,CVAE-GMM,postmodel
0.919354838709677,up,BRCA.Basal_BRCA.LumB,synthetic data,1,tpr,CVAE-GMM,postmodel
0.77027027027027,up,BRCA.Basal_BRCA.Normal,synthetic data,1,tpr,CVAE-GMM,postmodel
1.0,up,BRCA.Her2_BRCA.LumA,synthetic data,1,tpr,CVAE-GMM,postmodel
1.0,up,BRCA.Her2_BRCA.LumB,synthetic data,1,tpr,CVAE-GMM,postmodel
0.953488372093023,up,BRCA.Her2_BRCA.Normal,synthetic data,1,tpr,CVAE-GMM,postmodel
1.0,up,BRCA.LumA_BRCA.LumB,synthetic data,1,tpr,CVAE-GMM,postmodel
0.9,up,BRCA.LumA_BRCA.Normal,synthetic data,1,tpr,CVAE-GMM,postmodel
0.985915492957746,up,BRCA.LumB_BRCA.Normal,synthetic data,1,tpr,CVAE-GMM,postmodel
0.979591836734694,down,BRCA.Basal_BRCA.Her2,synthetic data,1,tpr,CVAE-GMM,postmodel
0.990476190476191,down,BRCA.Basal_BRCA.LumA,synthetic data,1,tpr,CVAE-GMM,postmodel
0.980392156862745,down,BRCA.Basal_BRCA.LumB,synthetic data,1,tpr,CVAE-GMM,postmodel
0.808510638297872,down,BRCA.Basal_BRCA.Normal,synthetic data,1,tpr,CVAE-GMM,postmodel
1.0,down,BRCA.Her2_BRCA.LumA,synthetic data,1,tpr,CVAE-GMM,postmodel
1.0,down,BRCA.Her2_BRCA.LumB,synthetic data,1,tpr,CVAE-GMM,postmodel
1.0,down,BRCA.Her2_BRCA.Normal,synthetic data,1,tpr,CVAE-GMM,postmodel
1.0,down,BRCA.LumA_BRCA.LumB,synthetic data,1,tpr,CVAE-GMM,postmodel
0.9375,down,BRCA.LumA_BRCA.Normal,synthetic data,1,tpr,CVAE-GMM,postmodel
1.0,down,BRCA.LumB_BRCA.Normal,synthetic data,1,tpr,CVAE-GMM,postmodel
1.0,up,BRCA.Basal_BRCA.Her2,real data,2,tpr,CVAE-GMM,postmodel
1.0,up,BRCA.Basal_BRCA.LumA,real data,2,tpr,CVAE-GMM,postmodel
1.0,up,BRCA.Basal_BRCA.LumB,real data,2,tpr,CVAE-GMM,postmodel
1.0,up,BRCA.Basal_BRCA.Normal,real data,2,tpr,CVAE-GMM,postmodel
1.0,up,BRCA.Her2_BRCA.LumA,real data,2,tpr,CVAE-GMM,postmodel
1.0,up,BRCA.Her2_BRCA.LumB,real data,2,tpr,CVAE-GMM,postmodel
1.0,up,BRCA.Her2_BRCA.Normal,real data,2,tpr,CVAE-GMM,postmodel
1.0,up,BRCA.LumA_BRCA.LumB,real data,2,tpr,CVAE-GMM,postmodel
1.0,up,BRCA.LumA_BRCA.Normal,real data,2,tpr,CVAE-GMM,postmodel
1.0,up,BRCA.LumB_BRCA.Normal,real data,2,tpr,CVAE-GMM,postmodel
1.0,down,BRCA.Basal_BRCA.Her2,real data,2,tpr,CVAE-GMM,postmodel
1.0,down,BRCA.Basal_BRCA.LumA,real data,2,tpr,CVAE-GMM,postmodel
1.0,down,BRCA.Basal_BRCA.LumB,real data,2,tpr,CVAE-GMM,postmodel
1.0,down,BRCA.Basal_BRCA.Normal,real data,2,tpr,CVAE-GMM,postmodel
1.0,down,BRCA.Her2_BRCA.LumA,real data,2,tpr,CVAE-GMM,postmodel
1.0,down,BRCA.Her2_BRCA.LumB,real data,2,tpr,CVAE-GMM,postmodel
1.0,down,BRCA.Her2_BRCA.Normal,real data,2,tpr,CVAE-GMM,postmodel
1.0,down,BRCA.LumA_BRCA.LumB,real data,2,tpr,CVAE-GMM,postmodel
1.0,down,BRCA.LumA_BRCA.Normal,real data,2,tpr,CVAE-GMM,postmodel
1.0,down,BRCA.LumB_BRCA.Normal,real data,2,tpr,CVAE-GMM,postmodel
0.982142857142857,up,BRCA.Basal_BRCA.Her2,synthetic data,2,tpr,CVAE-GMM,postmodel
0.979487179487179,up,BRCA.Basal_BRCA.LumA,synthetic data,2,tpr,CVAE-GMM,postmodel
1.0,up,BRCA.Basal_BRCA.LumB,synthetic data,2,tpr,CVAE-GMM,postmodel
0.988095238095238,up,BRCA.Basal_BRCA.Normal,synthetic data,2,tpr,CVAE-GMM,postmodel
0.984848484848485,up,BRCA.Her2_BRCA.LumA,synthetic data,2,tpr,CVAE-GMM,postmodel
1.0,up,BRCA.Her2_BRCA.LumB,synthetic data,2,tpr,CVAE-GMM,postmodel
1.0,up,BRCA.Her2_BRCA.Normal,synthetic data,2,tpr,CVAE-GMM,postmodel
1.0,up,BRCA.LumA_BRCA.LumB,synthetic data,2,tpr,CVAE-GMM,postmodel
1.0,up,BRCA.LumA_BRCA.Normal,synthetic data,2,tpr,CVAE-GMM,postmodel
0.984615384615385,up,BRCA.LumB_BRCA.Normal,synthetic data,2,tpr,CVAE-GMM,postmodel
1.0,down,BRCA.Basal_BRCA.Her2,synthetic data,2,tpr,CVAE-GMM,postmodel
0.990566037735849,down,BRCA.Basal_BRCA.LumA,synthetic data,2,tpr,CVAE-GMM,postmodel
0.98019801980198,down,BRCA.Basal_BRCA.LumB,synthetic data,2,tpr,CVAE-GMM,postmodel
0.907407407407407,down,BRCA.Basal_BRCA.Normal,synthetic data,2,tpr,CVAE-GMM,postmodel
1.0,down,BRCA.Her2_BRCA.LumA,synthetic data,2,tpr,CVAE-GMM,postmodel
1.0,down,BRCA.Her2_BRCA.LumB,synthetic data,2,tpr,CVAE-GMM,postmodel
1.0,down,BRCA.Her2_BRCA.Normal,synthetic data,2,tpr,CVAE-GMM,postmodel
1.0,down,BRCA.LumA_BRCA.LumB,synthetic data,2,tpr,CVAE-GMM,postmodel
0.95,down,BRCA.LumA_BRCA.Normal,synthetic data,2,tpr,CVAE-GMM,postmodel
0.865853658536585,down,BRCA.LumB_BRCA.Normal,synthetic data,2,tpr,CVAE-GMM,postmodel
1.0,up,BRCA.Basal_BRCA.Her2,real data,5,tpr,CVAE-GMM,postmodel
1.0,up,BRCA.Basal_BRCA.LumA,real data,5,tpr,CVAE-GMM,postmodel
1.0,up,BRCA.Basal_BRCA.LumB,real data,5,tpr,CVAE-GMM,postmodel
1.0,up,BRCA.Basal_BRCA.Normal,real data,5,tpr,CVAE-GMM,postmodel
1.0,up,BRCA.Her2_BRCA.LumA,real data,5,tpr,CVAE-GMM,postmodel
1.0,up,BRCA.Her2_BRCA.LumB,real data,5,tpr,CVAE-GMM,postmodel
1.0,up,BRCA.Her2_BRCA.Normal,real data,5,tpr,CVAE-GMM,postmodel
1.0,up,BRCA.LumA_BRCA.LumB,real data,5,tpr,CVAE-GMM,postmodel
1.0,up,BRCA.LumA_BRCA.Normal,real data,5,tpr,CVAE-GMM,postmodel
1.0,up,BRCA.LumB_BRCA.Normal,real data,5,tpr,CVAE-GMM,postmodel
1.0,down,BRCA.Basal_BRCA.Her2,real data,5,tpr,CVAE-GMM,postmodel
1.0,down,BRCA.Basal_BRCA.LumA,real data,5,tpr,CVAE-GMM,postmodel
1.0,down,BRCA.Basal_BRCA.LumB,real data,5,tpr,CVAE-GMM,postmodel
1.0,down,BRCA.Basal_BRCA.Normal,real data,5,tpr,CVAE-GMM,postmodel
1.0,down,BRCA.Her2_BRCA.LumA,real data,5,tpr,CVAE-GMM,postmodel
1.0,down,BRCA.Her2_BRCA.LumB,real data,5,tpr,CVAE-GMM,postmodel
1.0,down,BRCA.Her2_BRCA.Normal,real data,5,tpr,CVAE-GMM,postmodel
1.0,down,BRCA.LumA_BRCA.LumB,real data,5,tpr,CVAE-GMM,postmodel
1.0,down,BRCA.LumA_BRCA.Normal,real data,5,tpr,CVAE-GMM,postmodel
1.0,down,BRCA.LumB_BRCA.Normal,real data,5,tpr,CVAE-GMM,postmodel
0.978260869565217,up,BRCA.Basal_BRCA.Her2,synthetic data,5,tpr,CVAE-GMM,postmodel
0.984375,up,BRCA.Basal_BRCA.LumA,synthetic data,5,tpr,CVAE-GMM,postmodel
1.0,up,BRCA.Basal_BRCA.LumB,synthetic data,5,tpr,CVAE-GMM,postmodel
0.987654320987654,up,BRCA.Basal_BRCA.Normal,synthetic data,5,tpr,CVAE-GMM,postmodel
0.985294117647059,up,BRCA.Her2_BRCA.LumA,synthetic data,5,tpr,CVAE-GMM,postmodel
1.0,up,BRCA.Her2_BRCA.LumB,synthetic data,5,tpr,CVAE-GMM,postmodel
0.9375,up,BRCA.Her2_BRCA.Normal,synthetic data,5,tpr,CVAE-GMM,postmodel
1.0,up,BRCA.LumA_BRCA.LumB,synthetic data,5,tpr,CVAE-GMM,postmodel
1.0,up,BRCA.LumA_BRCA.Normal,synthetic data,5,tpr,CVAE-GMM,postmodel
1.0,up,BRCA.LumB_BRCA.Normal,synthetic data,5,tpr,CVAE-GMM,postmodel
1.0,down,BRCA.Basal_BRCA.Her2,synthetic data,5,tpr,CVAE-GMM,postmodel
0.990740740740741,down,BRCA.Basal_BRCA.LumA,synthetic data,5,tpr,CVAE-GMM,postmodel
0.99,down,BRCA.Basal_BRCA.LumB,synthetic data,5,tpr,CVAE-GMM,postmodel
0.983050847457627,down,BRCA.Basal_BRCA.Normal,synthetic data,5,tpr,CVAE-GMM,postmodel
1.0,down,BRCA.Her2_BRCA.LumA,synthetic data,5,tpr,CVAE-GMM,postmodel
1.0,down,BRCA.Her2_BRCA.LumB,synthetic data,5,tpr,CVAE-GMM,postmodel
1.0,down,BRCA.Her2_BRCA.Normal,synthetic data,5,tpr,CVAE-GMM,postmodel
1.0,down,BRCA.LumA_BRCA.LumB,synthetic data,5,tpr,CVAE-GMM,postmodel
1.0,down,BRCA.LumA_BRCA.Normal,synthetic data,5,tpr,CVAE-GMM,postmodel
0.973333333333333,down,BRCA.LumB_BRCA.Normal,synthetic data,5,tpr,CVAE-GMM,postmodel
1.0,up,BRCA.Basal_BRCA.Her2,real data,3,tpr,CVAE-GMM,postmodel
1.0,up,BRCA.Basal_BRCA.LumA,real data,3,tpr,CVAE-GMM,postmodel
1.0,up,BRCA.Basal_BRCA.LumB,real data,3,tpr,CVAE-GMM,postmodel
1.0,up,BRCA.Basal_BRCA.Normal,real data,3,tpr,CVAE-GMM,postmodel
1.0,up,BRCA.Her2_BRCA.LumA,real data,3,tpr,CVAE-GMM,postmodel
1.0,up,BRCA.Her2_BRCA.LumB,real data,3,tpr,CVAE-GMM,postmodel
1.0,up,BRCA.Her2_BRCA.Normal,real data,3,tpr,CVAE-GMM,postmodel
1.0,up,BRCA.LumA_BRCA.LumB,real data,3,tpr,CVAE-GMM,postmodel
1.0,up,BRCA.LumA_BRCA.Normal,real data,3,tpr,CVAE-GMM,postmodel
1.0,up,BRCA.LumB_BRCA.Normal,real data,3,tpr,CVAE-GMM,postmodel
1.0,down,BRCA.Basal_BRCA.Her2,real data,3,tpr,CVAE-GMM,postmodel
1.0,down,BRCA.Basal_BRCA.LumA,real data,3,tpr,CVAE-GMM,postmodel
1.0,down,BRCA.Basal_BRCA.LumB,real data,3,tpr,CVAE-GMM,postmodel
1.0,down,BRCA.Basal_BRCA.Normal,real data,3,tpr,CVAE-GMM,postmodel
1.0,down,BRCA.Her2_BRCA.LumA,real data,3,tpr,CVAE-GMM,postmodel
1.0,down,BRCA.Her2_BRCA.LumB,real data,3,tpr,CVAE-GMM,postmodel
1.0,down,BRCA.Her2_BRCA.Normal,real data,3,tpr,CVAE-GMM,postmodel
1.0,down,BRCA.LumA_BRCA.LumB,real data,3,tpr,CVAE-GMM,postmodel
1.0,down,BRCA.LumA_BRCA.Normal,real data,3,tpr,CVAE-GMM,postmodel
1.0,down,BRCA.LumB_BRCA.Normal,real data,3,tpr,CVAE-GMM,postmodel
1.0,up,BRCA.Basal_BRCA.Her2,synthetic data,3,tpr,CVAE-GMM,postmodel
0.984375,up,BRCA.Basal_BRCA.LumA,synthetic data,3,tpr,CVAE-GMM,postmodel
1.0,up,BRCA.Basal_BRCA.LumB,synthetic data,3,tpr,CVAE-GMM,postmodel
1.0,up,BRCA.Basal_BRCA.Normal,synthetic data,3,tpr,CVAE-GMM,postmodel
0.955223880597015,up,BRCA.Her2_BRCA.LumA,synthetic data,3,tpr,CVAE-GMM,postmodel
1.0,up,BRCA.Her2_BRCA.LumB,synthetic data,3,tpr,CVAE-GMM,postmodel
0.977272727272727,up,BRCA.Her2_BRCA.Normal,synthetic data,3,tpr,CVAE-GMM,postmodel
1.0,up,BRCA.LumA_BRCA.LumB,synthetic data,3,tpr,CVAE-GMM,postmodel
0.8,up,BRCA.LumA_BRCA.Normal,synthetic data,3,tpr,CVAE-GMM,postmodel
0.916666666666667,up,BRCA.LumB_BRCA.Normal,synthetic data,3,tpr,CVAE-GMM,postmodel
1.0,down,BRCA.Basal_BRCA.Her2,synthetic data,3,tpr,CVAE-GMM,postmodel
0.972222222222222,down,BRCA.Basal_BRCA.LumA,synthetic data,3,tpr,CVAE-GMM,postmodel
0.967741935483871,down,BRCA.Basal_BRCA.LumB,synthetic data,3,tpr,CVAE-GMM,postmodel
0.978260869565217,down,BRCA.Basal_BRCA.Normal,synthetic data,3,tpr,CVAE-GMM,postmodel
1.0,down,BRCA.Her2_BRCA.LumA,synthetic data,3,tpr,CVAE-GMM,postmodel
0.928571428571429,down,BRCA.Her2_BRCA.LumB,synthetic data,3,tpr,CVAE-GMM,postmodel
1.0,down,BRCA.Her2_BRCA.Normal,synthetic data,3,tpr,CVAE-GMM,postmodel
0.975,down,BRCA.LumA_BRCA.LumB,synthetic data,3,tpr,CVAE-GMM,postmodel
0.878787878787879,down,BRCA.LumA_BRCA.Normal,synthetic data,3,tpr,CVAE-GMM,postmodel
0.938461538461538,down,BRCA.LumB_BRCA.Normal,synthetic data,3,tpr,CVAE-GMM,postmodel
1.0,up,BRCA.Basal_BRCA.Her2,real data,4,tpr,CVAE-GMM,postmodel
1.0,up,BRCA.Basal_BRCA.LumA,real data,4,tpr,CVAE-GMM,postmodel
1.0,up,BRCA.Basal_BRCA.LumB,real data,4,tpr,CVAE-GMM,postmodel
1.0,up,BRCA.Basal_BRCA.Normal,real data,4,tpr,CVAE-GMM,postmodel
1.0,up,BRCA.Her2_BRCA.LumA,real data,4,tpr,CVAE-GMM,postmodel
1.0,up,BRCA.Her2_BRCA.LumB,real data,4,tpr,CVAE-GMM,postmodel
1.0,up,BRCA.Her2_BRCA.Normal,real data,4,tpr,CVAE-GMM,postmodel
1.0,up,BRCA.LumA_BRCA.LumB,real data,4,tpr,CVAE-GMM,postmodel
1.0,up,BRCA.LumA_BRCA.Normal,real data,4,tpr,CVAE-GMM,postmodel
1.0,up,BRCA.LumB_BRCA.Normal,real data,4,tpr,CVAE-GMM,postmodel
1.0,down,BRCA.Basal_BRCA.Her2,real data,4,tpr,CVAE-GMM,postmodel
1.0,down,BRCA.Basal_BRCA.LumA,real data,4,tpr,CVAE-GMM,postmodel
1.0,down,BRCA.Basal_BRCA.LumB,real data,4,tpr,CVAE-GMM,postmodel
1.0,down,BRCA.Basal_BRCA.Normal,real data,4,tpr,CVAE-GMM,postmodel
1.0,down,BRCA.Her2_BRCA.LumA,real data,4,tpr,CVAE-GMM,postmodel
1.0,down,BRCA.Her2_BRCA.LumB,real data,4,tpr,CVAE-GMM,postmodel
1.0,down,BRCA.Her2_BRCA.Normal,real data,4,tpr,CVAE-GMM,postmodel
1.0,down,BRCA.LumA_BRCA.LumB,real data,4,tpr,CVAE-GMM,postmodel
1.0,down,BRCA.LumA_BRCA.Normal,real data,4,tpr,CVAE-GMM,postmodel
1.0,down,BRCA.LumB_BRCA.Normal,real data,4,tpr,CVAE-GMM,postmodel
0.96078431372549,up,BRCA.Basal_BRCA.Her2,synthetic data,4,tpr,CVAE-GMM,postmodel
0.963157894736842,up,BRCA.Basal_BRCA.LumA,synthetic data,4,tpr,CVAE-GMM,postmodel
0.902439024390244,up,BRCA.Basal_BRCA.LumB,synthetic data,4,tpr,CVAE-GMM,postmodel
0.970149253731343,up,BRCA.Basal_BRCA.Normal,synthetic data,4,tpr,CVAE-GMM,postmodel
1.0,up,BRCA.Her2_BRCA.LumA,synthetic data,4,tpr,CVAE-GMM,postmodel
1.0,up,BRCA.Her2_BRCA.LumB,synthetic data,4,tpr,CVAE-GMM,postmodel
0.973684210526316,up,BRCA.Her2_BRCA.Normal,synthetic data,4,tpr,CVAE-GMM,postmodel
0.8125,up,BRCA.LumA_BRCA.LumB,synthetic data,4,tpr,CVAE-GMM,postmodel
0.928571428571429,up,BRCA.LumA_BRCA.Normal,synthetic data,4,tpr,CVAE-GMM,postmodel
0.885245901639344,up,BRCA.LumB_BRCA.Normal,synthetic data,4,tpr,CVAE-GMM,postmodel
1.0,down,BRCA.Basal_BRCA.Her2,synthetic data,4,tpr,CVAE-GMM,postmodel
0.981308411214953,down,BRCA.Basal_BRCA.LumA,synthetic data,4,tpr,CVAE-GMM,postmodel
0.951456310679612,down,BRCA.Basal_BRCA.LumB,synthetic data,4,tpr,CVAE-GMM,postmodel
0.959183673469388,down,BRCA.Basal_BRCA.Normal,synthetic data,4,tpr,CVAE-GMM,postmodel
1.0,down,BRCA.Her2_BRCA.LumA,synthetic data,4,tpr,CVAE-GMM,postmodel
1.0,down,BRCA.Her2_BRCA.LumB,synthetic data,4,tpr,CVAE-GMM,postmodel
0.923076923076923,down,BRCA.Her2_BRCA.Normal,synthetic data,4,tpr,CVAE-GMM,postmodel
0.976190476190476,down,BRCA.LumA_BRCA.LumB,synthetic data,4,tpr,CVAE-GMM,postmodel
0.939393939393939,down,BRCA.LumA_BRCA.Normal,synthetic data,4,tpr,CVAE-GMM,postmodel
0.888888888888889,down,BRCA.LumB_BRCA.Normal,synthetic data,4,tpr,CVAE-GMM,postmodel
0.0,up,BRCA.Basal_BRCA.Her2,real data,1,fpr,CVAE-GMM,postmodel
0.0,up,BRCA.Basal_BRCA.LumA,real data,1,fpr,CVAE-GMM,postmodel
0.0,up,BRCA.Basal_BRCA.LumB,real data,1,fpr,CVAE-GMM,postmodel
0.0,up,BRCA.Basal_BRCA.Normal,real data,1,fpr,CVAE-GMM,postmodel
0.0,up,BRCA.Her2_BRCA.LumA,real data,1,fpr,CVAE-GMM,postmodel
0.0,up,BRCA.Her2_BRCA.LumB,real data,1,fpr,CVAE-GMM,postmodel
0.0,up,BRCA.Her2_BRCA.Normal,real data,1,fpr,CVAE-GMM,postmodel
0.0,up,BRCA.LumA_BRCA.LumB,real data,1,fpr,CVAE-GMM,postmodel
0.0,up,BRCA.LumA_BRCA.Normal,real data,1,fpr,CVAE-GMM,postmodel
0.0,up,BRCA.LumB_BRCA.Normal,real data,1,fpr,CVAE-GMM,postmodel
0.0,down,BRCA.Basal_BRCA.Her2,real data,1,fpr,CVAE-GMM,postmodel
0.0,down,BRCA.Basal_BRCA.LumA,real data,1,fpr,CVAE-GMM,postmodel
0.0,down,BRCA.Basal_BRCA.LumB,real data,1,fpr,CVAE-GMM,postmodel
0.0,down,BRCA.Basal_BRCA.Normal,real data,1,fpr,CVAE-GMM,postmodel
0.0,down,BRCA.Her2_BRCA.LumA,real data,1,fpr,CVAE-GMM,postmodel
0.0,down,BRCA.Her2_BRCA.LumB,real data,1,fpr,CVAE-GMM,postmodel
0.0,down,BRCA.Her2_BRCA.Normal,real data,1,fpr,CVAE-GMM,postmodel
0.0,down,BRCA.LumA_BRCA.LumB,real data,1,fpr,CVAE-GMM,postmodel
0.0,down,BRCA.LumA_BRCA.Normal,real data,1,fpr,CVAE-GMM,postmodel
0.0,down,BRCA.LumB_BRCA.Normal,real data,1,fpr,CVAE-GMM,postmodel
0.0161290322580645,up,BRCA.Basal_BRCA.Her2,synthetic data,1,fpr,CVAE-GMM,postmodel
0.0152477763659466,up,BRCA.Basal_BRCA.LumA,synthetic data,1,fpr,CVAE-GMM,postmodel
0.0175644028103044,up,BRCA.Basal_BRCA.LumB,synthetic data,1,fpr,CVAE-GMM,postmodel
0.0132743362831858,up,BRCA.Basal_BRCA.Normal,synthetic data,1,fpr,CVAE-GMM,postmodel
0.0285714285714286,up,BRCA.Her2_BRCA.LumA,synthetic data,1,fpr,CVAE-GMM,postmodel
0.0093847758081334,up,BRCA.Her2_BRCA.LumB,synthetic data,1,fpr,CVAE-GMM,postmodel
0.0470588235294118,up,BRCA.Her2_BRCA.Normal,synthetic data,1,fpr,CVAE-GMM,postmodel
0.0062434963579604,up,BRCA.LumA_BRCA.LumB,synthetic data,1,fpr,CVAE-GMM,postmodel
0.0196280991735537,up,BRCA.LumA_BRCA.Normal,synthetic data,1,fpr,CVAE-GMM,postmodel
0.0341786108048512,up,BRCA.LumB_BRCA.Normal,synthetic data,1,fpr,CVAE-GMM,postmodel
0.0269106566200215,down,BRCA.Basal_BRCA.Her2,synthetic data,1,fpr,CVAE-GMM,postmodel
0.0091638029782359,down,BRCA.Basal_BRCA.LumA,synthetic data,1,fpr,CVAE-GMM,postmodel
0.021689497716895,down,BRCA.Basal_BRCA.LumB,synthetic data,1,fpr,CVAE-GMM,postmodel
0.0064446831364124,down,BRCA.Basal_BRCA.Normal,synthetic data,1,fpr,CVAE-GMM,postmodel
0.0187891440501044,down,BRCA.Her2_BRCA.LumA,synthetic data,1,fpr,CVAE-GMM,postmodel
0.0134715025906736,down,BRCA.Her2_BRCA.LumB,synthetic data,1,fpr,CVAE-GMM,postmodel
0.0306553911205074,down,BRCA.Her2_BRCA.Normal,synthetic data,1,fpr,CVAE-GMM,postmodel
0.0096256684491978,down,BRCA.LumA_BRCA.LumB,synthetic data,1,fpr,CVAE-GMM,postmodel
0.0190274841437632,down,BRCA.LumA_BRCA.Normal,synthetic data,1,fpr,CVAE-GMM,postmodel
0.0243362831858407,down,BRCA.LumB_BRCA.Normal,synthetic data,1,fpr,CVAE-GMM,postmodel
0.0,up,BRCA.Basal_BRCA.Her2,real data,2,fpr,CVAE-GMM,postmodel
0.0,up,BRCA.Basal_BRCA.LumA,real data,2,fpr,CVAE-GMM,postmodel
0.0,up,BRCA.Basal_BRCA.LumB,real data,2,fpr,CVAE-GMM,postmodel
0.0,up,BRCA.Basal_BRCA.Normal,real data,2,fpr,CVAE-GMM,postmodel
0.0,up,BRCA.Her2_BRCA.LumA,real data,2,fpr,CVAE-GMM,postmodel
0.0,up,BRCA.Her2_BRCA.LumB,real data,2,fpr,CVAE-GMM,postmodel
0.0,up,BRCA.Her2_BRCA.Normal,real data,2,fpr,CVAE-GMM,postmodel
0.0,up,BRCA.LumA_BRCA.LumB,real data,2,fpr,CVAE-GMM,postmodel
0.0,up,BRCA.LumA_BRCA.Normal,real data,2,fpr,CVAE-GMM,postmodel
0.0,up,BRCA.LumB_BRCA.Normal,real data,2,fpr,CVAE-GMM,postmodel
0.0,down,BRCA.Basal_BRCA.Her2,real data,2,fpr,CVAE-GMM,postmodel
0.0,down,BRCA.Basal_BRCA.LumA,real data,2,fpr,CVAE-GMM,postmodel
0.0,down,BRCA.Basal_BRCA.LumB,real data,2,fpr,CVAE-GMM,postmodel
0.0,down,BRCA.Basal_BRCA.Normal,real data,2,fpr,CVAE-GMM,postmodel
0.0,down,BRCA.Her2_BRCA.LumA,real data,2,fpr,CVAE-GMM,postmodel
0.0,down,BRCA.Her2_BRCA.LumB,real data,2,fpr,CVAE-GMM,postmodel
0.0,down,BRCA.Her2_BRCA.Normal,real data,2,fpr,CVAE-GMM,postmodel
0.0,down,BRCA.LumA_BRCA.LumB,real data,2,fpr,CVAE-GMM,postmodel
0.0,down,BRCA.LumA_BRCA.Normal,real data,2,fpr,CVAE-GMM,postmodel
0.0,down,BRCA.LumB_BRCA.Normal,real data,2,fpr,CVAE-GMM,postmodel
0.0281995661605206,up,BRCA.Basal_BRCA.Her2,synthetic data,2,fpr,CVAE-GMM,postmodel
0.0561941251596424,up,BRCA.Basal_BRCA.LumA,synthetic data,2,fpr,CVAE-GMM,postmodel
0.0400471142520612,up,BRCA.Basal_BRCA.LumB,synthetic data,2,fpr,CVAE-GMM,postmodel
0.0570469798657718,up,BRCA.Basal_BRCA.Normal,synthetic data,2,fpr,CVAE-GMM,postmodel
0.0405701754385965,up,BRCA.Her2_BRCA.LumA,synthetic data,2,fpr,CVAE-GMM,postmodel
0.0219206680584551,up,BRCA.Her2_BRCA.LumB,synthetic data,2,fpr,CVAE-GMM,postmodel
0.0516684607104413,up,BRCA.Her2_BRCA.Normal,synthetic data,2,fpr,CVAE-GMM,postmodel
0.0114226375908619,up,BRCA.LumA_BRCA.LumB,synthetic data,2,fpr,CVAE-GMM,postmodel
0.012396694214876,up,BRCA.LumA_BRCA.Normal,synthetic data,2,fpr,CVAE-GMM,postmodel
0.0690032858707558,up,BRCA.LumB_BRCA.Normal,synthetic data,2,fpr,CVAE-GMM,postmodel
0.0303358613217768,down,BRCA.Basal_BRCA.Her2,synthetic data,2,fpr,CVAE-GMM,postmodel
0.018348623853211,down,BRCA.Basal_BRCA.LumA,synthetic data,2,fpr,CVAE-GMM,postmodel
0.0353477765108324,down,BRCA.Basal_BRCA.LumB,synthetic data,2,fpr,CVAE-GMM,postmodel
0.0357142857142857,down,BRCA.Basal_BRCA.Normal,synthetic data,2,fpr,CVAE-GMM,postmodel
0.0146596858638743,down,BRCA.Her2_BRCA.LumA,synthetic data,2,fpr,CVAE-GMM,postmodel
0.0124610591900312,down,BRCA.Her2_BRCA.LumB,synthetic data,2,fpr,CVAE-GMM,postmodel
0.0287234042553191,down,BRCA.Her2_BRCA.Normal,synthetic data,2,fpr,CVAE-GMM,postmodel
0.0181236673773987,down,BRCA.LumA_BRCA.LumB,synthetic data,2,fpr,CVAE-GMM,postmodel
0.0159914712153518,down,BRCA.LumA_BRCA.Normal,synthetic data,2,fpr,CVAE-GMM,postmodel
0.0212053571428571,down,BRCA.LumB_BRCA.Normal,synthetic data,2,fpr,CVAE-GMM,postmodel
0.0,up,BRCA.Basal_BRCA.Her2,real data,5,fpr,CVAE-GMM,postmodel
0.0,up,BRCA.Basal_BRCA.LumA,real data,5,fpr,CVAE-GMM,postmodel
0.0,up,BRCA.Basal_BRCA.LumB,real data,5,fpr,CVAE-GMM,postmodel
0.0,up,BRCA.Basal_BRCA.Normal,real data,5,fpr,CVAE-GMM,postmodel
0.0,up,BRCA.Her2_BRCA.LumA,real data,5,fpr,CVAE-GMM,postmodel
0.0,up,BRCA.Her2_BRCA.LumB,real data,5,fpr,CVAE-GMM,postmodel
0.0,up,BRCA.Her2_BRCA.Normal,real data,5,fpr,CVAE-GMM,postmodel
0.0,up,BRCA.LumA_BRCA.LumB,real data,5,fpr,CVAE-GMM,postmodel
0.0,up,BRCA.LumA_BRCA.Normal,real data,5,fpr,CVAE-GMM,postmodel
0.0,up,BRCA.LumB_BRCA.Normal,real data,5,fpr,CVAE-GMM,postmodel
0.0,down,BRCA.Basal_BRCA.Her2,real data,5,fpr,CVAE-GMM,postmodel
0.0,down,BRCA.Basal_BRCA.LumA,real data,5,fpr,CVAE-GMM,postmodel
0.0,down,BRCA.Basal_BRCA.LumB,real data,5,fpr,CVAE-GMM,postmodel
0.0,down,BRCA.Basal_BRCA.Normal,real data,5,fpr,CVAE-GMM,postmodel
0.0,down,BRCA.Her2_BRCA.LumA,real data,5,fpr,CVAE-GMM,postmodel
0.0,down,BRCA.Her2_BRCA.LumB,real data,5,fpr,CVAE-GMM,postmodel
0.0,down,BRCA.Her2_BRCA.Normal,real data,5,fpr,CVAE-GMM,postmodel
0.0,down,BRCA.LumA_BRCA.LumB,real data,5,fpr,CVAE-GMM,postmodel
0.0,down,BRCA.LumA_BRCA.Normal,real data,5,fpr,CVAE-GMM,postmodel
0.0,down,BRCA.LumB_BRCA.Normal,real data,5,fpr,CVAE-GMM,postmodel
0.0547210300429185,up,BRCA.Basal_BRCA.Her2,synthetic data,5,fpr,CVAE-GMM,postmodel
0.0458015267175573,up,BRCA.Basal_BRCA.LumA,synthetic data,5,fpr,CVAE-GMM,postmodel
0.0305522914218566,up,BRCA.Basal_BRCA.LumB,synthetic data,5,fpr,CVAE-GMM,postmodel
0.064659977703456,up,BRCA.Basal_BRCA.Normal,synthetic data,5,fpr,CVAE-GMM,postmodel
0.0274725274725275,up,BRCA.Her2_BRCA.LumA,synthetic data,5,fpr,CVAE-GMM,postmodel
0.0458333333333333,up,BRCA.Her2_BRCA.LumB,synthetic data,5,fpr,CVAE-GMM,postmodel
0.0391120507399577,up,BRCA.Her2_BRCA.Normal,synthetic data,5,fpr,CVAE-GMM,postmodel
0.0207253886010363,up,BRCA.LumA_BRCA.LumB,synthetic data,5,fpr,CVAE-GMM,postmodel
0.0030959752321981,up,BRCA.LumA_BRCA.Normal,synthetic data,5,fpr,CVAE-GMM,postmodel
0.0477223427331887,up,BRCA.LumB_BRCA.Normal,synthetic data,5,fpr,CVAE-GMM,postmodel
0.0463362068965517,down,BRCA.Basal_BRCA.Her2,synthetic data,5,fpr,CVAE-GMM,postmodel
0.0183908045977011,down,BRCA.Basal_BRCA.LumA,synthetic data,5,fpr,CVAE-GMM,postmodel
0.030751708428246,down,BRCA.Basal_BRCA.LumB,synthetic data,5,fpr,CVAE-GMM,postmodel
0.0413492927094668,down,BRCA.Basal_BRCA.Normal,synthetic data,5,fpr,CVAE-GMM,postmodel
0.0271682340647858,down,BRCA.Her2_BRCA.LumA,synthetic data,5,fpr,CVAE-GMM,postmodel
0.0208116545265349,down,BRCA.Her2_BRCA.LumB,synthetic data,5,fpr,CVAE-GMM,postmodel
0.0136842105263158,down,BRCA.Her2_BRCA.Normal,synthetic data,5,fpr,CVAE-GMM,postmodel
0.0149413020277481,down,BRCA.LumA_BRCA.LumB,synthetic data,5,fpr,CVAE-GMM,postmodel
0.0273109243697479,down,BRCA.LumA_BRCA.Normal,synthetic data,5,fpr,CVAE-GMM,postmodel
0.0321151716500554,down,BRCA.LumB_BRCA.Normal,synthetic data,5,fpr,CVAE-GMM,postmodel
0.0,up,BRCA.Basal_BRCA.Her2,real data,3,fpr,CVAE-GMM,postmodel
0.0,up,BRCA.Basal_BRCA.LumA,real data,3,fpr,CVAE-GMM,postmodel
0.0,up,BRCA.Basal_BRCA.LumB,real data,3,fpr,CVAE-GMM,postmodel
0.0,up,BRCA.Basal_BRCA.Normal,real data,3,fpr,CVAE-GMM,postmodel
0.0,up,BRCA.Her2_BRCA.LumA,real data,3,fpr,CVAE-GMM,postmodel
0.0,up,BRCA.Her2_BRCA.LumB,real data,3,fpr,CVAE-GMM,postmodel
0.0,up,BRCA.Her2_BRCA.Normal,real data,3,fpr,CVAE-GMM,postmodel
0.0,up,BRCA.LumA_BRCA.LumB,real data,3,fpr,CVAE-GMM,postmodel
0.0,up,BRCA.LumA_BRCA.Normal,real data,3,fpr,CVAE-GMM,postmodel
0.0,up,BRCA.LumB_BRCA.Normal,real data,3,fpr,CVAE-GMM,postmodel
0.0,down,BRCA.Basal_BRCA.Her2,real data,3,fpr,CVAE-GMM,postmodel
0.0,down,BRCA.Basal_BRCA.LumA,real data,3,fpr,CVAE-GMM,postmodel
0.0,down,BRCA.Basal_BRCA.LumB,real data,3,fpr,CVAE-GMM,postmodel
0.0,down,BRCA.Basal_BRCA.Normal,real data,3,fpr,CVAE-GMM,postmodel
0.0,down,BRCA.Her2_BRCA.LumA,real data,3,fpr,CVAE-GMM,postmodel
0.0,down,BRCA.Her2_BRCA.LumB,real data,3,fpr,CVAE-GMM,postmodel
0.0,down,BRCA.Her2_BRCA.Normal,real data,3,fpr,CVAE-GMM,postmodel
0.0,down,BRCA.LumA_BRCA.LumB,real data,3,fpr,CVAE-GMM,postmodel
0.0,down,BRCA.LumA_BRCA.Normal,real data,3,fpr,CVAE-GMM,postmodel
0.0,down,BRCA.LumB_BRCA.Normal,real data,3,fpr,CVAE-GMM,postmodel
0.0407725321888412,up,BRCA.Basal_BRCA.Her2,synthetic data,3,fpr,CVAE-GMM,postmodel
0.049618320610687,up,BRCA.Basal_BRCA.LumA,synthetic data,3,fpr,CVAE-GMM,postmodel
0.0234741784037559,up,BRCA.Basal_BRCA.LumB,synthetic data,3,fpr,CVAE-GMM,postmodel
0.0365853658536585,up,BRCA.Basal_BRCA.Normal,synthetic data,3,fpr,CVAE-GMM,postmodel
0.026344676180022,up,BRCA.Her2_BRCA.LumA,synthetic data,3,fpr,CVAE-GMM,postmodel
0.0124869927159209,up,BRCA.Her2_BRCA.LumB,synthetic data,3,fpr,CVAE-GMM,postmodel
0.0246252676659529,up,BRCA.Her2_BRCA.Normal,synthetic data,3,fpr,CVAE-GMM,postmodel
0.0134715025906736,up,BRCA.LumA_BRCA.LumB,synthetic data,3,fpr,CVAE-GMM,postmodel
0.006198347107438,up,BRCA.LumA_BRCA.Normal,synthetic data,3,fpr,CVAE-GMM,postmodel
0.0152505446623094,up,BRCA.LumB_BRCA.Normal,synthetic data,3,fpr,CVAE-GMM,postmodel
0.0375536480686695,down,BRCA.Basal_BRCA.Her2,synthetic data,3,fpr,CVAE-GMM,postmodel
0.0172413793103448,down,BRCA.Basal_BRCA.LumA,synthetic data,3,fpr,CVAE-GMM,postmodel
0.0214689265536723,down,BRCA.Basal_BRCA.LumB,synthetic data,3,fpr,CVAE-GMM,postmodel
0.0225321888412017,down,BRCA.Basal_BRCA.Normal,synthetic data,3,fpr,CVAE-GMM,postmodel
0.0177638453500522,down,BRCA.Her2_BRCA.LumA,synthetic data,3,fpr,CVAE-GMM,postmodel
0.004149377593361,down,BRCA.Her2_BRCA.LumB,synthetic data,3,fpr,CVAE-GMM,postmodel
0.0148148148148148,down,BRCA.Her2_BRCA.Normal,synthetic data,3,fpr,CVAE-GMM,postmodel
0.0106609808102345,down,BRCA.LumA_BRCA.LumB,synthetic data,3,fpr,CVAE-GMM,postmodel
0.0074074074074074,down,BRCA.LumA_BRCA.Normal,synthetic data,3,fpr,CVAE-GMM,postmodel
0.0142387732749179,down,BRCA.LumB_BRCA.Normal,synthetic data,3,fpr,CVAE-GMM,postmodel
0.0,up,BRCA.Basal_BRCA.Her2,real data,4,fpr,CVAE-GMM,postmodel
0.0,up,BRCA.Basal_BRCA.LumA,real data,4,fpr,CVAE-GMM,postmodel
0.0,up,BRCA.Basal_BRCA.LumB,real data,4,fpr,CVAE-GMM,postmodel
0.0,up,BRCA.Basal_BRCA.Normal,real data,4,fpr,CVAE-GMM,postmodel
0.0,up,BRCA.Her2_BRCA.LumA,real data,4,fpr,CVAE-GMM,postmodel
0.0,up,BRCA.Her2_BRCA.LumB,real data,4,fpr,CVAE-GMM,postmodel
0.0,up,BRCA.Her2_BRCA.Normal,real data,4,fpr,CVAE-GMM,postmodel
0.0,up,BRCA.LumA_BRCA.LumB,real data,4,fpr,CVAE-GMM,postmodel
0.0,up,BRCA.LumA_BRCA.Normal,real data,4,fpr,CVAE-GMM,postmodel
0.0,up,BRCA.LumB_BRCA.Normal,real data,4,fpr,CVAE-GMM,postmodel
0.0,down,BRCA.Basal_BRCA.Her2,real data,4,fpr,CVAE-GMM,postmodel
0.0,down,BRCA.Basal_BRCA.LumA,real data,4,fpr,CVAE-GMM,postmodel
0.0,down,BRCA.Basal_BRCA.LumB,real data,4,fpr,CVAE-GMM,postmodel
0.0,down,BRCA.Basal_BRCA.Normal,real data,4,fpr,CVAE-GMM,postmodel
0.0,down,BRCA.Her2_BRCA.LumA,real data,4,fpr,CVAE-GMM,postmodel
0.0,down,BRCA.Her2_BRCA.LumB,real data,4,fpr,CVAE-GMM,postmodel
0.0,down,BRCA.Her2_BRCA.Normal,real data,4,fpr,CVAE-GMM,postmodel
0.0,down,BRCA.LumA_BRCA.LumB,real data,4,fpr,CVAE-GMM,postmodel
0.0,down,BRCA.LumA_BRCA.Normal,real data,4,fpr,CVAE-GMM,postmodel
0.0,down,BRCA.LumB_BRCA.Normal,real data,4,fpr,CVAE-GMM,postmodel
0.0280474649406688,up,BRCA.Basal_BRCA.Her2,synthetic data,4,fpr,CVAE-GMM,postmodel
0.0279187817258883,up,BRCA.Basal_BRCA.LumA,synthetic data,4,fpr,CVAE-GMM,postmodel
0.0210526315789474,up,BRCA.Basal_BRCA.LumB,synthetic data,4,fpr,CVAE-GMM,postmodel
0.0307354555433589,up,BRCA.Basal_BRCA.Normal,synthetic data,4,fpr,CVAE-GMM,postmodel
0.043956043956044,up,BRCA.Her2_BRCA.LumA,synthetic data,4,fpr,CVAE-GMM,postmodel
0.0197916666666667,up,BRCA.Her2_BRCA.LumB,synthetic data,4,fpr,CVAE-GMM,postmodel
0.0446808510638298,up,BRCA.Her2_BRCA.Normal,synthetic data,4,fpr,CVAE-GMM,postmodel
0.0031185031185031,up,BRCA.LumA_BRCA.LumB,synthetic data,4,fpr,CVAE-GMM,postmodel
0.0093360995850622,up,BRCA.LumA_BRCA.Normal,synthetic data,4,fpr,CVAE-GMM,postmodel
0.0348964013086151,up,BRCA.LumB_BRCA.Normal,synthetic data,4,fpr,CVAE-GMM,postmodel
0.0303358613217768,down,BRCA.Basal_BRCA.Her2,synthetic data,4,fpr,CVAE-GMM,postmodel
0.0091848450057405,down,BRCA.Basal_BRCA.LumA,synthetic data,4,fpr,CVAE-GMM,postmodel
0.0091428571428571,down,BRCA.Basal_BRCA.LumB,synthetic data,4,fpr,CVAE-GMM,postmodel
0.0322927879440258,down,BRCA.Basal_BRCA.Normal,synthetic data,4,fpr,CVAE-GMM,postmodel
0.0219665271966527,down,BRCA.Her2_BRCA.LumA,synthetic data,4,fpr,CVAE-GMM,postmodel
0.0082987551867219,down,BRCA.Her2_BRCA.LumB,synthetic data,4,fpr,CVAE-GMM,postmodel
0.0223642172523962,down,BRCA.Her2_BRCA.Normal,synthetic data,4,fpr,CVAE-GMM,postmodel
0.0032051282051282,down,BRCA.LumA_BRCA.LumB,synthetic data,4,fpr,CVAE-GMM,postmodel
0.0232804232804233,down,BRCA.LumA_BRCA.Normal,synthetic data,4,fpr,CVAE-GMM,postmodel
0.0156075808249721,down,BRCA.LumB_BRCA.Normal,synthetic data,4,fpr,CVAE-GMM,postmodel
1.0,up,BRCA.Basal_BRCA.Her2,real data,1,tpr,EMB-Diffusion,submission
1.0,up,BRCA.Basal_BRCA.LumA,real data,1,tpr,EMB-Diffusion,submission
1.0,up,BRCA.Basal_BRCA.LumB,real data,1,tpr,EMB-Diffusion,submission
1.0,up,BRCA.Basal_BRCA.Normal,real data,1,tpr,EMB-Diffusion,submission
1.0,up,BRCA.Her2_BRCA.LumA,real data,1,tpr,EMB-Diffusion,submission
1.0,up,BRCA.Her2_BRCA.LumB,real data,1,tpr,EMB-Diffusion,submission
1.0,up,BRCA.Her2_BRCA.Normal,real data,1,tpr,EMB-Diffusion,submission
1.0,up,BRCA.LumA_BRCA.LumB,real data,1,tpr,EMB-Diffusion,submission
1.0,up,BRCA.LumA_BRCA.Normal,real data,1,tpr,EMB-Diffusion,submission
1.0,up,BRCA.LumB_BRCA.Normal,real data,1,tpr,EMB-Diffusion,submission
1.0,down,BRCA.Basal_BRCA.Her2,real data,1,tpr,EMB-Diffusion,submission
1.0,down,BRCA.Basal_BRCA.LumA,real data,1,tpr,EMB-Diffusion,submission
1.0,down,BRCA.Basal_BRCA.LumB,real data,1,tpr,EMB-Diffusion,submission
1.0,down,BRCA.Basal_BRCA.Normal,real data,1,tpr,EMB-Diffusion,submission
1.0,down,BRCA.Her2_BRCA.LumA,real data,1,tpr,EMB-Diffusion,submission
1.0,down,BRCA.Her2_BRCA.LumB,real data,1,tpr,EMB-Diffusion,submission
1.0,down,BRCA.Her2_BRCA.Normal,real data,1,tpr,EMB-Diffusion,submission
1.0,down,BRCA.LumA_BRCA.LumB,real data,1,tpr,EMB-Diffusion,submission
1.0,down,BRCA.LumA_BRCA.Normal,real data,1,tpr,EMB-Diffusion,submission
1.0,down,BRCA.LumB_BRCA.Normal,real data,1,tpr,EMB-Diffusion,submission
1.0,up,BRCA.Basal_BRCA.Her2,synthetic data,1,tpr,EMB-Diffusion,submission
0.979057591623037,up,BRCA.Basal_BRCA.LumA,synthetic data,1,tpr,EMB-Diffusion,submission
0.967741935483871,up,BRCA.Basal_BRCA.LumB,synthetic data,1,tpr,EMB-Diffusion,submission
0.972972972972973,up,BRCA.Basal_BRCA.Normal,synthetic data,1,tpr,EMB-Diffusion,submission
0.955882352941177,up,BRCA.Her2_BRCA.LumA,synthetic data,1,tpr,EMB-Diffusion,submission
1.0,up,BRCA.Her2_BRCA.LumB,synthetic data,1,tpr,EMB-Diffusion,submission
0.953488372093023,up,BRCA.Her2_BRCA.Normal,synthetic data,1,tpr,EMB-Diffusion,submission
0.705882352941177,up,BRCA.LumA_BRCA.LumB,synthetic data,1,tpr,EMB-Diffusion,submission
0.9,up,BRCA.LumA_BRCA.Normal,synthetic data,1,tpr,EMB-Diffusion,submission
0.943661971830986,up,BRCA.LumB_BRCA.Normal,synthetic data,1,tpr,EMB-Diffusion,submission
0.959183673469388,down,BRCA.Basal_BRCA.Her2,synthetic data,1,tpr,EMB-Diffusion,submission
0.990476190476191,down,BRCA.Basal_BRCA.LumA,synthetic data,1,tpr,EMB-Diffusion,submission
0.990196078431373,down,BRCA.Basal_BRCA.LumB,synthetic data,1,tpr,EMB-Diffusion,submission
1.0,down,BRCA.Basal_BRCA.Normal,synthetic data,1,tpr,EMB-Diffusion,submission
0.95,down,BRCA.Her2_BRCA.LumA,synthetic data,1,tpr,EMB-Diffusion,submission
1.0,down,BRCA.Her2_BRCA.LumB,synthetic data,1,tpr,EMB-Diffusion,submission
1.0,down,BRCA.Her2_BRCA.Normal,synthetic data,1,tpr,EMB-Diffusion,submission
1.0,down,BRCA.LumA_BRCA.LumB,synthetic data,1,tpr,EMB-Diffusion,submission
0.90625,down,BRCA.LumA_BRCA.Normal,synthetic data,1,tpr,EMB-Diffusion,submission
0.986486486486487,down,BRCA.LumB_BRCA.Normal,synthetic data,1,tpr,EMB-Diffusion,submission
1.0,up,BRCA.Basal_BRCA.Her2,real data,3,tpr,EMB-Diffusion,submission
1.0,up,BRCA.Basal_BRCA.LumA,real data,3,tpr,EMB-Diffusion,submission
1.0,up,BRCA.Basal_BRCA.LumB,real data,3,tpr,EMB-Diffusion,submission
1.0,up,BRCA.Basal_BRCA.Normal,real data,3,tpr,EMB-Diffusion,submission
1.0,up,BRCA.Her2_BRCA.LumA,real data,3,tpr,EMB-Diffusion,submission
1.0,up,BRCA.Her2_BRCA.LumB,real data,3,tpr,EMB-Diffusion,submission
1.0,up,BRCA.Her2_BRCA.Normal,real data,3,tpr,EMB-Diffusion,submission
1.0,up,BRCA.LumA_BRCA.LumB,real data,3,tpr,EMB-Diffusion,submission
1.0,up,BRCA.LumA_BRCA.Normal,real data,3,tpr,EMB-Diffusion,submission
1.0,up,BRCA.LumB_BRCA.Normal,real data,3,tpr,EMB-Diffusion,submission
1.0,down,BRCA.Basal_BRCA.Her2,real data,3,tpr,EMB-Diffusion,submission
1.0,down,BRCA.Basal_BRCA.LumA,real data,3,tpr,EMB-Diffusion,submission
1.0,down,BRCA.Basal_BRCA.LumB,real data,3,tpr,EMB-Diffusion,submission
1.0,down,BRCA.Basal_BRCA.Normal,real data,3,tpr,EMB-Diffusion,submission
1.0,down,BRCA.Her2_BRCA.LumA,real data,3,tpr,EMB-Diffusion,submission
1.0,down,BRCA.Her2_BRCA.LumB,real data,3,tpr,EMB-Diffusion,submission
1.0,down,BRCA.Her2_BRCA.Normal,real data,3,tpr,EMB-Diffusion,submission
1.0,down,BRCA.LumA_BRCA.LumB,real data,3,tpr,EMB-Diffusion,submission
1.0,down,BRCA.LumA_BRCA.Normal,real data,3,tpr,EMB-Diffusion,submission
1.0,down,BRCA.LumB_BRCA.Normal,real data,3,tpr,EMB-Diffusion,submission
1.0,up,BRCA.Basal_BRCA.Her2,synthetic data,3,tpr,EMB-Diffusion,submission
0.994791666666667,up,BRCA.Basal_BRCA.LumA,synthetic data,3,tpr,EMB-Diffusion,submission
0.992063492063492,up,BRCA.Basal_BRCA.LumB,synthetic data,3,tpr,EMB-Diffusion,submission
1.0,up,BRCA.Basal_BRCA.Normal,synthetic data,3,tpr,EMB-Diffusion,submission
0.985074626865672,up,BRCA.Her2_BRCA.LumA,synthetic data,3,tpr,EMB-Diffusion,submission
1.0,up,BRCA.Her2_BRCA.LumB,synthetic data,3,tpr,EMB-Diffusion,submission
1.0,up,BRCA.Her2_BRCA.Normal,synthetic data,3,tpr,EMB-Diffusion,submission
0.846153846153846,up,BRCA.LumA_BRCA.LumB,synthetic data,3,tpr,EMB-Diffusion,submission
0.7,up,BRCA.LumA_BRCA.Normal,synthetic data,3,tpr,EMB-Diffusion,submission
1.0,up,BRCA.LumB_BRCA.Normal,synthetic data,3,tpr,EMB-Diffusion,submission
0.978260869565217,down,BRCA.Basal_BRCA.Her2,synthetic data,3,tpr,EMB-Diffusion,submission
1.0,down,BRCA.Basal_BRCA.LumA,synthetic data,3,tpr,EMB-Diffusion,submission
1.0,down,BRCA.Basal_BRCA.LumB,synthetic data,3,tpr,EMB-Diffusion,submission
1.0,down,BRCA.Basal_BRCA.Normal,synthetic data,3,tpr,EMB-Diffusion,submission
0.952380952380952,down,BRCA.Her2_BRCA.LumA,synthetic data,3,tpr,EMB-Diffusion,submission
1.0,down,BRCA.Her2_BRCA.LumB,synthetic data,3,tpr,EMB-Diffusion,submission
1.0,down,BRCA.Her2_BRCA.Normal,synthetic data,3,tpr,EMB-Diffusion,submission
1.0,down,BRCA.LumA_BRCA.LumB,synthetic data,3,tpr,EMB-Diffusion,submission
0.96969696969697,down,BRCA.LumA_BRCA.Normal,synthetic data,3,tpr,EMB-Diffusion,submission
1.0,down,BRCA.LumB_BRCA.Normal,synthetic data,3,tpr,EMB-Diffusion,submission
1.0,up,BRCA.Basal_BRCA.Her2,real data,4,tpr,EMB-Diffusion,submission
1.0,up,BRCA.Basal_BRCA.LumA,real data,4,tpr,EMB-Diffusion,submission
1.0,up,BRCA.Basal_BRCA.LumB,real data,4,tpr,EMB-Diffusion,submission
1.0,up,BRCA.Basal_BRCA.Normal,real data,4,tpr,EMB-Diffusion,submission
1.0,up,BRCA.Her2_BRCA.LumA,real data,4,tpr,EMB-Diffusion,submission
1.0,up,BRCA.Her2_BRCA.LumB,real data,4,tpr,EMB-Diffusion,submission
1.0,up,BRCA.Her2_BRCA.Normal,real data,4,tpr,EMB-Diffusion,submission
1.0,up,BRCA.LumA_BRCA.LumB,real data,4,tpr,EMB-Diffusion,submission
1.0,up,BRCA.LumA_BRCA.Normal,real data,4,tpr,EMB-Diffusion,submission
1.0,up,BRCA.LumB_BRCA.Normal,real data,4,tpr,EMB-Diffusion,submission
1.0,down,BRCA.Basal_BRCA.Her2,real data,4,tpr,EMB-Diffusion,submission
1.0,down,BRCA.Basal_BRCA.LumA,real data,4,tpr,EMB-Diffusion,submission
1.0,down,BRCA.Basal_BRCA.LumB,real data,4,tpr,EMB-Diffusion,submission
1.0,down,BRCA.Basal_BRCA.Normal,real data,4,tpr,EMB-Diffusion,submission
1.0,down,BRCA.Her2_BRCA.LumA,real data,4,tpr,EMB-Diffusion,submission
1.0,down,BRCA.Her2_BRCA.LumB,real data,4,tpr,EMB-Diffusion,submission
1.0,down,BRCA.Her2_BRCA.Normal,real data,4,tpr,EMB-Diffusion,submission
1.0,down,BRCA.LumA_BRCA.LumB,real data,4,tpr,EMB-Diffusion,submission
1.0,down,BRCA.LumA_BRCA.Normal,real data,4,tpr,EMB-Diffusion,submission
1.0,down,BRCA.LumB_BRCA.Normal,real data,4,tpr,EMB-Diffusion,submission
0.980392156862745,up,BRCA.Basal_BRCA.Her2,synthetic data,4,tpr,EMB-Diffusion,submission
1.0,up,BRCA.Basal_BRCA.LumA,synthetic data,4,tpr,EMB-Diffusion,submission
0.983739837398374,up,BRCA.Basal_BRCA.LumB,synthetic data,4,tpr,EMB-Diffusion,submission
1.0,up,BRCA.Basal_BRCA.Normal,synthetic data,4,tpr,EMB-Diffusion,submission
0.985294117647059,up,BRCA.Her2_BRCA.LumA,synthetic data,4,tpr,EMB-Diffusion,submission
1.0,up,BRCA.Her2_BRCA.LumB,synthetic data,4,tpr,EMB-Diffusion,submission
1.0,up,BRCA.Her2_BRCA.Normal,synthetic data,4,tpr,EMB-Diffusion,submission
0.875,up,BRCA.LumA_BRCA.LumB,synthetic data,4,tpr,EMB-Diffusion,submission
0.928571428571429,up,BRCA.LumA_BRCA.Normal,synthetic data,4,tpr,EMB-Diffusion,submission
1.0,up,BRCA.LumB_BRCA.Normal,synthetic data,4,tpr,EMB-Diffusion,submission
0.945454545454545,down,BRCA.Basal_BRCA.Her2,synthetic data,4,tpr,EMB-Diffusion,submission
0.990654205607477,down,BRCA.Basal_BRCA.LumA,synthetic data,4,tpr,EMB-Diffusion,submission
0.980582524271845,down,BRCA.Basal_BRCA.LumB,synthetic data,4,tpr,EMB-Diffusion,submission
1.0,down,BRCA.Basal_BRCA.Normal,synthetic data,4,tpr,EMB-Diffusion,submission
0.863636363636364,down,BRCA.Her2_BRCA.LumA,synthetic data,4,tpr,EMB-Diffusion,submission
1.0,down,BRCA.Her2_BRCA.LumB,synthetic data,4,tpr,EMB-Diffusion,submission
0.974358974358974,down,BRCA.Her2_BRCA.Normal,synthetic data,4,tpr,EMB-Diffusion,submission
1.0,down,BRCA.LumA_BRCA.LumB,synthetic data,4,tpr,EMB-Diffusion,submission
0.96969696969697,down,BRCA.LumA_BRCA.Normal,synthetic data,4,tpr,EMB-Diffusion,submission
1.0,down,BRCA.LumB_BRCA.Normal,synthetic data,4,tpr,EMB-Diffusion,submission
1.0,up,BRCA.Basal_BRCA.Her2,real data,5,tpr,EMB-Diffusion,submission
1.0,up,BRCA.Basal_BRCA.LumA,real data,5,tpr,EMB-Diffusion,submission
1.0,up,BRCA.Basal_BRCA.LumB,real data,5,tpr,EMB-Diffusion,submission
1.0,up,BRCA.Basal_BRCA.Normal,real data,5,tpr,EMB-Diffusion,submission
1.0,up,BRCA.Her2_BRCA.LumA,real data,5,tpr,EMB-Diffusion,submission
1.0,up,BRCA.Her2_BRCA.LumB,real data,5,tpr,EMB-Diffusion,submission
1.0,up,BRCA.Her2_BRCA.Normal,real data,5,tpr,EMB-Diffusion,submission
1.0,up,BRCA.LumA_BRCA.LumB,real data,5,tpr,EMB-Diffusion,submission
1.0,up,BRCA.LumA_BRCA.Normal,real data,5,tpr,EMB-Diffusion,submission
1.0,up,BRCA.LumB_BRCA.Normal,real data,5,tpr,EMB-Diffusion,submission
1.0,down,BRCA.Basal_BRCA.Her2,real data,5,tpr,EMB-Diffusion,submission
1.0,down,BRCA.Basal_BRCA.LumA,real data,5,tpr,EMB-Diffusion,submission
1.0,down,BRCA.Basal_BRCA.LumB,real data,5,tpr,EMB-Diffusion,submission
1.0,down,BRCA.Basal_BRCA.Normal,real data,5,tpr,EMB-Diffusion,submission
1.0,down,BRCA.Her2_BRCA.LumA,real data,5,tpr,EMB-Diffusion,submission
1.0,down,BRCA.Her2_BRCA.LumB,real data,5,tpr,EMB-Diffusion,submission
1.0,down,BRCA.Her2_BRCA.Normal,real data,5,tpr,EMB-Diffusion,submission
1.0,down,BRCA.LumA_BRCA.LumB,real data,5,tpr,EMB-Diffusion,submission
1.0,down,BRCA.LumA_BRCA.Normal,real data,5,tpr,EMB-Diffusion,submission
1.0,down,BRCA.LumB_BRCA.Normal,real data,5,tpr,EMB-Diffusion,submission
1.0,up,BRCA.Basal_BRCA.Her2,synthetic data,5,tpr,EMB-Diffusion,submission
0.989583333333333,up,BRCA.Basal_BRCA.LumA,synthetic data,5,tpr,EMB-Diffusion,submission
0.992125984251969,up,BRCA.Basal_BRCA.LumB,synthetic data,5,tpr,EMB-Diffusion,submission
1.0,up,BRCA.Basal_BRCA.Normal,synthetic data,5,tpr,EMB-Diffusion,submission
0.970588235294118,up,BRCA.Her2_BRCA.LumA,synthetic data,5,tpr,EMB-Diffusion,submission
1.0,up,BRCA.Her2_BRCA.LumB,synthetic data,5,tpr,EMB-Diffusion,submission
1.0,up,BRCA.Her2_BRCA.Normal,synthetic data,5,tpr,EMB-Diffusion,submission
1.0,up,BRCA.LumA_BRCA.LumB,synthetic data,5,tpr,EMB-Diffusion,submission
0.666666666666667,up,BRCA.LumA_BRCA.Normal,synthetic data,5,tpr,EMB-Diffusion,submission
0.964285714285714,up,BRCA.LumB_BRCA.Normal,synthetic data,5,tpr,EMB-Diffusion,submission
1.0,down,BRCA.Basal_BRCA.Her2,synthetic data,5,tpr,EMB-Diffusion,submission
1.0,down,BRCA.Basal_BRCA.LumA,synthetic data,5,tpr,EMB-Diffusion,submission
0.99,down,BRCA.Basal_BRCA.LumB,synthetic data,5,tpr,EMB-Diffusion,submission
0.949152542372881,down,BRCA.Basal_BRCA.Normal,synthetic data,5,tpr,EMB-Diffusion,submission
1.0,down,BRCA.Her2_BRCA.LumA,synthetic data,5,tpr,EMB-Diffusion,submission
1.0,down,BRCA.Her2_BRCA.LumB,synthetic data,5,tpr,EMB-Diffusion,submission
1.0,down,BRCA.Her2_BRCA.Normal,synthetic data,5,tpr,EMB-Diffusion,submission
1.0,down,BRCA.LumA_BRCA.LumB,synthetic data,5,tpr,EMB-Diffusion,submission
0.923076923076923,down,BRCA.LumA_BRCA.Normal,synthetic data,5,tpr,EMB-Diffusion,submission
0.986666666666667,down,BRCA.LumB_BRCA.Normal,synthetic data,5,tpr,EMB-Diffusion,submission
1.0,up,BRCA.Basal_BRCA.Her2,real data,2,tpr,EMB-Diffusion,submission
1.0,up,BRCA.Basal_BRCA.LumA,real data,2,tpr,EMB-Diffusion,submission
1.0,up,BRCA.Basal_BRCA.LumB,real data,2,tpr,EMB-Diffusion,submission
1.0,up,BRCA.Basal_BRCA.Normal,real data,2,tpr,EMB-Diffusion,submission
1.0,up,BRCA.Her2_BRCA.LumA,real data,2,tpr,EMB-Diffusion,submission
1.0,up,BRCA.Her2_BRCA.LumB,real data,2,tpr,EMB-Diffusion,submission
1.0,up,BRCA.Her2_BRCA.Normal,real data,2,tpr,EMB-Diffusion,submission
1.0,up,BRCA.LumA_BRCA.LumB,real data,2,tpr,EMB-Diffusion,submission
1.0,up,BRCA.LumA_BRCA.Normal,real data,2,tpr,EMB-Diffusion,submission
1.0,up,BRCA.LumB_BRCA.Normal,real data,2,tpr,EMB-Diffusion,submission
1.0,down,BRCA.Basal_BRCA.Her2,real data,2,tpr,EMB-Diffusion,submission
1.0,down,BRCA.Basal_BRCA.LumA,real data,2,tpr,EMB-Diffusion,submission
1.0,down,BRCA.Basal_BRCA.LumB,real data,2,tpr,EMB-Diffusion,submission
1.0,down,BRCA.Basal_BRCA.Normal,real data,2,tpr,EMB-Diffusion,submission
1.0,down,BRCA.Her2_BRCA.LumA,real data,2,tpr,EMB-Diffusion,submission
1.0,down,BRCA.Her2_BRCA.LumB,real data,2,tpr,EMB-Diffusion,submission
1.0,down,BRCA.Her2_BRCA.Normal,real data,2,tpr,EMB-Diffusion,submission
1.0,down,BRCA.LumA_BRCA.LumB,real data,2,tpr,EMB-Diffusion,submission
1.0,down,BRCA.LumA_BRCA.Normal,real data,2,tpr,EMB-Diffusion,submission
1.0,down,BRCA.LumB_BRCA.Normal,real data,2,tpr,EMB-Diffusion,submission
1.0,up,BRCA.Basal_BRCA.Her2,synthetic data,2,tpr,EMB-Diffusion,submission
0.98974358974359,up,BRCA.Basal_BRCA.LumA,synthetic data,2,tpr,EMB-Diffusion,submission
0.961240310077519,up,BRCA.Basal_BRCA.LumB,synthetic data,2,tpr,EMB-Diffusion,submission
1.0,up,BRCA.Basal_BRCA.Normal,synthetic data,2,tpr,EMB-Diffusion,submission
0.909090909090909,up,BRCA.Her2_BRCA.LumA,synthetic data,2,tpr,EMB-Diffusion,submission
1.0,up,BRCA.Her2_BRCA.LumB,synthetic data,2,tpr,EMB-Diffusion,submission
1.0,up,BRCA.Her2_BRCA.Normal,synthetic data,2,tpr,EMB-Diffusion,submission
0.866666666666667,up,BRCA.LumA_BRCA.LumB,synthetic data,2,tpr,EMB-Diffusion,submission
0.9,up,BRCA.LumA_BRCA.Normal,synthetic data,2,tpr,EMB-Diffusion,submission
1.0,up,BRCA.LumB_BRCA.Normal,synthetic data,2,tpr,EMB-Diffusion,submission
0.981818181818182,down,BRCA.Basal_BRCA.Her2,synthetic data,2,tpr,EMB-Diffusion,submission
0.990566037735849,down,BRCA.Basal_BRCA.LumA,synthetic data,2,tpr,EMB-Diffusion,submission
0.98019801980198,down,BRCA.Basal_BRCA.LumB,synthetic data,2,tpr,EMB-Diffusion,submission
0.981481481481482,down,BRCA.Basal_BRCA.Normal,synthetic data,2,tpr,EMB-Diffusion,submission
0.91304347826087,down,BRCA.Her2_BRCA.LumA,synthetic data,2,tpr,EMB-Diffusion,submission
0.866666666666667,down,BRCA.Her2_BRCA.LumB,synthetic data,2,tpr,EMB-Diffusion,submission
1.0,down,BRCA.Her2_BRCA.Normal,synthetic data,2,tpr,EMB-Diffusion,submission
1.0,down,BRCA.LumA_BRCA.LumB,synthetic data,2,tpr,EMB-Diffusion,submission
1.0,down,BRCA.LumA_BRCA.Normal,synthetic data,2,tpr,EMB-Diffusion,submission
0.963414634146341,down,BRCA.LumB_BRCA.Normal,synthetic data,2,tpr,EMB-Diffusion,submission
0.0,up,BRCA.Basal_BRCA.Her2,real data,1,fpr,EMB-Diffusion,submission
0.0,up,BRCA.Basal_BRCA.LumA,real data,1,fpr,EMB-Diffusion,submission
0.0,up,BRCA.Basal_BRCA.LumB,real data,1,fpr,EMB-Diffusion,submission
0.0,up,BRCA.Basal_BRCA.Normal,real data,1,fpr,EMB-Diffusion,submission
0.0,up,BRCA.Her2_BRCA.LumA,real data,1,fpr,EMB-Diffusion,submission
0.0,up,BRCA.Her2_BRCA.LumB,real data,1,fpr,EMB-Diffusion,submission
0.0,up,BRCA.Her2_BRCA.Normal,real data,1,fpr,EMB-Diffusion,submission
0.0,up,BRCA.LumA_BRCA.LumB,real data,1,fpr,EMB-Diffusion,submission
0.0,up,BRCA.LumA_BRCA.Normal,real data,1,fpr,EMB-Diffusion,submission
0.0,up,BRCA.LumB_BRCA.Normal,real data,1,fpr,EMB-Diffusion,submission
0.0,down,BRCA.Basal_BRCA.Her2,real data,1,fpr,EMB-Diffusion,submission
0.0,down,BRCA.Basal_BRCA.LumA,real data,1,fpr,EMB-Diffusion,submission
0.0,down,BRCA.Basal_BRCA.LumB,real data,1,fpr,EMB-Diffusion,submission
0.0,down,BRCA.Basal_BRCA.Normal,real data,1,fpr,EMB-Diffusion,submission
0.0,down,BRCA.Her2_BRCA.LumA,real data,1,fpr,EMB-Diffusion,submission
0.0,down,BRCA.Her2_BRCA.LumB,real data,1,fpr,EMB-Diffusion,submission
0.0,down,BRCA.Her2_BRCA.Normal,real data,1,fpr,EMB-Diffusion,submission
0.0,down,BRCA.LumA_BRCA.LumB,real data,1,fpr,EMB-Diffusion,submission
0.0,down,BRCA.LumA_BRCA.Normal,real data,1,fpr,EMB-Diffusion,submission
0.0,down,BRCA.LumB_BRCA.Normal,real data,1,fpr,EMB-Diffusion,submission
0.0505376344086022,up,BRCA.Basal_BRCA.Her2,synthetic data,1,fpr,EMB-Diffusion,submission
0.0635324015247776,up,BRCA.Basal_BRCA.LumA,synthetic data,1,fpr,EMB-Diffusion,submission
0.053864168618267,up,BRCA.Basal_BRCA.LumB,synthetic data,1,fpr,EMB-Diffusion,submission
0.0652654867256637,up,BRCA.Basal_BRCA.Normal,synthetic data,1,fpr,EMB-Diffusion,submission
0.0285714285714286,up,BRCA.Her2_BRCA.LumA,synthetic data,1,fpr,EMB-Diffusion,submission
0.0312825860271116,up,BRCA.Her2_BRCA.LumB,synthetic data,1,fpr,EMB-Diffusion,submission
0.0417112299465241,up,BRCA.Her2_BRCA.Normal,synthetic data,1,fpr,EMB-Diffusion,submission
0.0062434963579604,up,BRCA.LumA_BRCA.LumB,synthetic data,1,fpr,EMB-Diffusion,submission
0.0082644628099173,up,BRCA.LumA_BRCA.Normal,synthetic data,1,fpr,EMB-Diffusion,submission
0.0507166482910695,up,BRCA.LumB_BRCA.Normal,synthetic data,1,fpr,EMB-Diffusion,submission
0.0602798708288482,down,BRCA.Basal_BRCA.Her2,synthetic data,1,fpr,EMB-Diffusion,submission
0.0274914089347079,down,BRCA.Basal_BRCA.LumA,synthetic data,1,fpr,EMB-Diffusion,submission
0.0445205479452055,down,BRCA.Basal_BRCA.LumB,synthetic data,1,fpr,EMB-Diffusion,submission
0.0494092373791622,down,BRCA.Basal_BRCA.Normal,synthetic data,1,fpr,EMB-Diffusion,submission
0.0146137787056367,down,BRCA.Her2_BRCA.LumA,synthetic data,1,fpr,EMB-Diffusion,submission
0.0186528497409326,down,BRCA.Her2_BRCA.LumB,synthetic data,1,fpr,EMB-Diffusion,submission
0.0306553911205074,down,BRCA.Her2_BRCA.Normal,synthetic data,1,fpr,EMB-Diffusion,submission
0.0117647058823529,down,BRCA.LumA_BRCA.LumB,synthetic data,1,fpr,EMB-Diffusion,submission
0.0359408033826638,down,BRCA.LumA_BRCA.Normal,synthetic data,1,fpr,EMB-Diffusion,submission
0.045353982300885,down,BRCA.LumB_BRCA.Normal,synthetic data,1,fpr,EMB-Diffusion,submission
0.0,up,BRCA.Basal_BRCA.Her2,real data,3,fpr,EMB-Diffusion,submission
0.0,up,BRCA.Basal_BRCA.LumA,real data,3,fpr,EMB-Diffusion,submission
0.0,up,BRCA.Basal_BRCA.LumB,real data,3,fpr,EMB-Diffusion,submission
0.0,up,BRCA.Basal_BRCA.Normal,real data,3,fpr,EMB-Diffusion,submission
0.0,up,BRCA.Her2_BRCA.LumA,real data,3,fpr,EMB-Diffusion,submission
0.0,up,BRCA.Her2_BRCA.LumB,real data,3,fpr,EMB-Diffusion,submission
0.0,up,BRCA.Her2_BRCA.Normal,real data,3,fpr,EMB-Diffusion,submission
0.0,up,BRCA.LumA_BRCA.LumB,real data,3,fpr,EMB-Diffusion,submission
0.0,up,BRCA.LumA_BRCA.Normal,real data,3,fpr,EMB-Diffusion,submission
0.0,up,BRCA.LumB_BRCA.Normal,real data,3,fpr,EMB-Diffusion,submission
0.0,down,BRCA.Basal_BRCA.Her2,real data,3,fpr,EMB-Diffusion,submission
0.0,down,BRCA.Basal_BRCA.LumA,real data,3,fpr,EMB-Diffusion,submission
0.0,down,BRCA.Basal_BRCA.LumB,real data,3,fpr,EMB-Diffusion,submission
0.0,down,BRCA.Basal_BRCA.Normal,real data,3,fpr,EMB-Diffusion,submission
0.0,down,BRCA.Her2_BRCA.LumA,real data,3,fpr,EMB-Diffusion,submission
0.0,down,BRCA.Her2_BRCA.LumB,real data,3,fpr,EMB-Diffusion,submission
0.0,down,BRCA.Her2_BRCA.Normal,real data,3,fpr,EMB-Diffusion,submission
0.0,down,BRCA.LumA_BRCA.LumB,real data,3,fpr,EMB-Diffusion,submission
0.0,down,BRCA.LumA_BRCA.Normal,real data,3,fpr,EMB-Diffusion,submission
0.0,down,BRCA.LumB_BRCA.Normal,real data,3,fpr,EMB-Diffusion,submission
0.0375536480686695,up,BRCA.Basal_BRCA.Her2,synthetic data,3,fpr,EMB-Diffusion,submission
0.0674300254452926,up,BRCA.Basal_BRCA.LumA,synthetic data,3,fpr,EMB-Diffusion,submission
0.0610328638497653,up,BRCA.Basal_BRCA.LumB,synthetic data,3,fpr,EMB-Diffusion,submission
0.082039911308204,up,BRCA.Basal_BRCA.Normal,synthetic data,3,fpr,EMB-Diffusion,submission
0.0351262349066959,up,BRCA.Her2_BRCA.LumA,synthetic data,3,fpr,EMB-Diffusion,submission
0.0457856399583767,up,BRCA.Her2_BRCA.LumB,synthetic data,3,fpr,EMB-Diffusion,submission
0.0460385438972163,up,BRCA.Her2_BRCA.Normal,synthetic data,3,fpr,EMB-Diffusion,submission
0.0103626943005181,up,BRCA.LumA_BRCA.LumB,synthetic data,3,fpr,EMB-Diffusion,submission
0.0020661157024793,up,BRCA.LumA_BRCA.Normal,synthetic data,3,fpr,EMB-Diffusion,submission
0.0751633986928105,up,BRCA.LumB_BRCA.Normal,synthetic data,3,fpr,EMB-Diffusion,submission
0.0407725321888412,down,BRCA.Basal_BRCA.Her2,synthetic data,3,fpr,EMB-Diffusion,submission
0.0172413793103448,down,BRCA.Basal_BRCA.LumA,synthetic data,3,fpr,EMB-Diffusion,submission
0.0440677966101695,down,BRCA.Basal_BRCA.LumB,synthetic data,3,fpr,EMB-Diffusion,submission
0.0568669527896996,down,BRCA.Basal_BRCA.Normal,synthetic data,3,fpr,EMB-Diffusion,submission
0.0219435736677116,down,BRCA.Her2_BRCA.LumA,synthetic data,3,fpr,EMB-Diffusion,submission
0.0217842323651452,down,BRCA.Her2_BRCA.LumB,synthetic data,3,fpr,EMB-Diffusion,submission
0.0264550264550265,down,BRCA.Her2_BRCA.Normal,synthetic data,3,fpr,EMB-Diffusion,submission
0.0191897654584222,down,BRCA.LumA_BRCA.LumB,synthetic data,3,fpr,EMB-Diffusion,submission
0.0201058201058201,down,BRCA.LumA_BRCA.Normal,synthetic data,3,fpr,EMB-Diffusion,submission
0.0558598028477547,down,BRCA.LumB_BRCA.Normal,synthetic data,3,fpr,EMB-Diffusion,submission
0.0,up,BRCA.Basal_BRCA.Her2,real data,4,fpr,EMB-Diffusion,submission
0.0,up,BRCA.Basal_BRCA.LumA,real data,4,fpr,EMB-Diffusion,submission
0.0,up,BRCA.Basal_BRCA.LumB,real data,4,fpr,EMB-Diffusion,submission
0.0,up,BRCA.Basal_BRCA.Normal,real data,4,fpr,EMB-Diffusion,submission
0.0,up,BRCA.Her2_BRCA.LumA,real data,4,fpr,EMB-Diffusion,submission
0.0,up,BRCA.Her2_BRCA.LumB,real data,4,fpr,EMB-Diffusion,submission
0.0,up,BRCA.Her2_BRCA.Normal,real data,4,fpr,EMB-Diffusion,submission
0.0,up,BRCA.LumA_BRCA.LumB,real data,4,fpr,EMB-Diffusion,submission
0.0,up,BRCA.LumA_BRCA.Normal,real data,4,fpr,EMB-Diffusion,submission
0.0,up,BRCA.LumB_BRCA.Normal,real data,4,fpr,EMB-Diffusion,submission
0.0,down,BRCA.Basal_BRCA.Her2,real data,4,fpr,EMB-Diffusion,submission
0.0,down,BRCA.Basal_BRCA.LumA,real data,4,fpr,EMB-Diffusion,submission
0.0,down,BRCA.Basal_BRCA.LumB,real data,4,fpr,EMB-Diffusion,submission
0.0,down,BRCA.Basal_BRCA.Normal,real data,4,fpr,EMB-Diffusion,submission
0.0,down,BRCA.Her2_BRCA.LumA,real data,4,fpr,EMB-Diffusion,submission
0.0,down,BRCA.Her2_BRCA.LumB,real data,4,fpr,EMB-Diffusion,submission
0.0,down,BRCA.Her2_BRCA.Normal,real data,4,fpr,EMB-Diffusion,submission
0.0,down,BRCA.LumA_BRCA.LumB,real data,4,fpr,EMB-Diffusion,submission
0.0,down,BRCA.LumA_BRCA.Normal,real data,4,fpr,EMB-Diffusion,submission
0.0,down,BRCA.LumB_BRCA.Normal,real data,4,fpr,EMB-Diffusion,submission
0.0409924487594391,up,BRCA.Basal_BRCA.Her2,synthetic data,4,fpr,EMB-Diffusion,submission
0.065989847715736,up,BRCA.Basal_BRCA.LumA,synthetic data,4,fpr,EMB-Diffusion,submission
0.0502923976608187,up,BRCA.Basal_BRCA.LumB,synthetic data,4,fpr,EMB-Diffusion,submission
0.0614709110867179,up,BRCA.Basal_BRCA.Normal,synthetic data,4,fpr,EMB-Diffusion,submission
0.043956043956044,up,BRCA.Her2_BRCA.LumA,synthetic data,4,fpr,EMB-Diffusion,submission
0.034375,up,BRCA.Her2_BRCA.LumB,synthetic data,4,fpr,EMB-Diffusion,submission
0.0425531914893617,up,BRCA.Her2_BRCA.Normal,synthetic data,4,fpr,EMB-Diffusion,submission
0.0093555093555093,up,BRCA.LumA_BRCA.LumB,synthetic data,4,fpr,EMB-Diffusion,submission
0.0051867219917012,up,BRCA.LumA_BRCA.Normal,synthetic data,4,fpr,EMB-Diffusion,submission
0.0501635768811341,up,BRCA.LumB_BRCA.Normal,synthetic data,4,fpr,EMB-Diffusion,submission
0.047670639219935,down,BRCA.Basal_BRCA.Her2,synthetic data,4,fpr,EMB-Diffusion,submission
0.0309988518943743,down,BRCA.Basal_BRCA.LumA,synthetic data,4,fpr,EMB-Diffusion,submission
0.04,down,BRCA.Basal_BRCA.LumB,synthetic data,4,fpr,EMB-Diffusion,submission
0.0473627556512379,down,BRCA.Basal_BRCA.Normal,synthetic data,4,fpr,EMB-Diffusion,submission
0.0177824267782427,down,BRCA.Her2_BRCA.LumA,synthetic data,4,fpr,EMB-Diffusion,submission
0.0217842323651452,down,BRCA.Her2_BRCA.LumB,synthetic data,4,fpr,EMB-Diffusion,submission
0.0234291799787007,down,BRCA.Her2_BRCA.Normal,synthetic data,4,fpr,EMB-Diffusion,submission
0.0106837606837607,down,BRCA.LumA_BRCA.LumB,synthetic data,4,fpr,EMB-Diffusion,submission
0.0306878306878307,down,BRCA.LumA_BRCA.Normal,synthetic data,4,fpr,EMB-Diffusion,submission
0.0256410256410256,down,BRCA.LumB_BRCA.Normal,synthetic data,4,fpr,EMB-Diffusion,submission
0.0,up,BRCA.Basal_BRCA.Her2,real data,5,fpr,EMB-Diffusion,submission
0.0,up,BRCA.Basal_BRCA.LumA,real data,5,fpr,EMB-Diffusion,submission
0.0,up,BRCA.Basal_BRCA.LumB,real data,5,fpr,EMB-Diffusion,submission
0.0,up,BRCA.Basal_BRCA.Normal,real data,5,fpr,EMB-Diffusion,submission
0.0,up,BRCA.Her2_BRCA.LumA,real data,5,fpr,EMB-Diffusion,submission
0.0,up,BRCA.Her2_BRCA.LumB,real data,5,fpr,EMB-Diffusion,submission
0.0,up,BRCA.Her2_BRCA.Normal,real data,5,fpr,EMB-Diffusion,submission
0.0,up,BRCA.LumA_BRCA.LumB,real data,5,fpr,EMB-Diffusion,submission
0.0,up,BRCA.LumA_BRCA.Normal,real data,5,fpr,EMB-Diffusion,submission
0.0,up,BRCA.LumB_BRCA.Normal,real data,5,fpr,EMB-Diffusion,submission
0.0,down,BRCA.Basal_BRCA.Her2,real data,5,fpr,EMB-Diffusion,submission
0.0,down,BRCA.Basal_BRCA.LumA,real data,5,fpr,EMB-Diffusion,submission
0.0,down,BRCA.Basal_BRCA.LumB,real data,5,fpr,EMB-Diffusion,submission
0.0,down,BRCA.Basal_BRCA.Normal,real data,5,fpr,EMB-Diffusion,submission
0.0,down,BRCA.Her2_BRCA.LumA,real data,5,fpr,EMB-Diffusion,submission
0.0,down,BRCA.Her2_BRCA.LumB,real data,5,fpr,EMB-Diffusion,submission
0.0,down,BRCA.Her2_BRCA.Normal,real data,5,fpr,EMB-Diffusion,submission
0.0,down,BRCA.LumA_BRCA.LumB,real data,5,fpr,EMB-Diffusion,submission
0.0,down,BRCA.LumA_BRCA.Normal,real data,5,fpr,EMB-Diffusion,submission
0.0,down,BRCA.LumB_BRCA.Normal,real data,5,fpr,EMB-Diffusion,submission
0.0515021459227468,up,BRCA.Basal_BRCA.Her2,synthetic data,5,fpr,EMB-Diffusion,submission
0.0483460559796438,up,BRCA.Basal_BRCA.LumA,synthetic data,5,fpr,EMB-Diffusion,submission
0.045828437132785,up,BRCA.Basal_BRCA.LumB,synthetic data,5,fpr,EMB-Diffusion,submission
0.0657748049052397,up,BRCA.Basal_BRCA.Normal,synthetic data,5,fpr,EMB-Diffusion,submission
0.0296703296703297,up,BRCA.Her2_BRCA.LumA,synthetic data,5,fpr,EMB-Diffusion,submission
0.0270833333333333,up,BRCA.Her2_BRCA.LumB,synthetic data,5,fpr,EMB-Diffusion,submission
0.0422832980972516,up,BRCA.Her2_BRCA.Normal,synthetic data,5,fpr,EMB-Diffusion,submission
0.0145077720207254,up,BRCA.LumA_BRCA.LumB,synthetic data,5,fpr,EMB-Diffusion,submission
0.0051599587203302,up,BRCA.LumA_BRCA.Normal,synthetic data,5,fpr,EMB-Diffusion,submission
0.0672451193058568,up,BRCA.LumB_BRCA.Normal,synthetic data,5,fpr,EMB-Diffusion,submission
0.0625,down,BRCA.Basal_BRCA.Her2,synthetic data,5,fpr,EMB-Diffusion,submission
0.0333333333333333,down,BRCA.Basal_BRCA.LumA,synthetic data,5,fpr,EMB-Diffusion,submission
0.0535307517084282,down,BRCA.Basal_BRCA.LumB,synthetic data,5,fpr,EMB-Diffusion,submission
0.0402611534276387,down,BRCA.Basal_BRCA.Normal,synthetic data,5,fpr,EMB-Diffusion,submission
0.0198537095088819,down,BRCA.Her2_BRCA.LumA,synthetic data,5,fpr,EMB-Diffusion,submission
0.0124869927159209,down,BRCA.Her2_BRCA.LumB,synthetic data,5,fpr,EMB-Diffusion,submission
0.0315789473684211,down,BRCA.Her2_BRCA.Normal,synthetic data,5,fpr,EMB-Diffusion,submission
0.0234791889007471,down,BRCA.LumA_BRCA.LumB,synthetic data,5,fpr,EMB-Diffusion,submission
0.0357142857142857,down,BRCA.LumA_BRCA.Normal,synthetic data,5,fpr,EMB-Diffusion,submission
0.0398671096345515,down,BRCA.LumB_BRCA.Normal,synthetic data,5,fpr,EMB-Diffusion,submission
0.0,up,BRCA.Basal_BRCA.Her2,real data,2,fpr,EMB-Diffusion,submission
0.0,up,BRCA.Basal_BRCA.LumA,real data,2,fpr,EMB-Diffusion,submission
0.0,up,BRCA.Basal_BRCA.LumB,real data,2,fpr,EMB-Diffusion,submission
0.0,up,BRCA.Basal_BRCA.Normal,real data,2,fpr,EMB-Diffusion,submission
0.0,up,BRCA.Her2_BRCA.LumA,real data,2,fpr,EMB-Diffusion,submission
0.0,up,BRCA.Her2_BRCA.LumB,real data,2,fpr,EMB-Diffusion,submission
0.0,up,BRCA.Her2_BRCA.Normal,real data,2,fpr,EMB-Diffusion,submission
0.0,up,BRCA.LumA_BRCA.LumB,real data,2,fpr,EMB-Diffusion,submission
0.0,up,BRCA.LumA_BRCA.Normal,real data,2,fpr,EMB-Diffusion,submission
0.0,up,BRCA.LumB_BRCA.Normal,real data,2,fpr,EMB-Diffusion,submission
0.0,down,BRCA.Basal_BRCA.Her2,real data,2,fpr,EMB-Diffusion,submission
0.0,down,BRCA.Basal_BRCA.LumA,real data,2,fpr,EMB-Diffusion,submission
0.0,down,BRCA.Basal_BRCA.LumB,real data,2,fpr,EMB-Diffusion,submission
0.0,down,BRCA.Basal_BRCA.Normal,real data,2,fpr,EMB-Diffusion,submission
0.0,down,BRCA.Her2_BRCA.LumA,real data,2,fpr,EMB-Diffusion,submission
0.0,down,BRCA.Her2_BRCA.LumB,real data,2,fpr,EMB-Diffusion,submission
0.0,down,BRCA.Her2_BRCA.Normal,real data,2,fpr,EMB-Diffusion,submission
0.0,down,BRCA.LumA_BRCA.LumB,real data,2,fpr,EMB-Diffusion,submission
0.0,down,BRCA.LumA_BRCA.Normal,real data,2,fpr,EMB-Diffusion,submission
0.0,down,BRCA.LumB_BRCA.Normal,real data,2,fpr,EMB-Diffusion,submission
0.0466377440347072,up,BRCA.Basal_BRCA.Her2,synthetic data,2,fpr,EMB-Diffusion,submission
0.0434227330779055,up,BRCA.Basal_BRCA.LumA,synthetic data,2,fpr,EMB-Diffusion,submission
0.0294464075382803,up,BRCA.Basal_BRCA.LumB,synthetic data,2,fpr,EMB-Diffusion,submission
0.0492170022371365,up,BRCA.Basal_BRCA.Normal,synthetic data,2,fpr,EMB-Diffusion,submission
0.0339912280701754,up,BRCA.Her2_BRCA.LumA,synthetic data,2,fpr,EMB-Diffusion,submission
0.0271398747390397,up,BRCA.Her2_BRCA.LumB,synthetic data,2,fpr,EMB-Diffusion,submission
0.0602798708288482,up,BRCA.Her2_BRCA.Normal,synthetic data,2,fpr,EMB-Diffusion,submission
0.0103842159916926,up,BRCA.LumA_BRCA.LumB,synthetic data,2,fpr,EMB-Diffusion,submission
0.006198347107438,up,BRCA.LumA_BRCA.Normal,synthetic data,2,fpr,EMB-Diffusion,submission
0.0624315443592552,up,BRCA.LumB_BRCA.Normal,synthetic data,2,fpr,EMB-Diffusion,submission
0.0606717226435536,down,BRCA.Basal_BRCA.Her2,synthetic data,2,fpr,EMB-Diffusion,submission
0.0252293577981651,down,BRCA.Basal_BRCA.LumA,synthetic data,2,fpr,EMB-Diffusion,submission
0.0490307867730901,down,BRCA.Basal_BRCA.LumB,synthetic data,2,fpr,EMB-Diffusion,submission
0.0378787878787879,down,BRCA.Basal_BRCA.Normal,synthetic data,2,fpr,EMB-Diffusion,submission
0.0146596858638743,down,BRCA.Her2_BRCA.LumA,synthetic data,2,fpr,EMB-Diffusion,submission
0.0114226375908619,down,BRCA.Her2_BRCA.LumB,synthetic data,2,fpr,EMB-Diffusion,submission
0.0319148936170213,down,BRCA.Her2_BRCA.Normal,synthetic data,2,fpr,EMB-Diffusion,submission
0.0159914712153518,down,BRCA.LumA_BRCA.LumB,synthetic data,2,fpr,EMB-Diffusion,submission
0.0170575692963753,down,BRCA.LumA_BRCA.Normal,synthetic data,2,fpr,EMB-Diffusion,submission
0.0279017857142857,down,BRCA.LumB_BRCA.Normal,synthetic data,2,fpr,EMB-Diffusion,submission
1.0,up,BRCA.Basal_BRCA.Her2,real data,1,tpr,NMF,submission
1.0,up,BRCA.Basal_BRCA.LumA,real data,1,tpr,NMF,submission
1.0,up,BRCA.Basal_BRCA.LumB,real data,1,tpr,NMF,submission
1.0,up,BRCA.Basal_BRCA.Normal,real data,1,tpr,NMF,submission
1.0,up,BRCA.Her2_BRCA.LumA,real data,1,tpr,NMF,submission
1.0,up,BRCA.Her2_BRCA.LumB,real data,1,tpr,NMF,submission
1.0,up,BRCA.Her2_BRCA.Normal,real data,1,tpr,NMF,submission
1.0,up,BRCA.LumA_BRCA.LumB,real data,1,tpr,NMF,submission
1.0,up,BRCA.LumA_BRCA.Normal,real data,1,tpr,NMF,submission
1.0,up,BRCA.LumB_BRCA.Normal,real data,1,tpr,NMF,submission
1.0,down,BRCA.Basal_BRCA.Her2,real data,1,tpr,NMF,submission
1.0,down,BRCA.Basal_BRCA.LumA,real data,1,tpr,NMF,submission
1.0,down,BRCA.Basal_BRCA.LumB,real data,1,tpr,NMF,submission
1.0,down,BRCA.Basal_BRCA.Normal,real data,1,tpr,NMF,submission
1.0,down,BRCA.Her2_BRCA.LumA,real data,1,tpr,NMF,submission
1.0,down,BRCA.Her2_BRCA.LumB,real data,1,tpr,NMF,submission
1.0,down,BRCA.Her2_BRCA.Normal,real data,1,tpr,NMF,submission
1.0,down,BRCA.LumA_BRCA.LumB,real data,1,tpr,NMF,submission
1.0,down,BRCA.LumA_BRCA.Normal,real data,1,tpr,NMF,submission
1.0,down,BRCA.LumB_BRCA.Normal,real data,1,tpr,NMF,submission
0.5625,up,BRCA.Basal_BRCA.Her2,synthetic data,1,tpr,NMF,submission
0.769633507853403,up,BRCA.Basal_BRCA.LumA,synthetic data,1,tpr,NMF,submission
0.766129032258065,up,BRCA.Basal_BRCA.LumB,synthetic data,1,tpr,NMF,submission
0.567567567567568,up,BRCA.Basal_BRCA.Normal,synthetic data,1,tpr,NMF,submission
0.117647058823529,up,BRCA.Her2_BRCA.LumA,synthetic data,1,tpr,NMF,submission
0.0,up,BRCA.Her2_BRCA.LumB,synthetic data,1,tpr,NMF,submission
0.0,up,BRCA.Her2_BRCA.Normal,synthetic data,1,tpr,NMF,submission
0.0,up,BRCA.LumA_BRCA.LumB,synthetic data,1,tpr,NMF,submission
0.0,up,BRCA.LumA_BRCA.Normal,synthetic data,1,tpr,NMF,submission
0.0,up,BRCA.LumB_BRCA.Normal,synthetic data,1,tpr,NMF,submission
0.469387755102041,down,BRCA.Basal_BRCA.Her2,synthetic data,1,tpr,NMF,submission
0.857142857142857,down,BRCA.Basal_BRCA.LumA,synthetic data,1,tpr,NMF,submission
0.725490196078431,down,BRCA.Basal_BRCA.LumB,synthetic data,1,tpr,NMF,submission
0.468085106382979,down,BRCA.Basal_BRCA.Normal,synthetic data,1,tpr,NMF,submission
0.0,down,BRCA.Her2_BRCA.LumA,synthetic data,1,tpr,NMF,submission
0.0,down,BRCA.Her2_BRCA.LumB,synthetic data,1,tpr,NMF,submission
0.0,down,BRCA.Her2_BRCA.Normal,synthetic data,1,tpr,NMF,submission
0.0232558139534884,down,BRCA.LumA_BRCA.LumB,synthetic data,1,tpr,NMF,submission
0.0,down,BRCA.LumA_BRCA.Normal,synthetic data,1,tpr,NMF,submission
0.0,down,BRCA.LumB_BRCA.Normal,synthetic data,1,tpr,NMF,submission
1.0,up,BRCA.Basal_BRCA.Her2,real data,2,tpr,NMF,submission
1.0,up,BRCA.Basal_BRCA.LumA,real data,2,tpr,NMF,submission
1.0,up,BRCA.Basal_BRCA.LumB,real data,2,tpr,NMF,submission
1.0,up,BRCA.Basal_BRCA.Normal,real data,2,tpr,NMF,submission
1.0,up,BRCA.Her2_BRCA.LumA,real data,2,tpr,NMF,submission
1.0,up,BRCA.Her2_BRCA.LumB,real data,2,tpr,NMF,submission
1.0,up,BRCA.Her2_BRCA.Normal,real data,2,tpr,NMF,submission
1.0,up,BRCA.LumA_BRCA.LumB,real data,2,tpr,NMF,submission
1.0,up,BRCA.LumA_BRCA.Normal,real data,2,tpr,NMF,submission
1.0,up,BRCA.LumB_BRCA.Normal,real data,2,tpr,NMF,submission
1.0,down,BRCA.Basal_BRCA.Her2,real data,2,tpr,NMF,submission
1.0,down,BRCA.Basal_BRCA.LumA,real data,2,tpr,NMF,submission
1.0,down,BRCA.Basal_BRCA.LumB,real data,2,tpr,NMF,submission
1.0,down,BRCA.Basal_BRCA.Normal,real data,2,tpr,NMF,submission
1.0,down,BRCA.Her2_BRCA.LumA,real data,2,tpr,NMF,submission
1.0,down,BRCA.Her2_BRCA.LumB,real data,2,tpr,NMF,submission
1.0,down,BRCA.Her2_BRCA.Normal,real data,2,tpr,NMF,submission
1.0,down,BRCA.LumA_BRCA.LumB,real data,2,tpr,NMF,submission
1.0,down,BRCA.LumA_BRCA.Normal,real data,2,tpr,NMF,submission
1.0,down,BRCA.LumB_BRCA.Normal,real data,2,tpr,NMF,submission
0.625,up,BRCA.Basal_BRCA.Her2,synthetic data,2,tpr,NMF,submission
0.656410256410256,up,BRCA.Basal_BRCA.LumA,synthetic data,2,tpr,NMF,submission
0.782945736434108,up,BRCA.Basal_BRCA.LumB,synthetic data,2,tpr,NMF,submission
0.55952380952381,up,BRCA.Basal_BRCA.Normal,synthetic data,2,tpr,NMF,submission
0.0,up,BRCA.Her2_BRCA.LumA,synthetic data,2,tpr,NMF,submission
0.0,up,BRCA.Her2_BRCA.LumB,synthetic data,2,tpr,NMF,submission
0.0,up,BRCA.Her2_BRCA.Normal,synthetic data,2,tpr,NMF,submission
0.0,up,BRCA.LumA_BRCA.LumB,synthetic data,2,tpr,NMF,submission
0.0,up,BRCA.LumA_BRCA.Normal,synthetic data,2,tpr,NMF,submission
0.0,up,BRCA.LumB_BRCA.Normal,synthetic data,2,tpr,NMF,submission
0.4,down,BRCA.Basal_BRCA.Her2,synthetic data,2,tpr,NMF,submission
0.754716981132076,down,BRCA.Basal_BRCA.LumA,synthetic data,2,tpr,NMF,submission
0.663366336633663,down,BRCA.Basal_BRCA.LumB,synthetic data,2,tpr,NMF,submission
0.444444444444444,down,BRCA.Basal_BRCA.Normal,synthetic data,2,tpr,NMF,submission
0.0,down,BRCA.Her2_BRCA.LumA,synthetic data,2,tpr,NMF,submission
0.0,down,BRCA.Her2_BRCA.LumB,synthetic data,2,tpr,NMF,submission
0.0,down,BRCA.Her2_BRCA.Normal,synthetic data,2,tpr,NMF,submission
0.0,down,BRCA.LumA_BRCA.LumB,synthetic data,2,tpr,NMF,submission
0.0,down,BRCA.LumA_BRCA.Normal,synthetic data,2,tpr,NMF,submission
0.0121951219512195,down,BRCA.LumB_BRCA.Normal,synthetic data,2,tpr,NMF,submission
1.0,up,BRCA.Basal_BRCA.Her2,real data,3,tpr,NMF,submission
1.0,up,BRCA.Basal_BRCA.LumA,real data,3,tpr,NMF,submission
1.0,up,BRCA.Basal_BRCA.LumB,real data,3,tpr,NMF,submission
1.0,up,BRCA.Basal_BRCA.Normal,real data,3,tpr,NMF,submission
1.0,up,BRCA.Her2_BRCA.LumA,real data,3,tpr,NMF,submission
1.0,up,BRCA.Her2_BRCA.LumB,real data,3,tpr,NMF,submission
1.0,up,BRCA.Her2_BRCA.Normal,real data,3,tpr,NMF,submission
1.0,up,BRCA.LumA_BRCA.LumB,real data,3,tpr,NMF,submission
1.0,up,BRCA.LumA_BRCA.Normal,real data,3,tpr,NMF,submission
1.0,up,BRCA.LumB_BRCA.Normal,real data,3,tpr,NMF,submission
1.0,down,BRCA.Basal_BRCA.Her2,real data,3,tpr,NMF,submission
1.0,down,BRCA.Basal_BRCA.LumA,real data,3,tpr,NMF,submission
1.0,down,BRCA.Basal_BRCA.LumB,real data,3,tpr,NMF,submission
1.0,down,BRCA.Basal_BRCA.Normal,real data,3,tpr,NMF,submission
1.0,down,BRCA.Her2_BRCA.LumA,real data,3,tpr,NMF,submission
1.0,down,BRCA.Her2_BRCA.LumB,real data,3,tpr,NMF,submission
1.0,down,BRCA.Her2_BRCA.Normal,real data,3,tpr,NMF,submission
1.0,down,BRCA.LumA_BRCA.LumB,real data,3,tpr,NMF,submission
1.0,down,BRCA.LumA_BRCA.Normal,real data,3,tpr,NMF,submission
1.0,down,BRCA.LumB_BRCA.Normal,real data,3,tpr,NMF,submission
0.608695652173913,up,BRCA.Basal_BRCA.Her2,synthetic data,3,tpr,NMF,submission
0.802083333333333,up,BRCA.Basal_BRCA.LumA,synthetic data,3,tpr,NMF,submission
0.76984126984127,up,BRCA.Basal_BRCA.LumB,synthetic data,3,tpr,NMF,submission
0.671052631578947,up,BRCA.Basal_BRCA.Normal,synthetic data,3,tpr,NMF,submission
0.134328358208955,up,BRCA.Her2_BRCA.LumA,synthetic data,3,tpr,NMF,submission
0.0,up,BRCA.Her2_BRCA.LumB,synthetic data,3,tpr,NMF,submission
0.0909090909090909,up,BRCA.Her2_BRCA.Normal,synthetic data,3,tpr,NMF,submission
0.0,up,BRCA.LumA_BRCA.LumB,synthetic data,3,tpr,NMF,submission
0.0,up,BRCA.LumA_BRCA.Normal,synthetic data,3,tpr,NMF,submission
0.0,up,BRCA.LumB_BRCA.Normal,synthetic data,3,tpr,NMF,submission
0.565217391304348,down,BRCA.Basal_BRCA.Her2,synthetic data,3,tpr,NMF,submission
0.759259259259259,down,BRCA.Basal_BRCA.LumA,synthetic data,3,tpr,NMF,submission
0.709677419354839,down,BRCA.Basal_BRCA.LumB,synthetic data,3,tpr,NMF,submission
0.521739130434783,down,BRCA.Basal_BRCA.Normal,synthetic data,3,tpr,NMF,submission
0.0,down,BRCA.Her2_BRCA.LumA,synthetic data,3,tpr,NMF,submission
0.0,down,BRCA.Her2_BRCA.LumB,synthetic data,3,tpr,NMF,submission
0.0,down,BRCA.Her2_BRCA.Normal,synthetic data,3,tpr,NMF,submission
0.05,down,BRCA.LumA_BRCA.LumB,synthetic data,3,tpr,NMF,submission
0.0,down,BRCA.LumA_BRCA.Normal,synthetic data,3,tpr,NMF,submission
0.0,down,BRCA.LumB_BRCA.Normal,synthetic data,3,tpr,NMF,submission
1.0,up,BRCA.Basal_BRCA.Her2,real data,5,tpr,NMF,submission
1.0,up,BRCA.Basal_BRCA.LumA,real data,5,tpr,NMF,submission
1.0,up,BRCA.Basal_BRCA.LumB,real data,5,tpr,NMF,submission
1.0,up,BRCA.Basal_BRCA.Normal,real data,5,tpr,NMF,submission
1.0,up,BRCA.Her2_BRCA.LumA,real data,5,tpr,NMF,submission
1.0,up,BRCA.Her2_BRCA.LumB,real data,5,tpr,NMF,submission
1.0,up,BRCA.Her2_BRCA.Normal,real data,5,tpr,NMF,submission
1.0,up,BRCA.LumA_BRCA.LumB,real data,5,tpr,NMF,submission
1.0,up,BRCA.LumA_BRCA.Normal,real data,5,tpr,NMF,submission
1.0,up,BRCA.LumB_BRCA.Normal,real data,5,tpr,NMF,submission
1.0,down,BRCA.Basal_BRCA.Her2,real data,5,tpr,NMF,submission
1.0,down,BRCA.Basal_BRCA.LumA,real data,5,tpr,NMF,submission
1.0,down,BRCA.Basal_BRCA.LumB,real data,5,tpr,NMF,submission
1.0,down,BRCA.Basal_BRCA.Normal,real data,5,tpr,NMF,submission
1.0,down,BRCA.Her2_BRCA.LumA,real data,5,tpr,NMF,submission
1.0,down,BRCA.Her2_BRCA.LumB,real data,5,tpr,NMF,submission
1.0,down,BRCA.Her2_BRCA.Normal,real data,5,tpr,NMF,submission
1.0,down,BRCA.LumA_BRCA.LumB,real data,5,tpr,NMF,submission
1.0,down,BRCA.LumA_BRCA.Normal,real data,5,tpr,NMF,submission
1.0,down,BRCA.LumB_BRCA.Normal,real data,5,tpr,NMF,submission
0.543478260869565,up,BRCA.Basal_BRCA.Her2,synthetic data,5,tpr,NMF,submission
0.729166666666667,up,BRCA.Basal_BRCA.LumA,synthetic data,5,tpr,NMF,submission
0.803149606299213,up,BRCA.Basal_BRCA.LumB,synthetic data,5,tpr,NMF,submission
0.469135802469136,up,BRCA.Basal_BRCA.Normal,synthetic data,5,tpr,NMF,submission
0.0,up,BRCA.Her2_BRCA.LumA,synthetic data,5,tpr,NMF,submission
0.0,up,BRCA.Her2_BRCA.LumB,synthetic data,5,tpr,NMF,submission
0.0,up,BRCA.Her2_BRCA.Normal,synthetic data,5,tpr,NMF,submission
0.0,up,BRCA.LumA_BRCA.LumB,synthetic data,5,tpr,NMF,submission
0.0,up,BRCA.LumA_BRCA.Normal,synthetic data,5,tpr,NMF,submission
0.0,up,BRCA.LumB_BRCA.Normal,synthetic data,5,tpr,NMF,submission
0.4,down,BRCA.Basal_BRCA.Her2,synthetic data,5,tpr,NMF,submission
0.75,down,BRCA.Basal_BRCA.LumA,synthetic data,5,tpr,NMF,submission
0.7,down,BRCA.Basal_BRCA.LumB,synthetic data,5,tpr,NMF,submission
0.406779661016949,down,BRCA.Basal_BRCA.Normal,synthetic data,5,tpr,NMF,submission
0.0,down,BRCA.Her2_BRCA.LumA,synthetic data,5,tpr,NMF,submission
0.0,down,BRCA.Her2_BRCA.LumB,synthetic data,5,tpr,NMF,submission
0.0,down,BRCA.Her2_BRCA.Normal,synthetic data,5,tpr,NMF,submission
0.0,down,BRCA.LumA_BRCA.LumB,synthetic data,5,tpr,NMF,submission
0.0,down,BRCA.LumA_BRCA.Normal,synthetic data,5,tpr,NMF,submission
0.0133333333333333,down,BRCA.LumB_BRCA.Normal,synthetic data,5,tpr,NMF,submission
1.0,up,BRCA.Basal_BRCA.Her2,real data,4,tpr,NMF,submission
1.0,up,BRCA.Basal_BRCA.LumA,real data,4,tpr,NMF,submission
1.0,up,BRCA.Basal_BRCA.LumB,real data,4,tpr,NMF,submission
1.0,up,BRCA.Basal_BRCA.Normal,real data,4,tpr,NMF,submission
1.0,up,BRCA.Her2_BRCA.LumA,real data,4,tpr,NMF,submission
1.0,up,BRCA.Her2_BRCA.LumB,real data,4,tpr,NMF,submission
1.0,up,BRCA.Her2_BRCA.Normal,real data,4,tpr,NMF,submission
1.0,up,BRCA.LumA_BRCA.LumB,real data,4,tpr,NMF,submission
1.0,up,BRCA.LumA_BRCA.Normal,real data,4,tpr,NMF,submission
1.0,up,BRCA.LumB_BRCA.Normal,real data,4,tpr,NMF,submission
1.0,down,BRCA.Basal_BRCA.Her2,real data,4,tpr,NMF,submission
1.0,down,BRCA.Basal_BRCA.LumA,real data,4,tpr,NMF,submission
1.0,down,BRCA.Basal_BRCA.LumB,real data,4,tpr,NMF,submission
1.0,down,BRCA.Basal_BRCA.Normal,real data,4,tpr,NMF,submission
1.0,down,BRCA.Her2_BRCA.LumA,real data,4,tpr,NMF,submission
1.0,down,BRCA.Her2_BRCA.LumB,real data,4,tpr,NMF,submission
1.0,down,BRCA.Her2_BRCA.Normal,real data,4,tpr,NMF,submission
1.0,down,BRCA.LumA_BRCA.LumB,real data,4,tpr,NMF,submission
1.0,down,BRCA.LumA_BRCA.Normal,real data,4,tpr,NMF,submission
1.0,down,BRCA.LumB_BRCA.Normal,real data,4,tpr,NMF,submission
0.529411764705882,up,BRCA.Basal_BRCA.Her2,synthetic data,4,tpr,NMF,submission
0.736842105263158,up,BRCA.Basal_BRCA.LumA,synthetic data,4,tpr,NMF,submission
0.788617886178862,up,BRCA.Basal_BRCA.LumB,synthetic data,4,tpr,NMF,submission
0.492537313432836,up,BRCA.Basal_BRCA.Normal,synthetic data,4,tpr,NMF,submission
0.0588235294117647,up,BRCA.Her2_BRCA.LumA,synthetic data,4,tpr,NMF,submission
0.0,up,BRCA.Her2_BRCA.LumB,synthetic data,4,tpr,NMF,submission
0.0,up,BRCA.Her2_BRCA.Normal,synthetic data,4,tpr,NMF,submission
0.0,up,BRCA.LumA_BRCA.LumB,synthetic data,4,tpr,NMF,submission
0.0,up,BRCA.LumA_BRCA.Normal,synthetic data,4,tpr,NMF,submission
0.0,up,BRCA.LumB_BRCA.Normal,synthetic data,4,tpr,NMF,submission
0.236363636363636,down,BRCA.Basal_BRCA.Her2,synthetic data,4,tpr,NMF,submission
0.794392523364486,down,BRCA.Basal_BRCA.LumA,synthetic data,4,tpr,NMF,submission
0.679611650485437,down,BRCA.Basal_BRCA.LumB,synthetic data,4,tpr,NMF,submission
0.306122448979592,down,BRCA.Basal_BRCA.Normal,synthetic data,4,tpr,NMF,submission
0.0,down,BRCA.Her2_BRCA.LumA,synthetic data,4,tpr,NMF,submission
0.0,down,BRCA.Her2_BRCA.LumB,synthetic data,4,tpr,NMF,submission
0.0,down,BRCA.Her2_BRCA.Normal,synthetic data,4,tpr,NMF,submission
0.0,down,BRCA.LumA_BRCA.LumB,synthetic data,4,tpr,NMF,submission
0.0,down,BRCA.LumA_BRCA.Normal,synthetic data,4,tpr,NMF,submission
0.0,down,BRCA.LumB_BRCA.Normal,synthetic data,4,tpr,NMF,submission
0.0,up,BRCA.Basal_BRCA.Her2,real data,1,fpr,NMF,submission
0.0,up,BRCA.Basal_BRCA.LumA,real data,1,fpr,NMF,submission
0.0,up,BRCA.Basal_BRCA.LumB,real data,1,fpr,NMF,submission
0.0,up,BRCA.Basal_BRCA.Normal,real data,1,fpr,NMF,submission
0.0,up,BRCA.Her2_BRCA.LumA,real data,1,fpr,NMF,submission
0.0,up,BRCA.Her2_BRCA.LumB,real data,1,fpr,NMF,submission
0.0,up,BRCA.Her2_BRCA.Normal,real data,1,fpr,NMF,submission
0.0,up,BRCA.LumA_BRCA.LumB,real data,1,fpr,NMF,submission
0.0,up,BRCA.LumA_BRCA.Normal,real data,1,fpr,NMF,submission
0.0,up,BRCA.LumB_BRCA.Normal,real data,1,fpr,NMF,submission
0.0,down,BRCA.Basal_BRCA.Her2,real data,1,fpr,NMF,submission
0.0,down,BRCA.Basal_BRCA.LumA,real data,1,fpr,NMF,submission
0.0,down,BRCA.Basal_BRCA.LumB,real data,1,fpr,NMF,submission
0.0,down,BRCA.Basal_BRCA.Normal,real data,1,fpr,NMF,submission
0.0,down,BRCA.Her2_BRCA.LumA,real data,1,fpr,NMF,submission
0.0,down,BRCA.Her2_BRCA.LumB,real data,1,fpr,NMF,submission
0.0,down,BRCA.Her2_BRCA.Normal,real data,1,fpr,NMF,submission
0.0,down,BRCA.LumA_BRCA.LumB,real data,1,fpr,NMF,submission
0.0,down,BRCA.LumA_BRCA.Normal,real data,1,fpr,NMF,submission
0.0,down,BRCA.LumB_BRCA.Normal,real data,1,fpr,NMF,submission
0.0182795698924731,up,BRCA.Basal_BRCA.Her2,synthetic data,1,fpr,NMF,submission
0.0012706480304955,up,BRCA.Basal_BRCA.LumA,synthetic data,1,fpr,NMF,submission
0.0304449648711944,up,BRCA.Basal_BRCA.LumB,synthetic data,1,fpr,NMF,submission
0.0210176991150442,up,BRCA.Basal_BRCA.Normal,synthetic data,1,fpr,NMF,submission
0.0,up,BRCA.Her2_BRCA.LumA,synthetic data,1,fpr,NMF,submission
0.0,up,BRCA.Her2_BRCA.LumB,synthetic data,1,fpr,NMF,submission
0.0,up,BRCA.Her2_BRCA.Normal,synthetic data,1,fpr,NMF,submission
0.0,up,BRCA.LumA_BRCA.LumB,synthetic data,1,fpr,NMF,submission
0.0,up,BRCA.LumA_BRCA.Normal,synthetic data,1,fpr,NMF,submission
0.0,up,BRCA.LumB_BRCA.Normal,synthetic data,1,fpr,NMF,submission
0.0139935414424112,down,BRCA.Basal_BRCA.Her2,synthetic data,1,fpr,NMF,submission
0.0034364261168384,down,BRCA.Basal_BRCA.LumA,synthetic data,1,fpr,NMF,submission
0.0068493150684931,down,BRCA.Basal_BRCA.LumB,synthetic data,1,fpr,NMF,submission
0.0236305048335124,down,BRCA.Basal_BRCA.Normal,synthetic data,1,fpr,NMF,submission
0.0,down,BRCA.Her2_BRCA.LumA,synthetic data,1,fpr,NMF,submission
0.0,down,BRCA.Her2_BRCA.LumB,synthetic data,1,fpr,NMF,submission
0.0,down,BRCA.Her2_BRCA.Normal,synthetic data,1,fpr,NMF,submission
0.0,down,BRCA.LumA_BRCA.LumB,synthetic data,1,fpr,NMF,submission
0.0,down,BRCA.LumA_BRCA.Normal,synthetic data,1,fpr,NMF,submission
0.0,down,BRCA.LumB_BRCA.Normal,synthetic data,1,fpr,NMF,submission
0.0,up,BRCA.Basal_BRCA.Her2,real data,2,fpr,NMF,submission
0.0,up,BRCA.Basal_BRCA.LumA,real data,2,fpr,NMF,submission
0.0,up,BRCA.Basal_BRCA.LumB,real data,2,fpr,NMF,submission
0.0,up,BRCA.Basal_BRCA.Normal,real data,2,fpr,NMF,submission
0.0,up,BRCA.Her2_BRCA.LumA,real data,2,fpr,NMF,submission
0.0,up,BRCA.Her2_BRCA.LumB,real data,2,fpr,NMF,submission
0.0,up,BRCA.Her2_BRCA.Normal,real data,2,fpr,NMF,submission
0.0,up,BRCA.LumA_BRCA.LumB,real data,2,fpr,NMF,submission
0.0,up,BRCA.LumA_BRCA.Normal,real data,2,fpr,NMF,submission
0.0,up,BRCA.LumB_BRCA.Normal,real data,2,fpr,NMF,submission
0.0,down,BRCA.Basal_BRCA.Her2,real data,2,fpr,NMF,submission
0.0,down,BRCA.Basal_BRCA.LumA,real data,2,fpr,NMF,submission
0.0,down,BRCA.Basal_BRCA.LumB,real data,2,fpr,NMF,submission
0.0,down,BRCA.Basal_BRCA.Normal,real data,2,fpr,NMF,submission
0.0,down,BRCA.Her2_BRCA.LumA,real data,2,fpr,NMF,submission
0.0,down,BRCA.Her2_BRCA.LumB,real data,2,fpr,NMF,submission
0.0,down,BRCA.Her2_BRCA.Normal,real data,2,fpr,NMF,submission
0.0,down,BRCA.LumA_BRCA.LumB,real data,2,fpr,NMF,submission
0.0,down,BRCA.LumA_BRCA.Normal,real data,2,fpr,NMF,submission
0.0,down,BRCA.LumB_BRCA.Normal,real data,2,fpr,NMF,submission
0.0379609544468547,up,BRCA.Basal_BRCA.Her2,synthetic data,2,fpr,NMF,submission
0.0,up,BRCA.Basal_BRCA.LumA,synthetic data,2,fpr,NMF,submission
0.0200235571260306,up,BRCA.Basal_BRCA.LumB,synthetic data,2,fpr,NMF,submission
0.0167785234899329,up,BRCA.Basal_BRCA.Normal,synthetic data,2,fpr,NMF,submission
0.0,up,BRCA.Her2_BRCA.LumA,synthetic data,2,fpr,NMF,submission
0.0,up,BRCA.Her2_BRCA.LumB,synthetic data,2,fpr,NMF,submission
0.0,up,BRCA.Her2_BRCA.Normal,synthetic data,2,fpr,NMF,submission
0.0,up,BRCA.LumA_BRCA.LumB,synthetic data,2,fpr,NMF,submission
0.0,up,BRCA.LumA_BRCA.Normal,synthetic data,2,fpr,NMF,submission
0.0,up,BRCA.LumB_BRCA.Normal,synthetic data,2,fpr,NMF,submission
0.0162513542795233,down,BRCA.Basal_BRCA.Her2,synthetic data,2,fpr,NMF,submission
0.0,down,BRCA.Basal_BRCA.LumA,synthetic data,2,fpr,NMF,submission
0.0045610034207525,down,BRCA.Basal_BRCA.LumB,synthetic data,2,fpr,NMF,submission
0.0151515151515152,down,BRCA.Basal_BRCA.Normal,synthetic data,2,fpr,NMF,submission
0.0,down,BRCA.Her2_BRCA.LumA,synthetic data,2,fpr,NMF,submission
0.0,down,BRCA.Her2_BRCA.LumB,synthetic data,2,fpr,NMF,submission
0.0,down,BRCA.Her2_BRCA.Normal,synthetic data,2,fpr,NMF,submission
0.0,down,BRCA.LumA_BRCA.LumB,synthetic data,2,fpr,NMF,submission
0.0,down,BRCA.LumA_BRCA.Normal,synthetic data,2,fpr,NMF,submission
0.0,down,BRCA.LumB_BRCA.Normal,synthetic data,2,fpr,NMF,submission
0.0,up,BRCA.Basal_BRCA.Her2,real data,3,fpr,NMF,submission
0.0,up,BRCA.Basal_BRCA.LumA,real data,3,fpr,NMF,submission
0.0,up,BRCA.Basal_BRCA.LumB,real data,3,fpr,NMF,submission
0.0,up,BRCA.Basal_BRCA.Normal,real data,3,fpr,NMF,submission
0.0,up,BRCA.Her2_BRCA.LumA,real data,3,fpr,NMF,submission
0.0,up,BRCA.Her2_BRCA.LumB,real data,3,fpr,NMF,submission
0.0,up,BRCA.Her2_BRCA.Normal,real data,3,fpr,NMF,submission
0.0,up,BRCA.LumA_BRCA.LumB,real data,3,fpr,NMF,submission
0.0,up,BRCA.LumA_BRCA.Normal,real data,3,fpr,NMF,submission
0.0,up,BRCA.LumB_BRCA.Normal,real data,3,fpr,NMF,submission
0.0,down,BRCA.Basal_BRCA.Her2,real data,3,fpr,NMF,submission
0.0,down,BRCA.Basal_BRCA.LumA,real data,3,fpr,NMF,submission
0.0,down,BRCA.Basal_BRCA.LumB,real data,3,fpr,NMF,submission
0.0,down,BRCA.Basal_BRCA.Normal,real data,3,fpr,NMF,submission
0.0,down,BRCA.Her2_BRCA.LumA,real data,3,fpr,NMF,submission
0.0,down,BRCA.Her2_BRCA.LumB,real data,3,fpr,NMF,submission
0.0,down,BRCA.Her2_BRCA.Normal,real data,3,fpr,NMF,submission
0.0,down,BRCA.LumA_BRCA.LumB,real data,3,fpr,NMF,submission
0.0,down,BRCA.LumA_BRCA.Normal,real data,3,fpr,NMF,submission
0.0,down,BRCA.LumB_BRCA.Normal,real data,3,fpr,NMF,submission
0.0139484978540773,up,BRCA.Basal_BRCA.Her2,synthetic data,3,fpr,NMF,submission
0.0012722646310432,up,BRCA.Basal_BRCA.LumA,synthetic data,3,fpr,NMF,submission
0.0211267605633803,up,BRCA.Basal_BRCA.LumB,synthetic data,3,fpr,NMF,submission
0.0288248337028825,up,BRCA.Basal_BRCA.Normal,synthetic data,3,fpr,NMF,submission
0.0,up,BRCA.Her2_BRCA.LumA,synthetic data,3,fpr,NMF,submission
0.0,up,BRCA.Her2_BRCA.LumB,synthetic data,3,fpr,NMF,submission
0.0,up,BRCA.Her2_BRCA.Normal,synthetic data,3,fpr,NMF,submission
0.0,up,BRCA.LumA_BRCA.LumB,synthetic data,3,fpr,NMF,submission
0.0,up,BRCA.LumA_BRCA.Normal,synthetic data,3,fpr,NMF,submission
0.0,up,BRCA.LumB_BRCA.Normal,synthetic data,3,fpr,NMF,submission
0.0118025751072961,down,BRCA.Basal_BRCA.Her2,synthetic data,3,fpr,NMF,submission
0.0011494252873563,down,BRCA.Basal_BRCA.LumA,synthetic data,3,fpr,NMF,submission
0.0033898305084745,down,BRCA.Basal_BRCA.LumB,synthetic data,3,fpr,NMF,submission
0.0278969957081545,down,BRCA.Basal_BRCA.Normal,synthetic data,3,fpr,NMF,submission
0.0,down,BRCA.Her2_BRCA.LumA,synthetic data,3,fpr,NMF,submission
0.0,down,BRCA.Her2_BRCA.LumB,synthetic data,3,fpr,NMF,submission
0.0,down,BRCA.Her2_BRCA.Normal,synthetic data,3,fpr,NMF,submission
0.0,down,BRCA.LumA_BRCA.LumB,synthetic data,3,fpr,NMF,submission
0.0,down,BRCA.LumA_BRCA.Normal,synthetic data,3,fpr,NMF,submission
0.0,down,BRCA.LumB_BRCA.Normal,synthetic data,3,fpr,NMF,submission
0.0,up,BRCA.Basal_BRCA.Her2,real data,5,fpr,NMF,submission
0.0,up,BRCA.Basal_BRCA.LumA,real data,5,fpr,NMF,submission
0.0,up,BRCA.Basal_BRCA.LumB,real data,5,fpr,NMF,submission
0.0,up,BRCA.Basal_BRCA.Normal,real data,5,fpr,NMF,submission
0.0,up,BRCA.Her2_BRCA.LumA,real data,5,fpr,NMF,submission
0.0,up,BRCA.Her2_BRCA.LumB,real data,5,fpr,NMF,submission
0.0,up,BRCA.Her2_BRCA.Normal,real data,5,fpr,NMF,submission
0.0,up,BRCA.LumA_BRCA.LumB,real data,5,fpr,NMF,submission
0.0,up,BRCA.LumA_BRCA.Normal,real data,5,fpr,NMF,submission
0.0,up,BRCA.LumB_BRCA.Normal,real data,5,fpr,NMF,submission
0.0,down,BRCA.Basal_BRCA.Her2,real data,5,fpr,NMF,submission
0.0,down,BRCA.Basal_BRCA.LumA,real data,5,fpr,NMF,submission
0.0,down,BRCA.Basal_BRCA.LumB,real data,5,fpr,NMF,submission
0.0,down,BRCA.Basal_BRCA.Normal,real data,5,fpr,NMF,submission
0.0,down,BRCA.Her2_BRCA.LumA,real data,5,fpr,NMF,submission
0.0,down,BRCA.Her2_BRCA.LumB,real data,5,fpr,NMF,submission
0.0,down,BRCA.Her2_BRCA.Normal,real data,5,fpr,NMF,submission
0.0,down,BRCA.LumA_BRCA.LumB,real data,5,fpr,NMF,submission
0.0,down,BRCA.LumA_BRCA.Normal,real data,5,fpr,NMF,submission
0.0,down,BRCA.LumB_BRCA.Normal,real data,5,fpr,NMF,submission
0.0268240343347639,up,BRCA.Basal_BRCA.Her2,synthetic data,5,fpr,NMF,submission
0.0,up,BRCA.Basal_BRCA.LumA,synthetic data,5,fpr,NMF,submission
0.0352526439482961,up,BRCA.Basal_BRCA.LumB,synthetic data,5,fpr,NMF,submission
0.0100334448160535,up,BRCA.Basal_BRCA.Normal,synthetic data,5,fpr,NMF,submission
0.0,up,BRCA.Her2_BRCA.LumA,synthetic data,5,fpr,NMF,submission
0.0,up,BRCA.Her2_BRCA.LumB,synthetic data,5,fpr,NMF,submission
0.0,up,BRCA.Her2_BRCA.Normal,synthetic data,5,fpr,NMF,submission
0.0,up,BRCA.LumA_BRCA.LumB,synthetic data,5,fpr,NMF,submission
0.0,up,BRCA.LumA_BRCA.Normal,synthetic data,5,fpr,NMF,submission
0.0,up,BRCA.LumB_BRCA.Normal,synthetic data,5,fpr,NMF,submission
0.0096982758620689,down,BRCA.Basal_BRCA.Her2,synthetic data,5,fpr,NMF,submission
0.0011494252873563,down,BRCA.Basal_BRCA.LumA,synthetic data,5,fpr,NMF,submission
0.0056947608200455,down,BRCA.Basal_BRCA.LumB,synthetic data,5,fpr,NMF,submission
0.0119695321001088,down,BRCA.Basal_BRCA.Normal,synthetic data,5,fpr,NMF,submission
0.0,down,BRCA.Her2_BRCA.LumA,synthetic data,5,fpr,NMF,submission
0.0,down,BRCA.Her2_BRCA.LumB,synthetic data,5,fpr,NMF,submission
0.0,down,BRCA.Her2_BRCA.Normal,synthetic data,5,fpr,NMF,submission
0.0,down,BRCA.LumA_BRCA.LumB,synthetic data,5,fpr,NMF,submission
0.0,down,BRCA.LumA_BRCA.Normal,synthetic data,5,fpr,NMF,submission
0.0,down,BRCA.LumB_BRCA.Normal,synthetic data,5,fpr,NMF,submission
0.0,up,BRCA.Basal_BRCA.Her2,real data,4,fpr,NMF,submission
0.0,up,BRCA.Basal_BRCA.LumA,real data,4,fpr,NMF,submission
0.0,up,BRCA.Basal_BRCA.LumB,real data,4,fpr,NMF,submission
0.0,up,BRCA.Basal_BRCA.Normal,real data,4,fpr,NMF,submission
0.0,up,BRCA.Her2_BRCA.LumA,real data,4,fpr,NMF,submission
0.0,up,BRCA.Her2_BRCA.LumB,real data,4,fpr,NMF,submission
0.0,up,BRCA.Her2_BRCA.Normal,real data,4,fpr,NMF,submission
0.0,up,BRCA.LumA_BRCA.LumB,real data,4,fpr,NMF,submission
0.0,up,BRCA.LumA_BRCA.Normal,real data,4,fpr,NMF,submission
0.0,up,BRCA.LumB_BRCA.Normal,real data,4,fpr,NMF,submission
0.0,down,BRCA.Basal_BRCA.Her2,real data,4,fpr,NMF,submission
0.0,down,BRCA.Basal_BRCA.LumA,real data,4,fpr,NMF,submission
0.0,down,BRCA.Basal_BRCA.LumB,real data,4,fpr,NMF,submission
0.0,down,BRCA.Basal_BRCA.Normal,real data,4,fpr,NMF,submission
0.0,down,BRCA.Her2_BRCA.LumA,real data,4,fpr,NMF,submission
0.0,down,BRCA.Her2_BRCA.LumB,real data,4,fpr,NMF,submission
0.0,down,BRCA.Her2_BRCA.Normal,real data,4,fpr,NMF,submission
0.0,down,BRCA.LumA_BRCA.LumB,real data,4,fpr,NMF,submission
0.0,down,BRCA.LumA_BRCA.Normal,real data,4,fpr,NMF,submission
0.0,down,BRCA.LumB_BRCA.Normal,real data,4,fpr,NMF,submission
0.0129449838187702,up,BRCA.Basal_BRCA.Her2,synthetic data,4,fpr,NMF,submission
0.0038071065989847,up,BRCA.Basal_BRCA.LumA,synthetic data,4,fpr,NMF,submission
0.0304093567251462,up,BRCA.Basal_BRCA.LumB,synthetic data,4,fpr,NMF,submission
0.0153677277716795,up,BRCA.Basal_BRCA.Normal,synthetic data,4,fpr,NMF,submission
0.0,up,BRCA.Her2_BRCA.LumA,synthetic data,4,fpr,NMF,submission
0.0,up,BRCA.Her2_BRCA.LumB,synthetic data,4,fpr,NMF,submission
0.0,up,BRCA.Her2_BRCA.Normal,synthetic data,4,fpr,NMF,submission
0.0,up,BRCA.LumA_BRCA.LumB,synthetic data,4,fpr,NMF,submission
0.0,up,BRCA.LumA_BRCA.Normal,synthetic data,4,fpr,NMF,submission
0.0,up,BRCA.LumB_BRCA.Normal,synthetic data,4,fpr,NMF,submission
0.0108342361863489,down,BRCA.Basal_BRCA.Her2,synthetic data,4,fpr,NMF,submission
0.0011481056257175,down,BRCA.Basal_BRCA.LumA,synthetic data,4,fpr,NMF,submission
0.0057142857142857,down,BRCA.Basal_BRCA.LumB,synthetic data,4,fpr,NMF,submission
0.0161463939720129,down,BRCA.Basal_BRCA.Normal,synthetic data,4,fpr,NMF,submission
0.0,down,BRCA.Her2_BRCA.LumA,synthetic data,4,fpr,NMF,submission
0.0,down,BRCA.Her2_BRCA.LumB,synthetic data,4,fpr,NMF,submission
0.0,down,BRCA.Her2_BRCA.Normal,synthetic data,4,fpr,NMF,submission
0.0,down,BRCA.LumA_BRCA.LumB,synthetic data,4,fpr,NMF,submission
0.0,down,BRCA.LumA_BRCA.Normal,synthetic data,4,fpr,NMF,submission
0.0,down,BRCA.LumB_BRCA.Normal,synthetic data,4,fpr,NMF,submission
1.0,up,BRCA.Basal_BRCA.Her2,real data,2,tpr,P-NMF,submission
1.0,up,BRCA.Basal_BRCA.LumA,real data,2,tpr,P-NMF,submission
1.0,up,BRCA.Basal_BRCA.LumB,real data,2,tpr,P-NMF,submission
1.0,up,BRCA.Basal_BRCA.Normal,real data,2,tpr,P-NMF,submission
1.0,up,BRCA.Her2_BRCA.LumA,real data,2,tpr,P-NMF,submission
1.0,up,BRCA.Her2_BRCA.LumB,real data,2,tpr,P-NMF,submission
1.0,up,BRCA.Her2_BRCA.Normal,real data,2,tpr,P-NMF,submission
1.0,up,BRCA.LumA_BRCA.LumB,real data,2,tpr,P-NMF,submission
1.0,up,BRCA.LumA_BRCA.Normal,real data,2,tpr,P-NMF,submission
1.0,up,BRCA.LumB_BRCA.Normal,real data,2,tpr,P-NMF,submission
1.0,down,BRCA.Basal_BRCA.Her2,real data,2,tpr,P-NMF,submission
1.0,down,BRCA.Basal_BRCA.LumA,real data,2,tpr,P-NMF,submission
1.0,down,BRCA.Basal_BRCA.LumB,real data,2,tpr,P-NMF,submission
1.0,down,BRCA.Basal_BRCA.Normal,real data,2,tpr,P-NMF,submission
1.0,down,BRCA.Her2_BRCA.LumA,real data,2,tpr,P-NMF,submission
1.0,down,BRCA.Her2_BRCA.LumB,real data,2,tpr,P-NMF,submission
1.0,down,BRCA.Her2_BRCA.Normal,real data,2,tpr,P-NMF,submission
1.0,down,BRCA.LumA_BRCA.LumB,real data,2,tpr,P-NMF,submission
1.0,down,BRCA.LumA_BRCA.Normal,real data,2,tpr,P-NMF,submission
1.0,down,BRCA.LumB_BRCA.Normal,real data,2,tpr,P-NMF,submission
0.232142857142857,up,BRCA.Basal_BRCA.Her2,synthetic data,2,tpr,P-NMF,submission
0.271794871794872,up,BRCA.Basal_BRCA.LumA,synthetic data,2,tpr,P-NMF,submission
0.263565891472868,up,BRCA.Basal_BRCA.LumB,synthetic data,2,tpr,P-NMF,submission
0.0833333333333333,up,BRCA.Basal_BRCA.Normal,synthetic data,2,tpr,P-NMF,submission
0.0909090909090909,up,BRCA.Her2_BRCA.LumA,synthetic data,2,tpr,P-NMF,submission
0.1,up,BRCA.Her2_BRCA.LumB,synthetic data,2,tpr,P-NMF,submission
0.0816326530612245,up,BRCA.Her2_BRCA.Normal,synthetic data,2,tpr,P-NMF,submission
0.0666666666666667,up,BRCA.LumA_BRCA.LumB,synthetic data,2,tpr,P-NMF,submission
0.0,up,BRCA.LumA_BRCA.Normal,synthetic data,2,tpr,P-NMF,submission
0.107692307692308,up,BRCA.LumB_BRCA.Normal,synthetic data,2,tpr,P-NMF,submission
0.272727272727273,down,BRCA.Basal_BRCA.Her2,synthetic data,2,tpr,P-NMF,submission
0.349056603773585,down,BRCA.Basal_BRCA.LumA,synthetic data,2,tpr,P-NMF,submission
0.396039603960396,down,BRCA.Basal_BRCA.LumB,synthetic data,2,tpr,P-NMF,submission
0.203703703703704,down,BRCA.Basal_BRCA.Normal,synthetic data,2,tpr,P-NMF,submission
0.130434782608696,down,BRCA.Her2_BRCA.LumA,synthetic data,2,tpr,P-NMF,submission
0.0666666666666667,down,BRCA.Her2_BRCA.LumB,synthetic data,2,tpr,P-NMF,submission
0.0789473684210526,down,BRCA.Her2_BRCA.Normal,synthetic data,2,tpr,P-NMF,submission
0.15,down,BRCA.LumA_BRCA.LumB,synthetic data,2,tpr,P-NMF,submission
0.0,down,BRCA.LumA_BRCA.Normal,synthetic data,2,tpr,P-NMF,submission
0.134146341463415,down,BRCA.LumB_BRCA.Normal,synthetic data,2,tpr,P-NMF,submission
1.0,up,BRCA.Basal_BRCA.Her2,real data,5,tpr,P-NMF,submission
1.0,up,BRCA.Basal_BRCA.LumA,real data,5,tpr,P-NMF,submission
1.0,up,BRCA.Basal_BRCA.LumB,real data,5,tpr,P-NMF,submission
1.0,up,BRCA.Basal_BRCA.Normal,real data,5,tpr,P-NMF,submission
1.0,up,BRCA.Her2_BRCA.LumA,real data,5,tpr,P-NMF,submission
1.0,up,BRCA.Her2_BRCA.LumB,real data,5,tpr,P-NMF,submission
1.0,up,BRCA.Her2_BRCA.Normal,real data,5,tpr,P-NMF,submission
1.0,up,BRCA.LumA_BRCA.LumB,real data,5,tpr,P-NMF,submission
1.0,up,BRCA.LumA_BRCA.Normal,real data,5,tpr,P-NMF,submission
1.0,up,BRCA.LumB_BRCA.Normal,real data,5,tpr,P-NMF,submission
1.0,down,BRCA.Basal_BRCA.Her2,real data,5,tpr,P-NMF,submission
1.0,down,BRCA.Basal_BRCA.LumA,real data,5,tpr,P-NMF,submission
1.0,down,BRCA.Basal_BRCA.LumB,real data,5,tpr,P-NMF,submission
1.0,down,BRCA.Basal_BRCA.Normal,real data,5,tpr,P-NMF,submission
1.0,down,BRCA.Her2_BRCA.LumA,real data,5,tpr,P-NMF,submission
1.0,down,BRCA.Her2_BRCA.LumB,real data,5,tpr,P-NMF,submission
1.0,down,BRCA.Her2_BRCA.Normal,real data,5,tpr,P-NMF,submission
1.0,down,BRCA.LumA_BRCA.LumB,real data,5,tpr,P-NMF,submission
1.0,down,BRCA.LumA_BRCA.Normal,real data,5,tpr,P-NMF,submission
1.0,down,BRCA.LumB_BRCA.Normal,real data,5,tpr,P-NMF,submission
0.152173913043478,up,BRCA.Basal_BRCA.Her2,synthetic data,5,tpr,P-NMF,submission
0.260416666666667,up,BRCA.Basal_BRCA.LumA,synthetic data,5,tpr,P-NMF,submission
0.196850393700787,up,BRCA.Basal_BRCA.LumB,synthetic data,5,tpr,P-NMF,submission
0.0740740740740741,up,BRCA.Basal_BRCA.Normal,synthetic data,5,tpr,P-NMF,submission
0.0441176470588235,up,BRCA.Her2_BRCA.LumA,synthetic data,5,tpr,P-NMF,submission
0.0555555555555556,up,BRCA.Her2_BRCA.LumB,synthetic data,5,tpr,P-NMF,submission
0.0,up,BRCA.Her2_BRCA.Normal,synthetic data,5,tpr,P-NMF,submission
0.0,up,BRCA.LumA_BRCA.LumB,synthetic data,5,tpr,P-NMF,submission
0.0,up,BRCA.LumA_BRCA.Normal,synthetic data,5,tpr,P-NMF,submission
0.0,up,BRCA.LumB_BRCA.Normal,synthetic data,5,tpr,P-NMF,submission
0.2,down,BRCA.Basal_BRCA.Her2,synthetic data,5,tpr,P-NMF,submission
0.287037037037037,down,BRCA.Basal_BRCA.LumA,synthetic data,5,tpr,P-NMF,submission
0.29,down,BRCA.Basal_BRCA.LumB,synthetic data,5,tpr,P-NMF,submission
0.0847457627118644,down,BRCA.Basal_BRCA.Normal,synthetic data,5,tpr,P-NMF,submission
0.0,down,BRCA.Her2_BRCA.LumA,synthetic data,5,tpr,P-NMF,submission
0.0588235294117647,down,BRCA.Her2_BRCA.LumB,synthetic data,5,tpr,P-NMF,submission
0.0,down,BRCA.Her2_BRCA.Normal,synthetic data,5,tpr,P-NMF,submission
0.0,down,BRCA.LumA_BRCA.LumB,synthetic data,5,tpr,P-NMF,submission
0.0,down,BRCA.LumA_BRCA.Normal,synthetic data,5,tpr,P-NMF,submission
0.0,down,BRCA.LumB_BRCA.Normal,synthetic data,5,tpr,P-NMF,submission
1.0,up,BRCA.Basal_BRCA.Her2,real data,4,tpr,P-NMF,submission
1.0,up,BRCA.Basal_BRCA.LumA,real data,4,tpr,P-NMF,submission
1.0,up,BRCA.Basal_BRCA.LumB,real data,4,tpr,P-NMF,submission
1.0,up,BRCA.Basal_BRCA.Normal,real data,4,tpr,P-NMF,submission
1.0,up,BRCA.Her2_BRCA.LumA,real data,4,tpr,P-NMF,submission
1.0,up,BRCA.Her2_BRCA.LumB,real data,4,tpr,P-NMF,submission
1.0,up,BRCA.Her2_BRCA.Normal,real data,4,tpr,P-NMF,submission
1.0,up,BRCA.LumA_BRCA.LumB,real data,4,tpr,P-NMF,submission
1.0,up,BRCA.LumA_BRCA.Normal,real data,4,tpr,P-NMF,submission
1.0,up,BRCA.LumB_BRCA.Normal,real data,4,tpr,P-NMF,submission
1.0,down,BRCA.Basal_BRCA.Her2,real data,4,tpr,P-NMF,submission
1.0,down,BRCA.Basal_BRCA.LumA,real data,4,tpr,P-NMF,submission
1.0,down,BRCA.Basal_BRCA.LumB,real data,4,tpr,P-NMF,submission
1.0,down,BRCA.Basal_BRCA.Normal,real data,4,tpr,P-NMF,submission
1.0,down,BRCA.Her2_BRCA.LumA,real data,4,tpr,P-NMF,submission
1.0,down,BRCA.Her2_BRCA.LumB,real data,4,tpr,P-NMF,submission
1.0,down,BRCA.Her2_BRCA.Normal,real data,4,tpr,P-NMF,submission
1.0,down,BRCA.LumA_BRCA.LumB,real data,4,tpr,P-NMF,submission
1.0,down,BRCA.LumA_BRCA.Normal,real data,4,tpr,P-NMF,submission
1.0,down,BRCA.LumB_BRCA.Normal,real data,4,tpr,P-NMF,submission
0.372549019607843,up,BRCA.Basal_BRCA.Her2,synthetic data,4,tpr,P-NMF,submission
0.268421052631579,up,BRCA.Basal_BRCA.LumA,synthetic data,4,tpr,P-NMF,submission
0.252032520325203,up,BRCA.Basal_BRCA.LumB,synthetic data,4,tpr,P-NMF,submission
0.0447761194029851,up,BRCA.Basal_BRCA.Normal,synthetic data,4,tpr,P-NMF,submission
0.117647058823529,up,BRCA.Her2_BRCA.LumA,synthetic data,4,tpr,P-NMF,submission
0.0,up,BRCA.Her2_BRCA.LumB,synthetic data,4,tpr,P-NMF,submission
0.0263157894736842,up,BRCA.Her2_BRCA.Normal,synthetic data,4,tpr,P-NMF,submission
0.125,up,BRCA.LumA_BRCA.LumB,synthetic data,4,tpr,P-NMF,submission
0.0,up,BRCA.LumA_BRCA.Normal,synthetic data,4,tpr,P-NMF,submission
0.0163934426229508,up,BRCA.LumB_BRCA.Normal,synthetic data,4,tpr,P-NMF,submission
0.309090909090909,down,BRCA.Basal_BRCA.Her2,synthetic data,4,tpr,P-NMF,submission
0.299065420560748,down,BRCA.Basal_BRCA.LumA,synthetic data,4,tpr,P-NMF,submission
0.320388349514563,down,BRCA.Basal_BRCA.LumB,synthetic data,4,tpr,P-NMF,submission
0.0612244897959184,down,BRCA.Basal_BRCA.Normal,synthetic data,4,tpr,P-NMF,submission
0.136363636363636,down,BRCA.Her2_BRCA.LumA,synthetic data,4,tpr,P-NMF,submission
0.0714285714285714,down,BRCA.Her2_BRCA.LumB,synthetic data,4,tpr,P-NMF,submission
0.0,down,BRCA.Her2_BRCA.Normal,synthetic data,4,tpr,P-NMF,submission
0.0238095238095238,down,BRCA.LumA_BRCA.LumB,synthetic data,4,tpr,P-NMF,submission
0.0,down,BRCA.LumA_BRCA.Normal,synthetic data,4,tpr,P-NMF,submission
0.111111111111111,down,BRCA.LumB_BRCA.Normal,synthetic data,4,tpr,P-NMF,submission
1.0,up,BRCA.Basal_BRCA.Her2,real data,1,tpr,P-NMF,submission
1.0,up,BRCA.Basal_BRCA.LumA,real data,1,tpr,P-NMF,submission
1.0,up,BRCA.Basal_BRCA.LumB,real data,1,tpr,P-NMF,submission
1.0,up,BRCA.Basal_BRCA.Normal,real data,1,tpr,P-NMF,submission
1.0,up,BRCA.Her2_BRCA.LumA,real data,1,tpr,P-NMF,submission
1.0,up,BRCA.Her2_BRCA.LumB,real data,1,tpr,P-NMF,submission
1.0,up,BRCA.Her2_BRCA.Normal,real data,1,tpr,P-NMF,submission
1.0,up,BRCA.LumA_BRCA.LumB,real data,1,tpr,P-NMF,submission
1.0,up,BRCA.LumA_BRCA.Normal,real data,1,tpr,P-NMF,submission
1.0,up,BRCA.LumB_BRCA.Normal,real data,1,tpr,P-NMF,submission
1.0,down,BRCA.Basal_BRCA.Her2,real data,1,tpr,P-NMF,submission
1.0,down,BRCA.Basal_BRCA.LumA,real data,1,tpr,P-NMF,submission
1.0,down,BRCA.Basal_BRCA.LumB,real data,1,tpr,P-NMF,submission
1.0,down,BRCA.Basal_BRCA.Normal,real data,1,tpr,P-NMF,submission
1.0,down,BRCA.Her2_BRCA.LumA,real data,1,tpr,P-NMF,submission
1.0,down,BRCA.Her2_BRCA.LumB,real data,1,tpr,P-NMF,submission
1.0,down,BRCA.Her2_BRCA.Normal,real data,1,tpr,P-NMF,submission
1.0,down,BRCA.LumA_BRCA.LumB,real data,1,tpr,P-NMF,submission
1.0,down,BRCA.LumA_BRCA.Normal,real data,1,tpr,P-NMF,submission
1.0,down,BRCA.LumB_BRCA.Normal,real data,1,tpr,P-NMF,submission
0.145833333333333,up,BRCA.Basal_BRCA.Her2,synthetic data,1,tpr,P-NMF,submission
0.115183246073298,up,BRCA.Basal_BRCA.LumA,synthetic data,1,tpr,P-NMF,submission
0.129032258064516,up,BRCA.Basal_BRCA.LumB,synthetic data,1,tpr,P-NMF,submission
0.0,up,BRCA.Basal_BRCA.Normal,synthetic data,1,tpr,P-NMF,submission
0.0147058823529412,up,BRCA.Her2_BRCA.LumA,synthetic data,1,tpr,P-NMF,submission
0.0,up,BRCA.Her2_BRCA.LumB,synthetic data,1,tpr,P-NMF,submission
0.0465116279069767,up,BRCA.Her2_BRCA.Normal,synthetic data,1,tpr,P-NMF,submission
0.0,up,BRCA.LumA_BRCA.LumB,synthetic data,1,tpr,P-NMF,submission
0.0,up,BRCA.LumA_BRCA.Normal,synthetic data,1,tpr,P-NMF,submission
0.0563380281690141,up,BRCA.LumB_BRCA.Normal,synthetic data,1,tpr,P-NMF,submission
0.204081632653061,down,BRCA.Basal_BRCA.Her2,synthetic data,1,tpr,P-NMF,submission
0.180952380952381,down,BRCA.Basal_BRCA.LumA,synthetic data,1,tpr,P-NMF,submission
0.215686274509804,down,BRCA.Basal_BRCA.LumB,synthetic data,1,tpr,P-NMF,submission
0.0,down,BRCA.Basal_BRCA.Normal,synthetic data,1,tpr,P-NMF,submission
0.1,down,BRCA.Her2_BRCA.LumA,synthetic data,1,tpr,P-NMF,submission
0.0769230769230769,down,BRCA.Her2_BRCA.LumB,synthetic data,1,tpr,P-NMF,submission
0.0,down,BRCA.Her2_BRCA.Normal,synthetic data,1,tpr,P-NMF,submission
0.0465116279069767,down,BRCA.LumA_BRCA.LumB,synthetic data,1,tpr,P-NMF,submission
0.0,down,BRCA.LumA_BRCA.Normal,synthetic data,1,tpr,P-NMF,submission
0.0810810810810811,down,BRCA.LumB_BRCA.Normal,synthetic data,1,tpr,P-NMF,submission
1.0,up,BRCA.Basal_BRCA.Her2,real data,3,tpr,P-NMF,submission
1.0,up,BRCA.Basal_BRCA.LumA,real data,3,tpr,P-NMF,submission
1.0,up,BRCA.Basal_BRCA.LumB,real data,3,tpr,P-NMF,submission
1.0,up,BRCA.Basal_BRCA.Normal,real data,3,tpr,P-NMF,submission
1.0,up,BRCA.Her2_BRCA.LumA,real data,3,tpr,P-NMF,submission
1.0,up,BRCA.Her2_BRCA.LumB,real data,3,tpr,P-NMF,submission
1.0,up,BRCA.Her2_BRCA.Normal,real data,3,tpr,P-NMF,submission
1.0,up,BRCA.LumA_BRCA.LumB,real data,3,tpr,P-NMF,submission
1.0,up,BRCA.LumA_BRCA.Normal,real data,3,tpr,P-NMF,submission
1.0,up,BRCA.LumB_BRCA.Normal,real data,3,tpr,P-NMF,submission
1.0,down,BRCA.Basal_BRCA.Her2,real data,3,tpr,P-NMF,submission
1.0,down,BRCA.Basal_BRCA.LumA,real data,3,tpr,P-NMF,submission
1.0,down,BRCA.Basal_BRCA.LumB,real data,3,tpr,P-NMF,submission
1.0,down,BRCA.Basal_BRCA.Normal,real data,3,tpr,P-NMF,submission
1.0,down,BRCA.Her2_BRCA.LumA,real data,3,tpr,P-NMF,submission
1.0,down,BRCA.Her2_BRCA.LumB,real data,3,tpr,P-NMF,submission
1.0,down,BRCA.Her2_BRCA.Normal,real data,3,tpr,P-NMF,submission
1.0,down,BRCA.LumA_BRCA.LumB,real data,3,tpr,P-NMF,submission
1.0,down,BRCA.LumA_BRCA.Normal,real data,3,tpr,P-NMF,submission
1.0,down,BRCA.LumB_BRCA.Normal,real data,3,tpr,P-NMF,submission
0.217391304347826,up,BRCA.Basal_BRCA.Her2,synthetic data,3,tpr,P-NMF,submission
0.213541666666667,up,BRCA.Basal_BRCA.LumA,synthetic data,3,tpr,P-NMF,submission
0.23015873015873,up,BRCA.Basal_BRCA.LumB,synthetic data,3,tpr,P-NMF,submission
0.105263157894737,up,BRCA.Basal_BRCA.Normal,synthetic data,3,tpr,P-NMF,submission
0.0,up,BRCA.Her2_BRCA.LumA,synthetic data,3,tpr,P-NMF,submission
0.0,up,BRCA.Her2_BRCA.LumB,synthetic data,3,tpr,P-NMF,submission
0.0,up,BRCA.Her2_BRCA.Normal,synthetic data,3,tpr,P-NMF,submission
0.0,up,BRCA.LumA_BRCA.LumB,synthetic data,3,tpr,P-NMF,submission
0.0,up,BRCA.LumA_BRCA.Normal,synthetic data,3,tpr,P-NMF,submission
0.05,up,BRCA.LumB_BRCA.Normal,synthetic data,3,tpr,P-NMF,submission
0.282608695652174,down,BRCA.Basal_BRCA.Her2,synthetic data,3,tpr,P-NMF,submission
0.240740740740741,down,BRCA.Basal_BRCA.LumA,synthetic data,3,tpr,P-NMF,submission
0.290322580645161,down,BRCA.Basal_BRCA.LumB,synthetic data,3,tpr,P-NMF,submission
0.0652173913043478,down,BRCA.Basal_BRCA.Normal,synthetic data,3,tpr,P-NMF,submission
0.0,down,BRCA.Her2_BRCA.LumA,synthetic data,3,tpr,P-NMF,submission
0.0714285714285714,down,BRCA.Her2_BRCA.LumB,synthetic data,3,tpr,P-NMF,submission
0.0303030303030303,down,BRCA.Her2_BRCA.Normal,synthetic data,3,tpr,P-NMF,submission
0.0,down,BRCA.LumA_BRCA.LumB,synthetic data,3,tpr,P-NMF,submission
0.0,down,BRCA.LumA_BRCA.Normal,synthetic data,3,tpr,P-NMF,submission
0.0,down,BRCA.LumB_BRCA.Normal,synthetic data,3,tpr,P-NMF,submission
0.0,up,BRCA.Basal_BRCA.Her2,real data,2,fpr,P-NMF,submission
0.0,up,BRCA.Basal_BRCA.LumA,real data,2,fpr,P-NMF,submission
0.0,up,BRCA.Basal_BRCA.LumB,real data,2,fpr,P-NMF,submission
0.0,up,BRCA.Basal_BRCA.Normal,real data,2,fpr,P-NMF,submission
0.0,up,BRCA.Her2_BRCA.LumA,real data,2,fpr,P-NMF,submission
0.0,up,BRCA.Her2_BRCA.LumB,real data,2,fpr,P-NMF,submission
0.0,up,BRCA.Her2_BRCA.Normal,real data,2,fpr,P-NMF,submission
0.0,up,BRCA.LumA_BRCA.LumB,real data,2,fpr,P-NMF,submission
0.0,up,BRCA.LumA_BRCA.Normal,real data,2,fpr,P-NMF,submission
0.0,up,BRCA.LumB_BRCA.Normal,real data,2,fpr,P-NMF,submission
0.0,down,BRCA.Basal_BRCA.Her2,real data,2,fpr,P-NMF,submission
0.0,down,BRCA.Basal_BRCA.LumA,real data,2,fpr,P-NMF,submission
0.0,down,BRCA.Basal_BRCA.LumB,real data,2,fpr,P-NMF,submission
0.0,down,BRCA.Basal_BRCA.Normal,real data,2,fpr,P-NMF,submission
0.0,down,BRCA.Her2_BRCA.LumA,real data,2,fpr,P-NMF,submission
0.0,down,BRCA.Her2_BRCA.LumB,real data,2,fpr,P-NMF,submission
0.0,down,BRCA.Her2_BRCA.Normal,real data,2,fpr,P-NMF,submission
0.0,down,BRCA.LumA_BRCA.LumB,real data,2,fpr,P-NMF,submission
0.0,down,BRCA.LumA_BRCA.Normal,real data,2,fpr,P-NMF,submission
0.0,down,BRCA.LumB_BRCA.Normal,real data,2,fpr,P-NMF,submission
0.184381778741866,up,BRCA.Basal_BRCA.Her2,synthetic data,2,fpr,P-NMF,submission
0.241379310344828,up,BRCA.Basal_BRCA.LumA,synthetic data,2,fpr,P-NMF,submission
0.232037691401649,up,BRCA.Basal_BRCA.LumB,synthetic data,2,fpr,P-NMF,submission
0.158836689038031,up,BRCA.Basal_BRCA.Normal,synthetic data,2,fpr,P-NMF,submission
0.111842105263158,up,BRCA.Her2_BRCA.LumA,synthetic data,2,fpr,P-NMF,submission
0.0709812108559499,up,BRCA.Her2_BRCA.LumB,synthetic data,2,fpr,P-NMF,submission
0.0613562970936491,up,BRCA.Her2_BRCA.Normal,synthetic data,2,fpr,P-NMF,submission
0.0996884735202492,up,BRCA.LumA_BRCA.LumB,synthetic data,2,fpr,P-NMF,submission
0.0,up,BRCA.LumA_BRCA.Normal,synthetic data,2,fpr,P-NMF,submission
0.112814895947426,up,BRCA.LumB_BRCA.Normal,synthetic data,2,fpr,P-NMF,submission
0.172264355362947,down,BRCA.Basal_BRCA.Her2,synthetic data,2,fpr,P-NMF,submission
0.222477064220183,down,BRCA.Basal_BRCA.LumA,synthetic data,2,fpr,P-NMF,submission
0.197263397947548,down,BRCA.Basal_BRCA.LumB,synthetic data,2,fpr,P-NMF,submission
0.177489177489178,down,BRCA.Basal_BRCA.Normal,synthetic data,2,fpr,P-NMF,submission
0.118324607329843,down,BRCA.Her2_BRCA.LumA,synthetic data,2,fpr,P-NMF,submission
0.0768431983385254,down,BRCA.Her2_BRCA.LumB,synthetic data,2,fpr,P-NMF,submission
0.0659574468085106,down,BRCA.Her2_BRCA.Normal,synthetic data,2,fpr,P-NMF,submission
0.0906183368869936,down,BRCA.LumA_BRCA.LumB,synthetic data,2,fpr,P-NMF,submission
0.0,down,BRCA.LumA_BRCA.Normal,synthetic data,2,fpr,P-NMF,submission
0.116071428571429,down,BRCA.LumB_BRCA.Normal,synthetic data,2,fpr,P-NMF,submission
0.0,up,BRCA.Basal_BRCA.Her2,real data,5,fpr,P-NMF,submission
0.0,up,BRCA.Basal_BRCA.LumA,real data,5,fpr,P-NMF,submission
0.0,up,BRCA.Basal_BRCA.LumB,real data,5,fpr,P-NMF,submission
0.0,up,BRCA.Basal_BRCA.Normal,real data,5,fpr,P-NMF,submission
0.0,up,BRCA.Her2_BRCA.LumA,real data,5,fpr,P-NMF,submission
0.0,up,BRCA.Her2_BRCA.LumB,real data,5,fpr,P-NMF,submission
0.0,up,BRCA.Her2_BRCA.Normal,real data,5,fpr,P-NMF,submission
0.0,up,BRCA.LumA_BRCA.LumB,real data,5,fpr,P-NMF,submission
0.0,up,BRCA.LumA_BRCA.Normal,real data,5,fpr,P-NMF,submission
0.0,up,BRCA.LumB_BRCA.Normal,real data,5,fpr,P-NMF,submission
0.0,down,BRCA.Basal_BRCA.Her2,real data,5,fpr,P-NMF,submission
0.0,down,BRCA.Basal_BRCA.LumA,real data,5,fpr,P-NMF,submission
0.0,down,BRCA.Basal_BRCA.LumB,real data,5,fpr,P-NMF,submission
0.0,down,BRCA.Basal_BRCA.Normal,real data,5,fpr,P-NMF,submission
0.0,down,BRCA.Her2_BRCA.LumA,real data,5,fpr,P-NMF,submission
0.0,down,BRCA.Her2_BRCA.LumB,real data,5,fpr,P-NMF,submission
0.0,down,BRCA.Her2_BRCA.Normal,real data,5,fpr,P-NMF,submission
0.0,down,BRCA.LumA_BRCA.LumB,real data,5,fpr,P-NMF,submission
0.0,down,BRCA.LumA_BRCA.Normal,real data,5,fpr,P-NMF,submission
0.0,down,BRCA.LumB_BRCA.Normal,real data,5,fpr,P-NMF,submission
0.17274678111588,up,BRCA.Basal_BRCA.Her2,synthetic data,5,fpr,P-NMF,submission
0.213740458015267,up,BRCA.Basal_BRCA.LumA,synthetic data,5,fpr,P-NMF,submission
0.188014101057579,up,BRCA.Basal_BRCA.LumB,synthetic data,5,fpr,P-NMF,submission
0.0702341137123746,up,BRCA.Basal_BRCA.Normal,synthetic data,5,fpr,P-NMF,submission
0.010989010989011,up,BRCA.Her2_BRCA.LumA,synthetic data,5,fpr,P-NMF,submission
0.040625,up,BRCA.Her2_BRCA.LumB,synthetic data,5,fpr,P-NMF,submission
0.0,up,BRCA.Her2_BRCA.Normal,synthetic data,5,fpr,P-NMF,submission
0.0,up,BRCA.LumA_BRCA.LumB,synthetic data,5,fpr,P-NMF,submission
0.0,up,BRCA.LumA_BRCA.Normal,synthetic data,5,fpr,P-NMF,submission
0.0010845986984815,up,BRCA.LumB_BRCA.Normal,synthetic data,5,fpr,P-NMF,submission
0.157327586206897,down,BRCA.Basal_BRCA.Her2,synthetic data,5,fpr,P-NMF,submission
0.219540229885057,down,BRCA.Basal_BRCA.LumA,synthetic data,5,fpr,P-NMF,submission
0.190205011389522,down,BRCA.Basal_BRCA.LumB,synthetic data,5,fpr,P-NMF,submission
0.0576713819368879,down,BRCA.Basal_BRCA.Normal,synthetic data,5,fpr,P-NMF,submission
0.0010449320794148,down,BRCA.Her2_BRCA.LumA,synthetic data,5,fpr,P-NMF,submission
0.0301768990634755,down,BRCA.Her2_BRCA.LumB,synthetic data,5,fpr,P-NMF,submission
0.0,down,BRCA.Her2_BRCA.Normal,synthetic data,5,fpr,P-NMF,submission
0.0,down,BRCA.LumA_BRCA.LumB,synthetic data,5,fpr,P-NMF,submission
0.0021008403361344,down,BRCA.LumA_BRCA.Normal,synthetic data,5,fpr,P-NMF,submission
0.0011074197120708,down,BRCA.LumB_BRCA.Normal,synthetic data,5,fpr,P-NMF,submission
0.0,up,BRCA.Basal_BRCA.Her2,real data,4,fpr,P-NMF,submission
0.0,up,BRCA.Basal_BRCA.LumA,real data,4,fpr,P-NMF,submission
0.0,up,BRCA.Basal_BRCA.LumB,real data,4,fpr,P-NMF,submission
0.0,up,BRCA.Basal_BRCA.Normal,real data,4,fpr,P-NMF,submission
0.0,up,BRCA.Her2_BRCA.LumA,real data,4,fpr,P-NMF,submission
0.0,up,BRCA.Her2_BRCA.LumB,real data,4,fpr,P-NMF,submission
0.0,up,BRCA.Her2_BRCA.Normal,real data,4,fpr,P-NMF,submission
0.0,up,BRCA.LumA_BRCA.LumB,real data,4,fpr,P-NMF,submission
0.0,up,BRCA.LumA_BRCA.Normal,real data,4,fpr,P-NMF,submission
0.0,up,BRCA.LumB_BRCA.Normal,real data,4,fpr,P-NMF,submission
0.0,down,BRCA.Basal_BRCA.Her2,real data,4,fpr,P-NMF,submission
0.0,down,BRCA.Basal_BRCA.LumA,real data,4,fpr,P-NMF,submission
0.0,down,BRCA.Basal_BRCA.LumB,real data,4,fpr,P-NMF,submission
0.0,down,BRCA.Basal_BRCA.Normal,real data,4,fpr,P-NMF,submission
0.0,down,BRCA.Her2_BRCA.LumA,real data,4,fpr,P-NMF,submission
0.0,down,BRCA.Her2_BRCA.LumB,real data,4,fpr,P-NMF,submission
0.0,down,BRCA.Her2_BRCA.Normal,real data,4,fpr,P-NMF,submission
0.0,down,BRCA.LumA_BRCA.LumB,real data,4,fpr,P-NMF,submission
0.0,down,BRCA.LumA_BRCA.Normal,real data,4,fpr,P-NMF,submission
0.0,down,BRCA.LumB_BRCA.Normal,real data,4,fpr,P-NMF,submission
0.16504854368932,up,BRCA.Basal_BRCA.Her2,synthetic data,4,fpr,P-NMF,submission
0.180203045685279,up,BRCA.Basal_BRCA.LumA,synthetic data,4,fpr,P-NMF,submission
0.184795321637427,up,BRCA.Basal_BRCA.LumB,synthetic data,4,fpr,P-NMF,submission
0.0439077936333699,up,BRCA.Basal_BRCA.Normal,synthetic data,4,fpr,P-NMF,submission
0.10989010989011,up,BRCA.Her2_BRCA.LumA,synthetic data,4,fpr,P-NMF,submission
0.0802083333333333,up,BRCA.Her2_BRCA.LumB,synthetic data,4,fpr,P-NMF,submission
0.0202127659574468,up,BRCA.Her2_BRCA.Normal,synthetic data,4,fpr,P-NMF,submission
0.0395010395010395,up,BRCA.LumA_BRCA.LumB,synthetic data,4,fpr,P-NMF,submission
0.0186721991701245,up,BRCA.LumA_BRCA.Normal,synthetic data,4,fpr,P-NMF,submission
0.0392584514721919,up,BRCA.LumB_BRCA.Normal,synthetic data,4,fpr,P-NMF,submission
0.177681473456121,down,BRCA.Basal_BRCA.Her2,synthetic data,4,fpr,P-NMF,submission
0.22158438576349,down,BRCA.Basal_BRCA.LumA,synthetic data,4,fpr,P-NMF,submission
0.216,down,BRCA.Basal_BRCA.LumB,synthetic data,4,fpr,P-NMF,submission
0.0355220667384284,down,BRCA.Basal_BRCA.Normal,synthetic data,4,fpr,P-NMF,submission
0.117154811715481,down,BRCA.Her2_BRCA.LumA,synthetic data,4,fpr,P-NMF,submission
0.0819502074688797,down,BRCA.Her2_BRCA.LumB,synthetic data,4,fpr,P-NMF,submission
0.0085197018104366,down,BRCA.Her2_BRCA.Normal,synthetic data,4,fpr,P-NMF,submission
0.030982905982906,down,BRCA.LumA_BRCA.LumB,synthetic data,4,fpr,P-NMF,submission
0.0063492063492063,down,BRCA.LumA_BRCA.Normal,synthetic data,4,fpr,P-NMF,submission
0.0312151616499443,down,BRCA.LumB_BRCA.Normal,synthetic data,4,fpr,P-NMF,submission
0.0,up,BRCA.Basal_BRCA.Her2,real data,1,fpr,P-NMF,submission
0.0,up,BRCA.Basal_BRCA.LumA,real data,1,fpr,P-NMF,submission
0.0,up,BRCA.Basal_BRCA.LumB,real data,1,fpr,P-NMF,submission
0.0,up,BRCA.Basal_BRCA.Normal,real data,1,fpr,P-NMF,submission
0.0,up,BRCA.Her2_BRCA.LumA,real data,1,fpr,P-NMF,submission
0.0,up,BRCA.Her2_BRCA.LumB,real data,1,fpr,P-NMF,submission
0.0,up,BRCA.Her2_BRCA.Normal,real data,1,fpr,P-NMF,submission
0.0,up,BRCA.LumA_BRCA.LumB,real data,1,fpr,P-NMF,submission
0.0,up,BRCA.LumA_BRCA.Normal,real data,1,fpr,P-NMF,submission
0.0,up,BRCA.LumB_BRCA.Normal,real data,1,fpr,P-NMF,submission
0.0,down,BRCA.Basal_BRCA.Her2,real data,1,fpr,P-NMF,submission
0.0,down,BRCA.Basal_BRCA.LumA,real data,1,fpr,P-NMF,submission
0.0,down,BRCA.Basal_BRCA.LumB,real data,1,fpr,P-NMF,submission
0.0,down,BRCA.Basal_BRCA.Normal,real data,1,fpr,P-NMF,submission
0.0,down,BRCA.Her2_BRCA.LumA,real data,1,fpr,P-NMF,submission
0.0,down,BRCA.Her2_BRCA.LumB,real data,1,fpr,P-NMF,submission
0.0,down,BRCA.Her2_BRCA.Normal,real data,1,fpr,P-NMF,submission
0.0,down,BRCA.LumA_BRCA.LumB,real data,1,fpr,P-NMF,submission
0.0,down,BRCA.LumA_BRCA.Normal,real data,1,fpr,P-NMF,submission
0.0,down,BRCA.LumB_BRCA.Normal,real data,1,fpr,P-NMF,submission
0.103225806451613,up,BRCA.Basal_BRCA.Her2,synthetic data,1,fpr,P-NMF,submission
0.085133418043202,up,BRCA.Basal_BRCA.LumA,synthetic data,1,fpr,P-NMF,submission
0.0960187353629977,up,BRCA.Basal_BRCA.LumB,synthetic data,1,fpr,P-NMF,submission
0.0011061946902654,up,BRCA.Basal_BRCA.Normal,synthetic data,1,fpr,P-NMF,submission
0.043956043956044,up,BRCA.Her2_BRCA.LumA,synthetic data,1,fpr,P-NMF,submission
0.0104275286757039,up,BRCA.Her2_BRCA.LumB,synthetic data,1,fpr,P-NMF,submission
0.0128342245989305,up,BRCA.Her2_BRCA.Normal,synthetic data,1,fpr,P-NMF,submission
0.0385015608740895,up,BRCA.LumA_BRCA.LumB,synthetic data,1,fpr,P-NMF,submission
0.0010330578512396,up,BRCA.LumA_BRCA.Normal,synthetic data,1,fpr,P-NMF,submission
0.0463065049614112,up,BRCA.LumB_BRCA.Normal,synthetic data,1,fpr,P-NMF,submission
0.0947255113024758,down,BRCA.Basal_BRCA.Her2,synthetic data,1,fpr,P-NMF,submission
0.0824742268041237,down,BRCA.Basal_BRCA.LumA,synthetic data,1,fpr,P-NMF,submission
0.0981735159817352,down,BRCA.Basal_BRCA.LumB,synthetic data,1,fpr,P-NMF,submission
0.0,down,BRCA.Basal_BRCA.Normal,synthetic data,1,fpr,P-NMF,submission
0.0386221294363257,down,BRCA.Her2_BRCA.LumA,synthetic data,1,fpr,P-NMF,submission
0.005181347150259,down,BRCA.Her2_BRCA.LumB,synthetic data,1,fpr,P-NMF,submission
0.0137420718816068,down,BRCA.Her2_BRCA.Normal,synthetic data,1,fpr,P-NMF,submission
0.0342245989304813,down,BRCA.LumA_BRCA.LumB,synthetic data,1,fpr,P-NMF,submission
0.0,down,BRCA.LumA_BRCA.Normal,synthetic data,1,fpr,P-NMF,submission
0.0331858407079646,down,BRCA.LumB_BRCA.Normal,synthetic data,1,fpr,P-NMF,submission
0.0,up,BRCA.Basal_BRCA.Her2,real data,3,fpr,P-NMF,submission
0.0,up,BRCA.Basal_BRCA.LumA,real data,3,fpr,P-NMF,submission
0.0,up,BRCA.Basal_BRCA.LumB,real data,3,fpr,P-NMF,submission
0.0,up,BRCA.Basal_BRCA.Normal,real data,3,fpr,P-NMF,submission
0.0,up,BRCA.Her2_BRCA.LumA,real data,3,fpr,P-NMF,submission
0.0,up,BRCA.Her2_BRCA.LumB,real data,3,fpr,P-NMF,submission
0.0,up,BRCA.Her2_BRCA.Normal,real data,3,fpr,P-NMF,submission
0.0,up,BRCA.LumA_BRCA.LumB,real data,3,fpr,P-NMF,submission
0.0,up,BRCA.LumA_BRCA.Normal,real data,3,fpr,P-NMF,submission
0.0,up,BRCA.LumB_BRCA.Normal,real data,3,fpr,P-NMF,submission
0.0,down,BRCA.Basal_BRCA.Her2,real data,3,fpr,P-NMF,submission
0.0,down,BRCA.Basal_BRCA.LumA,real data,3,fpr,P-NMF,submission
0.0,down,BRCA.Basal_BRCA.LumB,real data,3,fpr,P-NMF,submission
0.0,down,BRCA.Basal_BRCA.Normal,real data,3,fpr,P-NMF,submission
0.0,down,BRCA.Her2_BRCA.LumA,real data,3,fpr,P-NMF,submission
0.0,down,BRCA.Her2_BRCA.LumB,real data,3,fpr,P-NMF,submission
0.0,down,BRCA.Her2_BRCA.Normal,real data,3,fpr,P-NMF,submission
0.0,down,BRCA.LumA_BRCA.LumB,real data,3,fpr,P-NMF,submission
0.0,down,BRCA.LumA_BRCA.Normal,real data,3,fpr,P-NMF,submission
0.0,down,BRCA.LumB_BRCA.Normal,real data,3,fpr,P-NMF,submission
0.19206008583691,up,BRCA.Basal_BRCA.Her2,synthetic data,3,fpr,P-NMF,submission
0.148854961832061,up,BRCA.Basal_BRCA.LumA,synthetic data,3,fpr,P-NMF,submission
0.171361502347418,up,BRCA.Basal_BRCA.LumB,synthetic data,3,fpr,P-NMF,submission
0.082039911308204,up,BRCA.Basal_BRCA.Normal,synthetic data,3,fpr,P-NMF,submission
0.0,up,BRCA.Her2_BRCA.LumA,synthetic data,3,fpr,P-NMF,submission
0.0083246618106139,up,BRCA.Her2_BRCA.LumB,synthetic data,3,fpr,P-NMF,submission
0.0074946466809421,up,BRCA.Her2_BRCA.Normal,synthetic data,3,fpr,P-NMF,submission
0.0,up,BRCA.LumA_BRCA.LumB,synthetic data,3,fpr,P-NMF,submission
0.0010330578512396,up,BRCA.LumA_BRCA.Normal,synthetic data,3,fpr,P-NMF,submission
0.0206971677559913,up,BRCA.LumB_BRCA.Normal,synthetic data,3,fpr,P-NMF,submission
0.182403433476395,down,BRCA.Basal_BRCA.Her2,synthetic data,3,fpr,P-NMF,submission
0.149425287356322,down,BRCA.Basal_BRCA.LumA,synthetic data,3,fpr,P-NMF,submission
0.167231638418079,down,BRCA.Basal_BRCA.LumB,synthetic data,3,fpr,P-NMF,submission
0.0697424892703863,down,BRCA.Basal_BRCA.Normal,synthetic data,3,fpr,P-NMF,submission
0.0,down,BRCA.Her2_BRCA.LumA,synthetic data,3,fpr,P-NMF,submission
0.0259336099585062,down,BRCA.Her2_BRCA.LumB,synthetic data,3,fpr,P-NMF,submission
0.0317460317460317,down,BRCA.Her2_BRCA.Normal,synthetic data,3,fpr,P-NMF,submission
0.0,down,BRCA.LumA_BRCA.LumB,synthetic data,3,fpr,P-NMF,submission
0.0063492063492063,down,BRCA.LumA_BRCA.Normal,synthetic data,3,fpr,P-NMF,submission
0.0219058050383352,down,BRCA.LumB_BRCA.Normal,synthetic data,3,fpr,P-NMF,submission
1.0,up,BRCA.Basal_BRCA.Her2,real data,3,tpr,DP-PGM ε=4,submission
1.0,up,BRCA.Basal_BRCA.LumA,real data,3,tpr,DP-PGM ε=4,submission
1.0,up,BRCA.Basal_BRCA.LumB,real data,3,tpr,DP-PGM ε=4,submission
1.0,up,BRCA.Basal_BRCA.Normal,real data,3,tpr,DP-PGM ε=4,submission
1.0,up,BRCA.Her2_BRCA.LumA,real data,3,tpr,DP-PGM ε=4,submission
1.0,up,BRCA.Her2_BRCA.LumB,real data,3,tpr,DP-PGM ε=4,submission
1.0,up,BRCA.Her2_BRCA.Normal,real data,3,tpr,DP-PGM ε=4,submission
1.0,up,BRCA.LumA_BRCA.LumB,real data,3,tpr,DP-PGM ε=4,submission
1.0,up,BRCA.LumA_BRCA.Normal,real data,3,tpr,DP-PGM ε=4,submission
1.0,up,BRCA.LumB_BRCA.Normal,real data,3,tpr,DP-PGM ε=4,submission
1.0,down,BRCA.Basal_BRCA.Her2,real data,3,tpr,DP-PGM ε=4,submission
1.0,down,BRCA.Basal_BRCA.LumA,real data,3,tpr,DP-PGM ε=4,submission
1.0,down,BRCA.Basal_BRCA.LumB,real data,3,tpr,DP-PGM ε=4,submission
1.0,down,BRCA.Basal_BRCA.Normal,real data,3,tpr,DP-PGM ε=4,submission
1.0,down,BRCA.Her2_BRCA.LumA,real data,3,tpr,DP-PGM ε=4,submission
1.0,down,BRCA.Her2_BRCA.LumB,real data,3,tpr,DP-PGM ε=4,submission
1.0,down,BRCA.Her2_BRCA.Normal,real data,3,tpr,DP-PGM ε=4,submission
1.0,down,BRCA.LumA_BRCA.LumB,real data,3,tpr,DP-PGM ε=4,submission
1.0,down,BRCA.LumA_BRCA.Normal,real data,3,tpr,DP-PGM ε=4,submission
1.0,down,BRCA.LumB_BRCA.Normal,real data,3,tpr,DP-PGM ε=4,submission
0.456521739130435,up,BRCA.Basal_BRCA.Her2,synthetic data,3,tpr,DP-PGM ε=4,submission
0.708333333333333,up,BRCA.Basal_BRCA.LumA,synthetic data,3,tpr,DP-PGM ε=4,submission
0.476190476190476,up,BRCA.Basal_BRCA.LumB,synthetic data,3,tpr,DP-PGM ε=4,submission
0.578947368421053,up,BRCA.Basal_BRCA.Normal,synthetic data,3,tpr,DP-PGM ε=4,submission
0.447761194029851,up,BRCA.Her2_BRCA.LumA,synthetic data,3,tpr,DP-PGM ε=4,submission
0.411764705882353,up,BRCA.Her2_BRCA.LumB,synthetic data,3,tpr,DP-PGM ε=4,submission
0.318181818181818,up,BRCA.Her2_BRCA.Normal,synthetic data,3,tpr,DP-PGM ε=4,submission
0.692307692307692,up,BRCA.LumA_BRCA.LumB,synthetic data,3,tpr,DP-PGM ε=4,submission
0.5,up,BRCA.LumA_BRCA.Normal,synthetic data,3,tpr,DP-PGM ε=4,submission
0.4,up,BRCA.LumB_BRCA.Normal,synthetic data,3,tpr,DP-PGM ε=4,submission
0.391304347826087,down,BRCA.Basal_BRCA.Her2,synthetic data,3,tpr,DP-PGM ε=4,submission
0.638888888888889,down,BRCA.Basal_BRCA.LumA,synthetic data,3,tpr,DP-PGM ε=4,submission
0.602150537634409,down,BRCA.Basal_BRCA.LumB,synthetic data,3,tpr,DP-PGM ε=4,submission
0.369565217391304,down,BRCA.Basal_BRCA.Normal,synthetic data,3,tpr,DP-PGM ε=4,submission
0.619047619047619,down,BRCA.Her2_BRCA.LumA,synthetic data,3,tpr,DP-PGM ε=4,submission
0.428571428571429,down,BRCA.Her2_BRCA.LumB,synthetic data,3,tpr,DP-PGM ε=4,submission
0.363636363636364,down,BRCA.Her2_BRCA.Normal,synthetic data,3,tpr,DP-PGM ε=4,submission
0.825,down,BRCA.LumA_BRCA.LumB,synthetic data,3,tpr,DP-PGM ε=4,submission
0.303030303030303,down,BRCA.LumA_BRCA.Normal,synthetic data,3,tpr,DP-PGM ε=4,submission
0.353846153846154,down,BRCA.LumB_BRCA.Normal,synthetic data,3,tpr,DP-PGM ε=4,submission
1.0,up,BRCA.Basal_BRCA.Her2,real data,1,tpr,DP-PGM ε=4,submission
1.0,up,BRCA.Basal_BRCA.LumA,real data,1,tpr,DP-PGM ε=4,submission
1.0,up,BRCA.Basal_BRCA.LumB,real data,1,tpr,DP-PGM ε=4,submission
1.0,up,BRCA.Basal_BRCA.Normal,real data,1,tpr,DP-PGM ε=4,submission
1.0,up,BRCA.Her2_BRCA.LumA,real data,1,tpr,DP-PGM ε=4,submission
1.0,up,BRCA.Her2_BRCA.LumB,real data,1,tpr,DP-PGM ε=4,submission
1.0,up,BRCA.Her2_BRCA.Normal,real data,1,tpr,DP-PGM ε=4,submission
1.0,up,BRCA.LumA_BRCA.LumB,real data,1,tpr,DP-PGM ε=4,submission
1.0,up,BRCA.LumA_BRCA.Normal,real data,1,tpr,DP-PGM ε=4,submission
1.0,up,BRCA.LumB_BRCA.Normal,real data,1,tpr,DP-PGM ε=4,submission
1.0,down,BRCA.Basal_BRCA.Her2,real data,1,tpr,DP-PGM ε=4,submission
1.0,down,BRCA.Basal_BRCA.LumA,real data,1,tpr,DP-PGM ε=4,submission
1.0,down,BRCA.Basal_BRCA.LumB,real data,1,tpr,DP-PGM ε=4,submission
1.0,down,BRCA.Basal_BRCA.Normal,real data,1,tpr,DP-PGM ε=4,submission
1.0,down,BRCA.Her2_BRCA.LumA,real data,1,tpr,DP-PGM ε=4,submission
1.0,down,BRCA.Her2_BRCA.LumB,real data,1,tpr,DP-PGM ε=4,submission
1.0,down,BRCA.Her2_BRCA.Normal,real data,1,tpr,DP-PGM ε=4,submission
1.0,down,BRCA.LumA_BRCA.LumB,real data,1,tpr,DP-PGM ε=4,submission
1.0,down,BRCA.LumA_BRCA.Normal,real data,1,tpr,DP-PGM ε=4,submission
1.0,down,BRCA.LumB_BRCA.Normal,real data,1,tpr,DP-PGM ε=4,submission
0.458333333333333,up,BRCA.Basal_BRCA.Her2,synthetic data,1,tpr,DP-PGM ε=4,submission
0.62303664921466,up,BRCA.Basal_BRCA.LumA,synthetic data,1,tpr,DP-PGM ε=4,submission
0.580645161290323,up,BRCA.Basal_BRCA.LumB,synthetic data,1,tpr,DP-PGM ε=4,submission
0.486486486486487,up,BRCA.Basal_BRCA.Normal,synthetic data,1,tpr,DP-PGM ε=4,submission
0.470588235294118,up,BRCA.Her2_BRCA.LumA,synthetic data,1,tpr,DP-PGM ε=4,submission
0.315789473684211,up,BRCA.Her2_BRCA.LumB,synthetic data,1,tpr,DP-PGM ε=4,submission
0.302325581395349,up,BRCA.Her2_BRCA.Normal,synthetic data,1,tpr,DP-PGM ε=4,submission
0.823529411764706,up,BRCA.LumA_BRCA.LumB,synthetic data,1,tpr,DP-PGM ε=4,submission
0.3,up,BRCA.LumA_BRCA.Normal,synthetic data,1,tpr,DP-PGM ε=4,submission
0.47887323943662,up,BRCA.LumB_BRCA.Normal,synthetic data,1,tpr,DP-PGM ε=4,submission
0.448979591836735,down,BRCA.Basal_BRCA.Her2,synthetic data,1,tpr,DP-PGM ε=4,submission
0.714285714285714,down,BRCA.Basal_BRCA.LumA,synthetic data,1,tpr,DP-PGM ε=4,submission
0.686274509803922,down,BRCA.Basal_BRCA.LumB,synthetic data,1,tpr,DP-PGM ε=4,submission
0.48936170212766,down,BRCA.Basal_BRCA.Normal,synthetic data,1,tpr,DP-PGM ε=4,submission
0.7,down,BRCA.Her2_BRCA.LumA,synthetic data,1,tpr,DP-PGM ε=4,submission
0.692307692307692,down,BRCA.Her2_BRCA.LumB,synthetic data,1,tpr,DP-PGM ε=4,submission
0.375,down,BRCA.Her2_BRCA.Normal,synthetic data,1,tpr,DP-PGM ε=4,submission
0.790697674418605,down,BRCA.LumA_BRCA.LumB,synthetic data,1,tpr,DP-PGM ε=4,submission
0.3125,down,BRCA.LumA_BRCA.Normal,synthetic data,1,tpr,DP-PGM ε=4,submission
0.418918918918919,down,BRCA.LumB_BRCA.Normal,synthetic data,1,tpr,DP-PGM ε=4,submission
1.0,up,BRCA.Basal_BRCA.Her2,real data,2,tpr,DP-PGM ε=4,submission
1.0,up,BRCA.Basal_BRCA.LumA,real data,2,tpr,DP-PGM ε=4,submission
1.0,up,BRCA.Basal_BRCA.LumB,real data,2,tpr,DP-PGM ε=4,submission
1.0,up,BRCA.Basal_BRCA.Normal,real data,2,tpr,DP-PGM ε=4,submission
1.0,up,BRCA.Her2_BRCA.LumA,real data,2,tpr,DP-PGM ε=4,submission
1.0,up,BRCA.Her2_BRCA.LumB,real data,2,tpr,DP-PGM ε=4,submission
1.0,up,BRCA.Her2_BRCA.Normal,real data,2,tpr,DP-PGM ε=4,submission
1.0,up,BRCA.LumA_BRCA.LumB,real data,2,tpr,DP-PGM ε=4,submission
1.0,up,BRCA.LumA_BRCA.Normal,real data,2,tpr,DP-PGM ε=4,submission
1.0,up,BRCA.LumB_BRCA.Normal,real data,2,tpr,DP-PGM ε=4,submission
1.0,down,BRCA.Basal_BRCA.Her2,real data,2,tpr,DP-PGM ε=4,submission
1.0,down,BRCA.Basal_BRCA.LumA,real data,2,tpr,DP-PGM ε=4,submission
1.0,down,BRCA.Basal_BRCA.LumB,real data,2,tpr,DP-PGM ε=4,submission
1.0,down,BRCA.Basal_BRCA.Normal,real data,2,tpr,DP-PGM ε=4,submission
1.0,down,BRCA.Her2_BRCA.LumA,real data,2,tpr,DP-PGM ε=4,submission
1.0,down,BRCA.Her2_BRCA.LumB,real data,2,tpr,DP-PGM ε=4,submission
1.0,down,BRCA.Her2_BRCA.Normal,real data,2,tpr,DP-PGM ε=4,submission
1.0,down,BRCA.LumA_BRCA.LumB,real data,2,tpr,DP-PGM ε=4,submission
1.0,down,BRCA.LumA_BRCA.Normal,real data,2,tpr,DP-PGM ε=4,submission
1.0,down,BRCA.LumB_BRCA.Normal,real data,2,tpr,DP-PGM ε=4,submission
0.464285714285714,up,BRCA.Basal_BRCA.Her2,synthetic data,2,tpr,DP-PGM ε=4,submission
0.646153846153846,up,BRCA.Basal_BRCA.LumA,synthetic data,2,tpr,DP-PGM ε=4,submission
0.550387596899225,up,BRCA.Basal_BRCA.LumB,synthetic data,2,tpr,DP-PGM ε=4,submission
0.488095238095238,up,BRCA.Basal_BRCA.Normal,synthetic data,2,tpr,DP-PGM ε=4,submission
0.484848484848485,up,BRCA.Her2_BRCA.LumA,synthetic data,2,tpr,DP-PGM ε=4,submission
0.2,up,BRCA.Her2_BRCA.LumB,synthetic data,2,tpr,DP-PGM ε=4,submission
0.387755102040816,up,BRCA.Her2_BRCA.Normal,synthetic data,2,tpr,DP-PGM ε=4,submission
0.733333333333333,up,BRCA.LumA_BRCA.LumB,synthetic data,2,tpr,DP-PGM ε=4,submission
0.6,up,BRCA.LumA_BRCA.Normal,synthetic data,2,tpr,DP-PGM ε=4,submission
0.307692307692308,up,BRCA.LumB_BRCA.Normal,synthetic data,2,tpr,DP-PGM ε=4,submission
0.418181818181818,down,BRCA.Basal_BRCA.Her2,synthetic data,2,tpr,DP-PGM ε=4,submission
0.69811320754717,down,BRCA.Basal_BRCA.LumA,synthetic data,2,tpr,DP-PGM ε=4,submission
0.544554455445545,down,BRCA.Basal_BRCA.LumB,synthetic data,2,tpr,DP-PGM ε=4,submission
0.388888888888889,down,BRCA.Basal_BRCA.Normal,synthetic data,2,tpr,DP-PGM ε=4,submission
0.434782608695652,down,BRCA.Her2_BRCA.LumA,synthetic data,2,tpr,DP-PGM ε=4,submission
0.4,down,BRCA.Her2_BRCA.LumB,synthetic data,2,tpr,DP-PGM ε=4,submission
0.263157894736842,down,BRCA.Her2_BRCA.Normal,synthetic data,2,tpr,DP-PGM ε=4,submission
0.75,down,BRCA.LumA_BRCA.LumB,synthetic data,2,tpr,DP-PGM ε=4,submission
0.25,down,BRCA.LumA_BRCA.Normal,synthetic data,2,tpr,DP-PGM ε=4,submission
0.402439024390244,down,BRCA.LumB_BRCA.Normal,synthetic data,2,tpr,DP-PGM ε=4,submission
1.0,up,BRCA.Basal_BRCA.Her2,real data,4,tpr,DP-PGM ε=4,submission
1.0,up,BRCA.Basal_BRCA.LumA,real data,4,tpr,DP-PGM ε=4,submission
1.0,up,BRCA.Basal_BRCA.LumB,real data,4,tpr,DP-PGM ε=4,submission
1.0,up,BRCA.Basal_BRCA.Normal,real data,4,tpr,DP-PGM ε=4,submission
1.0,up,BRCA.Her2_BRCA.LumA,real data,4,tpr,DP-PGM ε=4,submission
1.0,up,BRCA.Her2_BRCA.LumB,real data,4,tpr,DP-PGM ε=4,submission
1.0,up,BRCA.Her2_BRCA.Normal,real data,4,tpr,DP-PGM ε=4,submission
1.0,up,BRCA.LumA_BRCA.LumB,real data,4,tpr,DP-PGM ε=4,submission
1.0,up,BRCA.LumA_BRCA.Normal,real data,4,tpr,DP-PGM ε=4,submission
1.0,up,BRCA.LumB_BRCA.Normal,real data,4,tpr,DP-PGM ε=4,submission
1.0,down,BRCA.Basal_BRCA.Her2,real data,4,tpr,DP-PGM ε=4,submission
1.0,down,BRCA.Basal_BRCA.LumA,real data,4,tpr,DP-PGM ε=4,submission
1.0,down,BRCA.Basal_BRCA.LumB,real data,4,tpr,DP-PGM ε=4,submission
1.0,down,BRCA.Basal_BRCA.Normal,real data,4,tpr,DP-PGM ε=4,submission
1.0,down,BRCA.Her2_BRCA.LumA,real data,4,tpr,DP-PGM ε=4,submission
1.0,down,BRCA.Her2_BRCA.LumB,real data,4,tpr,DP-PGM ε=4,submission
1.0,down,BRCA.Her2_BRCA.Normal,real data,4,tpr,DP-PGM ε=4,submission
1.0,down,BRCA.LumA_BRCA.LumB,real data,4,tpr,DP-PGM ε=4,submission
1.0,down,BRCA.LumA_BRCA.Normal,real data,4,tpr,DP-PGM ε=4,submission
1.0,down,BRCA.LumB_BRCA.Normal,real data,4,tpr,DP-PGM ε=4,submission
0.372549019607843,up,BRCA.Basal_BRCA.Her2,synthetic data,4,tpr,DP-PGM ε=4,submission
0.615789473684211,up,BRCA.Basal_BRCA.LumA,synthetic data,4,tpr,DP-PGM ε=4,submission
0.560975609756098,up,BRCA.Basal_BRCA.LumB,synthetic data,4,tpr,DP-PGM ε=4,submission
0.507462686567164,up,BRCA.Basal_BRCA.Normal,synthetic data,4,tpr,DP-PGM ε=4,submission
0.470588235294118,up,BRCA.Her2_BRCA.LumA,synthetic data,4,tpr,DP-PGM ε=4,submission
0.388888888888889,up,BRCA.Her2_BRCA.LumB,synthetic data,4,tpr,DP-PGM ε=4,submission
0.342105263157895,up,BRCA.Her2_BRCA.Normal,synthetic data,4,tpr,DP-PGM ε=4,submission
0.6875,up,BRCA.LumA_BRCA.LumB,synthetic data,4,tpr,DP-PGM ε=4,submission
0.285714285714286,up,BRCA.LumA_BRCA.Normal,synthetic data,4,tpr,DP-PGM ε=4,submission
0.409836065573771,up,BRCA.LumB_BRCA.Normal,synthetic data,4,tpr,DP-PGM ε=4,submission
0.472727272727273,down,BRCA.Basal_BRCA.Her2,synthetic data,4,tpr,DP-PGM ε=4,submission
0.691588785046729,down,BRCA.Basal_BRCA.LumA,synthetic data,4,tpr,DP-PGM ε=4,submission
0.533980582524272,down,BRCA.Basal_BRCA.LumB,synthetic data,4,tpr,DP-PGM ε=4,submission
0.469387755102041,down,BRCA.Basal_BRCA.Normal,synthetic data,4,tpr,DP-PGM ε=4,submission
0.454545454545455,down,BRCA.Her2_BRCA.LumA,synthetic data,4,tpr,DP-PGM ε=4,submission
0.285714285714286,down,BRCA.Her2_BRCA.LumB,synthetic data,4,tpr,DP-PGM ε=4,submission
0.128205128205128,down,BRCA.Her2_BRCA.Normal,synthetic data,4,tpr,DP-PGM ε=4,submission
0.738095238095238,down,BRCA.LumA_BRCA.LumB,synthetic data,4,tpr,DP-PGM ε=4,submission
0.333333333333333,down,BRCA.LumA_BRCA.Normal,synthetic data,4,tpr,DP-PGM ε=4,submission
0.419753086419753,down,BRCA.LumB_BRCA.Normal,synthetic data,4,tpr,DP-PGM ε=4,submission
1.0,up,BRCA.Basal_BRCA.Her2,real data,5,tpr,DP-PGM ε=4,submission
1.0,up,BRCA.Basal_BRCA.LumA,real data,5,tpr,DP-PGM ε=4,submission
1.0,up,BRCA.Basal_BRCA.LumB,real data,5,tpr,DP-PGM ε=4,submission
1.0,up,BRCA.Basal_BRCA.Normal,real data,5,tpr,DP-PGM ε=4,submission
1.0,up,BRCA.Her2_BRCA.LumA,real data,5,tpr,DP-PGM ε=4,submission
1.0,up,BRCA.Her2_BRCA.LumB,real data,5,tpr,DP-PGM ε=4,submission
1.0,up,BRCA.Her2_BRCA.Normal,real data,5,tpr,DP-PGM ε=4,submission
1.0,up,BRCA.LumA_BRCA.LumB,real data,5,tpr,DP-PGM ε=4,submission
1.0,up,BRCA.LumA_BRCA.Normal,real data,5,tpr,DP-PGM ε=4,submission
1.0,up,BRCA.LumB_BRCA.Normal,real data,5,tpr,DP-PGM ε=4,submission
1.0,down,BRCA.Basal_BRCA.Her2,real data,5,tpr,DP-PGM ε=4,submission
1.0,down,BRCA.Basal_BRCA.LumA,real data,5,tpr,DP-PGM ε=4,submission
1.0,down,BRCA.Basal_BRCA.LumB,real data,5,tpr,DP-PGM ε=4,submission
1.0,down,BRCA.Basal_BRCA.Normal,real data,5,tpr,DP-PGM ε=4,submission
1.0,down,BRCA.Her2_BRCA.LumA,real data,5,tpr,DP-PGM ε=4,submission
1.0,down,BRCA.Her2_BRCA.LumB,real data,5,tpr,DP-PGM ε=4,submission
1.0,down,BRCA.Her2_BRCA.Normal,real data,5,tpr,DP-PGM ε=4,submission
1.0,down,BRCA.LumA_BRCA.LumB,real data,5,tpr,DP-PGM ε=4,submission
1.0,down,BRCA.LumA_BRCA.Normal,real data,5,tpr,DP-PGM ε=4,submission
1.0,down,BRCA.LumB_BRCA.Normal,real data,5,tpr,DP-PGM ε=4,submission
0.630434782608696,up,BRCA.Basal_BRCA.Her2,synthetic data,5,tpr,DP-PGM ε=4,submission
0.692708333333333,up,BRCA.Basal_BRCA.LumA,synthetic data,5,tpr,DP-PGM ε=4,submission
0.566929133858268,up,BRCA.Basal_BRCA.LumB,synthetic data,5,tpr,DP-PGM ε=4,submission
0.407407407407407,up,BRCA.Basal_BRCA.Normal,synthetic data,5,tpr,DP-PGM ε=4,submission
0.588235294117647,up,BRCA.Her2_BRCA.LumA,synthetic data,5,tpr,DP-PGM ε=4,submission
0.277777777777778,up,BRCA.Her2_BRCA.LumB,synthetic data,5,tpr,DP-PGM ε=4,submission
0.3125,up,BRCA.Her2_BRCA.Normal,synthetic data,5,tpr,DP-PGM ε=4,submission
0.384615384615385,up,BRCA.LumA_BRCA.LumB,synthetic data,5,tpr,DP-PGM ε=4,submission
0.222222222222222,up,BRCA.LumA_BRCA.Normal,synthetic data,5,tpr,DP-PGM ε=4,submission
0.321428571428571,up,BRCA.LumB_BRCA.Normal,synthetic data,5,tpr,DP-PGM ε=4,submission
0.42,down,BRCA.Basal_BRCA.Her2,synthetic data,5,tpr,DP-PGM ε=4,submission
0.685185185185185,down,BRCA.Basal_BRCA.LumA,synthetic data,5,tpr,DP-PGM ε=4,submission
0.56,down,BRCA.Basal_BRCA.LumB,synthetic data,5,tpr,DP-PGM ε=4,submission
0.423728813559322,down,BRCA.Basal_BRCA.Normal,synthetic data,5,tpr,DP-PGM ε=4,submission
0.285714285714286,down,BRCA.Her2_BRCA.LumA,synthetic data,5,tpr,DP-PGM ε=4,submission
0.411764705882353,down,BRCA.Her2_BRCA.LumB,synthetic data,5,tpr,DP-PGM ε=4,submission
0.357142857142857,down,BRCA.Her2_BRCA.Normal,synthetic data,5,tpr,DP-PGM ε=4,submission
0.731707317073171,down,BRCA.LumA_BRCA.LumB,synthetic data,5,tpr,DP-PGM ε=4,submission
0.384615384615385,down,BRCA.LumA_BRCA.Normal,synthetic data,5,tpr,DP-PGM ε=4,submission
0.36,down,BRCA.LumB_BRCA.Normal,synthetic data,5,tpr,DP-PGM ε=4,submission
0.0,up,BRCA.Basal_BRCA.Her2,real data,3,fpr,DP-PGM ε=4,submission
0.0,up,BRCA.Basal_BRCA.LumA,real data,3,fpr,DP-PGM ε=4,submission
0.0,up,BRCA.Basal_BRCA.LumB,real data,3,fpr,DP-PGM ε=4,submission
0.0,up,BRCA.Basal_BRCA.Normal,real data,3,fpr,DP-PGM ε=4,submission
0.0,up,BRCA.Her2_BRCA.LumA,real data,3,fpr,DP-PGM ε=4,submission
0.0,up,BRCA.Her2_BRCA.LumB,real data,3,fpr,DP-PGM ε=4,submission
0.0,up,BRCA.Her2_BRCA.Normal,real data,3,fpr,DP-PGM ε=4,submission
0.0,up,BRCA.LumA_BRCA.LumB,real data,3,fpr,DP-PGM ε=4,submission
0.0,up,BRCA.LumA_BRCA.Normal,real data,3,fpr,DP-PGM ε=4,submission
0.0,up,BRCA.LumB_BRCA.Normal,real data,3,fpr,DP-PGM ε=4,submission
0.0,down,BRCA.Basal_BRCA.Her2,real data,3,fpr,DP-PGM ε=4,submission
0.0,down,BRCA.Basal_BRCA.LumA,real data,3,fpr,DP-PGM ε=4,submission
0.0,down,BRCA.Basal_BRCA.LumB,real data,3,fpr,DP-PGM ε=4,submission
0.0,down,BRCA.Basal_BRCA.Normal,real data,3,fpr,DP-PGM ε=4,submission
0.0,down,BRCA.Her2_BRCA.LumA,real data,3,fpr,DP-PGM ε=4,submission
0.0,down,BRCA.Her2_BRCA.LumB,real data,3,fpr,DP-PGM ε=4,submission
0.0,down,BRCA.Her2_BRCA.Normal,real data,3,fpr,DP-PGM ε=4,submission
0.0,down,BRCA.LumA_BRCA.LumB,real data,3,fpr,DP-PGM ε=4,submission
0.0,down,BRCA.LumA_BRCA.Normal,real data,3,fpr,DP-PGM ε=4,submission
0.0,down,BRCA.LumB_BRCA.Normal,real data,3,fpr,DP-PGM ε=4,submission
0.15343347639485,up,BRCA.Basal_BRCA.Her2,synthetic data,3,fpr,DP-PGM ε=4,submission
0.100508905852417,up,BRCA.Basal_BRCA.LumA,synthetic data,3,fpr,DP-PGM ε=4,submission
0.143192488262911,up,BRCA.Basal_BRCA.LumB,synthetic data,3,fpr,DP-PGM ε=4,submission
0.178492239467849,up,BRCA.Basal_BRCA.Normal,synthetic data,3,fpr,DP-PGM ε=4,submission
0.141602634467618,up,BRCA.Her2_BRCA.LumA,synthetic data,3,fpr,DP-PGM ε=4,submission
0.152965660770031,up,BRCA.Her2_BRCA.LumB,synthetic data,3,fpr,DP-PGM ε=4,submission
0.173447537473233,up,BRCA.Her2_BRCA.Normal,synthetic data,3,fpr,DP-PGM ε=4,submission
0.0963730569948187,up,BRCA.LumA_BRCA.LumB,synthetic data,3,fpr,DP-PGM ε=4,submission
0.115702479338843,up,BRCA.LumA_BRCA.Normal,synthetic data,3,fpr,DP-PGM ε=4,submission
0.135076252723312,up,BRCA.LumB_BRCA.Normal,synthetic data,3,fpr,DP-PGM ε=4,submission
0.143776824034335,down,BRCA.Basal_BRCA.Her2,synthetic data,3,fpr,DP-PGM ε=4,submission
0.0850574712643678,down,BRCA.Basal_BRCA.LumA,synthetic data,3,fpr,DP-PGM ε=4,submission
0.101694915254237,down,BRCA.Basal_BRCA.LumB,synthetic data,3,fpr,DP-PGM ε=4,submission
0.145922746781116,down,BRCA.Basal_BRCA.Normal,synthetic data,3,fpr,DP-PGM ε=4,submission
0.106583072100313,down,BRCA.Her2_BRCA.LumA,synthetic data,3,fpr,DP-PGM ε=4,submission
0.149377593360996,down,BRCA.Her2_BRCA.LumB,synthetic data,3,fpr,DP-PGM ε=4,submission
0.161904761904762,down,BRCA.Her2_BRCA.Normal,synthetic data,3,fpr,DP-PGM ε=4,submission
0.118336886993603,down,BRCA.LumA_BRCA.LumB,synthetic data,3,fpr,DP-PGM ε=4,submission
0.138624338624339,down,BRCA.LumA_BRCA.Normal,synthetic data,3,fpr,DP-PGM ε=4,submission
0.131434830230011,down,BRCA.LumB_BRCA.Normal,synthetic data,3,fpr,DP-PGM ε=4,submission
0.0,up,BRCA.Basal_BRCA.Her2,real data,1,fpr,DP-PGM ε=4,submission
0.0,up,BRCA.Basal_BRCA.LumA,real data,1,fpr,DP-PGM ε=4,submission
0.0,up,BRCA.Basal_BRCA.LumB,real data,1,fpr,DP-PGM ε=4,submission
0.0,up,BRCA.Basal_BRCA.Normal,real data,1,fpr,DP-PGM ε=4,submission
0.0,up,BRCA.Her2_BRCA.LumA,real data,1,fpr,DP-PGM ε=4,submission
0.0,up,BRCA.Her2_BRCA.LumB,real data,1,fpr,DP-PGM ε=4,submission
0.0,up,BRCA.Her2_BRCA.Normal,real data,1,fpr,DP-PGM ε=4,submission
0.0,up,BRCA.LumA_BRCA.LumB,real data,1,fpr,DP-PGM ε=4,submission
0.0,up,BRCA.LumA_BRCA.Normal,real data,1,fpr,DP-PGM ε=4,submission
0.0,up,BRCA.LumB_BRCA.Normal,real data,1,fpr,DP-PGM ε=4,submission
0.0,down,BRCA.Basal_BRCA.Her2,real data,1,fpr,DP-PGM ε=4,submission
0.0,down,BRCA.Basal_BRCA.LumA,real data,1,fpr,DP-PGM ε=4,submission
0.0,down,BRCA.Basal_BRCA.LumB,real data,1,fpr,DP-PGM ε=4,submission
0.0,down,BRCA.Basal_BRCA.Normal,real data,1,fpr,DP-PGM ε=4,submission
0.0,down,BRCA.Her2_BRCA.LumA,real data,1,fpr,DP-PGM ε=4,submission
0.0,down,BRCA.Her2_BRCA.LumB,real data,1,fpr,DP-PGM ε=4,submission
0.0,down,BRCA.Her2_BRCA.Normal,real data,1,fpr,DP-PGM ε=4,submission
0.0,down,BRCA.LumA_BRCA.LumB,real data,1,fpr,DP-PGM ε=4,submission
0.0,down,BRCA.LumA_BRCA.Normal,real data,1,fpr,DP-PGM ε=4,submission
0.0,down,BRCA.LumB_BRCA.Normal,real data,1,fpr,DP-PGM ε=4,submission
0.146236559139785,up,BRCA.Basal_BRCA.Her2,synthetic data,1,fpr,DP-PGM ε=4,submission
0.110546378653113,up,BRCA.Basal_BRCA.LumA,synthetic data,1,fpr,DP-PGM ε=4,submission
0.107728337236534,up,BRCA.Basal_BRCA.LumB,synthetic data,1,fpr,DP-PGM ε=4,submission
0.175884955752212,up,BRCA.Basal_BRCA.Normal,synthetic data,1,fpr,DP-PGM ε=4,submission
0.131868131868132,up,BRCA.Her2_BRCA.LumA,synthetic data,1,fpr,DP-PGM ε=4,submission
0.151199165797706,up,BRCA.Her2_BRCA.LumB,synthetic data,1,fpr,DP-PGM ε=4,submission
0.198930481283422,up,BRCA.Her2_BRCA.Normal,synthetic data,1,fpr,DP-PGM ε=4,submission
0.0759625390218522,up,BRCA.LumA_BRCA.LumB,synthetic data,1,fpr,DP-PGM ε=4,submission
0.129132231404959,up,BRCA.LumA_BRCA.Normal,synthetic data,1,fpr,DP-PGM ε=4,submission
0.174200661521499,up,BRCA.LumB_BRCA.Normal,synthetic data,1,fpr,DP-PGM ε=4,submission
0.130247578040904,down,BRCA.Basal_BRCA.Her2,synthetic data,1,fpr,DP-PGM ε=4,submission
0.0813287514318442,down,BRCA.Basal_BRCA.LumA,synthetic data,1,fpr,DP-PGM ε=4,submission
0.106164383561644,down,BRCA.Basal_BRCA.LumB,synthetic data,1,fpr,DP-PGM ε=4,submission
0.132116004296455,down,BRCA.Basal_BRCA.Normal,synthetic data,1,fpr,DP-PGM ε=4,submission
0.11482254697286,down,BRCA.Her2_BRCA.LumA,synthetic data,1,fpr,DP-PGM ε=4,submission
0.162694300518135,down,BRCA.Her2_BRCA.LumB,synthetic data,1,fpr,DP-PGM ε=4,submission
0.157505285412262,down,BRCA.Her2_BRCA.Normal,synthetic data,1,fpr,DP-PGM ε=4,submission
0.105882352941176,down,BRCA.LumA_BRCA.LumB,synthetic data,1,fpr,DP-PGM ε=4,submission
0.145877378435518,down,BRCA.LumA_BRCA.Normal,synthetic data,1,fpr,DP-PGM ε=4,submission
0.122787610619469,down,BRCA.LumB_BRCA.Normal,synthetic data,1,fpr,DP-PGM ε=4,submission
0.0,up,BRCA.Basal_BRCA.Her2,real data,2,fpr,DP-PGM ε=4,submission
0.0,up,BRCA.Basal_BRCA.LumA,real data,2,fpr,DP-PGM ε=4,submission
0.0,up,BRCA.Basal_BRCA.LumB,real data,2,fpr,DP-PGM ε=4,submission
0.0,up,BRCA.Basal_BRCA.Normal,real data,2,fpr,DP-PGM ε=4,submission
0.0,up,BRCA.Her2_BRCA.LumA,real data,2,fpr,DP-PGM ε=4,submission
0.0,up,BRCA.Her2_BRCA.LumB,real data,2,fpr,DP-PGM ε=4,submission
0.0,up,BRCA.Her2_BRCA.Normal,real data,2,fpr,DP-PGM ε=4,submission
0.0,up,BRCA.LumA_BRCA.LumB,real data,2,fpr,DP-PGM ε=4,submission
0.0,up,BRCA.LumA_BRCA.Normal,real data,2,fpr,DP-PGM ε=4,submission
0.0,up,BRCA.LumB_BRCA.Normal,real data,2,fpr,DP-PGM ε=4,submission
0.0,down,BRCA.Basal_BRCA.Her2,real data,2,fpr,DP-PGM ε=4,submission
0.0,down,BRCA.Basal_BRCA.LumA,real data,2,fpr,DP-PGM ε=4,submission
0.0,down,BRCA.Basal_BRCA.LumB,real data,2,fpr,DP-PGM ε=4,submission
0.0,down,BRCA.Basal_BRCA.Normal,real data,2,fpr,DP-PGM ε=4,submission
0.0,down,BRCA.Her2_BRCA.LumA,real data,2,fpr,DP-PGM ε=4,submission
0.0,down,BRCA.Her2_BRCA.LumB,real data,2,fpr,DP-PGM ε=4,submission
0.0,down,BRCA.Her2_BRCA.Normal,real data,2,fpr,DP-PGM ε=4,submission
0.0,down,BRCA.LumA_BRCA.LumB,real data,2,fpr,DP-PGM ε=4,submission
0.0,down,BRCA.LumA_BRCA.Normal,real data,2,fpr,DP-PGM ε=4,submission
0.0,down,BRCA.LumB_BRCA.Normal,real data,2,fpr,DP-PGM ε=4,submission
0.160520607375271,up,BRCA.Basal_BRCA.Her2,synthetic data,2,fpr,DP-PGM ε=4,submission
0.103448275862069,up,BRCA.Basal_BRCA.LumA,synthetic data,2,fpr,DP-PGM ε=4,submission
0.121319199057715,up,BRCA.Basal_BRCA.LumB,synthetic data,2,fpr,DP-PGM ε=4,submission
0.182326621923937,up,BRCA.Basal_BRCA.Normal,synthetic data,2,fpr,DP-PGM ε=4,submission
0.135964912280702,up,BRCA.Her2_BRCA.LumA,synthetic data,2,fpr,DP-PGM ε=4,submission
0.150313152400835,up,BRCA.Her2_BRCA.LumB,synthetic data,2,fpr,DP-PGM ε=4,submission
0.188374596340151,up,BRCA.Her2_BRCA.Normal,synthetic data,2,fpr,DP-PGM ε=4,submission
0.0809968847352025,up,BRCA.LumA_BRCA.LumB,synthetic data,2,fpr,DP-PGM ε=4,submission
0.128099173553719,up,BRCA.LumA_BRCA.Normal,synthetic data,2,fpr,DP-PGM ε=4,submission
0.177437020810515,up,BRCA.LumB_BRCA.Normal,synthetic data,2,fpr,DP-PGM ε=4,submission
0.128927410617551,down,BRCA.Basal_BRCA.Her2,synthetic data,2,fpr,DP-PGM ε=4,submission
0.0722477064220183,down,BRCA.Basal_BRCA.LumA,synthetic data,2,fpr,DP-PGM ε=4,submission
0.0820980615735462,down,BRCA.Basal_BRCA.LumB,synthetic data,2,fpr,DP-PGM ε=4,submission
0.149350649350649,down,BRCA.Basal_BRCA.Normal,synthetic data,2,fpr,DP-PGM ε=4,submission
0.120418848167539,down,BRCA.Her2_BRCA.LumA,synthetic data,2,fpr,DP-PGM ε=4,submission
0.150571131879543,down,BRCA.Her2_BRCA.LumB,synthetic data,2,fpr,DP-PGM ε=4,submission
0.180851063829787,down,BRCA.Her2_BRCA.Normal,synthetic data,2,fpr,DP-PGM ε=4,submission
0.0948827292110874,down,BRCA.LumA_BRCA.LumB,synthetic data,2,fpr,DP-PGM ε=4,submission
0.127931769722815,down,BRCA.LumA_BRCA.Normal,synthetic data,2,fpr,DP-PGM ε=4,submission
0.129464285714286,down,BRCA.LumB_BRCA.Normal,synthetic data,2,fpr,DP-PGM ε=4,submission
0.0,up,BRCA.Basal_BRCA.Her2,real data,4,fpr,DP-PGM ε=4,submission
0.0,up,BRCA.Basal_BRCA.LumA,real data,4,fpr,DP-PGM ε=4,submission
0.0,up,BRCA.Basal_BRCA.LumB,real data,4,fpr,DP-PGM ε=4,submission
0.0,up,BRCA.Basal_BRCA.Normal,real data,4,fpr,DP-PGM ε=4,submission
0.0,up,BRCA.Her2_BRCA.LumA,real data,4,fpr,DP-PGM ε=4,submission
0.0,up,BRCA.Her2_BRCA.LumB,real data,4,fpr,DP-PGM ε=4,submission
0.0,up,BRCA.Her2_BRCA.Normal,real data,4,fpr,DP-PGM ε=4,submission
0.0,up,BRCA.LumA_BRCA.LumB,real data,4,fpr,DP-PGM ε=4,submission
0.0,up,BRCA.LumA_BRCA.Normal,real data,4,fpr,DP-PGM ε=4,submission
0.0,up,BRCA.LumB_BRCA.Normal,real data,4,fpr,DP-PGM ε=4,submission
0.0,down,BRCA.Basal_BRCA.Her2,real data,4,fpr,DP-PGM ε=4,submission
0.0,down,BRCA.Basal_BRCA.LumA,real data,4,fpr,DP-PGM ε=4,submission
0.0,down,BRCA.Basal_BRCA.LumB,real data,4,fpr,DP-PGM ε=4,submission
0.0,down,BRCA.Basal_BRCA.Normal,real data,4,fpr,DP-PGM ε=4,submission
0.0,down,BRCA.Her2_BRCA.LumA,real data,4,fpr,DP-PGM ε=4,submission
0.0,down,BRCA.Her2_BRCA.LumB,real data,4,fpr,DP-PGM ε=4,submission
0.0,down,BRCA.Her2_BRCA.Normal,real data,4,fpr,DP-PGM ε=4,submission
0.0,down,BRCA.LumA_BRCA.LumB,real data,4,fpr,DP-PGM ε=4,submission
0.0,down,BRCA.LumA_BRCA.Normal,real data,4,fpr,DP-PGM ε=4,submission
0.0,down,BRCA.LumB_BRCA.Normal,real data,4,fpr,DP-PGM ε=4,submission
0.145631067961165,up,BRCA.Basal_BRCA.Her2,synthetic data,4,fpr,DP-PGM ε=4,submission
0.0913705583756345,up,BRCA.Basal_BRCA.LumA,synthetic data,4,fpr,DP-PGM ε=4,submission
0.111111111111111,up,BRCA.Basal_BRCA.LumB,synthetic data,4,fpr,DP-PGM ε=4,submission
0.173435784851811,up,BRCA.Basal_BRCA.Normal,synthetic data,4,fpr,DP-PGM ε=4,submission
0.124175824175824,up,BRCA.Her2_BRCA.LumA,synthetic data,4,fpr,DP-PGM ε=4,submission
0.160416666666667,up,BRCA.Her2_BRCA.LumB,synthetic data,4,fpr,DP-PGM ε=4,submission
0.201063829787234,up,BRCA.Her2_BRCA.Normal,synthetic data,4,fpr,DP-PGM ε=4,submission
0.0914760914760915,up,BRCA.LumA_BRCA.LumB,synthetic data,4,fpr,DP-PGM ε=4,submission
0.121369294605809,up,BRCA.LumA_BRCA.Normal,synthetic data,4,fpr,DP-PGM ε=4,submission
0.165757906215921,up,BRCA.LumB_BRCA.Normal,synthetic data,4,fpr,DP-PGM ε=4,submission
0.153846153846154,down,BRCA.Basal_BRCA.Her2,synthetic data,4,fpr,DP-PGM ε=4,submission
0.0665901262916188,down,BRCA.Basal_BRCA.LumA,synthetic data,4,fpr,DP-PGM ε=4,submission
0.0982857142857143,down,BRCA.Basal_BRCA.LumB,synthetic data,4,fpr,DP-PGM ε=4,submission
0.144241119483315,down,BRCA.Basal_BRCA.Normal,synthetic data,4,fpr,DP-PGM ε=4,submission
0.102510460251046,down,BRCA.Her2_BRCA.LumA,synthetic data,4,fpr,DP-PGM ε=4,submission
0.155601659751037,down,BRCA.Her2_BRCA.LumB,synthetic data,4,fpr,DP-PGM ε=4,submission
0.161874334398296,down,BRCA.Her2_BRCA.Normal,synthetic data,4,fpr,DP-PGM ε=4,submission
0.0908119658119658,down,BRCA.LumA_BRCA.LumB,synthetic data,4,fpr,DP-PGM ε=4,submission
0.13015873015873,down,BRCA.LumA_BRCA.Normal,synthetic data,4,fpr,DP-PGM ε=4,submission
0.115942028985507,down,BRCA.LumB_BRCA.Normal,synthetic data,4,fpr,DP-PGM ε=4,submission
0.0,up,BRCA.Basal_BRCA.Her2,real data,5,fpr,DP-PGM ε=4,submission
0.0,up,BRCA.Basal_BRCA.LumA,real data,5,fpr,DP-PGM ε=4,submission
0.0,up,BRCA.Basal_BRCA.LumB,real data,5,fpr,DP-PGM ε=4,submission
0.0,up,BRCA.Basal_BRCA.Normal,real data,5,fpr,DP-PGM ε=4,submission
0.0,up,BRCA.Her2_BRCA.LumA,real data,5,fpr,DP-PGM ε=4,submission
0.0,up,BRCA.Her2_BRCA.LumB,real data,5,fpr,DP-PGM ε=4,submission
0.0,up,BRCA.Her2_BRCA.Normal,real data,5,fpr,DP-PGM ε=4,submission
0.0,up,BRCA.LumA_BRCA.LumB,real data,5,fpr,DP-PGM ε=4,submission
0.0,up,BRCA.LumA_BRCA.Normal,real data,5,fpr,DP-PGM ε=4,submission
0.0,up,BRCA.LumB_BRCA.Normal,real data,5,fpr,DP-PGM ε=4,submission
0.0,down,BRCA.Basal_BRCA.Her2,real data,5,fpr,DP-PGM ε=4,submission
0.0,down,BRCA.Basal_BRCA.LumA,real data,5,fpr,DP-PGM ε=4,submission
0.0,down,BRCA.Basal_BRCA.LumB,real data,5,fpr,DP-PGM ε=4,submission
0.0,down,BRCA.Basal_BRCA.Normal,real data,5,fpr,DP-PGM ε=4,submission
0.0,down,BRCA.Her2_BRCA.LumA,real data,5,fpr,DP-PGM ε=4,submission
0.0,down,BRCA.Her2_BRCA.LumB,real data,5,fpr,DP-PGM ε=4,submission
0.0,down,BRCA.Her2_BRCA.Normal,real data,5,fpr,DP-PGM ε=4,submission
0.0,down,BRCA.LumA_BRCA.LumB,real data,5,fpr,DP-PGM ε=4,submission
0.0,down,BRCA.LumA_BRCA.Normal,real data,5,fpr,DP-PGM ε=4,submission
0.0,down,BRCA.LumB_BRCA.Normal,real data,5,fpr,DP-PGM ε=4,submission
0.166309012875536,up,BRCA.Basal_BRCA.Her2,synthetic data,5,fpr,DP-PGM ε=4,submission
0.122137404580153,up,BRCA.Basal_BRCA.LumA,synthetic data,5,fpr,DP-PGM ε=4,submission
0.151586368977673,up,BRCA.Basal_BRCA.LumB,synthetic data,5,fpr,DP-PGM ε=4,submission
0.198439241917503,up,BRCA.Basal_BRCA.Normal,synthetic data,5,fpr,DP-PGM ε=4,submission
0.126373626373626,up,BRCA.Her2_BRCA.LumA,synthetic data,5,fpr,DP-PGM ε=4,submission
0.147916666666667,up,BRCA.Her2_BRCA.LumB,synthetic data,5,fpr,DP-PGM ε=4,submission
0.198731501057082,up,BRCA.Her2_BRCA.Normal,synthetic data,5,fpr,DP-PGM ε=4,submission
0.100518134715026,up,BRCA.LumA_BRCA.LumB,synthetic data,5,fpr,DP-PGM ε=4,submission
0.126934984520124,up,BRCA.LumA_BRCA.Normal,synthetic data,5,fpr,DP-PGM ε=4,submission
0.164859002169197,up,BRCA.LumB_BRCA.Normal,synthetic data,5,fpr,DP-PGM ε=4,submission
0.126077586206897,down,BRCA.Basal_BRCA.Her2,synthetic data,5,fpr,DP-PGM ε=4,submission
0.064367816091954,down,BRCA.Basal_BRCA.LumA,synthetic data,5,fpr,DP-PGM ε=4,submission
0.0911161731207289,down,BRCA.Basal_BRCA.LumB,synthetic data,5,fpr,DP-PGM ε=4,submission
0.134929270946681,down,BRCA.Basal_BRCA.Normal,synthetic data,5,fpr,DP-PGM ε=4,submission
0.114942528735632,down,BRCA.Her2_BRCA.LumA,synthetic data,5,fpr,DP-PGM ε=4,submission
0.168574401664932,down,BRCA.Her2_BRCA.LumB,synthetic data,5,fpr,DP-PGM ε=4,submission
0.176842105263158,down,BRCA.Her2_BRCA.Normal,synthetic data,5,fpr,DP-PGM ε=4,submission
0.105656350053362,down,BRCA.LumA_BRCA.LumB,synthetic data,5,fpr,DP-PGM ε=4,submission
0.139705882352941,down,BRCA.LumA_BRCA.Normal,synthetic data,5,fpr,DP-PGM ε=4,submission
0.152823920265781,down,BRCA.LumB_BRCA.Normal,synthetic data,5,fpr,DP-PGM ε=4,submission
