accuracy_best,mia_aucroc,average_precision,mia_pr_auc,mia_f1_median,f1_best,tpr_at_fpr_01,tpr_at_fpr_001,mia_precision@5pt,tp_count,method,fold,origin,category,accuracy_synthetic,avg_pr_macro_synthetic,avg_pr_weight_synthetic,f1_synthetic,auroc_synthetic,accuracy_real,avg_pr_macro_real,avg_pr_weight_real,f1_real,auroc_real,feature_overlap_count,feature_overlap_proportion,MMD_train,MMD_test,MMD_base,discriminative_score,distance_to_closest,distance_to_closest_base,kl_mean_train,kl_mean_test,kl_mean_base,prdc_precision,prdc_recall,prdc_density,prdc_coverage,prdc_density_test,prdc_coverage_test,submmd_TCGA-BRCA,submmd_TCGA-COAD,submmd_TCGA-ESCA,submmd_TCGA-KIRC,submmd_TCGA-KIRP,submmd_TCGA-LIHC,submmd_TCGA-LUAD,submmd_TCGA-LUSC,submmd_TCGA-OV,submmd_TCGA-PAAD,submmd_TCGA-PRAD,submmd_TCGA-SKCM,accuracy_relative,avg_pr_macro_relative,avg_pr_weight_relative,auroc_relative,f1_relative,distance_to_closest_relative
0.2600046264168401,0.4995398121805179,0.798090674830144,0.7974240568712755,0.177846312002056,0.177846312002056,0.1000578368999421,0.0057836899942163,0.7926267281105991,172.0,MC,1,MVN,baseline,0.978,0.9916,0.992240290398466,0.977926759650113,0.9986855837395562,0.9803,0.9875,0.9910138580998532,0.9803028159095454,0.9984645675501927,46.0,0.4144,0.0095019171880368,0.009409381868299,-0.0003290792573973,0.587532023911187,28.8799,23.1698,0.0554196459569308,0.074300414176295,0.0511451725982389,0.1593406593406593,0.9537304800462696,0.0518218623481781,0.1162521688837478,0.0493927125506072,0.2635838150289017,0.0268665076097476,0.0244572589144167,0.0135706187625495,0.0311680425882396,0.0261089082924352,0.0218190006794952,0.0262422023123603,0.02285064711716,0.0185480435153632,0.0301880493652494,0.0198917076858763,0.0194035597759935,0.9976537794552688,1.0041518987341773,1.0012375531266176,1.000221356066651,0.9975762017400431,1.2464458044523474
0.7999074716631969,0.5263839902111882,0.8081974020075853,0.8080120724126395,0.6228866346324969,0.8888031880704461,0.1000578368999421,0.0086755349913244,0.8064516129032258,175.0,gan_leaks,1,MVN,baseline,0.978,0.9916,0.992240290398466,0.977926759650113,0.9986855837395562,0.9803,0.9875,0.9910138580998532,0.9803028159095454,0.9984645675501927,46.0,0.4144,0.0095019171880368,0.009409381868299,-0.0003290792573973,0.587532023911187,28.8799,23.1698,0.0554196459569308,0.074300414176295,0.0511451725982389,0.1593406593406593,0.9537304800462696,0.0518218623481781,0.1162521688837478,0.0493927125506072,0.2635838150289017,0.0268665076097476,0.0244572589144167,0.0135706187625495,0.0311680425882396,0.0261089082924352,0.0218190006794952,0.0262422023123603,0.02285064711716,0.0185480435153632,0.0301880493652494,0.0198917076858763,0.0194035597759935,0.9976537794552688,1.0041518987341773,1.0012375531266176,1.000221356066651,0.9975762017400431,1.2464458044523474
0.799676150821189,0.5085163999371484,0.8041004744384664,0.8039833284897492,0.618971347214807,0.8886889460154241,0.1015037593984962,0.0133024869866975,0.8018433179723502,174.0,loss_lr,1,MVN,baseline,0.978,0.9916,0.992240290398466,0.977926759650113,0.9986855837395562,0.9803,0.9875,0.9910138580998532,0.9803028159095454,0.9984645675501927,46.0,0.4144,0.0095019171880368,0.009409381868299,-0.0003290792573973,0.587532023911187,28.8799,23.1698,0.0554196459569308,0.074300414176295,0.0511451725982389,0.1593406593406593,0.9537304800462696,0.0518218623481781,0.1162521688837478,0.0493927125506072,0.2635838150289017,0.0268665076097476,0.0244572589144167,0.0135706187625495,0.0311680425882396,0.0261089082924352,0.0218190006794952,0.0262422023123603,0.02285064711716,0.0185480435153632,0.0301880493652494,0.0198917076858763,0.0194035597759935,0.9976537794552688,1.0041518987341773,1.0012375531266176,1.000221356066651,0.9975762017400431,1.2464458044523474
0.8001387925052047,0.505899530952771,0.8007548989966566,0.8010302154515232,0.616479800676277,0.8888888888888888,0.0983227299016772,0.0072296124927703,0.7788018433179723,169.0,loss_rf,1,MVN,baseline,0.978,0.9916,0.992240290398466,0.977926759650113,0.9986855837395562,0.9803,0.9875,0.9910138580998532,0.9803028159095454,0.9984645675501927,46.0,0.4144,0.0095019171880368,0.009409381868299,-0.0003290792573973,0.587532023911187,28.8799,23.1698,0.0554196459569308,0.074300414176295,0.0511451725982389,0.1593406593406593,0.9537304800462696,0.0518218623481781,0.1162521688837478,0.0493927125506072,0.2635838150289017,0.0268665076097476,0.0244572589144167,0.0135706187625495,0.0311680425882396,0.0261089082924352,0.0218190006794952,0.0262422023123603,0.02285064711716,0.0185480435153632,0.0301880493652494,0.0198917076858763,0.0194035597759935,0.9976537794552688,1.0041518987341773,1.0012375531266176,1.000221356066651,0.9975762017400431,1.2464458044523474
0.799676150821189,0.5124255726020253,0.8086029901185212,0.8084260271930959,0.6179035415554369,0.8886889460154241,0.1133603238866396,0.0112781954887218,0.8064516129032258,175.0,LOGAN_D1,1,MVN,baseline,0.978,0.9916,0.992240290398466,0.977926759650113,0.9986855837395562,0.9803,0.9875,0.9910138580998532,0.9803028159095454,0.9984645675501927,46.0,0.4144,0.0095019171880368,0.009409381868299,-0.0003290792573973,0.587532023911187,28.8799,23.1698,0.0554196459569308,0.074300414176295,0.0511451725982389,0.1593406593406593,0.9537304800462696,0.0518218623481781,0.1162521688837478,0.0493927125506072,0.2635838150289017,0.0268665076097476,0.0244572589144167,0.0135706187625495,0.0311680425882396,0.0261089082924352,0.0218190006794952,0.0262422023123603,0.02285064711716,0.0185480435153632,0.0301880493652494,0.0198917076858763,0.0194035597759935,0.9976537794552688,1.0041518987341773,1.0012375531266176,1.000221356066651,0.9975762017400431,1.2464458044523474
0.8001387925052047,0.5655073098486545,0.8336609374743211,0.8463423809222653,0.6360562377647269,0.8889460154241645,0.1844997108155003,0.1844997108155003,0.8525345622119815,185.0,gan_leaks_cal,1,MVN,baseline,0.978,0.9916,0.992240290398466,0.977926759650113,0.9986855837395562,0.9803,0.9875,0.9910138580998532,0.9803028159095454,0.9984645675501927,46.0,0.4144,0.0095019171880368,0.009409381868299,-0.0003290792573973,0.587532023911187,28.8799,23.1698,0.0554196459569308,0.074300414176295,0.0511451725982389,0.1593406593406593,0.9537304800462696,0.0518218623481781,0.1162521688837478,0.0493927125506072,0.2635838150289017,0.0268665076097476,0.0244572589144167,0.0135706187625495,0.0311680425882396,0.0261089082924352,0.0218190006794952,0.0262422023123603,0.02285064711716,0.0185480435153632,0.0301880493652494,0.0198917076858763,0.0194035597759935,0.9976537794552688,1.0041518987341773,1.0012375531266176,1.000221356066651,0.9975762017400431,1.2464458044523474
0.799676150821189,0.5252412935406546,0.8062284040743072,0.806086959189369,0.6232425698522869,0.8886889460154241,0.098611914401388,0.0060728744939271,0.7972350230414746,173.0,domias_kde_pca,1,MVN,baseline,0.978,0.9916,0.992240290398466,0.977926759650113,0.9986855837395562,0.9803,0.9875,0.9910138580998532,0.9803028159095454,0.9984645675501927,46.0,0.4144,0.0095019171880368,0.009409381868299,-0.0003290792573973,0.587532023911187,28.8799,23.1698,0.0554196459569308,0.074300414176295,0.0511451725982389,0.1593406593406593,0.9537304800462696,0.0518218623481781,0.1162521688837478,0.0493927125506072,0.2635838150289017,0.0268665076097476,0.0244572589144167,0.0135706187625495,0.0311680425882396,0.0261089082924352,0.0218190006794952,0.0262422023123603,0.02285064711716,0.0185480435153632,0.0301880493652494,0.0198917076858763,0.0194035597759935,0.9976537794552688,1.0041518987341773,1.0012375531266176,1.000221356066651,0.9975762017400431,1.2464458044523474
0.7999074716631969,0.5255522086675114,0.8065698227207971,0.8063933724571943,0.6225306994127069,0.8887459807073955,0.0879120879120879,0.0049161364950838,0.783410138248848,170.0,domias_kde_vDE,1,MVN,baseline,0.978,0.9916,0.992240290398466,0.977926759650113,0.9986855837395562,0.9803,0.9875,0.9910138580998532,0.9803028159095454,0.9984645675501927,46.0,0.4144,0.0095019171880368,0.009409381868299,-0.0003290792573973,0.587532023911187,28.8799,23.1698,0.0554196459569308,0.074300414176295,0.0511451725982389,0.1593406593406593,0.9537304800462696,0.0518218623481781,0.1162521688837478,0.0493927125506072,0.2635838150289017,0.0268665076097476,0.0244572589144167,0.0135706187625495,0.0311680425882396,0.0261089082924352,0.0218190006794952,0.0262422023123603,0.02285064711716,0.0185480435153632,0.0301880493652494,0.0198917076858763,0.0194035597759935,0.9976537794552688,1.0041518987341773,1.0012375531266176,1.000221356066651,0.9975762017400431,1.2464458044523474
0.8006014341892205,0.5249979105166206,0.8092605726984061,0.8089770970085668,0.6235985050720769,0.8891175713918189,0.1078658183921341,0.0069404279930595,0.8064516129032258,175.0,domias_kde_sDE,1,MVN,baseline,0.978,0.9916,0.992240290398466,0.977926759650113,0.9986855837395562,0.9803,0.9875,0.9910138580998532,0.9803028159095454,0.9984645675501927,46.0,0.4144,0.0095019171880368,0.009409381868299,-0.0003290792573973,0.587532023911187,28.8799,23.1698,0.0554196459569308,0.074300414176295,0.0511451725982389,0.1593406593406593,0.9537304800462696,0.0518218623481781,0.1162521688837478,0.0493927125506072,0.2635838150289017,0.0268665076097476,0.0244572589144167,0.0135706187625495,0.0311680425882396,0.0261089082924352,0.0218190006794952,0.0262422023123603,0.02285064711716,0.0185480435153632,0.0301880493652494,0.0198917076858763,0.0194035597759935,0.9976537794552688,1.0041518987341773,1.0012375531266176,1.000221356066651,0.9975762017400431,1.2464458044523474
0.8001387925052047,0.5231284079473918,0.8091245233929107,0.80895902709194,0.6218188289731269,0.8889460154241645,0.0997686524002313,0.009253903990746,0.8202764976958525,178.0,domias_kde_dDE,1,MVN,baseline,0.978,0.9916,0.992240290398466,0.977926759650113,0.9986855837395562,0.9803,0.9875,0.9910138580998532,0.9803028159095454,0.9984645675501927,46.0,0.4144,0.0095019171880368,0.009409381868299,-0.0003290792573973,0.587532023911187,28.8799,23.1698,0.0554196459569308,0.074300414176295,0.0511451725982389,0.1593406593406593,0.9537304800462696,0.0518218623481781,0.1162521688837478,0.0493927125506072,0.2635838150289017,0.0268665076097476,0.0244572589144167,0.0135706187625495,0.0311680425882396,0.0261089082924352,0.0218190006794952,0.0262422023123603,0.02285064711716,0.0185480435153632,0.0301880493652494,0.0198917076858763,0.0194035597759935,0.9976537794552688,1.0041518987341773,1.0012375531266176,1.000221356066651,0.9975762017400431,1.2464458044523474
0.799676150821189,0.5215828588813073,0.8098012418073238,0.8405686518121896,0.6203950880939669,0.8886889460154241,0.3345864661654135,0.3345864661654135,0.8294930875576036,180.0,gan_leaks_cal_pca,1,MVN,baseline,0.978,0.9916,0.992240290398466,0.977926759650113,0.9986855837395562,0.9803,0.9875,0.9910138580998532,0.9803028159095454,0.9984645675501927,46.0,0.4144,0.0095019171880368,0.009409381868299,-0.0003290792573973,0.587532023911187,28.8799,23.1698,0.0554196459569308,0.074300414176295,0.0511451725982389,0.1593406593406593,0.9537304800462696,0.0518218623481781,0.1162521688837478,0.0493927125506072,0.2635838150289017,0.0268665076097476,0.0244572589144167,0.0135706187625495,0.0311680425882396,0.0261089082924352,0.0218190006794952,0.0262422023123603,0.02285064711716,0.0185480435153632,0.0301880493652494,0.0198917076858763,0.0194035597759935,0.9976537794552688,1.0041518987341773,1.0012375531266176,1.000221356066651,0.9975762017400431,1.2464458044523474
0.7999074716631969,0.5407029690723029,0.8255771941745369,0.825873755407868,0.6285815981491368,0.8887745917448888,0.1399652978600347,0.0216888374783111,0.8894009216589862,193.0,gan_leaks_cal_vDE,1,MVN,baseline,0.978,0.9916,0.992240290398466,0.977926759650113,0.9986855837395562,0.9803,0.9875,0.9910138580998532,0.9803028159095454,0.9984645675501927,46.0,0.4144,0.0095019171880368,0.009409381868299,-0.0003290792573973,0.587532023911187,28.8799,23.1698,0.0554196459569308,0.074300414176295,0.0511451725982389,0.1593406593406593,0.9537304800462696,0.0518218623481781,0.1162521688837478,0.0493927125506072,0.2635838150289017,0.0268665076097476,0.0244572589144167,0.0135706187625495,0.0311680425882396,0.0261089082924352,0.0218190006794952,0.0262422023123603,0.02285064711716,0.0185480435153632,0.0301880493652494,0.0198917076858763,0.0194035597759935,0.9976537794552688,1.0041518987341773,1.0012375531266176,1.000221356066651,0.9975762017400431,1.2464458044523474
0.8003701133472125,0.5337165724448961,0.8157739945963463,0.8156659224741376,0.6332087560064068,0.8890602905257745,0.1122035858877964,0.0153267784846732,0.8202764976958525,178.0,gan_leaks_cal_sDE,1,MVN,baseline,0.978,0.9916,0.992240290398466,0.977926759650113,0.9986855837395562,0.9803,0.9875,0.9910138580998532,0.9803028159095454,0.9984645675501927,46.0,0.4144,0.0095019171880368,0.009409381868299,-0.0003290792573973,0.587532023911187,28.8799,23.1698,0.0554196459569308,0.074300414176295,0.0511451725982389,0.1593406593406593,0.9537304800462696,0.0518218623481781,0.1162521688837478,0.0493927125506072,0.2635838150289017,0.0268665076097476,0.0244572589144167,0.0135706187625495,0.0311680425882396,0.0261089082924352,0.0218190006794952,0.0262422023123603,0.02285064711716,0.0185480435153632,0.0301880493652494,0.0198917076858763,0.0194035597759935,0.9976537794552688,1.0041518987341773,1.0012375531266176,1.000221356066651,0.9975762017400431,1.2464458044523474
0.8001387925052047,0.5370990281394905,0.8241461241994182,0.8244743940571466,0.6303612742480869,0.8889174595011571,0.1437246963562753,0.0240023134759976,0.8617511520737328,187.0,gan_leaks_cal_dDE,1,MVN,baseline,0.978,0.9916,0.992240290398466,0.977926759650113,0.9986855837395562,0.9803,0.9875,0.9910138580998532,0.9803028159095454,0.9984645675501927,46.0,0.4144,0.0095019171880368,0.009409381868299,-0.0003290792573973,0.587532023911187,28.8799,23.1698,0.0554196459569308,0.074300414176295,0.0511451725982389,0.1593406593406593,0.9537304800462696,0.0518218623481781,0.1162521688837478,0.0493927125506072,0.2635838150289017,0.0268665076097476,0.0244572589144167,0.0135706187625495,0.0311680425882396,0.0261089082924352,0.0218190006794952,0.0262422023123603,0.02285064711716,0.0185480435153632,0.0301880493652494,0.0198917076858763,0.0194035597759935,0.9976537794552688,1.0041518987341773,1.0012375531266176,1.000221356066651,0.9975762017400431,1.2464458044523474
0.799676150821189,0.5050189390773511,0.8045755212176173,0.8043272356333498,0.6161238654564869,0.8886889460154241,0.1142278773857721,0.012434933487565,0.8018433179723502,174.0,LOGAN_D1_pca,1,MVN,baseline,0.978,0.9916,0.992240290398466,0.977926759650113,0.9986855837395562,0.9803,0.9875,0.9910138580998532,0.9803028159095454,0.9984645675501927,46.0,0.4144,0.0095019171880368,0.009409381868299,-0.0003290792573973,0.587532023911187,28.8799,23.1698,0.0554196459569308,0.074300414176295,0.0511451725982389,0.1593406593406593,0.9537304800462696,0.0518218623481781,0.1162521688837478,0.0493927125506072,0.2635838150289017,0.0268665076097476,0.0244572589144167,0.0135706187625495,0.0311680425882396,0.0261089082924352,0.0218190006794952,0.0262422023123603,0.02285064711716,0.0185480435153632,0.0301880493652494,0.0198917076858763,0.0194035597759935,0.9976537794552688,1.0041518987341773,1.0012375531266176,1.000221356066651,0.9975762017400431,1.2464458044523474
0.799676150821189,0.5075091017896007,0.805852481727474,0.8056602910446446,0.6139882541377469,0.8886889460154241,0.1153846153846153,0.0106998264893001,0.8202764976958525,178.0,LOGAN_D1_vDE,1,MVN,baseline,0.978,0.9916,0.992240290398466,0.977926759650113,0.9986855837395562,0.9803,0.9875,0.9910138580998532,0.9803028159095454,0.9984645675501927,46.0,0.4144,0.0095019171880368,0.009409381868299,-0.0003290792573973,0.587532023911187,28.8799,23.1698,0.0554196459569308,0.074300414176295,0.0511451725982389,0.1593406593406593,0.9537304800462696,0.0518218623481781,0.1162521688837478,0.0493927125506072,0.2635838150289017,0.0268665076097476,0.0244572589144167,0.0135706187625495,0.0311680425882396,0.0261089082924352,0.0218190006794952,0.0262422023123603,0.02285064711716,0.0185480435153632,0.0301880493652494,0.0198917076858763,0.0194035597759935,0.9976537794552688,1.0041518987341773,1.0012375531266176,1.000221356066651,0.9975762017400431,1.2464458044523474
0.799676150821189,0.5015936907631462,0.8040077297532061,0.8038230863450848,0.6139882541377469,0.8886889460154241,0.1104684788895315,0.0109890109890109,0.8248847926267281,179.0,LOGAN_D1_sDE,1,MVN,baseline,0.978,0.9916,0.992240290398466,0.977926759650113,0.9986855837395562,0.9803,0.9875,0.9910138580998532,0.9803028159095454,0.9984645675501927,46.0,0.4144,0.0095019171880368,0.009409381868299,-0.0003290792573973,0.587532023911187,28.8799,23.1698,0.0554196459569308,0.074300414176295,0.0511451725982389,0.1593406593406593,0.9537304800462696,0.0518218623481781,0.1162521688837478,0.0493927125506072,0.2635838150289017,0.0268665076097476,0.0244572589144167,0.0135706187625495,0.0311680425882396,0.0261089082924352,0.0218190006794952,0.0262422023123603,0.02285064711716,0.0185480435153632,0.0301880493652494,0.0198917076858763,0.0194035597759935,0.9976537794552688,1.0041518987341773,1.0012375531266176,1.000221356066651,0.9975762017400431,1.2464458044523474
0.799676150821189,0.5085214146972589,0.805547938365685,0.805371785890091,0.6232425698522869,0.8886889460154241,0.1061307113938692,0.0130133024869866,0.8110599078341014,176.0,LOGAN_D1_dDE,1,MVN,baseline,0.978,0.9916,0.992240290398466,0.977926759650113,0.9986855837395562,0.9803,0.9875,0.9910138580998532,0.9803028159095454,0.9984645675501927,46.0,0.4144,0.0095019171880368,0.009409381868299,-0.0003290792573973,0.587532023911187,28.8799,23.1698,0.0554196459569308,0.074300414176295,0.0511451725982389,0.1593406593406593,0.9537304800462696,0.0518218623481781,0.1162521688837478,0.0493927125506072,0.2635838150289017,0.0268665076097476,0.0244572589144167,0.0135706187625495,0.0311680425882396,0.0261089082924352,0.0218190006794952,0.0262422023123603,0.02285064711716,0.0185480435153632,0.0301880493652494,0.0198917076858763,0.0194035597759935,0.9976537794552688,1.0041518987341773,1.0012375531266176,1.000221356066651,0.9975762017400431,1.2464458044523474
0.2706453851492019,0.5161809592901774,0.8046866594539259,0.8278732773214867,0.1896684656900539,0.1896684656900539,1.0,0.0176402544823597,0.8294930875576036,180.0,MC,2,MVN,baseline,0.978,0.9916,0.9922037252072738,0.9779648820834558,0.9990686772409664,0.978,0.9933,0.9940760462232364,0.978010199346212,0.999399642449856,57.0,0.5,0.0093162134296195,0.0096340747216922,-0.0002804506456405,0.5884016973125884,28.914,23.2381,0.0554938121014689,0.0728336307598267,0.0485196773835932,0.1642567958357432,0.949681897050318,0.0550028918449971,0.1226142278773857,0.0633892423366107,0.284393063583815,0.0275182592161301,0.0252770623711078,0.0132422739020899,0.0315603363712631,0.027426866698936,0.0216171290453172,0.0248255796344801,0.0235400270479562,0.018668988237753,0.0271075578720394,0.0174677105769586,0.0204384966279044,1.0,0.9982885331722542,0.998116521343537,0.9996688359742871,0.999953663813745,1.24424974503079
0.8001387925052047,0.5220271666271058,0.8134004808947721,0.8132574695139443,0.6225306994127069,0.8889460154241645,0.1234817813765182,0.0138808559861191,0.8571428571428571,186.0,gan_leaks,2,MVN,baseline,0.978,0.9916,0.9922037252072738,0.9779648820834558,0.9990686772409664,0.978,0.9933,0.9940760462232364,0.978010199346212,0.999399642449856,57.0,0.5,0.0093162134296195,0.0096340747216922,-0.0002804506456405,0.5884016973125884,28.914,23.2381,0.0554938121014689,0.0728336307598267,0.0485196773835932,0.1642567958357432,0.949681897050318,0.0550028918449971,0.1226142278773857,0.0633892423366107,0.284393063583815,0.0275182592161301,0.0252770623711078,0.0132422739020899,0.0315603363712631,0.027426866698936,0.0216171290453172,0.0248255796344801,0.0235400270479562,0.018668988237753,0.0271075578720394,0.0174677105769586,0.0204384966279044,1.0,0.9982885331722542,0.998116521343537,0.9996688359742871,0.999953663813745,1.24424974503079
0.799676150821189,0.5157583821715248,0.8042570603254637,0.8041097843481806,0.6161238654564869,0.8886889460154241,0.104973973395026,0.0075187969924812,0.8018433179723502,174.0,loss_lr,2,MVN,baseline,0.978,0.9916,0.9922037252072738,0.9779648820834558,0.9990686772409664,0.978,0.9933,0.9940760462232364,0.978010199346212,0.999399642449856,57.0,0.5,0.0093162134296195,0.0096340747216922,-0.0002804506456405,0.5884016973125884,28.914,23.2381,0.0554938121014689,0.0728336307598267,0.0485196773835932,0.1642567958357432,0.949681897050318,0.0550028918449971,0.1226142278773857,0.0633892423366107,0.284393063583815,0.0275182592161301,0.0252770623711078,0.0132422739020899,0.0315603363712631,0.027426866698936,0.0216171290453172,0.0248255796344801,0.0235400270479562,0.018668988237753,0.0271075578720394,0.0174677105769586,0.0204384966279044,1.0,0.9982885331722542,0.998116521343537,0.9996688359742871,0.999953663813745,1.24424974503079
0.799676150821189,0.5129417585760756,0.8051811595320095,0.8049788838789353,0.6179035415554369,0.8886889460154241,0.1119144013880856,0.0054945054945054,0.8202764976958525,178.0,loss_rf,2,MVN,baseline,0.978,0.9916,0.9922037252072738,0.9779648820834558,0.9990686772409664,0.978,0.9933,0.9940760462232364,0.978010199346212,0.999399642449856,57.0,0.5,0.0093162134296195,0.0096340747216922,-0.0002804506456405,0.5884016973125884,28.914,23.2381,0.0554938121014689,0.0728336307598267,0.0485196773835932,0.1642567958357432,0.949681897050318,0.0550028918449971,0.1226142278773857,0.0633892423366107,0.284393063583815,0.0275182592161301,0.0252770623711078,0.0132422739020899,0.0315603363712631,0.027426866698936,0.0216171290453172,0.0248255796344801,0.0235400270479562,0.018668988237753,0.0271075578720394,0.0174677105769586,0.0204384966279044,1.0,0.9982885331722542,0.998116521343537,0.9996688359742871,0.999953663813745,1.24424974503079
0.7999074716631969,0.4977898280605916,0.8024726489327472,0.8023348893136342,0.610072966720057,0.8888031880704461,0.1104684788895315,0.0164835164835164,0.8202764976958525,178.0,LOGAN_D1,2,MVN,baseline,0.978,0.9916,0.9922037252072738,0.9779648820834558,0.9990686772409664,0.978,0.9933,0.9940760462232364,0.978010199346212,0.999399642449856,57.0,0.5,0.0093162134296195,0.0096340747216922,-0.0002804506456405,0.5884016973125884,28.914,23.2381,0.0554938121014689,0.0728336307598267,0.0485196773835932,0.1642567958357432,0.949681897050318,0.0550028918449971,0.1226142278773857,0.0633892423366107,0.284393063583815,0.0275182592161301,0.0252770623711078,0.0132422739020899,0.0315603363712631,0.027426866698936,0.0216171290453172,0.0248255796344801,0.0235400270479562,0.018668988237753,0.0271075578720394,0.0174677105769586,0.0204384966279044,1.0,0.9982885331722542,0.998116521343537,0.9996688359742871,0.999953663813745,1.24424974503079
0.799676150821189,0.5565153434943517,0.8346002946854697,0.8456328640627038,0.6332087560064068,0.8886889460154241,0.1842105263157894,0.1842105263157894,0.8571428571428571,186.0,gan_leaks_cal,2,MVN,baseline,0.978,0.9916,0.9922037252072738,0.9779648820834558,0.9990686772409664,0.978,0.9933,0.9940760462232364,0.978010199346212,0.999399642449856,57.0,0.5,0.0093162134296195,0.0096340747216922,-0.0002804506456405,0.5884016973125884,28.914,23.2381,0.0554938121014689,0.0728336307598267,0.0485196773835932,0.1642567958357432,0.949681897050318,0.0550028918449971,0.1226142278773857,0.0633892423366107,0.284393063583815,0.0275182592161301,0.0252770623711078,0.0132422739020899,0.0315603363712631,0.027426866698936,0.0216171290453172,0.0248255796344801,0.0235400270479562,0.018668988237753,0.0271075578720394,0.0174677105769586,0.0204384966279044,1.0,0.9982885331722542,0.998116521343537,0.9996688359742871,0.999953663813745,1.24424974503079
0.7999074716631969,0.5235212308227215,0.8120069175120529,0.8118421984701071,0.6221747641929168,0.8888031880704461,0.1217466743782533,0.0170618854829381,0.8018433179723502,174.0,domias_kde_pca,2,MVN,baseline,0.978,0.9916,0.9922037252072738,0.9779648820834558,0.9990686772409664,0.978,0.9933,0.9940760462232364,0.978010199346212,0.999399642449856,57.0,0.5,0.0093162134296195,0.0096340747216922,-0.0002804506456405,0.5884016973125884,28.914,23.2381,0.0554938121014689,0.0728336307598267,0.0485196773835932,0.1642567958357432,0.949681897050318,0.0550028918449971,0.1226142278773857,0.0633892423366107,0.284393063583815,0.0275182592161301,0.0252770623711078,0.0132422739020899,0.0315603363712631,0.027426866698936,0.0216171290453172,0.0248255796344801,0.0235400270479562,0.018668988237753,0.0271075578720394,0.0174677105769586,0.0204384966279044,1.0,0.9982885331722542,0.998116521343537,0.9996688359742871,0.999953663813745,1.24424974503079
0.7999074716631969,0.5270790359625164,0.8157252012133589,0.8156205925112037,0.6250222459512369,0.8888031880704461,0.128397917871602,0.0135916714864083,0.8387096774193549,182.0,domias_kde_vDE,2,MVN,baseline,0.978,0.9916,0.9922037252072738,0.9779648820834558,0.9990686772409664,0.978,0.9933,0.9940760462232364,0.978010199346212,0.999399642449856,57.0,0.5,0.0093162134296195,0.0096340747216922,-0.0002804506456405,0.5884016973125884,28.914,23.2381,0.0554938121014689,0.0728336307598267,0.0485196773835932,0.1642567958357432,0.949681897050318,0.0550028918449971,0.1226142278773857,0.0633892423366107,0.284393063583815,0.0275182592161301,0.0252770623711078,0.0132422739020899,0.0315603363712631,0.027426866698936,0.0216171290453172,0.0248255796344801,0.0235400270479562,0.018668988237753,0.0271075578720394,0.0174677105769586,0.0204384966279044,1.0,0.9982885331722542,0.998116521343537,0.9996688359742871,0.999953663813745,1.24424974503079
0.8006014341892205,0.5240761976082937,0.8122399327575172,0.8120476285167548,0.618971347214807,0.8890890375707668,0.1171197223828802,0.0089647194910352,0.8341013824884793,181.0,domias_kde_sDE,2,MVN,baseline,0.978,0.9916,0.9922037252072738,0.9779648820834558,0.9990686772409664,0.978,0.9933,0.9940760462232364,0.978010199346212,0.999399642449856,57.0,0.5,0.0093162134296195,0.0096340747216922,-0.0002804506456405,0.5884016973125884,28.914,23.2381,0.0554938121014689,0.0728336307598267,0.0485196773835932,0.1642567958357432,0.949681897050318,0.0550028918449971,0.1226142278773857,0.0633892423366107,0.284393063583815,0.0275182592161301,0.0252770623711078,0.0132422739020899,0.0315603363712631,0.027426866698936,0.0216171290453172,0.0248255796344801,0.0235400270479562,0.018668988237753,0.0271075578720394,0.0174677105769586,0.0204384966279044,1.0,0.9982885331722542,0.998116521343537,0.9996688359742871,0.999953663813745,1.24424974503079
0.8006014341892205,0.5257053260095548,0.8183575226827646,0.8180955105057625,0.6239544402918669,0.8891745950115711,0.1405436668594563,0.0098322729901677,0.8709677419354839,189.0,domias_kde_dDE,2,MVN,baseline,0.978,0.9916,0.9922037252072738,0.9779648820834558,0.9990686772409664,0.978,0.9933,0.9940760462232364,0.978010199346212,0.999399642449856,57.0,0.5,0.0093162134296195,0.0096340747216922,-0.0002804506456405,0.5884016973125884,28.914,23.2381,0.0554938121014689,0.0728336307598267,0.0485196773835932,0.1642567958357432,0.949681897050318,0.0550028918449971,0.1226142278773857,0.0633892423366107,0.284393063583815,0.0275182592161301,0.0252770623711078,0.0132422739020899,0.0315603363712631,0.027426866698936,0.0216171290453172,0.0248255796344801,0.0235400270479562,0.018668988237753,0.0271075578720394,0.0174677105769586,0.0204384966279044,1.0,0.9982885331722542,0.998116521343537,0.9996688359742871,0.999953663813745,1.24424974503079
0.799676150821189,0.5222921131196154,0.8098726337654114,0.840075384360448,0.6264459868303969,0.8886889460154241,0.3241758241758242,0.3241758241758242,0.8248847926267281,179.0,gan_leaks_cal_pca,2,MVN,baseline,0.978,0.9916,0.9922037252072738,0.9779648820834558,0.9990686772409664,0.978,0.9933,0.9940760462232364,0.978010199346212,0.999399642449856,57.0,0.5,0.0093162134296195,0.0096340747216922,-0.0002804506456405,0.5884016973125884,28.914,23.2381,0.0554938121014689,0.0728336307598267,0.0485196773835932,0.1642567958357432,0.949681897050318,0.0550028918449971,0.1226142278773857,0.0633892423366107,0.284393063583815,0.0275182592161301,0.0252770623711078,0.0132422739020899,0.0315603363712631,0.027426866698936,0.0216171290453172,0.0248255796344801,0.0235400270479562,0.018668988237753,0.0271075578720394,0.0174677105769586,0.0204384966279044,1.0,0.9982885331722542,0.998116521343537,0.9996688359742871,0.999953663813745,1.24424974503079
0.799676150821189,0.5622208032308428,0.8344536500914822,0.8348987500405186,0.6374799786438868,0.8886889460154241,0.1593406593406593,0.0193753614806246,0.8709677419354839,189.0,gan_leaks_cal_vDE,2,MVN,baseline,0.978,0.9916,0.9922037252072738,0.9779648820834558,0.9990686772409664,0.978,0.9933,0.9940760462232364,0.978010199346212,0.999399642449856,57.0,0.5,0.0093162134296195,0.0096340747216922,-0.0002804506456405,0.5884016973125884,28.914,23.2381,0.0554938121014689,0.0728336307598267,0.0485196773835932,0.1642567958357432,0.949681897050318,0.0550028918449971,0.1226142278773857,0.0633892423366107,0.284393063583815,0.0275182592161301,0.0252770623711078,0.0132422739020899,0.0315603363712631,0.027426866698936,0.0216171290453172,0.0248255796344801,0.0235400270479562,0.018668988237753,0.0271075578720394,0.0174677105769586,0.0204384966279044,1.0,0.9982885331722542,0.998116521343537,0.9996688359742871,0.999953663813745,1.24424974503079
0.7999074716631969,0.5436926018915675,0.8263731797067699,0.8263594076175869,0.6257341163908169,0.8887173549466101,0.142567958357432,0.0173510699826489,0.8709677419354839,189.0,gan_leaks_cal_sDE,2,MVN,baseline,0.978,0.9916,0.9922037252072738,0.9779648820834558,0.9990686772409664,0.978,0.9933,0.9940760462232364,0.978010199346212,0.999399642449856,57.0,0.5,0.0093162134296195,0.0096340747216922,-0.0002804506456405,0.5884016973125884,28.914,23.2381,0.0554938121014689,0.0728336307598267,0.0485196773835932,0.1642567958357432,0.949681897050318,0.0550028918449971,0.1226142278773857,0.0633892423366107,0.284393063583815,0.0275182592161301,0.0252770623711078,0.0132422739020899,0.0315603363712631,0.027426866698936,0.0216171290453172,0.0248255796344801,0.0235400270479562,0.018668988237753,0.0271075578720394,0.0174677105769586,0.0204384966279044,1.0,0.9982885331722542,0.998116521343537,0.9996688359742871,0.999953663813745,1.24424974503079
0.7999074716631969,0.5565006335313607,0.83316017402269,0.8335883684183605,0.6335646912261969,0.8888031880704461,0.150375939849624,0.0199537304800462,0.8847926267281107,192.0,gan_leaks_cal_dDE,2,MVN,baseline,0.978,0.9916,0.9922037252072738,0.9779648820834558,0.9990686772409664,0.978,0.9933,0.9940760462232364,0.978010199346212,0.999399642449856,57.0,0.5,0.0093162134296195,0.0096340747216922,-0.0002804506456405,0.5884016973125884,28.914,23.2381,0.0554938121014689,0.0728336307598267,0.0485196773835932,0.1642567958357432,0.949681897050318,0.0550028918449971,0.1226142278773857,0.0633892423366107,0.284393063583815,0.0275182592161301,0.0252770623711078,0.0132422739020899,0.0315603363712631,0.027426866698936,0.0216171290453172,0.0248255796344801,0.0235400270479562,0.018668988237753,0.0271075578720394,0.0174677105769586,0.0204384966279044,1.0,0.9982885331722542,0.998116521343537,0.9996688359742871,0.999953663813745,1.24424974503079
0.799676150821189,0.5019196501703347,0.8041044427173998,0.8039738239514038,0.6147001245773269,0.8886889460154241,0.1006362058993638,0.0147484094852515,0.8341013824884793,181.0,LOGAN_D1_pca,2,MVN,baseline,0.978,0.9916,0.9922037252072738,0.9779648820834558,0.9990686772409664,0.978,0.9933,0.9940760462232364,0.978010199346212,0.999399642449856,57.0,0.5,0.0093162134296195,0.0096340747216922,-0.0002804506456405,0.5884016973125884,28.914,23.2381,0.0554938121014689,0.0728336307598267,0.0485196773835932,0.1642567958357432,0.949681897050318,0.0550028918449971,0.1226142278773857,0.0633892423366107,0.284393063583815,0.0275182592161301,0.0252770623711078,0.0132422739020899,0.0315603363712631,0.027426866698936,0.0216171290453172,0.0248255796344801,0.0235400270479562,0.018668988237753,0.0271075578720394,0.0174677105769586,0.0204384966279044,1.0,0.9982885331722542,0.998116521343537,0.9996688359742871,0.999953663813745,1.24424974503079
0.799676150821189,0.501510780062651,0.8046422299007351,0.804514340001004,0.6168357358960669,0.8886889460154241,0.1098901098901098,0.0228455754771544,0.8433179723502304,183.0,LOGAN_D1_vDE,2,MVN,baseline,0.978,0.9916,0.9922037252072738,0.9779648820834558,0.9990686772409664,0.978,0.9933,0.9940760462232364,0.978010199346212,0.999399642449856,57.0,0.5,0.0093162134296195,0.0096340747216922,-0.0002804506456405,0.5884016973125884,28.914,23.2381,0.0554938121014689,0.0728336307598267,0.0485196773835932,0.1642567958357432,0.949681897050318,0.0550028918449971,0.1226142278773857,0.0633892423366107,0.284393063583815,0.0275182592161301,0.0252770623711078,0.0132422739020899,0.0315603363712631,0.027426866698936,0.0216171290453172,0.0248255796344801,0.0235400270479562,0.018668988237753,0.0271075578720394,0.0174677105769586,0.0204384966279044,1.0,0.9982885331722542,0.998116521343537,0.9996688359742871,0.999953663813745,1.24424974503079
0.7999074716631969,0.4960649177412183,0.7928594336838185,0.7926315368136015,0.6143441893575369,0.8888031880704461,0.0821283979178716,0.0066512434933487,0.7695852534562212,167.0,LOGAN_D1_sDE,2,MVN,baseline,0.978,0.9916,0.9922037252072738,0.9779648820834558,0.9990686772409664,0.978,0.9933,0.9940760462232364,0.978010199346212,0.999399642449856,57.0,0.5,0.0093162134296195,0.0096340747216922,-0.0002804506456405,0.5884016973125884,28.914,23.2381,0.0554938121014689,0.0728336307598267,0.0485196773835932,0.1642567958357432,0.949681897050318,0.0550028918449971,0.1226142278773857,0.0633892423366107,0.284393063583815,0.0275182592161301,0.0252770623711078,0.0132422739020899,0.0315603363712631,0.027426866698936,0.0216171290453172,0.0248255796344801,0.0235400270479562,0.018668988237753,0.0271075578720394,0.0174677105769586,0.0204384966279044,1.0,0.9982885331722542,0.998116521343537,0.9996688359742871,0.999953663813745,1.24424974503079
0.799676150821189,0.5089724087898715,0.8082534147162765,0.8081342228334152,0.6175476063356469,0.8886889460154241,0.1084441873915558,0.0182186234817813,0.8433179723502304,183.0,LOGAN_D1_dDE,2,MVN,baseline,0.978,0.9916,0.9922037252072738,0.9779648820834558,0.9990686772409664,0.978,0.9933,0.9940760462232364,0.978010199346212,0.999399642449856,57.0,0.5,0.0093162134296195,0.0096340747216922,-0.0002804506456405,0.5884016973125884,28.914,23.2381,0.0554938121014689,0.0728336307598267,0.0485196773835932,0.1642567958357432,0.949681897050318,0.0550028918449971,0.1226142278773857,0.0633892423366107,0.284393063583815,0.0275182592161301,0.0252770623711078,0.0132422739020899,0.0315603363712631,0.027426866698936,0.0216171290453172,0.0248255796344801,0.0235400270479562,0.018668988237753,0.0271075578720394,0.0174677105769586,0.0204384966279044,1.0,0.9982885331722542,0.998116521343537,0.9996688359742871,0.999953663813745,1.24424974503079
0.2600046264168401,0.4998781413293126,0.8006156434768219,0.8003871082085228,0.177846312002056,0.177846312002056,0.1000578368999421,0.0109890109890109,0.8064516129032258,175.0,MC,3,MVN,baseline,0.9746,0.9872,0.9878821541344136,0.9745923777061466,0.9974620564073698,0.9723,0.988,0.9883960411037792,0.972187420794746,0.997829695121548,56.0,0.5,0.0093432231380468,0.0094854721571557,-0.0002560159448946,0.5659403669724771,28.8265,23.3183,0.0557845666231451,0.0749814338008018,0.0514538111278603,0.1558704453441295,0.9525737420474264,0.0543088490456911,0.1130711393869288,0.0609600925390399,0.3017341040462428,0.0265536984184683,0.0246382706254477,0.0134439034286931,0.0311474030695836,0.0299240480973274,0.0232324601684911,0.0244630727956055,0.0222105527503146,0.0182039912157071,0.0172951939141267,0.0177805172198752,0.0180607214859588,1.0023655250437107,0.9991902834008097,0.9994800798991549,0.9996315616623002,1.0024737585160632,1.2362179061080782
0.799676150821189,0.5275273555164033,0.8088801193682017,0.8087441733004925,0.6221747641929168,0.8886889460154241,0.0994794679005205,0.0133024869866975,0.8064516129032258,175.0,gan_leaks,3,MVN,baseline,0.9746,0.9872,0.9878821541344136,0.9745923777061466,0.9974620564073698,0.9723,0.988,0.9883960411037792,0.972187420794746,0.997829695121548,56.0,0.5,0.0093432231380468,0.0094854721571557,-0.0002560159448946,0.5659403669724771,28.8265,23.3183,0.0557845666231451,0.0749814338008018,0.0514538111278603,0.1558704453441295,0.9525737420474264,0.0543088490456911,0.1130711393869288,0.0609600925390399,0.3017341040462428,0.0265536984184683,0.0246382706254477,0.0134439034286931,0.0311474030695836,0.0299240480973274,0.0232324601684911,0.0244630727956055,0.0222105527503146,0.0182039912157071,0.0172951939141267,0.0177805172198752,0.0180607214859588,1.0023655250437107,0.9991902834008097,0.9994800798991549,0.9996315616623002,1.0024737585160632,1.2362179061080782
0.799676150821189,0.5123824456650742,0.8021296842839015,0.8019594338773273,0.6193272824345969,0.8886889460154241,0.097165991902834,0.0109890109890109,0.7972350230414746,173.0,loss_lr,3,MVN,baseline,0.9746,0.9872,0.9878821541344136,0.9745923777061466,0.9974620564073698,0.9723,0.988,0.9883960411037792,0.972187420794746,0.997829695121548,56.0,0.5,0.0093432231380468,0.0094854721571557,-0.0002560159448946,0.5659403669724771,28.8265,23.3183,0.0557845666231451,0.0749814338008018,0.0514538111278603,0.1558704453441295,0.9525737420474264,0.0543088490456911,0.1130711393869288,0.0609600925390399,0.3017341040462428,0.0265536984184683,0.0246382706254477,0.0134439034286931,0.0311474030695836,0.0299240480973274,0.0232324601684911,0.0244630727956055,0.0222105527503146,0.0182039912157071,0.0172951939141267,0.0177805172198752,0.0180607214859588,1.0023655250437107,0.9991902834008097,0.9994800798991549,0.9996315616623002,1.0024737585160632,1.2362179061080782
0.8003701133472125,0.5132625360644831,0.8046503763703732,0.8040810717458406,0.618971347214807,0.8890602905257745,0.101792943898207,0.0095430884904569,0.8202764976958525,178.0,loss_rf,3,MVN,baseline,0.9746,0.9872,0.9878821541344136,0.9745923777061466,0.9974620564073698,0.9723,0.988,0.9883960411037792,0.972187420794746,0.997829695121548,56.0,0.5,0.0093432231380468,0.0094854721571557,-0.0002560159448946,0.5659403669724771,28.8265,23.3183,0.0557845666231451,0.0749814338008018,0.0514538111278603,0.1558704453441295,0.9525737420474264,0.0543088490456911,0.1130711393869288,0.0609600925390399,0.3017341040462428,0.0265536984184683,0.0246382706254477,0.0134439034286931,0.0311474030695836,0.0299240480973274,0.0232324601684911,0.0244630727956055,0.0222105527503146,0.0182039912157071,0.0172951939141267,0.0177805172198752,0.0180607214859588,1.0023655250437107,0.9991902834008097,0.9994800798991549,0.9996315616623002,1.0024737585160632,1.2362179061080782
0.799676150821189,0.5072670560349295,0.8033911333432551,0.8032246702784176,0.6218188289731269,0.8886889460154241,0.1069982648930017,0.0135916714864083,0.7926267281105991,172.0,LOGAN_D1,3,MVN,baseline,0.9746,0.9872,0.9878821541344136,0.9745923777061466,0.9974620564073698,0.9723,0.988,0.9883960411037792,0.972187420794746,0.997829695121548,56.0,0.5,0.0093432231380468,0.0094854721571557,-0.0002560159448946,0.5659403669724771,28.8265,23.3183,0.0557845666231451,0.0749814338008018,0.0514538111278603,0.1558704453441295,0.9525737420474264,0.0543088490456911,0.1130711393869288,0.0609600925390399,0.3017341040462428,0.0265536984184683,0.0246382706254477,0.0134439034286931,0.0311474030695836,0.0299240480973274,0.0232324601684911,0.0244630727956055,0.0222105527503146,0.0182039912157071,0.0172951939141267,0.0177805172198752,0.0180607214859588,1.0023655250437107,0.9991902834008097,0.9994800798991549,0.9996315616623002,1.0024737585160632,1.2362179061080782
0.799676150821189,0.5582537936660237,0.8307660998408875,0.8430885387221747,0.6378359138636768,0.8886889460154241,0.180161943319838,0.180161943319838,0.8433179723502304,183.0,gan_leaks_cal,3,MVN,baseline,0.9746,0.9872,0.9878821541344136,0.9745923777061466,0.9974620564073698,0.9723,0.988,0.9883960411037792,0.972187420794746,0.997829695121548,56.0,0.5,0.0093432231380468,0.0094854721571557,-0.0002560159448946,0.5659403669724771,28.8265,23.3183,0.0557845666231451,0.0749814338008018,0.0514538111278603,0.1558704453441295,0.9525737420474264,0.0543088490456911,0.1130711393869288,0.0609600925390399,0.3017341040462428,0.0265536984184683,0.0246382706254477,0.0134439034286931,0.0311474030695836,0.0299240480973274,0.0232324601684911,0.0244630727956055,0.0222105527503146,0.0182039912157071,0.0172951939141267,0.0177805172198752,0.0180607214859588,1.0023655250437107,0.9991902834008097,0.9994800798991549,0.9996315616623002,1.0024737585160632,1.2362179061080782
0.8001387925052047,0.5338546455066078,0.8116309611559842,0.8115014624694927,0.6250222459512369,0.8889174595011571,0.1093117408906882,0.0115673799884326,0.8064516129032258,175.0,domias_kde_pca,3,MVN,baseline,0.9746,0.9872,0.9878821541344136,0.9745923777061466,0.9974620564073698,0.9723,0.988,0.9883960411037792,0.972187420794746,0.997829695121548,56.0,0.5,0.0093432231380468,0.0094854721571557,-0.0002560159448946,0.5659403669724771,28.8265,23.3183,0.0557845666231451,0.0749814338008018,0.0514538111278603,0.1558704453441295,0.9525737420474264,0.0543088490456911,0.1130711393869288,0.0609600925390399,0.3017341040462428,0.0265536984184683,0.0246382706254477,0.0134439034286931,0.0311474030695836,0.0299240480973274,0.0232324601684911,0.0244630727956055,0.0222105527503146,0.0182039912157071,0.0172951939141267,0.0177805172198752,0.0180607214859588,1.0023655250437107,0.9991902834008097,0.9994800798991549,0.9996315616623002,1.0024737585160632,1.2362179061080782
0.803145963451307,0.5240059909667455,0.8066483189773366,0.8064956368264864,0.6218188289731269,0.8902077151335311,0.098611914401388,0.0147484094852515,0.815668202764977,177.0,domias_kde_vDE,3,MVN,baseline,0.9746,0.9872,0.9878821541344136,0.9745923777061466,0.9974620564073698,0.9723,0.988,0.9883960411037792,0.972187420794746,0.997829695121548,56.0,0.5,0.0093432231380468,0.0094854721571557,-0.0002560159448946,0.5659403669724771,28.8265,23.3183,0.0557845666231451,0.0749814338008018,0.0514538111278603,0.1558704453441295,0.9525737420474264,0.0543088490456911,0.1130711393869288,0.0609600925390399,0.3017341040462428,0.0265536984184683,0.0246382706254477,0.0134439034286931,0.0311474030695836,0.0299240480973274,0.0232324601684911,0.0244630727956055,0.0222105527503146,0.0182039912157071,0.0172951939141267,0.0177805172198752,0.0180607214859588,1.0023655250437107,0.9991902834008097,0.9994800798991549,0.9996315616623002,1.0024737585160632,1.2362179061080782
0.8006014341892205,0.5343912248384411,0.8111257452500111,0.810927935334852,0.6275137924897669,0.8891745950115711,0.1069982648930017,0.0083863504916136,0.8064516129032258,175.0,domias_kde_sDE,3,MVN,baseline,0.9746,0.9872,0.9878821541344136,0.9745923777061466,0.9974620564073698,0.9723,0.988,0.9883960411037792,0.972187420794746,0.997829695121548,56.0,0.5,0.0093432231380468,0.0094854721571557,-0.0002560159448946,0.5659403669724771,28.8265,23.3183,0.0557845666231451,0.0749814338008018,0.0514538111278603,0.1558704453441295,0.9525737420474264,0.0543088490456911,0.1130711393869288,0.0609600925390399,0.3017341040462428,0.0265536984184683,0.0246382706254477,0.0134439034286931,0.0311474030695836,0.0299240480973274,0.0232324601684911,0.0244630727956055,0.0222105527503146,0.0182039912157071,0.0172951939141267,0.0177805172198752,0.0180607214859588,1.0023655250437107,0.9991902834008097,0.9994800798991549,0.9996315616623002,1.0024737585160632,1.2362179061080782
0.799676150821189,0.5280231481326705,0.8106068387091143,0.8104650177803088,0.6232425698522869,0.8886889460154241,0.1072874493927125,0.009253903990746,0.847926267281106,184.0,domias_kde_dDE,3,MVN,baseline,0.9746,0.9872,0.9878821541344136,0.9745923777061466,0.9974620564073698,0.9723,0.988,0.9883960411037792,0.972187420794746,0.997829695121548,56.0,0.5,0.0093432231380468,0.0094854721571557,-0.0002560159448946,0.5659403669724771,28.8265,23.3183,0.0557845666231451,0.0749814338008018,0.0514538111278603,0.1558704453441295,0.9525737420474264,0.0543088490456911,0.1130711393869288,0.0609600925390399,0.3017341040462428,0.0265536984184683,0.0246382706254477,0.0134439034286931,0.0311474030695836,0.0299240480973274,0.0232324601684911,0.0244630727956055,0.0222105527503146,0.0182039912157071,0.0172951939141267,0.0177805172198752,0.0180607214859588,1.0023655250437107,0.9991902834008097,0.9994800798991549,0.9996315616623002,1.0024737585160632,1.2362179061080782
0.8001387925052047,0.5299115396316492,0.8134422355440479,0.8429742857962046,0.6239544402918669,0.8888888888888888,0.3302486986697513,0.3302486986697513,0.8387096774193549,182.0,gan_leaks_cal_pca,3,MVN,baseline,0.9746,0.9872,0.9878821541344136,0.9745923777061466,0.9974620564073698,0.9723,0.988,0.9883960411037792,0.972187420794746,0.997829695121548,56.0,0.5,0.0093432231380468,0.0094854721571557,-0.0002560159448946,0.5659403669724771,28.8265,23.3183,0.0557845666231451,0.0749814338008018,0.0514538111278603,0.1558704453441295,0.9525737420474264,0.0543088490456911,0.1130711393869288,0.0609600925390399,0.3017341040462428,0.0265536984184683,0.0246382706254477,0.0134439034286931,0.0311474030695836,0.0299240480973274,0.0232324601684911,0.0244630727956055,0.0222105527503146,0.0182039912157071,0.0172951939141267,0.0177805172198752,0.0180607214859588,1.0023655250437107,0.9991902834008097,0.9994800798991549,0.9996315616623002,1.0024737585160632,1.2362179061080782
0.8001387925052047,0.5380326093134125,0.822185081801204,0.8226156879235766,0.6264459868303969,0.8889460154241645,0.1304222093695778,0.0211104684788895,0.8617511520737328,187.0,gan_leaks_cal_vDE,3,MVN,baseline,0.9746,0.9872,0.9878821541344136,0.9745923777061466,0.9974620564073698,0.9723,0.988,0.9883960411037792,0.972187420794746,0.997829695121548,56.0,0.5,0.0093432231380468,0.0094854721571557,-0.0002560159448946,0.5659403669724771,28.8265,23.3183,0.0557845666231451,0.0749814338008018,0.0514538111278603,0.1558704453441295,0.9525737420474264,0.0543088490456911,0.1130711393869288,0.0609600925390399,0.3017341040462428,0.0265536984184683,0.0246382706254477,0.0134439034286931,0.0311474030695836,0.0299240480973274,0.0232324601684911,0.0244630727956055,0.0222105527503146,0.0182039912157071,0.0172951939141267,0.0177805172198752,0.0180607214859588,1.0023655250437107,0.9991902834008097,0.9994800798991549,0.9996315616623002,1.0024737585160632,1.2362179061080782
0.799676150821189,0.5513611730526851,0.8321219950121035,0.832034562626712,0.6339206264459868,0.8886889460154241,0.1590514748409485,0.0179294389820705,0.8847926267281107,192.0,gan_leaks_cal_sDE,3,MVN,baseline,0.9746,0.9872,0.9878821541344136,0.9745923777061466,0.9974620564073698,0.9723,0.988,0.9883960411037792,0.972187420794746,0.997829695121548,56.0,0.5,0.0093432231380468,0.0094854721571557,-0.0002560159448946,0.5659403669724771,28.8265,23.3183,0.0557845666231451,0.0749814338008018,0.0514538111278603,0.1558704453441295,0.9525737420474264,0.0543088490456911,0.1130711393869288,0.0609600925390399,0.3017341040462428,0.0265536984184683,0.0246382706254477,0.0134439034286931,0.0311474030695836,0.0299240480973274,0.0232324601684911,0.0244630727956055,0.0222105527503146,0.0182039912157071,0.0172951939141267,0.0177805172198752,0.0180607214859588,1.0023655250437107,0.9991902834008097,0.9994800798991549,0.9996315616623002,1.0024737585160632,1.2362179061080782
0.8006014341892205,0.5499073940966244,0.8331801217794264,0.8332519853505302,0.6357003025449368,0.8891745950115711,0.1515326778484673,0.0315211104684788,0.9216589861751152,200.0,gan_leaks_cal_dDE,3,MVN,baseline,0.9746,0.9872,0.9878821541344136,0.9745923777061466,0.9974620564073698,0.9723,0.988,0.9883960411037792,0.972187420794746,0.997829695121548,56.0,0.5,0.0093432231380468,0.0094854721571557,-0.0002560159448946,0.5659403669724771,28.8265,23.3183,0.0557845666231451,0.0749814338008018,0.0514538111278603,0.1558704453441295,0.9525737420474264,0.0543088490456911,0.1130711393869288,0.0609600925390399,0.3017341040462428,0.0265536984184683,0.0246382706254477,0.0134439034286931,0.0311474030695836,0.0299240480973274,0.0232324601684911,0.0244630727956055,0.0222105527503146,0.0182039912157071,0.0172951939141267,0.0177805172198752,0.0180607214859588,1.0023655250437107,0.9991902834008097,0.9994800798991549,0.9996315616623002,1.0024737585160632,1.2362179061080782
0.799676150821189,0.4960460288114684,0.8014520700001948,0.8012804413190355,0.6114967075992169,0.8886889460154241,0.0968768074031232,0.0130133024869866,0.8018433179723502,174.0,LOGAN_D1_pca,3,MVN,baseline,0.9746,0.9872,0.9878821541344136,0.9745923777061466,0.9974620564073698,0.9723,0.988,0.9883960411037792,0.972187420794746,0.997829695121548,56.0,0.5,0.0093432231380468,0.0094854721571557,-0.0002560159448946,0.5659403669724771,28.8265,23.3183,0.0557845666231451,0.0749814338008018,0.0514538111278603,0.1558704453441295,0.9525737420474264,0.0543088490456911,0.1130711393869288,0.0609600925390399,0.3017341040462428,0.0265536984184683,0.0246382706254477,0.0134439034286931,0.0311474030695836,0.0299240480973274,0.0232324601684911,0.0244630727956055,0.0222105527503146,0.0182039912157071,0.0172951939141267,0.0177805172198752,0.0180607214859588,1.0023655250437107,0.9991902834008097,0.9994800798991549,0.9996315616623002,1.0024737585160632,1.2362179061080782
0.799676150821189,0.5078101545549066,0.8045084293898597,0.8042521433352521,0.6168357358960669,0.8886889460154241,0.1090225563909774,0.0130133024869866,0.815668202764977,177.0,LOGAN_D1_vDE,3,MVN,baseline,0.9746,0.9872,0.9878821541344136,0.9745923777061466,0.9974620564073698,0.9723,0.988,0.9883960411037792,0.972187420794746,0.997829695121548,56.0,0.5,0.0093432231380468,0.0094854721571557,-0.0002560159448946,0.5659403669724771,28.8265,23.3183,0.0557845666231451,0.0749814338008018,0.0514538111278603,0.1558704453441295,0.9525737420474264,0.0543088490456911,0.1130711393869288,0.0609600925390399,0.3017341040462428,0.0265536984184683,0.0246382706254477,0.0134439034286931,0.0311474030695836,0.0299240480973274,0.0232324601684911,0.0244630727956055,0.0222105527503146,0.0182039912157071,0.0172951939141267,0.0177805172198752,0.0180607214859588,1.0023655250437107,0.9991902834008097,0.9994800798991549,0.9996315616623002,1.0024737585160632,1.2362179061080782
0.7999074716631969,0.5017483125332227,0.8031898508994018,0.8029130902754673,0.6171916711158569,0.8888031880704461,0.1133603238866396,0.0115673799884326,0.8064516129032258,175.0,LOGAN_D1_sDE,3,MVN,baseline,0.9746,0.9872,0.9878821541344136,0.9745923777061466,0.9974620564073698,0.9723,0.988,0.9883960411037792,0.972187420794746,0.997829695121548,56.0,0.5,0.0093432231380468,0.0094854721571557,-0.0002560159448946,0.5659403669724771,28.8265,23.3183,0.0557845666231451,0.0749814338008018,0.0514538111278603,0.1558704453441295,0.9525737420474264,0.0543088490456911,0.1130711393869288,0.0609600925390399,0.3017341040462428,0.0265536984184683,0.0246382706254477,0.0134439034286931,0.0311474030695836,0.0299240480973274,0.0232324601684911,0.0244630727956055,0.0222105527503146,0.0182039912157071,0.0172951939141267,0.0177805172198752,0.0180607214859588,1.0023655250437107,0.9991902834008097,0.9994800798991549,0.9996315616623002,1.0024737585160632,1.2362179061080782
0.799676150821189,0.5021983036738132,0.8019205789306116,0.801754142400298,0.615767930236697,0.8886889460154241,0.1023713128976286,0.0095430884904569,0.7926267281105991,172.0,LOGAN_D1_dDE,3,MVN,baseline,0.9746,0.9872,0.9878821541344136,0.9745923777061466,0.9974620564073698,0.9723,0.988,0.9883960411037792,0.972187420794746,0.997829695121548,56.0,0.5,0.0093432231380468,0.0094854721571557,-0.0002560159448946,0.5659403669724771,28.8265,23.3183,0.0557845666231451,0.0749814338008018,0.0514538111278603,0.1558704453441295,0.9525737420474264,0.0543088490456911,0.1130711393869288,0.0609600925390399,0.3017341040462428,0.0265536984184683,0.0246382706254477,0.0134439034286931,0.0311474030695836,0.0299240480973274,0.0232324601684911,0.0244630727956055,0.0222105527503146,0.0182039912157071,0.0172951939141267,0.0177805172198752,0.0180607214859588,1.0023655250437107,0.9991902834008097,0.9994800798991549,0.9996315616623002,1.0024737585160632,1.2362179061080782
0.2657876474670367,0.5096740052787683,0.8059348867005289,0.8193623682418224,0.18448098663926,0.18448098663926,1.0,0.0196588609424689,0.8617511520737328,187.0,MC,4,MVN,baseline,0.9769,0.9882,0.9898411518693124,0.9769365806752472,0.996476569585607,0.9769,0.992,0.9918679111146664,0.9768682563355904,0.9986234518073068,51.0,0.4554,0.0094204303710776,0.009107549579509,-0.0002183343025316,0.5665625887028101,28.8521,23.363,0.0551173449055745,0.0752269770183642,0.0571248821154787,0.1584272911246025,0.9511419485400404,0.0572419774501301,0.1205550737207285,0.0664353859496964,0.2881944444444444,0.0272718270333259,0.0231708806382056,0.0138075393726295,0.0320617778922152,0.0244398924049709,0.0238016103494378,0.0237398036457651,0.0212646402381031,0.0188018636623791,0.0287799996997631,0.0201427532824546,0.0185622696730581,1.0,0.9961693548387096,0.997956623838071,0.9978501584177556,1.0000699422252834,1.234948422719685
0.8001387925052047,0.5264979040185025,0.8168422784614318,0.8167478180692473,0.6238434163701068,0.8889460154241645,0.1176640647586007,0.0202370627348944,0.8663594470046083,188.0,gan_leaks,4,MVN,baseline,0.9769,0.9882,0.9898411518693124,0.9769365806752472,0.996476569585607,0.9769,0.992,0.9918679111146664,0.9768682563355904,0.9986234518073068,51.0,0.4554,0.0094204303710776,0.009107549579509,-0.0002183343025316,0.5665625887028101,28.8521,23.363,0.0551173449055745,0.0752269770183642,0.0571248821154787,0.1584272911246025,0.9511419485400404,0.0572419774501301,0.1205550737207285,0.0664353859496964,0.2881944444444444,0.0272718270333259,0.0231708806382056,0.0138075393726295,0.0320617778922152,0.0244398924049709,0.0238016103494378,0.0237398036457651,0.0212646402381031,0.0188018636623791,0.0287799996997631,0.0201427532824546,0.0185622696730581,1.0,0.9961693548387096,0.997956623838071,0.9978501584177556,1.0000699422252834,1.234948422719685
0.7999074716631969,0.5120204405041063,0.8023348539477921,0.8020389090217575,0.6199288256227758,0.8888317696954119,0.0988725065047701,0.0072275224053194,0.8018433179723502,174.0,loss_lr,4,MVN,baseline,0.9769,0.9882,0.9898411518693124,0.9769365806752472,0.996476569585607,0.9769,0.992,0.9918679111146664,0.9768682563355904,0.9986234518073068,51.0,0.4554,0.0094204303710776,0.009107549579509,-0.0002183343025316,0.5665625887028101,28.8521,23.363,0.0551173449055745,0.0752269770183642,0.0571248821154787,0.1584272911246025,0.9511419485400404,0.0572419774501301,0.1205550737207285,0.0664353859496964,0.2881944444444444,0.0272718270333259,0.0231708806382056,0.0138075393726295,0.0320617778922152,0.0244398924049709,0.0238016103494378,0.0237398036457651,0.0212646402381031,0.0188018636623791,0.0287799996997631,0.0201427532824546,0.0185622696730581,1.0,0.9961693548387096,0.997956623838071,0.9978501584177556,1.0000699422252834,1.234948422719685
0.7999074716631969,0.5104103091238101,0.8068467462656421,0.806761746203422,0.6252669039145907,0.8888317696954119,0.105521827117664,0.0138768430182133,0.8018433179723502,174.0,loss_rf,4,MVN,baseline,0.9769,0.9882,0.9898411518693124,0.9769365806752472,0.996476569585607,0.9769,0.992,0.9918679111146664,0.9768682563355904,0.9986234518073068,51.0,0.4554,0.0094204303710776,0.009107549579509,-0.0002183343025316,0.5665625887028101,28.8521,23.363,0.0551173449055745,0.0752269770183642,0.0571248821154787,0.1584272911246025,0.9511419485400404,0.0572419774501301,0.1205550737207285,0.0664353859496964,0.2881944444444444,0.0272718270333259,0.0231708806382056,0.0138075393726295,0.0320617778922152,0.0244398924049709,0.0238016103494378,0.0237398036457651,0.0212646402381031,0.0188018636623791,0.0287799996997631,0.0201427532824546,0.0185622696730581,1.0,0.9961693548387096,0.997956623838071,0.9978501584177556,1.0000699422252834,1.234948422719685
0.7999074716631969,0.4970631498078014,0.7941654260003597,0.79386384052168,0.6160142348754448,0.8888317696954119,0.0841283607979184,0.0037583116507661,0.7603686635944701,165.0,LOGAN_D1,4,MVN,baseline,0.9769,0.9882,0.9898411518693124,0.9769365806752472,0.996476569585607,0.9769,0.992,0.9918679111146664,0.9768682563355904,0.9986234518073068,51.0,0.4554,0.0094204303710776,0.009107549579509,-0.0002183343025316,0.5665625887028101,28.8521,23.363,0.0551173449055745,0.0752269770183642,0.0571248821154787,0.1584272911246025,0.9511419485400404,0.0572419774501301,0.1205550737207285,0.0664353859496964,0.2881944444444444,0.0272718270333259,0.0231708806382056,0.0138075393726295,0.0320617778922152,0.0244398924049709,0.0238016103494378,0.0237398036457651,0.0212646402381031,0.0188018636623791,0.0287799996997631,0.0201427532824546,0.0185622696730581,1.0,0.9961693548387096,0.997956623838071,0.9978501584177556,1.0000699422252834,1.234948422719685
0.7999074716631969,0.5525298670671249,0.828003560862034,0.8413361578755921,0.6306049822064057,0.8888317696954119,0.1858918762648164,0.1858918762648164,0.9032258064516128,196.0,gan_leaks_cal,4,MVN,baseline,0.9769,0.9882,0.9898411518693124,0.9769365806752472,0.996476569585607,0.9769,0.992,0.9918679111146664,0.9768682563355904,0.9986234518073068,51.0,0.4554,0.0094204303710776,0.009107549579509,-0.0002183343025316,0.5665625887028101,28.8521,23.363,0.0551173449055745,0.0752269770183642,0.0571248821154787,0.1584272911246025,0.9511419485400404,0.0572419774501301,0.1205550737207285,0.0664353859496964,0.2881944444444444,0.0272718270333259,0.0231708806382056,0.0138075393726295,0.0320617778922152,0.0244398924049709,0.0238016103494378,0.0237398036457651,0.0212646402381031,0.0188018636623791,0.0287799996997631,0.0201427532824546,0.0185622696730581,1.0,0.9961693548387096,0.997956623838071,0.9978501584177556,1.0000699422252834,1.234948422719685
0.8012953967152441,0.5316732785112375,0.8203717515404283,0.8202924413018864,0.6263345195729537,0.889375402446877,0.1176640647586007,0.0361376120265972,0.880184331797235,191.0,domias_kde_pca,4,MVN,baseline,0.9769,0.9882,0.9898411518693124,0.9769365806752472,0.996476569585607,0.9769,0.992,0.9918679111146664,0.9768682563355904,0.9986234518073068,51.0,0.4554,0.0094204303710776,0.009107549579509,-0.0002183343025316,0.5665625887028101,28.8521,23.363,0.0551173449055745,0.0752269770183642,0.0571248821154787,0.1584272911246025,0.9511419485400404,0.0572419774501301,0.1205550737207285,0.0664353859496964,0.2881944444444444,0.0272718270333259,0.0231708806382056,0.0138075393726295,0.0320617778922152,0.0244398924049709,0.0238016103494378,0.0237398036457651,0.0212646402381031,0.0188018636623791,0.0287799996997631,0.0201427532824546,0.0185622696730581,1.0,0.9961693548387096,0.997956623838071,0.9978501584177556,1.0000699422252834,1.234948422719685
0.7999074716631969,0.5299677839880933,0.8216460198115606,0.821535330972593,0.6263345195729537,0.8888317696954119,0.1260479907487713,0.0251517779705117,0.8663594470046083,188.0,domias_kde_vDE,4,MVN,baseline,0.9769,0.9882,0.9898411518693124,0.9769365806752472,0.996476569585607,0.9769,0.992,0.9918679111146664,0.9768682563355904,0.9986234518073068,51.0,0.4554,0.0094204303710776,0.009107549579509,-0.0002183343025316,0.5665625887028101,28.8521,23.363,0.0551173449055745,0.0752269770183642,0.0571248821154787,0.1584272911246025,0.9511419485400404,0.0572419774501301,0.1205550737207285,0.0664353859496964,0.2881944444444444,0.0272718270333259,0.0231708806382056,0.0138075393726295,0.0320617778922152,0.0244398924049709,0.0238016103494378,0.0237398036457651,0.0212646402381031,0.0188018636623791,0.0287799996997631,0.0201427532824546,0.0185622696730581,1.0,0.9961693548387096,0.997956623838071,0.9978501584177556,1.0000699422252834,1.234948422719685
0.8003701133472125,0.5416385596350904,0.8231965709255067,0.8230550040361575,0.6306049822064057,0.8890888060660583,0.1286498988146863,0.0211043654235328,0.8755760368663594,190.0,domias_kde_sDE,4,MVN,baseline,0.9769,0.9882,0.9898411518693124,0.9769365806752472,0.996476569585607,0.9769,0.992,0.9918679111146664,0.9768682563355904,0.9986234518073068,51.0,0.4554,0.0094204303710776,0.009107549579509,-0.0002183343025316,0.5665625887028101,28.8521,23.363,0.0551173449055745,0.0752269770183642,0.0571248821154787,0.1584272911246025,0.9511419485400404,0.0572419774501301,0.1205550737207285,0.0664353859496964,0.2881944444444444,0.0272718270333259,0.0231708806382056,0.0138075393726295,0.0320617778922152,0.0244398924049709,0.0238016103494378,0.0237398036457651,0.0212646402381031,0.0188018636623791,0.0287799996997631,0.0201427532824546,0.0185622696730581,1.0,0.9961693548387096,0.997956623838071,0.9978501584177556,1.0000699422252834,1.234948422719685
0.8006014341892205,0.5335433999336139,0.821538259744884,0.82144080478047,0.6231316725978647,0.8892030848329049,0.1318300086730268,0.0202370627348944,0.8755760368663594,190.0,domias_kde_dDE,4,MVN,baseline,0.9769,0.9882,0.9898411518693124,0.9769365806752472,0.996476569585607,0.9769,0.992,0.9918679111146664,0.9768682563355904,0.9986234518073068,51.0,0.4554,0.0094204303710776,0.009107549579509,-0.0002183343025316,0.5665625887028101,28.8521,23.363,0.0551173449055745,0.0752269770183642,0.0571248821154787,0.1584272911246025,0.9511419485400404,0.0572419774501301,0.1205550737207285,0.0664353859496964,0.2881944444444444,0.0272718270333259,0.0231708806382056,0.0138075393726295,0.0320617778922152,0.0244398924049709,0.0238016103494378,0.0237398036457651,0.0212646402381031,0.0188018636623791,0.0287799996997631,0.0201427532824546,0.0185622696730581,1.0,0.9961693548387096,0.997956623838071,0.9978501584177556,1.0000699422252834,1.234948422719685
0.8001387925052047,0.5184922518282955,0.8085720282278837,0.8386248809876241,0.6234875444839858,0.8889460154241645,0.3211910956923966,0.3211910956923966,0.8110599078341014,176.0,gan_leaks_cal_pca,4,MVN,baseline,0.9769,0.9882,0.9898411518693124,0.9769365806752472,0.996476569585607,0.9769,0.992,0.9918679111146664,0.9768682563355904,0.9986234518073068,51.0,0.4554,0.0094204303710776,0.009107549579509,-0.0002183343025316,0.5665625887028101,28.8521,23.363,0.0551173449055745,0.0752269770183642,0.0571248821154787,0.1584272911246025,0.9511419485400404,0.0572419774501301,0.1205550737207285,0.0664353859496964,0.2881944444444444,0.0272718270333259,0.0231708806382056,0.0138075393726295,0.0320617778922152,0.0244398924049709,0.0238016103494378,0.0237398036457651,0.0212646402381031,0.0188018636623791,0.0287799996997631,0.0201427532824546,0.0185622696730581,1.0,0.9961693548387096,0.997956623838071,0.9978501584177556,1.0000699422252834,1.234948422719685
0.7999074716631969,0.510696398552354,0.808211365346009,0.8086175488745833,0.6199288256227758,0.8888317696954119,0.0991616074009829,0.0205261636311072,0.8341013824884793,181.0,gan_leaks_cal_vDE,4,MVN,baseline,0.9769,0.9882,0.9898411518693124,0.9769365806752472,0.996476569585607,0.9769,0.992,0.9918679111146664,0.9768682563355904,0.9986234518073068,51.0,0.4554,0.0094204303710776,0.009107549579509,-0.0002183343025316,0.5665625887028101,28.8521,23.363,0.0551173449055745,0.0752269770183642,0.0571248821154787,0.1584272911246025,0.9511419485400404,0.0572419774501301,0.1205550737207285,0.0664353859496964,0.2881944444444444,0.0272718270333259,0.0231708806382056,0.0138075393726295,0.0320617778922152,0.0244398924049709,0.0238016103494378,0.0237398036457651,0.0212646402381031,0.0188018636623791,0.0287799996997631,0.0201427532824546,0.0185622696730581,1.0,0.9961693548387096,0.997956623838071,0.9978501584177556,1.0000699422252834,1.234948422719685
0.8001387925052047,0.5322571686314821,0.818512285960785,0.8184090159137576,0.6291814946619217,0.8889460154241645,0.1260479907487713,0.0176351546689794,0.8341013824884793,181.0,gan_leaks_cal_sDE,4,MVN,baseline,0.9769,0.9882,0.9898411518693124,0.9769365806752472,0.996476569585607,0.9769,0.992,0.9918679111146664,0.9768682563355904,0.9986234518073068,51.0,0.4554,0.0094204303710776,0.009107549579509,-0.0002183343025316,0.5665625887028101,28.8521,23.363,0.0551173449055745,0.0752269770183642,0.0571248821154787,0.1584272911246025,0.9511419485400404,0.0572419774501301,0.1205550737207285,0.0664353859496964,0.2881944444444444,0.0272718270333259,0.0231708806382056,0.0138075393726295,0.0320617778922152,0.0244398924049709,0.0238016103494378,0.0237398036457651,0.0212646402381031,0.0188018636623791,0.0287799996997631,0.0201427532824546,0.0185622696730581,1.0,0.9961693548387096,0.997956623838071,0.9978501584177556,1.0000699422252834,1.234948422719685
0.7999074716631969,0.5212999435182508,0.8119658881777638,0.812574158489328,0.6202846975088968,0.8888317696954119,0.1199768719283029,0.0101185313674472,0.8294930875576036,180.0,gan_leaks_cal_dDE,4,MVN,baseline,0.9769,0.9882,0.9898411518693124,0.9769365806752472,0.996476569585607,0.9769,0.992,0.9918679111146664,0.9768682563355904,0.9986234518073068,51.0,0.4554,0.0094204303710776,0.009107549579509,-0.0002183343025316,0.5665625887028101,28.8521,23.363,0.0551173449055745,0.0752269770183642,0.0571248821154787,0.1584272911246025,0.9511419485400404,0.0572419774501301,0.1205550737207285,0.0664353859496964,0.2881944444444444,0.0272718270333259,0.0231708806382056,0.0138075393726295,0.0320617778922152,0.0244398924049709,0.0238016103494378,0.0237398036457651,0.0212646402381031,0.0188018636623791,0.0287799996997631,0.0201427532824546,0.0185622696730581,1.0,0.9961693548387096,0.997956623838071,0.9978501584177556,1.0000699422252834,1.234948422719685
0.8006014341892205,0.5099636080862591,0.7992488181535188,0.799022305667001,0.6220640569395017,0.8892030848329049,0.0887539751373229,0.0046256143394044,0.783410138248848,170.0,LOGAN_D1_pca,4,MVN,baseline,0.9769,0.9882,0.9898411518693124,0.9769365806752472,0.996476569585607,0.9769,0.992,0.9918679111146664,0.9768682563355904,0.9986234518073068,51.0,0.4554,0.0094204303710776,0.009107549579509,-0.0002183343025316,0.5665625887028101,28.8521,23.363,0.0551173449055745,0.0752269770183642,0.0571248821154787,0.1584272911246025,0.9511419485400404,0.0572419774501301,0.1205550737207285,0.0664353859496964,0.2881944444444444,0.0272718270333259,0.0231708806382056,0.0138075393726295,0.0320617778922152,0.0244398924049709,0.0238016103494378,0.0237398036457651,0.0212646402381031,0.0188018636623791,0.0287799996997631,0.0201427532824546,0.0185622696730581,1.0,0.9961693548387096,0.997956623838071,0.9978501584177556,1.0000699422252834,1.234948422719685
0.7999074716631969,0.5029351771546047,0.793538285252092,0.7932397260900245,0.6199288256227758,0.8888317696954119,0.0797918473547268,0.0046256143394044,0.7603686635944701,165.0,LOGAN_D1_vDE,4,MVN,baseline,0.9769,0.9882,0.9898411518693124,0.9769365806752472,0.996476569585607,0.9769,0.992,0.9918679111146664,0.9768682563355904,0.9986234518073068,51.0,0.4554,0.0094204303710776,0.009107549579509,-0.0002183343025316,0.5665625887028101,28.8521,23.363,0.0551173449055745,0.0752269770183642,0.0571248821154787,0.1584272911246025,0.9511419485400404,0.0572419774501301,0.1205550737207285,0.0664353859496964,0.2881944444444444,0.0272718270333259,0.0231708806382056,0.0138075393726295,0.0320617778922152,0.0244398924049709,0.0238016103494378,0.0237398036457651,0.0212646402381031,0.0188018636623791,0.0287799996997631,0.0201427532824546,0.0185622696730581,1.0,0.9961693548387096,0.997956623838071,0.9978501584177556,1.0000699422252834,1.234948422719685
0.7999074716631969,0.4943695592817448,0.7952192411466097,0.7949289734049105,0.6145907473309609,0.8888317696954119,0.0930904885805146,0.01040763226366,0.7695852534562212,167.0,LOGAN_D1_sDE,4,MVN,baseline,0.9769,0.9882,0.9898411518693124,0.9769365806752472,0.996476569585607,0.9769,0.992,0.9918679111146664,0.9768682563355904,0.9986234518073068,51.0,0.4554,0.0094204303710776,0.009107549579509,-0.0002183343025316,0.5665625887028101,28.8521,23.363,0.0551173449055745,0.0752269770183642,0.0571248821154787,0.1584272911246025,0.9511419485400404,0.0572419774501301,0.1205550737207285,0.0664353859496964,0.2881944444444444,0.0272718270333259,0.0231708806382056,0.0138075393726295,0.0320617778922152,0.0244398924049709,0.0238016103494378,0.0237398036457651,0.0212646402381031,0.0188018636623791,0.0287799996997631,0.0201427532824546,0.0185622696730581,1.0,0.9961693548387096,0.997956623838071,0.9978501584177556,1.0000699422252834,1.234948422719685
0.7999074716631969,0.4959072481342285,0.7950529073195687,0.7947655517718657,0.61067615658363,0.8888317696954119,0.1020526163631107,0.0066493206128939,0.7926267281105991,172.0,LOGAN_D1_dDE,4,MVN,baseline,0.9769,0.9882,0.9898411518693124,0.9769365806752472,0.996476569585607,0.9769,0.992,0.9918679111146664,0.9768682563355904,0.9986234518073068,51.0,0.4554,0.0094204303710776,0.009107549579509,-0.0002183343025316,0.5665625887028101,28.8521,23.363,0.0551173449055745,0.0752269770183642,0.0571248821154787,0.1584272911246025,0.9511419485400404,0.0572419774501301,0.1205550737207285,0.0664353859496964,0.2881944444444444,0.0272718270333259,0.0231708806382056,0.0138075393726295,0.0320617778922152,0.0244398924049709,0.0238016103494378,0.0237398036457651,0.0212646402381031,0.0188018636623791,0.0287799996997631,0.0201427532824546,0.0185622696730581,1.0,0.9961693548387096,0.997956623838071,0.9978501584177556,1.0000699422252834,1.234948422719685
0.2630117973629424,0.5043982485304038,0.8007356448453349,0.8072015269434034,0.1813977389516957,0.1813977389516957,1.0,0.01040763226366,0.8018433179723502,174.0,MC,5,MVN,baseline,0.9826,0.9951,0.9950526521951936,0.9826669518615402,0.9986062062588068,0.9873,0.996,0.9959832862798534,0.9872851346114964,0.9986860328167556,53.0,0.4862,0.0093185847285093,0.009793704553862,-0.0002990916531807,0.5790838375108038,28.9154,23.2716,0.0553734910364436,0.0750745393471531,0.0522715018468016,0.1633420063602197,0.9560566637756576,0.0555073720728534,0.1136166522116218,0.0552182711766406,0.2789351851851852,0.0273043092325907,0.0226566416523714,0.0128440664870606,0.0329266475854348,0.031143215543334,0.0235076781545144,0.0253580587180147,0.0200651559843422,0.0189878671523356,0.0301736964208233,0.0186549716192764,0.019533636461902,0.9952395421857592,0.9990963855421686,0.9990656127492501,0.999920068414571,0.9953223414512633,1.2425187782533218
0.7999074716631969,0.5282686470078057,0.8097410068611133,0.8096065487761306,0.6213523131672598,0.8888317696954119,0.1121711477305579,0.0086730268863833,0.815668202764977,177.0,gan_leaks,5,MVN,baseline,0.9826,0.9951,0.9950526521951936,0.9826669518615402,0.9986062062588068,0.9873,0.996,0.9959832862798534,0.9872851346114964,0.9986860328167556,53.0,0.4862,0.0093185847285093,0.009793704553862,-0.0002990916531807,0.5790838375108038,28.9154,23.2716,0.0553734910364436,0.0750745393471531,0.0522715018468016,0.1633420063602197,0.9560566637756576,0.0555073720728534,0.1136166522116218,0.0552182711766406,0.2789351851851852,0.0273043092325907,0.0226566416523714,0.0128440664870606,0.0329266475854348,0.031143215543334,0.0235076781545144,0.0253580587180147,0.0200651559843422,0.0189878671523356,0.0301736964208233,0.0186549716192764,0.019533636461902,0.9952395421857592,0.9990963855421686,0.9990656127492501,0.999920068414571,0.9953223414512633,1.2425187782533218
0.8006014341892205,0.5137175698392813,0.8065130074489043,0.8063697157791664,0.6231316725978647,0.8892030848329049,0.113327551315409,0.0118531367447239,0.8018433179723502,174.0,loss_lr,5,MVN,baseline,0.9826,0.9951,0.9950526521951936,0.9826669518615402,0.9986062062588068,0.9873,0.996,0.9959832862798534,0.9872851346114964,0.9986860328167556,53.0,0.4862,0.0093185847285093,0.009793704553862,-0.0002990916531807,0.5790838375108038,28.9154,23.2716,0.0553734910364436,0.0750745393471531,0.0522715018468016,0.1633420063602197,0.9560566637756576,0.0555073720728534,0.1136166522116218,0.0552182711766406,0.2789351851851852,0.0273043092325907,0.0226566416523714,0.0128440664870606,0.0329266475854348,0.031143215543334,0.0235076781545144,0.0253580587180147,0.0200651559843422,0.0189878671523356,0.0301736964208233,0.0186549716192764,0.019533636461902,0.9952395421857592,0.9990963855421686,0.9990656127492501,0.999920068414571,0.9953223414512633,1.2425187782533218
0.7999074716631969,0.5134398455987065,0.8094382515370926,0.8097798950592741,0.6199288256227758,0.8888317696954119,0.1222896790980052,0.0095403295750216,0.8294930875576036,180.0,loss_rf,5,MVN,baseline,0.9826,0.9951,0.9950526521951936,0.9826669518615402,0.9986062062588068,0.9873,0.996,0.9959832862798534,0.9872851346114964,0.9986860328167556,53.0,0.4862,0.0093185847285093,0.009793704553862,-0.0002990916531807,0.5790838375108038,28.9154,23.2716,0.0553734910364436,0.0750745393471531,0.0522715018468016,0.1633420063602197,0.9560566637756576,0.0555073720728534,0.1136166522116218,0.0552182711766406,0.2789351851851852,0.0273043092325907,0.0226566416523714,0.0128440664870606,0.0329266475854348,0.031143215543334,0.0235076781545144,0.0253580587180147,0.0200651559843422,0.0189878671523356,0.0301736964208233,0.0186549716192764,0.019533636461902,0.9952395421857592,0.9990963855421686,0.9990656127492501,0.999920068414571,0.9953223414512633,1.2425187782533218
0.7999074716631969,0.5070866526399195,0.8031339432135624,0.8029807066362573,0.6156583629893239,0.8888317696954119,0.0997398091934085,0.0098294304712344,0.7926267281105991,172.0,LOGAN_D1,5,MVN,baseline,0.9826,0.9951,0.9950526521951936,0.9826669518615402,0.9986062062588068,0.9873,0.996,0.9959832862798534,0.9872851346114964,0.9986860328167556,53.0,0.4862,0.0093185847285093,0.009793704553862,-0.0002990916531807,0.5790838375108038,28.9154,23.2716,0.0553734910364436,0.0750745393471531,0.0522715018468016,0.1633420063602197,0.9560566637756576,0.0555073720728534,0.1136166522116218,0.0552182711766406,0.2789351851851852,0.0273043092325907,0.0226566416523714,0.0128440664870606,0.0329266475854348,0.031143215543334,0.0235076781545144,0.0253580587180147,0.0200651559843422,0.0189878671523356,0.0301736964208233,0.0186549716192764,0.019533636461902,0.9952395421857592,0.9990963855421686,0.9990656127492501,0.999920068414571,0.9953223414512633,1.2425187782533218
0.7999074716631969,0.57438944166051,0.8414966330912081,0.8525529558176385,0.6427046263345195,0.8888317696954119,0.1873373807458803,0.1873373807458803,0.8663594470046083,188.0,gan_leaks_cal,5,MVN,baseline,0.9826,0.9951,0.9950526521951936,0.9826669518615402,0.9986062062588068,0.9873,0.996,0.9959832862798534,0.9872851346114964,0.9986860328167556,53.0,0.4862,0.0093185847285093,0.009793704553862,-0.0002990916531807,0.5790838375108038,28.9154,23.2716,0.0553734910364436,0.0750745393471531,0.0522715018468016,0.1633420063602197,0.9560566637756576,0.0555073720728534,0.1136166522116218,0.0552182711766406,0.2789351851851852,0.0273043092325907,0.0226566416523714,0.0128440664870606,0.0329266475854348,0.031143215543334,0.0235076781545144,0.0253580587180147,0.0200651559843422,0.0189878671523356,0.0301736964208233,0.0186549716192764,0.019533636461902,0.9952395421857592,0.9990963855421686,0.9990656127492501,0.999920068414571,0.9953223414512633,1.2425187782533218
0.8022206800832755,0.5326188793592668,0.8094212464394874,0.8092471392993101,0.6259786476868328,0.8900038595137013,0.1089910378722174,0.0080948250939577,0.7972350230414746,173.0,domias_kde_pca,5,MVN,baseline,0.9826,0.9951,0.9950526521951936,0.9826669518615402,0.9986062062588068,0.9873,0.996,0.9959832862798534,0.9872851346114964,0.9986860328167556,53.0,0.4862,0.0093185847285093,0.009793704553862,-0.0002990916531807,0.5790838375108038,28.9154,23.2716,0.0553734910364436,0.0750745393471531,0.0522715018468016,0.1633420063602197,0.9560566637756576,0.0555073720728534,0.1136166522116218,0.0552182711766406,0.2789351851851852,0.0273043092325907,0.0226566416523714,0.0128440664870606,0.0329266475854348,0.031143215543334,0.0235076781545144,0.0253580587180147,0.0200651559843422,0.0189878671523356,0.0301736964208233,0.0186549716192764,0.019533636461902,0.9952395421857592,0.9990963855421686,0.9990656127492501,0.999920068414571,0.9953223414512633,1.2425187782533218
0.8010640758732361,0.5286561225145354,0.8111753481130642,0.8110313500679918,0.6195729537366548,0.8893748392076152,0.118531367447239,0.0092512286788089,0.8294930875576036,180.0,domias_kde_vDE,5,MVN,baseline,0.9826,0.9951,0.9950526521951936,0.9826669518615402,0.9986062062588068,0.9873,0.996,0.9959832862798534,0.9872851346114964,0.9986860328167556,53.0,0.4862,0.0093185847285093,0.009793704553862,-0.0002990916531807,0.5790838375108038,28.9154,23.2716,0.0553734910364436,0.0750745393471531,0.0522715018468016,0.1633420063602197,0.9560566637756576,0.0555073720728534,0.1136166522116218,0.0552182711766406,0.2789351851851852,0.0273043092325907,0.0226566416523714,0.0128440664870606,0.0329266475854348,0.031143215543334,0.0235076781545144,0.0253580587180147,0.0200651559843422,0.0189878671523356,0.0301736964208233,0.0186549716192764,0.019533636461902,0.9952395421857592,0.9990963855421686,0.9990656127492501,0.999920068414571,0.9953223414512633,1.2425187782533218
0.8003701133472125,0.5235148779887143,0.8116321279479364,0.8115124737282334,0.6174377224199288,0.8890602905257745,0.1147730557964729,0.0144550448106389,0.8018433179723502,174.0,domias_kde_sDE,5,MVN,baseline,0.9826,0.9951,0.9950526521951936,0.9826669518615402,0.9986062062588068,0.9873,0.996,0.9959832862798534,0.9872851346114964,0.9986860328167556,53.0,0.4862,0.0093185847285093,0.009793704553862,-0.0002990916531807,0.5790838375108038,28.9154,23.2716,0.0553734910364436,0.0750745393471531,0.0522715018468016,0.1633420063602197,0.9560566637756576,0.0555073720728534,0.1136166522116218,0.0552182711766406,0.2789351851851852,0.0273043092325907,0.0226566416523714,0.0128440664870606,0.0329266475854348,0.031143215543334,0.0235076781545144,0.0253580587180147,0.0200651559843422,0.0189878671523356,0.0301736964208233,0.0186549716192764,0.019533636461902,0.9952395421857592,0.9990963855421686,0.9990656127492501,0.999920068414571,0.9953223414512633,1.2425187782533218
0.8003701133472125,0.5231223833692034,0.8064443936527826,0.806291641421215,0.6188612099644129,0.8890888060660583,0.0994507082971957,0.0069384215091066,0.8110599078341014,176.0,domias_kde_dDE,5,MVN,baseline,0.9826,0.9951,0.9950526521951936,0.9826669518615402,0.9986062062588068,0.9873,0.996,0.9959832862798534,0.9872851346114964,0.9986860328167556,53.0,0.4862,0.0093185847285093,0.009793704553862,-0.0002990916531807,0.5790838375108038,28.9154,23.2716,0.0553734910364436,0.0750745393471531,0.0522715018468016,0.1633420063602197,0.9560566637756576,0.0555073720728534,0.1136166522116218,0.0552182711766406,0.2789351851851852,0.0273043092325907,0.0226566416523714,0.0128440664870606,0.0329266475854348,0.031143215543334,0.0235076781545144,0.0253580587180147,0.0200651559843422,0.0189878671523356,0.0301736964208233,0.0186549716192764,0.019533636461902,0.9952395421857592,0.9990963855421686,0.9990656127492501,0.999920068414571,0.9953223414512633,1.2425187782533218
0.8001387925052047,0.5356049168567238,0.8163624771337044,0.8454075933714085,0.6298932384341637,0.8889174595011571,0.3307314252674183,0.3307314252674183,0.8341013824884793,181.0,gan_leaks_cal_pca,5,MVN,baseline,0.9826,0.9951,0.9950526521951936,0.9826669518615402,0.9986062062588068,0.9873,0.996,0.9959832862798534,0.9872851346114964,0.9986860328167556,53.0,0.4862,0.0093185847285093,0.009793704553862,-0.0002990916531807,0.5790838375108038,28.9154,23.2716,0.0553734910364436,0.0750745393471531,0.0522715018468016,0.1633420063602197,0.9560566637756576,0.0555073720728534,0.1136166522116218,0.0552182711766406,0.2789351851851852,0.0273043092325907,0.0226566416523714,0.0128440664870606,0.0329266475854348,0.031143215543334,0.0235076781545144,0.0253580587180147,0.0200651559843422,0.0189878671523356,0.0301736964208233,0.0186549716192764,0.019533636461902,0.9952395421857592,0.9990963855421686,0.9990656127492501,0.999920068414571,0.9953223414512633,1.2425187782533218
0.8003701133472125,0.5556696567194543,0.8309778591735988,0.831519022520985,0.6316725978647687,0.8890888060660583,0.1419485400404741,0.0193697600462561,0.8847926267281107,192.0,gan_leaks_cal_vDE,5,MVN,baseline,0.9826,0.9951,0.9950526521951936,0.9826669518615402,0.9986062062588068,0.9873,0.996,0.9959832862798534,0.9872851346114964,0.9986860328167556,53.0,0.4862,0.0093185847285093,0.009793704553862,-0.0002990916531807,0.5790838375108038,28.9154,23.2716,0.0553734910364436,0.0750745393471531,0.0522715018468016,0.1633420063602197,0.9560566637756576,0.0555073720728534,0.1136166522116218,0.0552182711766406,0.2789351851851852,0.0273043092325907,0.0226566416523714,0.0128440664870606,0.0329266475854348,0.031143215543334,0.0235076781545144,0.0253580587180147,0.0200651559843422,0.0189878671523356,0.0301736964208233,0.0186549716192764,0.019533636461902,0.9952395421857592,0.9990963855421686,0.9990656127492501,0.999920068414571,0.9953223414512633,1.2425187782533218
0.8003701133472125,0.5375637092715728,0.8221698985232057,0.8220627963547338,0.6291814946619217,0.8890888060660583,0.1387684301821335,0.0115640358485111,0.8709677419354839,189.0,gan_leaks_cal_sDE,5,MVN,baseline,0.9826,0.9951,0.9950526521951936,0.9826669518615402,0.9986062062588068,0.9873,0.996,0.9959832862798534,0.9872851346114964,0.9986860328167556,53.0,0.4862,0.0093185847285093,0.009793704553862,-0.0002990916531807,0.5790838375108038,28.9154,23.2716,0.0553734910364436,0.0750745393471531,0.0522715018468016,0.1633420063602197,0.9560566637756576,0.0555073720728534,0.1136166522116218,0.0552182711766406,0.2789351851851852,0.0273043092325907,0.0226566416523714,0.0128440664870606,0.0329266475854348,0.031143215543334,0.0235076781545144,0.0253580587180147,0.0200651559843422,0.0189878671523356,0.0301736964208233,0.0186549716192764,0.019533636461902,0.9952395421857592,0.9990963855421686,0.9990656127492501,0.999920068414571,0.9953223414512633,1.2425187782533218
0.7999074716631969,0.5685657651001681,0.8362363041971188,0.8366702159236035,0.6434163701067616,0.8888317696954119,0.1341428158427291,0.0320901994796183,0.8940092165898618,194.0,gan_leaks_cal_dDE,5,MVN,baseline,0.9826,0.9951,0.9950526521951936,0.9826669518615402,0.9986062062588068,0.9873,0.996,0.9959832862798534,0.9872851346114964,0.9986860328167556,53.0,0.4862,0.0093185847285093,0.009793704553862,-0.0002990916531807,0.5790838375108038,28.9154,23.2716,0.0553734910364436,0.0750745393471531,0.0522715018468016,0.1633420063602197,0.9560566637756576,0.0555073720728534,0.1136166522116218,0.0552182711766406,0.2789351851851852,0.0273043092325907,0.0226566416523714,0.0128440664870606,0.0329266475854348,0.031143215543334,0.0235076781545144,0.0253580587180147,0.0200651559843422,0.0189878671523356,0.0301736964208233,0.0186549716192764,0.019533636461902,0.9952395421857592,0.9990963855421686,0.9990656127492501,0.999920068414571,0.9953223414512633,1.2425187782533218
0.7999074716631969,0.5044429186341589,0.7985217147408403,0.7983588745764905,0.6195729537366548,0.8888317696954119,0.092512286788089,0.0089621277825961,0.7741935483870968,168.0,LOGAN_D1_pca,5,MVN,baseline,0.9826,0.9951,0.9950526521951936,0.9826669518615402,0.9986062062588068,0.9873,0.996,0.9959832862798534,0.9872851346114964,0.9986860328167556,53.0,0.4862,0.0093185847285093,0.009793704553862,-0.0002990916531807,0.5790838375108038,28.9154,23.2716,0.0553734910364436,0.0750745393471531,0.0522715018468016,0.1633420063602197,0.9560566637756576,0.0555073720728534,0.1136166522116218,0.0552182711766406,0.2789351851851852,0.0273043092325907,0.0226566416523714,0.0128440664870606,0.0329266475854348,0.031143215543334,0.0235076781545144,0.0253580587180147,0.0200651559843422,0.0189878671523356,0.0301736964208233,0.0186549716192764,0.019533636461902,0.9952395421857592,0.9990963855421686,0.9990656127492501,0.999920068414571,0.9953223414512633,1.2425187782533218
0.8001387925052047,0.5034651954643281,0.803421346284238,0.8031570689482532,0.6142348754448399,0.8889460154241645,0.1006071118820468,0.0089621277825961,0.8018433179723502,174.0,LOGAN_D1_vDE,5,MVN,baseline,0.9826,0.9951,0.9950526521951936,0.9826669518615402,0.9986062062588068,0.9873,0.996,0.9959832862798534,0.9872851346114964,0.9986860328167556,53.0,0.4862,0.0093185847285093,0.009793704553862,-0.0002990916531807,0.5790838375108038,28.9154,23.2716,0.0553734910364436,0.0750745393471531,0.0522715018468016,0.1633420063602197,0.9560566637756576,0.0555073720728534,0.1136166522116218,0.0552182711766406,0.2789351851851852,0.0273043092325907,0.0226566416523714,0.0128440664870606,0.0329266475854348,0.031143215543334,0.0235076781545144,0.0253580587180147,0.0200651559843422,0.0189878671523356,0.0301736964208233,0.0186549716192764,0.019533636461902,0.9952395421857592,0.9990963855421686,0.9990656127492501,0.999920068414571,0.9953223414512633,1.2425187782533218
0.7999074716631969,0.5097867680125919,0.8063412142599811,0.8061469597331083,0.6185053380782918,0.8888317696954119,0.1113038450419196,0.01561144839549,0.8110599078341014,176.0,LOGAN_D1_sDE,5,MVN,baseline,0.9826,0.9951,0.9950526521951936,0.9826669518615402,0.9986062062588068,0.9873,0.996,0.9959832862798534,0.9872851346114964,0.9986860328167556,53.0,0.4862,0.0093185847285093,0.009793704553862,-0.0002990916531807,0.5790838375108038,28.9154,23.2716,0.0553734910364436,0.0750745393471531,0.0522715018468016,0.1633420063602197,0.9560566637756576,0.0555073720728534,0.1136166522116218,0.0552182711766406,0.2789351851851852,0.0273043092325907,0.0226566416523714,0.0128440664870606,0.0329266475854348,0.031143215543334,0.0235076781545144,0.0253580587180147,0.0200651559843422,0.0189878671523356,0.0301736964208233,0.0186549716192764,0.019533636461902,0.9952395421857592,0.9990963855421686,0.9990656127492501,0.999920068414571,0.9953223414512633,1.2425187782533218
0.8006014341892205,0.498173377555063,0.7984694324410546,0.7982951826322867,0.6160142348754448,0.8892030848329049,0.0936686903729401,0.0089621277825961,0.7788018433179723,169.0,LOGAN_D1_dDE,5,MVN,baseline,0.9826,0.9951,0.9950526521951936,0.9826669518615402,0.9986062062588068,0.9873,0.996,0.9959832862798534,0.9872851346114964,0.9986860328167556,53.0,0.4862,0.0093185847285093,0.009793704553862,-0.0002990916531807,0.5790838375108038,28.9154,23.2716,0.0553734910364436,0.0750745393471531,0.0522715018468016,0.1633420063602197,0.9560566637756576,0.0555073720728534,0.1136166522116218,0.0552182711766406,0.2789351851851852,0.0273043092325907,0.0226566416523714,0.0128440664870606,0.0329266475854348,0.031143215543334,0.0235076781545144,0.0253580587180147,0.0200651559843422,0.0189878671523356,0.0301736964208233,0.0186549716192764,0.019533636461902,0.9952395421857592,0.9990963855421686,0.9990656127492501,0.999920068414571,0.9953223414512633,1.2425187782533218
0.2724959518852649,0.5183819375027163,0.8016150002909094,0.8283109096730659,0.1917244924184014,0.1917244924184014,1.0,0.0083863504916136,0.8341013824884793,181.0,MC,1,CVAE,baseline,0.9723,0.9871,0.9881870351587424,0.9722357589892564,0.9971428511767578,0.9803,0.9875,0.9910138580998532,0.9803028159095454,0.9984645675501927,40.0,0.3604,0.0264072799137976,0.0268639073804085,-0.0003290792573973,0.7872086072922893,16.3346,23.1698,0.3168184172045208,0.3556678370373304,0.0511451725982389,1.0,0.0679583574320416,17.30161943319838,0.9973973395026028,7.63342972816657,1.0,0.092179019341822,0.0531154654261075,0.0570996652538992,0.0423430657242029,0.0694298915583594,0.090542301909258,0.0750896415123423,0.07988163093753,0.0984509601238798,0.0437129754644884,0.0399853145261119,0.0682897245040078,0.9918392328878916,0.9995949367088607,0.9971475444889026,0.9986762510995479,0.9917708520373838,0.7049952956003073
0.7999074716631969,0.6308401060454605,0.8522547956490476,0.8521041145303705,0.6620395088093967,0.8888031880704461,0.178716020821284,0.007807981492192,0.847926267281106,184.0,gan_leaks,1,CVAE,baseline,0.9723,0.9871,0.9881870351587424,0.9722357589892564,0.9971428511767578,0.9803,0.9875,0.9910138580998532,0.9803028159095454,0.9984645675501927,40.0,0.3604,0.0264072799137976,0.0268639073804085,-0.0003290792573973,0.7872086072922893,16.3346,23.1698,0.3168184172045208,0.3556678370373304,0.0511451725982389,1.0,0.0679583574320416,17.30161943319838,0.9973973395026028,7.63342972816657,1.0,0.092179019341822,0.0531154654261075,0.0570996652538992,0.0423430657242029,0.0694298915583594,0.090542301909258,0.0750896415123423,0.07988163093753,0.0984509601238798,0.0437129754644884,0.0399853145261119,0.0682897245040078,0.9918392328878916,0.9995949367088607,0.9971475444889026,0.9986762510995479,0.9917708520373838,0.7049952956003073
0.799676150821189,0.5111889327587532,0.8035881136256974,0.8033260544918579,0.615767930236697,0.8886889460154241,0.1026604973973395,0.0104106419895893,0.8018433179723502,174.0,loss_lr,1,CVAE,baseline,0.9723,0.9871,0.9881870351587424,0.9722357589892564,0.9971428511767578,0.9803,0.9875,0.9910138580998532,0.9803028159095454,0.9984645675501927,40.0,0.3604,0.0264072799137976,0.0268639073804085,-0.0003290792573973,0.7872086072922893,16.3346,23.1698,0.3168184172045208,0.3556678370373304,0.0511451725982389,1.0,0.0679583574320416,17.30161943319838,0.9973973395026028,7.63342972816657,1.0,0.092179019341822,0.0531154654261075,0.0570996652538992,0.0423430657242029,0.0694298915583594,0.090542301909258,0.0750896415123423,0.07988163093753,0.0984509601238798,0.0437129754644884,0.0399853145261119,0.0682897245040078,0.9918392328878916,0.9995949367088607,0.9971475444889026,0.9986762510995479,0.9917708520373838,0.7049952956003073
0.8001387925052047,0.5149162367902861,0.8059284818150585,0.8058433695128449,0.6221747641929168,0.8889174595011571,0.1035280508964719,0.0098322729901677,0.8248847926267281,179.0,loss_rf,1,CVAE,baseline,0.9723,0.9871,0.9881870351587424,0.9722357589892564,0.9971428511767578,0.9803,0.9875,0.9910138580998532,0.9803028159095454,0.9984645675501927,40.0,0.3604,0.0264072799137976,0.0268639073804085,-0.0003290792573973,0.7872086072922893,16.3346,23.1698,0.3168184172045208,0.3556678370373304,0.0511451725982389,1.0,0.0679583574320416,17.30161943319838,0.9973973395026028,7.63342972816657,1.0,0.092179019341822,0.0531154654261075,0.0570996652538992,0.0423430657242029,0.0694298915583594,0.090542301909258,0.0750896415123423,0.07988163093753,0.0984509601238798,0.0437129754644884,0.0399853145261119,0.0682897245040078,0.9918392328878916,0.9995949367088607,0.9971475444889026,0.9986762510995479,0.9917708520373838,0.7049952956003073
0.799676150821189,0.5166700655596306,0.8094213249270893,0.8092798543129663,0.6193272824345969,0.8886889460154241,0.1130711393869288,0.0138808559861191,0.8110599078341014,176.0,LOGAN_D1,1,CVAE,baseline,0.9723,0.9871,0.9881870351587424,0.9722357589892564,0.9971428511767578,0.9803,0.9875,0.9910138580998532,0.9803028159095454,0.9984645675501927,40.0,0.3604,0.0264072799137976,0.0268639073804085,-0.0003290792573973,0.7872086072922893,16.3346,23.1698,0.3168184172045208,0.3556678370373304,0.0511451725982389,1.0,0.0679583574320416,17.30161943319838,0.9973973395026028,7.63342972816657,1.0,0.092179019341822,0.0531154654261075,0.0570996652538992,0.0423430657242029,0.0694298915583594,0.090542301909258,0.0750896415123423,0.07988163093753,0.0984509601238798,0.0437129754644884,0.0399853145261119,0.0682897245040078,0.9918392328878916,0.9995949367088607,0.9971475444889026,0.9986762510995479,0.9917708520373838,0.7049952956003073
0.8001387925052047,0.5640648976821778,0.8218190420708663,0.903420915463968,0.0,0.8889460154241645,0.9204742625795256,0.9204742625795256,0.7741935483870968,168.0,gan_leaks_cal,1,CVAE,baseline,0.9723,0.9871,0.9881870351587424,0.9722357589892564,0.9971428511767578,0.9803,0.9875,0.9910138580998532,0.9803028159095454,0.9984645675501927,40.0,0.3604,0.0264072799137976,0.0268639073804085,-0.0003290792573973,0.7872086072922893,16.3346,23.1698,0.3168184172045208,0.3556678370373304,0.0511451725982389,1.0,0.0679583574320416,17.30161943319838,0.9973973395026028,7.63342972816657,1.0,0.092179019341822,0.0531154654261075,0.0570996652538992,0.0423430657242029,0.0694298915583594,0.090542301909258,0.0750896415123423,0.07988163093753,0.0984509601238798,0.0437129754644884,0.0399853145261119,0.0682897245040078,0.9918392328878916,0.9995949367088607,0.9971475444889026,0.9986762510995479,0.9917708520373838,0.7049952956003073
0.799676150821189,0.5966544863715536,0.8373624601931107,0.8372122819720902,0.6492258408969568,0.8886889460154241,0.1477732793522267,0.0063620589936379,0.8387096774193549,182.0,domias_kde_pca,1,CVAE,baseline,0.9723,0.9871,0.9881870351587424,0.9722357589892564,0.9971428511767578,0.9803,0.9875,0.9910138580998532,0.9803028159095454,0.9984645675501927,40.0,0.3604,0.0264072799137976,0.0268639073804085,-0.0003290792573973,0.7872086072922893,16.3346,23.1698,0.3168184172045208,0.3556678370373304,0.0511451725982389,1.0,0.0679583574320416,17.30161943319838,0.9973973395026028,7.63342972816657,1.0,0.092179019341822,0.0531154654261075,0.0570996652538992,0.0423430657242029,0.0694298915583594,0.090542301909258,0.0750896415123423,0.07988163093753,0.0984509601238798,0.0437129754644884,0.0399853145261119,0.0682897245040078,0.9918392328878916,0.9995949367088607,0.9971475444889026,0.9986762510995479,0.9917708520373838,0.7049952956003073
0.8001387925052047,0.5798597204438397,0.8289439858271337,0.8286846909372279,0.6442427478198968,0.8889460154241645,0.1223250433776749,0.0106998264893001,0.783410138248848,170.0,domias_kde_vDE,1,CVAE,baseline,0.9723,0.9871,0.9881870351587424,0.9722357589892564,0.9971428511767578,0.9803,0.9875,0.9910138580998532,0.9803028159095454,0.9984645675501927,40.0,0.3604,0.0264072799137976,0.0268639073804085,-0.0003290792573973,0.7872086072922893,16.3346,23.1698,0.3168184172045208,0.3556678370373304,0.0511451725982389,1.0,0.0679583574320416,17.30161943319838,0.9973973395026028,7.63342972816657,1.0,0.092179019341822,0.0531154654261075,0.0570996652538992,0.0423430657242029,0.0694298915583594,0.090542301909258,0.0750896415123423,0.07988163093753,0.0984509601238798,0.0437129754644884,0.0399853145261119,0.0682897245040078,0.9918392328878916,0.9995949367088607,0.9971475444889026,0.9986762510995479,0.9917708520373838,0.7049952956003073
0.799676150821189,0.5727685153301216,0.8274334665769892,0.8272953241234295,0.6417512012813668,0.8886889460154241,0.1176980913823019,0.0083863504916136,0.8110599078341014,176.0,domias_kde_sDE,1,CVAE,baseline,0.9723,0.9871,0.9881870351587424,0.9722357589892564,0.9971428511767578,0.9803,0.9875,0.9910138580998532,0.9803028159095454,0.9984645675501927,40.0,0.3604,0.0264072799137976,0.0268639073804085,-0.0003290792573973,0.7872086072922893,16.3346,23.1698,0.3168184172045208,0.3556678370373304,0.0511451725982389,1.0,0.0679583574320416,17.30161943319838,0.9973973395026028,7.63342972816657,1.0,0.092179019341822,0.0531154654261075,0.0570996652538992,0.0423430657242029,0.0694298915583594,0.090542301909258,0.0750896415123423,0.07988163093753,0.0984509601238798,0.0437129754644884,0.0399853145261119,0.0682897245040078,0.9918392328878916,0.9995949367088607,0.9971475444889026,0.9986762510995479,0.9917708520373838,0.7049952956003073
0.7999074716631969,0.576892319727732,0.8318824185011617,0.8317821209102865,0.6435308773803168,0.8888031880704461,0.1162521688837478,0.0144592249855407,0.847926267281106,184.0,domias_kde_dDE,1,CVAE,baseline,0.9723,0.9871,0.9881870351587424,0.9722357589892564,0.9971428511767578,0.9803,0.9875,0.9910138580998532,0.9803028159095454,0.9984645675501927,40.0,0.3604,0.0264072799137976,0.0268639073804085,-0.0003290792573973,0.7872086072922893,16.3346,23.1698,0.3168184172045208,0.3556678370373304,0.0511451725982389,1.0,0.0679583574320416,17.30161943319838,0.9973973395026028,7.63342972816657,1.0,0.092179019341822,0.0531154654261075,0.0570996652538992,0.0423430657242029,0.0694298915583594,0.090542301909258,0.0750896415123423,0.07988163093753,0.0984509601238798,0.0437129754644884,0.0399853145261119,0.0682897245040078,0.9918392328878916,0.9995949367088607,0.9971475444889026,0.9986762510995479,0.9917708520373838,0.7049952956003073
0.8001387925052047,0.5917131089172464,0.8336483823446674,0.8979253807902947,0.0,0.8889460154241645,0.7897628687102372,0.7897628687102372,0.7649769585253456,166.0,gan_leaks_cal_pca,1,CVAE,baseline,0.9723,0.9871,0.9881870351587424,0.9722357589892564,0.9971428511767578,0.9803,0.9875,0.9910138580998532,0.9803028159095454,0.9984645675501927,40.0,0.3604,0.0264072799137976,0.0268639073804085,-0.0003290792573973,0.7872086072922893,16.3346,23.1698,0.3168184172045208,0.3556678370373304,0.0511451725982389,1.0,0.0679583574320416,17.30161943319838,0.9973973395026028,7.63342972816657,1.0,0.092179019341822,0.0531154654261075,0.0570996652538992,0.0423430657242029,0.0694298915583594,0.090542301909258,0.0750896415123423,0.07988163093753,0.0984509601238798,0.0437129754644884,0.0399853145261119,0.0682897245040078,0.9918392328878916,0.9995949367088607,0.9971475444889026,0.9986762510995479,0.9917708520373838,0.7049952956003073
0.799676150821189,0.669104230117312,0.8895846374215051,0.8917935420670587,0.6769887880405766,0.8886889460154241,0.299305957200694,0.117408906882591,0.9585253456221198,208.0,gan_leaks_cal_vDE,1,CVAE,baseline,0.9723,0.9871,0.9881870351587424,0.9722357589892564,0.9971428511767578,0.9803,0.9875,0.9910138580998532,0.9803028159095454,0.9984645675501927,40.0,0.3604,0.0264072799137976,0.0268639073804085,-0.0003290792573973,0.7872086072922893,16.3346,23.1698,0.3168184172045208,0.3556678370373304,0.0511451725982389,1.0,0.0679583574320416,17.30161943319838,0.9973973395026028,7.63342972816657,1.0,0.092179019341822,0.0531154654261075,0.0570996652538992,0.0423430657242029,0.0694298915583594,0.090542301909258,0.0750896415123423,0.07988163093753,0.0984509601238798,0.0437129754644884,0.0399853145261119,0.0682897245040078,0.9918392328878916,0.9995949367088607,0.9971475444889026,0.9986762510995479,0.9917708520373838,0.7049952956003073
0.799676150821189,0.6485893479808904,0.8807919439812592,0.8811730476058173,0.6670226018864567,0.8886889460154241,0.2622903412377096,0.0497397339502602,0.9493087557603688,206.0,gan_leaks_cal_sDE,1,CVAE,baseline,0.9723,0.9871,0.9881870351587424,0.9722357589892564,0.9971428511767578,0.9803,0.9875,0.9910138580998532,0.9803028159095454,0.9984645675501927,40.0,0.3604,0.0264072799137976,0.0268639073804085,-0.0003290792573973,0.7872086072922893,16.3346,23.1698,0.3168184172045208,0.3556678370373304,0.0511451725982389,1.0,0.0679583574320416,17.30161943319838,0.9973973395026028,7.63342972816657,1.0,0.092179019341822,0.0531154654261075,0.0570996652538992,0.0423430657242029,0.0694298915583594,0.090542301909258,0.0750896415123423,0.07988163093753,0.0984509601238798,0.0437129754644884,0.0399853145261119,0.0682897245040078,0.9918392328878916,0.9995949367088607,0.9971475444889026,0.9986762510995479,0.9917708520373838,0.7049952956003073
0.7999074716631969,0.6703704570452365,0.8913924125749427,0.8933369044019958,0.6752091119416266,0.8888031880704461,0.3224407171775593,0.1252168883747831,0.9631336405529954,209.0,gan_leaks_cal_dDE,1,CVAE,baseline,0.9723,0.9871,0.9881870351587424,0.9722357589892564,0.9971428511767578,0.9803,0.9875,0.9910138580998532,0.9803028159095454,0.9984645675501927,40.0,0.3604,0.0264072799137976,0.0268639073804085,-0.0003290792573973,0.7872086072922893,16.3346,23.1698,0.3168184172045208,0.3556678370373304,0.0511451725982389,1.0,0.0679583574320416,17.30161943319838,0.9973973395026028,7.63342972816657,1.0,0.092179019341822,0.0531154654261075,0.0570996652538992,0.0423430657242029,0.0694298915583594,0.090542301909258,0.0750896415123423,0.07988163093753,0.0984509601238798,0.0437129754644884,0.0399853145261119,0.0682897245040078,0.9918392328878916,0.9995949367088607,0.9971475444889026,0.9986762510995479,0.9917708520373838,0.7049952956003073
0.799676150821189,0.5073213826027942,0.8044199677871657,0.8041715339385541,0.6193272824345969,0.8886889460154241,0.1052631578947368,0.0121457489878542,0.8202764976958525,178.0,LOGAN_D1_pca,1,CVAE,baseline,0.9723,0.9871,0.9881870351587424,0.9722357589892564,0.9971428511767578,0.9803,0.9875,0.9910138580998532,0.9803028159095454,0.9984645675501927,40.0,0.3604,0.0264072799137976,0.0268639073804085,-0.0003290792573973,0.7872086072922893,16.3346,23.1698,0.3168184172045208,0.3556678370373304,0.0511451725982389,1.0,0.0679583574320416,17.30161943319838,0.9973973395026028,7.63342972816657,1.0,0.092179019341822,0.0531154654261075,0.0570996652538992,0.0423430657242029,0.0694298915583594,0.090542301909258,0.0750896415123423,0.07988163093753,0.0984509601238798,0.0437129754644884,0.0399853145261119,0.0682897245040078,0.9918392328878916,0.9995949367088607,0.9971475444889026,0.9986762510995479,0.9917708520373838,0.7049952956003073
0.7999074716631969,0.5019965431586971,0.8019703676359566,0.8017950865986545,0.6143441893575369,0.8888031880704461,0.0989010989010989,0.0135916714864083,0.8387096774193549,182.0,LOGAN_D1_vDE,1,CVAE,baseline,0.9723,0.9871,0.9881870351587424,0.9722357589892564,0.9971428511767578,0.9803,0.9875,0.9910138580998532,0.9803028159095454,0.9984645675501927,40.0,0.3604,0.0264072799137976,0.0268639073804085,-0.0003290792573973,0.7872086072922893,16.3346,23.1698,0.3168184172045208,0.3556678370373304,0.0511451725982389,1.0,0.0679583574320416,17.30161943319838,0.9973973395026028,7.63342972816657,1.0,0.092179019341822,0.0531154654261075,0.0570996652538992,0.0423430657242029,0.0694298915583594,0.090542301909258,0.0750896415123423,0.07988163093753,0.0984509601238798,0.0437129754644884,0.0399853145261119,0.0682897245040078,0.9918392328878916,0.9995949367088607,0.9971475444889026,0.9986762510995479,0.9917708520373838,0.7049952956003073
0.799676150821189,0.5020724331950375,0.8021185992236718,0.8018297234824714,0.6122085780387969,0.8886889460154241,0.1093117408906882,0.0063620589936379,0.8064516129032258,175.0,LOGAN_D1_sDE,1,CVAE,baseline,0.9723,0.9871,0.9881870351587424,0.9722357589892564,0.9971428511767578,0.9803,0.9875,0.9910138580998532,0.9803028159095454,0.9984645675501927,40.0,0.3604,0.0264072799137976,0.0268639073804085,-0.0003290792573973,0.7872086072922893,16.3346,23.1698,0.3168184172045208,0.3556678370373304,0.0511451725982389,1.0,0.0679583574320416,17.30161943319838,0.9973973395026028,7.63342972816657,1.0,0.092179019341822,0.0531154654261075,0.0570996652538992,0.0423430657242029,0.0694298915583594,0.090542301909258,0.0750896415123423,0.07988163093753,0.0984509601238798,0.0437129754644884,0.0399853145261119,0.0682897245040078,0.9918392328878916,0.9995949367088607,0.9971475444889026,0.9986762510995479,0.9917708520373838,0.7049952956003073
0.799676150821189,0.5103533065656582,0.8063733640742952,0.8061896030198035,0.6214628937533369,0.8886889460154241,0.1087333718912666,0.0104106419895893,0.8248847926267281,179.0,LOGAN_D1_dDE,1,CVAE,baseline,0.9723,0.9871,0.9881870351587424,0.9722357589892564,0.9971428511767578,0.9803,0.9875,0.9910138580998532,0.9803028159095454,0.9984645675501927,40.0,0.3604,0.0264072799137976,0.0268639073804085,-0.0003290792573973,0.7872086072922893,16.3346,23.1698,0.3168184172045208,0.3556678370373304,0.0511451725982389,1.0,0.0679583574320416,17.30161943319838,0.9973973395026028,7.63342972816657,1.0,0.092179019341822,0.0531154654261075,0.0570996652538992,0.0423430657242029,0.0694298915583594,0.090542301909258,0.0750896415123423,0.07988163093753,0.0984509601238798,0.0437129754644884,0.0399853145261119,0.0682897245040078,0.9918392328878916,0.9995949367088607,0.9971475444889026,0.9986762510995479,0.9917708520373838,0.7049952956003073
0.2798982188295165,0.5306199580766054,0.8090185143099657,0.8524571184734269,0.1999485993317913,0.1999485993317913,1.0,0.0138808559861191,0.8940092165898618,194.0,MC,2,CVAE,baseline,0.9676,0.983,0.9840760008298982,0.9674013339585624,0.9972969134678126,0.978,0.9933,0.9940760462232364,0.978010199346212,0.999399642449856,47.0,0.4123,0.0258752189865138,0.025160984940618,-0.0002804506456405,0.7757793764988009,16.4544,23.2381,0.3230295735321479,0.3473900804823527,0.0485196773835932,0.9997108155002892,0.072006940427993,17.432446500867552,0.9962406015037594,7.753152111046848,1.0,0.0951708189436506,0.0538653229493145,0.046482128064214,0.0514857143082051,0.0663822665990984,0.1010493108644642,0.0841174413736393,0.08663669875905,0.0978551413990924,0.0421917963070122,0.0348126460923816,0.079912502421,0.9893660531697341,0.9896305245142455,0.9899403617748048,0.9978960078703961,0.9891526025037964,0.708078543426528
0.8001387925052047,0.6343641451338439,0.8622316464219928,0.862133914600115,0.6677344723260367,0.8889460154241645,0.2064777327935222,0.0190861769809138,0.912442396313364,198.0,gan_leaks,2,CVAE,baseline,0.9676,0.983,0.9840760008298982,0.9674013339585624,0.9972969134678126,0.978,0.9933,0.9940760462232364,0.978010199346212,0.999399642449856,47.0,0.4123,0.0258752189865138,0.025160984940618,-0.0002804506456405,0.7757793764988009,16.4544,23.2381,0.3230295735321479,0.3473900804823527,0.0485196773835932,0.9997108155002892,0.072006940427993,17.432446500867552,0.9962406015037594,7.753152111046848,1.0,0.0951708189436506,0.0538653229493145,0.046482128064214,0.0514857143082051,0.0663822665990984,0.1010493108644642,0.0841174413736393,0.08663669875905,0.0978551413990924,0.0421917963070122,0.0348126460923816,0.079912502421,0.9893660531697341,0.9896305245142455,0.9899403617748048,0.9978960078703961,0.9891526025037964,0.708078543426528
0.7999074716631969,0.508333528351782,0.7998289713601846,0.7996606317053276,0.6179035415554369,0.8888031880704461,0.0867553499132446,0.0104106419895893,0.7972350230414746,173.0,loss_lr,2,CVAE,baseline,0.9676,0.983,0.9840760008298982,0.9674013339585624,0.9972969134678126,0.978,0.9933,0.9940760462232364,0.978010199346212,0.999399642449856,47.0,0.4123,0.0258752189865138,0.025160984940618,-0.0002804506456405,0.7757793764988009,16.4544,23.2381,0.3230295735321479,0.3473900804823527,0.0485196773835932,0.9997108155002892,0.072006940427993,17.432446500867552,0.9962406015037594,7.753152111046848,1.0,0.0951708189436506,0.0538653229493145,0.046482128064214,0.0514857143082051,0.0663822665990984,0.1010493108644642,0.0841174413736393,0.08663669875905,0.0978551413990924,0.0421917963070122,0.0348126460923816,0.079912502421,0.9893660531697341,0.9896305245142455,0.9899403617748048,0.9978960078703961,0.9891526025037964,0.708078543426528
0.8001387925052047,0.514246766315522,0.8020596329155664,0.8018918734732663,0.618971347214807,0.8889174595011571,0.0974551764025448,0.0060728744939271,0.783410138248848,170.0,loss_rf,2,CVAE,baseline,0.9676,0.983,0.9840760008298982,0.9674013339585624,0.9972969134678126,0.978,0.9933,0.9940760462232364,0.978010199346212,0.999399642449856,47.0,0.4123,0.0258752189865138,0.025160984940618,-0.0002804506456405,0.7757793764988009,16.4544,23.2381,0.3230295735321479,0.3473900804823527,0.0485196773835932,0.9997108155002892,0.072006940427993,17.432446500867552,0.9962406015037594,7.753152111046848,1.0,0.0951708189436506,0.0538653229493145,0.046482128064214,0.0514857143082051,0.0663822665990984,0.1010493108644642,0.0841174413736393,0.08663669875905,0.0978551413990924,0.0421917963070122,0.0348126460923816,0.079912502421,0.9893660531697341,0.9896305245142455,0.9899403617748048,0.9978960078703961,0.9891526025037964,0.708078543426528
0.799676150821189,0.4975053240036508,0.798592953036148,0.7984431961620011,0.6129204484783769,0.8886889460154241,0.0922498554077501,0.007807981492192,0.7972350230414746,173.0,LOGAN_D1,2,CVAE,baseline,0.9676,0.983,0.9840760008298982,0.9674013339585624,0.9972969134678126,0.978,0.9933,0.9940760462232364,0.978010199346212,0.999399642449856,47.0,0.4123,0.0258752189865138,0.025160984940618,-0.0002804506456405,0.7757793764988009,16.4544,23.2381,0.3230295735321479,0.3473900804823527,0.0485196773835932,0.9997108155002892,0.072006940427993,17.432446500867552,0.9962406015037594,7.753152111046848,1.0,0.0951708189436506,0.0538653229493145,0.046482128064214,0.0514857143082051,0.0663822665990984,0.1010493108644642,0.0841174413736393,0.08663669875905,0.0978551413990924,0.0421917963070122,0.0348126460923816,0.079912502421,0.9893660531697341,0.9896305245142455,0.9899403617748048,0.9978960078703961,0.9891526025037964,0.708078543426528
0.799676150821189,0.5533527014512716,0.8183482588920126,0.9000941661275976,0.0,0.8886889460154241,0.9051474840948524,0.9051474840948524,0.8202764976958525,178.0,gan_leaks_cal,2,CVAE,baseline,0.9676,0.983,0.9840760008298982,0.9674013339585624,0.9972969134678126,0.978,0.9933,0.9940760462232364,0.978010199346212,0.999399642449856,47.0,0.4123,0.0258752189865138,0.025160984940618,-0.0002804506456405,0.7757793764988009,16.4544,23.2381,0.3230295735321479,0.3473900804823527,0.0485196773835932,0.9997108155002892,0.072006940427993,17.432446500867552,0.9962406015037594,7.753152111046848,1.0,0.0951708189436506,0.0538653229493145,0.046482128064214,0.0514857143082051,0.0663822665990984,0.1010493108644642,0.0841174413736393,0.08663669875905,0.0978551413990924,0.0421917963070122,0.0348126460923816,0.079912502421,0.9893660531697341,0.9896305245142455,0.9899403617748048,0.9978960078703961,0.9891526025037964,0.708078543426528
0.799676150821189,0.6006352029473416,0.8480897096432957,0.8478745202268664,0.6488699056771667,0.8886889460154241,0.175534991324465,0.0196645459803354,0.8894009216589862,193.0,domias_kde_pca,2,CVAE,baseline,0.9676,0.983,0.9840760008298982,0.9674013339585624,0.9972969134678126,0.978,0.9933,0.9940760462232364,0.978010199346212,0.999399642449856,47.0,0.4123,0.0258752189865138,0.025160984940618,-0.0002804506456405,0.7757793764988009,16.4544,23.2381,0.3230295735321479,0.3473900804823527,0.0485196773835932,0.9997108155002892,0.072006940427993,17.432446500867552,0.9962406015037594,7.753152111046848,1.0,0.0951708189436506,0.0538653229493145,0.046482128064214,0.0514857143082051,0.0663822665990984,0.1010493108644642,0.0841174413736393,0.08663669875905,0.0978551413990924,0.0421917963070122,0.0348126460923816,0.079912502421,0.9893660531697341,0.9896305245142455,0.9899403617748048,0.9978960078703961,0.9891526025037964,0.708078543426528
0.8001387925052047,0.5868556451154565,0.8436114911915453,0.8435071546946815,0.6438868126001068,0.8889460154241645,0.1772700983227299,0.0193753614806246,0.8940092165898618,194.0,domias_kde_vDE,2,CVAE,baseline,0.9676,0.983,0.9840760008298982,0.9674013339585624,0.9972969134678126,0.978,0.9933,0.9940760462232364,0.978010199346212,0.999399642449856,47.0,0.4123,0.0258752189865138,0.025160984940618,-0.0002804506456405,0.7757793764988009,16.4544,23.2381,0.3230295735321479,0.3473900804823527,0.0485196773835932,0.9997108155002892,0.072006940427993,17.432446500867552,0.9962406015037594,7.753152111046848,1.0,0.0951708189436506,0.0538653229493145,0.046482128064214,0.0514857143082051,0.0663822665990984,0.1010493108644642,0.0841174413736393,0.08663669875905,0.0978551413990924,0.0421917963070122,0.0348126460923816,0.079912502421,0.9893660531697341,0.9896305245142455,0.9899403617748048,0.9978960078703961,0.9891526025037964,0.708078543426528
0.799676150821189,0.584119926316458,0.8398501313039992,0.839694135934315,0.6431749421605267,0.8886603239907431,0.1596298438403701,0.0138808559861191,0.880184331797235,191.0,domias_kde_sDE,2,CVAE,baseline,0.9676,0.983,0.9840760008298982,0.9674013339585624,0.9972969134678126,0.978,0.9933,0.9940760462232364,0.978010199346212,0.999399642449856,47.0,0.4123,0.0258752189865138,0.025160984940618,-0.0002804506456405,0.7757793764988009,16.4544,23.2381,0.3230295735321479,0.3473900804823527,0.0485196773835932,0.9997108155002892,0.072006940427993,17.432446500867552,0.9962406015037594,7.753152111046848,1.0,0.0951708189436506,0.0538653229493145,0.046482128064214,0.0514857143082051,0.0663822665990984,0.1010493108644642,0.0841174413736393,0.08663669875905,0.0978551413990924,0.0421917963070122,0.0348126460923816,0.079912502421,0.9893660531697341,0.9896305245142455,0.9899403617748048,0.9978960078703961,0.9891526025037964,0.708078543426528
0.8006014341892205,0.5797443809612961,0.8411170096898211,0.8410261974184696,0.6435308773803168,0.8891460905349794,0.169172932330827,0.018796992481203,0.8755760368663594,190.0,domias_kde_dDE,2,CVAE,baseline,0.9676,0.983,0.9840760008298982,0.9674013339585624,0.9972969134678126,0.978,0.9933,0.9940760462232364,0.978010199346212,0.999399642449856,47.0,0.4123,0.0258752189865138,0.025160984940618,-0.0002804506456405,0.7757793764988009,16.4544,23.2381,0.3230295735321479,0.3473900804823527,0.0485196773835932,0.9997108155002892,0.072006940427993,17.432446500867552,0.9962406015037594,7.753152111046848,1.0,0.0951708189436506,0.0538653229493145,0.046482128064214,0.0514857143082051,0.0663822665990984,0.1010493108644642,0.0841174413736393,0.08663669875905,0.0978551413990924,0.0421917963070122,0.0348126460923816,0.079912502421,0.9893660531697341,0.9896305245142455,0.9899403617748048,0.9978960078703961,0.9891526025037964,0.708078543426528
0.799676150821189,0.5782772293116072,0.8283652941725653,0.893622610385933,0.0,0.8886889460154241,0.7732793522267206,0.7732793522267206,0.815668202764977,177.0,gan_leaks_cal_pca,2,CVAE,baseline,0.9676,0.983,0.9840760008298982,0.9674013339585624,0.9972969134678126,0.978,0.9933,0.9940760462232364,0.978010199346212,0.999399642449856,47.0,0.4123,0.0258752189865138,0.025160984940618,-0.0002804506456405,0.7757793764988009,16.4544,23.2381,0.3230295735321479,0.3473900804823527,0.0485196773835932,0.9997108155002892,0.072006940427993,17.432446500867552,0.9962406015037594,7.753152111046848,1.0,0.0951708189436506,0.0538653229493145,0.046482128064214,0.0514857143082051,0.0663822665990984,0.1010493108644642,0.0841174413736393,0.08663669875905,0.0978551413990924,0.0421917963070122,0.0348126460923816,0.079912502421,0.9893660531697341,0.9896305245142455,0.9899403617748048,0.9978960078703961,0.9891526025037964,0.708078543426528
0.799676150821189,0.661794381462772,0.8879376010465636,0.889778826983038,0.6702260188645667,0.8886889460154241,0.3126084441873915,0.1197223828802776,0.9539170506912442,207.0,gan_leaks_cal_vDE,2,CVAE,baseline,0.9676,0.983,0.9840760008298982,0.9674013339585624,0.9972969134678126,0.978,0.9933,0.9940760462232364,0.978010199346212,0.999399642449856,47.0,0.4123,0.0258752189865138,0.025160984940618,-0.0002804506456405,0.7757793764988009,16.4544,23.2381,0.3230295735321479,0.3473900804823527,0.0485196773835932,0.9997108155002892,0.072006940427993,17.432446500867552,0.9962406015037594,7.753152111046848,1.0,0.0951708189436506,0.0538653229493145,0.046482128064214,0.0514857143082051,0.0663822665990984,0.1010493108644642,0.0841174413736393,0.08663669875905,0.0978551413990924,0.0421917963070122,0.0348126460923816,0.079912502421,0.9893660531697341,0.9896305245142455,0.9899403617748048,0.9978960078703961,0.9891526025037964,0.708078543426528
0.8003701133472125,0.6366527144896479,0.878400185474207,0.8785246615763737,0.6659547962270866,0.8890317603188891,0.266338924233661,0.0714285714285714,0.967741935483871,210.0,gan_leaks_cal_sDE,2,CVAE,baseline,0.9676,0.983,0.9840760008298982,0.9674013339585624,0.9972969134678126,0.978,0.9933,0.9940760462232364,0.978010199346212,0.999399642449856,47.0,0.4123,0.0258752189865138,0.025160984940618,-0.0002804506456405,0.7757793764988009,16.4544,23.2381,0.3230295735321479,0.3473900804823527,0.0485196773835932,0.9997108155002892,0.072006940427993,17.432446500867552,0.9962406015037594,7.753152111046848,1.0,0.0951708189436506,0.0538653229493145,0.046482128064214,0.0514857143082051,0.0663822665990984,0.1010493108644642,0.0841174413736393,0.08663669875905,0.0978551413990924,0.0421917963070122,0.0348126460923816,0.079912502421,0.9893660531697341,0.9896305245142455,0.9899403617748048,0.9978960078703961,0.9891526025037964,0.708078543426528
0.7999074716631969,0.6718329282521555,0.8927277655054184,0.8946768257545659,0.6744972415020466,0.8888031880704461,0.3273568536726431,0.1255060728744939,0.9723502304147466,211.0,gan_leaks_cal_dDE,2,CVAE,baseline,0.9676,0.983,0.9840760008298982,0.9674013339585624,0.9972969134678126,0.978,0.9933,0.9940760462232364,0.978010199346212,0.999399642449856,47.0,0.4123,0.0258752189865138,0.025160984940618,-0.0002804506456405,0.7757793764988009,16.4544,23.2381,0.3230295735321479,0.3473900804823527,0.0485196773835932,0.9997108155002892,0.072006940427993,17.432446500867552,0.9962406015037594,7.753152111046848,1.0,0.0951708189436506,0.0538653229493145,0.046482128064214,0.0514857143082051,0.0663822665990984,0.1010493108644642,0.0841174413736393,0.08663669875905,0.0978551413990924,0.0421917963070122,0.0348126460923816,0.079912502421,0.9893660531697341,0.9896305245142455,0.9899403617748048,0.9978960078703961,0.9891526025037964,0.708078543426528
0.8001387925052047,0.501284447222993,0.8031600107511574,0.8030233829332993,0.6136323189179569,0.8889174595011571,0.1113360323886639,0.0083863504916136,0.8018433179723502,174.0,LOGAN_D1_pca,2,CVAE,baseline,0.9676,0.983,0.9840760008298982,0.9674013339585624,0.9972969134678126,0.978,0.9933,0.9940760462232364,0.978010199346212,0.999399642449856,47.0,0.4123,0.0258752189865138,0.025160984940618,-0.0002804506456405,0.7757793764988009,16.4544,23.2381,0.3230295735321479,0.3473900804823527,0.0485196773835932,0.9997108155002892,0.072006940427993,17.432446500867552,0.9962406015037594,7.753152111046848,1.0,0.0951708189436506,0.0538653229493145,0.046482128064214,0.0514857143082051,0.0663822665990984,0.1010493108644642,0.0841174413736393,0.08663669875905,0.0978551413990924,0.0421917963070122,0.0348126460923816,0.079912502421,0.9893660531697341,0.9896305245142455,0.9899403617748048,0.9978960078703961,0.9891526025037964,0.708078543426528
0.799676150821189,0.4845461809258584,0.7914466843086319,0.7912731897459868,0.611852642819007,0.8886889460154241,0.0847310584152689,0.0089647194910352,0.7741935483870968,168.0,LOGAN_D1_vDE,2,CVAE,baseline,0.9676,0.983,0.9840760008298982,0.9674013339585624,0.9972969134678126,0.978,0.9933,0.9940760462232364,0.978010199346212,0.999399642449856,47.0,0.4123,0.0258752189865138,0.025160984940618,-0.0002804506456405,0.7757793764988009,16.4544,23.2381,0.3230295735321479,0.3473900804823527,0.0485196773835932,0.9997108155002892,0.072006940427993,17.432446500867552,0.9962406015037594,7.753152111046848,1.0,0.0951708189436506,0.0538653229493145,0.046482128064214,0.0514857143082051,0.0663822665990984,0.1010493108644642,0.0841174413736393,0.08663669875905,0.0978551413990924,0.0421917963070122,0.0348126460923816,0.079912502421,0.9893660531697341,0.9896305245142455,0.9899403617748048,0.9978960078703961,0.9891526025037964,0.708078543426528
0.8001387925052047,0.5090230578669885,0.8005543855312673,0.8003477351638593,0.6171916711158569,0.8889460154241645,0.0991902834008097,0.0037593984962406,0.8018433179723502,174.0,LOGAN_D1_sDE,2,CVAE,baseline,0.9676,0.983,0.9840760008298982,0.9674013339585624,0.9972969134678126,0.978,0.9933,0.9940760462232364,0.978010199346212,0.999399642449856,47.0,0.4123,0.0258752189865138,0.025160984940618,-0.0002804506456405,0.7757793764988009,16.4544,23.2381,0.3230295735321479,0.3473900804823527,0.0485196773835932,0.9997108155002892,0.072006940427993,17.432446500867552,0.9962406015037594,7.753152111046848,1.0,0.0951708189436506,0.0538653229493145,0.046482128064214,0.0514857143082051,0.0663822665990984,0.1010493108644642,0.0841174413736393,0.08663669875905,0.0978551413990924,0.0421917963070122,0.0348126460923816,0.079912502421,0.9893660531697341,0.9896305245142455,0.9899403617748048,0.9978960078703961,0.9891526025037964,0.708078543426528
0.7999074716631969,0.506342167111866,0.8044704293585755,0.8043583480835383,0.615056059797117,0.8888031880704461,0.1101792943898207,0.0144592249855407,0.8110599078341014,176.0,LOGAN_D1_dDE,2,CVAE,baseline,0.9676,0.983,0.9840760008298982,0.9674013339585624,0.9972969134678126,0.978,0.9933,0.9940760462232364,0.978010199346212,0.999399642449856,47.0,0.4123,0.0258752189865138,0.025160984940618,-0.0002804506456405,0.7757793764988009,16.4544,23.2381,0.3230295735321479,0.3473900804823527,0.0485196773835932,0.9997108155002892,0.072006940427993,17.432446500867552,0.9962406015037594,7.753152111046848,1.0,0.0951708189436506,0.0538653229493145,0.046482128064214,0.0514857143082051,0.0663822665990984,0.1010493108644642,0.0841174413736393,0.08663669875905,0.0978551413990924,0.0421917963070122,0.0348126460923816,0.079912502421,0.9893660531697341,0.9896305245142455,0.9899403617748048,0.9978960078703961,0.9891526025037964,0.708078543426528
0.2833680314596345,0.536466029306265,0.8126488700900719,0.8640997983590006,0.2040082219938335,0.2040082219938335,1.0,0.023417172593235,0.912442396313364,198.0,MC,4,CVAE,baseline,0.9745,0.9866,0.9882233208885997,0.9747035429601985,0.9964300951474768,0.9769,0.992,0.9918679111146664,0.9768682563355904,0.9986234518073068,54.0,0.4779,0.0226693354314168,0.0231591904669108,-0.0002183343025316,0.7995233839737861,16.9918,23.363,0.2527727733649523,0.3052725549744324,0.0571248821154787,0.9997108991037872,0.1202659728245157,13.42012142237641,0.9976871928302976,6.608904307603353,1.0,0.0797456226005554,0.0439746184883482,0.0456915277620825,0.0363064960999285,0.0533979494048609,0.0807447778727142,0.0610086575014231,0.0647853264074674,0.0652133921239128,0.0278415618344437,0.0296967606090789,0.069544775641567,0.9975432490531273,0.9945564516129033,0.9963255286462781,0.9978036199171365,0.9977840273124319,0.7272952959808244
0.8001387925052047,0.6494932703735826,0.8701442057212573,0.8700710249325176,0.6740213523131673,0.8889460154241645,0.2009251228678809,0.0251517779705117,0.9170506912442395,199.0,gan_leaks,4,CVAE,baseline,0.9745,0.9866,0.9882233208885997,0.9747035429601985,0.9964300951474768,0.9769,0.992,0.9918679111146664,0.9768682563355904,0.9986234518073068,54.0,0.4779,0.0226693354314168,0.0231591904669108,-0.0002183343025316,0.7995233839737861,16.9918,23.363,0.2527727733649523,0.3052725549744324,0.0571248821154787,0.9997108991037872,0.1202659728245157,13.42012142237641,0.9976871928302976,6.608904307603353,1.0,0.0797456226005554,0.0439746184883482,0.0456915277620825,0.0363064960999285,0.0533979494048609,0.0807447778727142,0.0610086575014231,0.0647853264074674,0.0652133921239128,0.0278415618344437,0.0296967606090789,0.069544775641567,0.9975432490531273,0.9945564516129033,0.9963255286462781,0.9978036199171365,0.9977840273124319,0.7272952959808244
0.7999074716631969,0.4902448523979313,0.7959327103729829,0.7957821499543822,0.6099644128113879,0.8888317696954119,0.0974270020237062,0.0115640358485111,0.7926267281105991,172.0,loss_lr,4,CVAE,baseline,0.9745,0.9866,0.9882233208885997,0.9747035429601985,0.9964300951474768,0.9769,0.992,0.9918679111146664,0.9768682563355904,0.9986234518073068,54.0,0.4779,0.0226693354314168,0.0231591904669108,-0.0002183343025316,0.7995233839737861,16.9918,23.363,0.2527727733649523,0.3052725549744324,0.0571248821154787,0.9997108991037872,0.1202659728245157,13.42012142237641,0.9976871928302976,6.608904307603353,1.0,0.0797456226005554,0.0439746184883482,0.0456915277620825,0.0363064960999285,0.0533979494048609,0.0807447778727142,0.0610086575014231,0.0647853264074674,0.0652133921239128,0.0278415618344437,0.0296967606090789,0.069544775641567,0.9975432490531273,0.9945564516129033,0.9963255286462781,0.9978036199171365,0.9977840273124319,0.7272952959808244
0.8001387925052047,0.5162458642510681,0.8058687507633022,0.8057955707408258,0.6238434163701068,0.8889460154241645,0.0870193697600462,0.013009540329575,0.8202764976958525,178.0,loss_rf,4,CVAE,baseline,0.9745,0.9866,0.9882233208885997,0.9747035429601985,0.9964300951474768,0.9769,0.992,0.9918679111146664,0.9768682563355904,0.9986234518073068,54.0,0.4779,0.0226693354314168,0.0231591904669108,-0.0002183343025316,0.7995233839737861,16.9918,23.363,0.2527727733649523,0.3052725549744324,0.0571248821154787,0.9997108991037872,0.1202659728245157,13.42012142237641,0.9976871928302976,6.608904307603353,1.0,0.0797456226005554,0.0439746184883482,0.0456915277620825,0.0363064960999285,0.0533979494048609,0.0807447778727142,0.0610086575014231,0.0647853264074674,0.0652133921239128,0.0278415618344437,0.0296967606090789,0.069544775641567,0.9975432490531273,0.9945564516129033,0.9963255286462781,0.9978036199171365,0.9977840273124319,0.7272952959808244
0.8003701133472125,0.4831354464467358,0.788715299470821,0.7884811060072616,0.61067615658363,0.88891749259879,0.0835501590054929,0.0034692107545533,0.7788018433179723,169.0,LOGAN_D1,4,CVAE,baseline,0.9745,0.9866,0.9882233208885997,0.9747035429601985,0.9964300951474768,0.9769,0.992,0.9918679111146664,0.9768682563355904,0.9986234518073068,54.0,0.4779,0.0226693354314168,0.0231591904669108,-0.0002183343025316,0.7995233839737861,16.9918,23.363,0.2527727733649523,0.3052725549744324,0.0571248821154787,0.9997108991037872,0.1202659728245157,13.42012142237641,0.9976871928302976,6.608904307603353,1.0,0.0797456226005554,0.0439746184883482,0.0456915277620825,0.0363064960999285,0.0533979494048609,0.0807447778727142,0.0610086575014231,0.0647853264074674,0.0652133921239128,0.0278415618344437,0.0296967606090789,0.069544775641567,0.9975432490531273,0.9945564516129033,0.9963255286462781,0.9978036199171365,0.9977840273124319,0.7272952959808244
0.7999074716631969,0.5581245047808723,0.8199583455834928,0.90229469913407,0.0,0.8888317696954119,0.9187626481642092,0.9187626481642092,0.8110599078341014,176.0,gan_leaks_cal,4,CVAE,baseline,0.9745,0.9866,0.9882233208885997,0.9747035429601985,0.9964300951474768,0.9769,0.992,0.9918679111146664,0.9768682563355904,0.9986234518073068,54.0,0.4779,0.0226693354314168,0.0231591904669108,-0.0002183343025316,0.7995233839737861,16.9918,23.363,0.2527727733649523,0.3052725549744324,0.0571248821154787,0.9997108991037872,0.1202659728245157,13.42012142237641,0.9976871928302976,6.608904307603353,1.0,0.0797456226005554,0.0439746184883482,0.0456915277620825,0.0363064960999285,0.0533979494048609,0.0807447778727142,0.0610086575014231,0.0647853264074674,0.0652133921239128,0.0278415618344437,0.0296967606090789,0.069544775641567,0.9975432490531273,0.9945564516129033,0.9963255286462781,0.9978036199171365,0.9977840273124319,0.7272952959808244
0.7999074716631969,0.6197807919223068,0.856826265125773,0.8567438721455961,0.6576512455516014,0.8888317696954119,0.169413125180688,0.0323793003758311,0.9308755760368664,202.0,domias_kde_pca,4,CVAE,baseline,0.9745,0.9866,0.9882233208885997,0.9747035429601985,0.9964300951474768,0.9769,0.992,0.9918679111146664,0.9768682563355904,0.9986234518073068,54.0,0.4779,0.0226693354314168,0.0231591904669108,-0.0002183343025316,0.7995233839737861,16.9918,23.363,0.2527727733649523,0.3052725549744324,0.0571248821154787,0.9997108991037872,0.1202659728245157,13.42012142237641,0.9976871928302976,6.608904307603353,1.0,0.0797456226005554,0.0439746184883482,0.0456915277620825,0.0363064960999285,0.0533979494048609,0.0807447778727142,0.0610086575014231,0.0647853264074674,0.0652133921239128,0.0278415618344437,0.0296967606090789,0.069544775641567,0.9975432490531273,0.9945564516129033,0.9963255286462781,0.9978036199171365,0.9977840273124319,0.7272952959808244
0.7999074716631969,0.5956395286584647,0.8488011331857547,0.8487395033540546,0.6476868327402135,0.8888317696954119,0.1601618965018791,0.0349812084417461,0.8894009216589862,193.0,domias_kde_vDE,4,CVAE,baseline,0.9745,0.9866,0.9882233208885997,0.9747035429601985,0.9964300951474768,0.9769,0.992,0.9918679111146664,0.9768682563355904,0.9986234518073068,54.0,0.4779,0.0226693354314168,0.0231591904669108,-0.0002183343025316,0.7995233839737861,16.9918,23.363,0.2527727733649523,0.3052725549744324,0.0571248821154787,0.9997108991037872,0.1202659728245157,13.42012142237641,0.9976871928302976,6.608904307603353,1.0,0.0797456226005554,0.0439746184883482,0.0456915277620825,0.0363064960999285,0.0533979494048609,0.0807447778727142,0.0610086575014231,0.0647853264074674,0.0652133921239128,0.0278415618344437,0.0296967606090789,0.069544775641567,0.9975432490531273,0.9945564516129033,0.9963255286462781,0.9978036199171365,0.9977840273124319,0.7272952959808244
0.8001387925052047,0.6004207354940949,0.8436295601626483,0.8435032946226648,0.6533807829181495,0.8889174595011571,0.1621856027753686,0.0159005492917028,0.8663594470046083,188.0,domias_kde_sDE,4,CVAE,baseline,0.9745,0.9866,0.9882233208885997,0.9747035429601985,0.9964300951474768,0.9769,0.992,0.9918679111146664,0.9768682563355904,0.9986234518073068,54.0,0.4779,0.0226693354314168,0.0231591904669108,-0.0002183343025316,0.7995233839737861,16.9918,23.363,0.2527727733649523,0.3052725549744324,0.0571248821154787,0.9997108991037872,0.1202659728245157,13.42012142237641,0.9976871928302976,6.608904307603353,1.0,0.0797456226005554,0.0439746184883482,0.0456915277620825,0.0363064960999285,0.0533979494048609,0.0807447778727142,0.0610086575014231,0.0647853264074674,0.0652133921239128,0.0278415618344437,0.0296967606090789,0.069544775641567,0.9975432490531273,0.9945564516129033,0.9963255286462781,0.9978036199171365,0.9977840273124319,0.7272952959808244
0.8001387925052047,0.6031755591960853,0.8483685308716278,0.8482140442794639,0.6530249110320284,0.8889460154241645,0.1723041341428158,0.023417172593235,0.880184331797235,191.0,domias_kde_dDE,4,CVAE,baseline,0.9745,0.9866,0.9882233208885997,0.9747035429601985,0.9964300951474768,0.9769,0.992,0.9918679111146664,0.9768682563355904,0.9986234518073068,54.0,0.4779,0.0226693354314168,0.0231591904669108,-0.0002183343025316,0.7995233839737861,16.9918,23.363,0.2527727733649523,0.3052725549744324,0.0571248821154787,0.9997108991037872,0.1202659728245157,13.42012142237641,0.9976871928302976,6.608904307603353,1.0,0.0797456226005554,0.0439746184883482,0.0456915277620825,0.0363064960999285,0.0533979494048609,0.0807447778727142,0.0610086575014231,0.0647853264074674,0.0652133921239128,0.0278415618344437,0.0296967606090789,0.069544775641567,0.9975432490531273,0.9945564516129033,0.9963255286462781,0.9978036199171365,0.9977840273124319,0.7272952959808244
0.8003701133472125,0.5823102708447099,0.8300498372825811,0.8957943693993743,0.0,0.8890888060660583,0.7875108412836079,0.7875108412836079,0.8387096774193549,182.0,gan_leaks_cal_pca,4,CVAE,baseline,0.9745,0.9866,0.9882233208885997,0.9747035429601985,0.9964300951474768,0.9769,0.992,0.9918679111146664,0.9768682563355904,0.9986234518073068,54.0,0.4779,0.0226693354314168,0.0231591904669108,-0.0002183343025316,0.7995233839737861,16.9918,23.363,0.2527727733649523,0.3052725549744324,0.0571248821154787,0.9997108991037872,0.1202659728245157,13.42012142237641,0.9976871928302976,6.608904307603353,1.0,0.0797456226005554,0.0439746184883482,0.0456915277620825,0.0363064960999285,0.0533979494048609,0.0807447778727142,0.0610086575014231,0.0647853264074674,0.0652133921239128,0.0278415618344437,0.0296967606090789,0.069544775641567,0.9975432490531273,0.9945564516129033,0.9963255286462781,0.9978036199171365,0.9977840273124319,0.7272952959808244
0.7999074716631969,0.664567171790177,0.8901659996839898,0.8918306714108417,0.6743772241992882,0.8888317696954119,0.3209019947961838,0.1150621566926857,0.9631336405529954,209.0,gan_leaks_cal_vDE,4,CVAE,baseline,0.9745,0.9866,0.9882233208885997,0.9747035429601985,0.9964300951474768,0.9769,0.992,0.9918679111146664,0.9768682563355904,0.9986234518073068,54.0,0.4779,0.0226693354314168,0.0231591904669108,-0.0002183343025316,0.7995233839737861,16.9918,23.363,0.2527727733649523,0.3052725549744324,0.0571248821154787,0.9997108991037872,0.1202659728245157,13.42012142237641,0.9976871928302976,6.608904307603353,1.0,0.0797456226005554,0.0439746184883482,0.0456915277620825,0.0363064960999285,0.0533979494048609,0.0807447778727142,0.0610086575014231,0.0647853264074674,0.0652133921239128,0.0278415618344437,0.0296967606090789,0.069544775641567,0.9975432490531273,0.9945564516129033,0.9963255286462781,0.9978036199171365,0.9977840273124319,0.7272952959808244
0.7999074716631969,0.6722002385082394,0.8919738398206605,0.8920907562445154,0.6775800711743772,0.8888317696954119,0.294593813240821,0.0737207285342584,0.976958525345622,212.0,gan_leaks_cal_sDE,4,CVAE,baseline,0.9745,0.9866,0.9882233208885997,0.9747035429601985,0.9964300951474768,0.9769,0.992,0.9918679111146664,0.9768682563355904,0.9986234518073068,54.0,0.4779,0.0226693354314168,0.0231591904669108,-0.0002183343025316,0.7995233839737861,16.9918,23.363,0.2527727733649523,0.3052725549744324,0.0571248821154787,0.9997108991037872,0.1202659728245157,13.42012142237641,0.9976871928302976,6.608904307603353,1.0,0.0797456226005554,0.0439746184883482,0.0456915277620825,0.0363064960999285,0.0533979494048609,0.0807447778727142,0.0610086575014231,0.0647853264074674,0.0652133921239128,0.0278415618344437,0.0296967606090789,0.069544775641567,0.9975432490531273,0.9945564516129033,0.9963255286462781,0.9978036199171365,0.9977840273124319,0.7272952959808244
0.7999074716631969,0.6777712863919136,0.8957781520573231,0.8973472375627884,0.6768683274021352,0.8888317696954119,0.34547557097427,0.1332755131540907,0.9907834101382488,215.0,gan_leaks_cal_dDE,4,CVAE,baseline,0.9745,0.9866,0.9882233208885997,0.9747035429601985,0.9964300951474768,0.9769,0.992,0.9918679111146664,0.9768682563355904,0.9986234518073068,54.0,0.4779,0.0226693354314168,0.0231591904669108,-0.0002183343025316,0.7995233839737861,16.9918,23.363,0.2527727733649523,0.3052725549744324,0.0571248821154787,0.9997108991037872,0.1202659728245157,13.42012142237641,0.9976871928302976,6.608904307603353,1.0,0.0797456226005554,0.0439746184883482,0.0456915277620825,0.0363064960999285,0.0533979494048609,0.0807447778727142,0.0610086575014231,0.0647853264074674,0.0652133921239128,0.0278415618344437,0.0296967606090789,0.069544775641567,0.9975432490531273,0.9945564516129033,0.9963255286462781,0.9978036199171365,0.9977840273124319,0.7272952959808244
0.8010640758732361,0.5067215958369471,0.7980960028805408,0.7978664939179092,0.6181494661921708,0.8894317305219851,0.0835501590054929,0.00520381613183,0.7788018433179723,169.0,LOGAN_D1_pca,4,CVAE,baseline,0.9745,0.9866,0.9882233208885997,0.9747035429601985,0.9964300951474768,0.9769,0.992,0.9918679111146664,0.9768682563355904,0.9986234518073068,54.0,0.4779,0.0226693354314168,0.0231591904669108,-0.0002183343025316,0.7995233839737861,16.9918,23.363,0.2527727733649523,0.3052725549744324,0.0571248821154787,0.9997108991037872,0.1202659728245157,13.42012142237641,0.9976871928302976,6.608904307603353,1.0,0.0797456226005554,0.0439746184883482,0.0456915277620825,0.0363064960999285,0.0533979494048609,0.0807447778727142,0.0610086575014231,0.0647853264074674,0.0652133921239128,0.0278415618344437,0.0296967606090789,0.069544775641567,0.9975432490531273,0.9945564516129033,0.9963255286462781,0.9978036199171365,0.9977840273124319,0.7272952959808244
0.8003701133472125,0.4848165146210101,0.7838192905998885,0.7836713731184122,0.6142348754448399,0.8890602905257745,0.0696733159872795,0.0066493206128939,0.7096774193548387,154.0,LOGAN_D1_vDE,4,CVAE,baseline,0.9745,0.9866,0.9882233208885997,0.9747035429601985,0.9964300951474768,0.9769,0.992,0.9918679111146664,0.9768682563355904,0.9986234518073068,54.0,0.4779,0.0226693354314168,0.0231591904669108,-0.0002183343025316,0.7995233839737861,16.9918,23.363,0.2527727733649523,0.3052725549744324,0.0571248821154787,0.9997108991037872,0.1202659728245157,13.42012142237641,0.9976871928302976,6.608904307603353,1.0,0.0797456226005554,0.0439746184883482,0.0456915277620825,0.0363064960999285,0.0533979494048609,0.0807447778727142,0.0610086575014231,0.0647853264074674,0.0652133921239128,0.0278415618344437,0.0296967606090789,0.069544775641567,0.9975432490531273,0.9945564516129033,0.9963255286462781,0.9978036199171365,0.9977840273124319,0.7272952959808244
0.7999074716631969,0.4950307437388241,0.7968316112991192,0.7967033399688319,0.6110320284697509,0.8888317696954119,0.0968488002312807,0.0144550448106389,0.7880184331797235,171.0,LOGAN_D1_sDE,4,CVAE,baseline,0.9745,0.9866,0.9882233208885997,0.9747035429601985,0.9964300951474768,0.9769,0.992,0.9918679111146664,0.9768682563355904,0.9986234518073068,54.0,0.4779,0.0226693354314168,0.0231591904669108,-0.0002183343025316,0.7995233839737861,16.9918,23.363,0.2527727733649523,0.3052725549744324,0.0571248821154787,0.9997108991037872,0.1202659728245157,13.42012142237641,0.9976871928302976,6.608904307603353,1.0,0.0797456226005554,0.0439746184883482,0.0456915277620825,0.0363064960999285,0.0533979494048609,0.0807447778727142,0.0610086575014231,0.0647853264074674,0.0652133921239128,0.0278415618344437,0.0296967606090789,0.069544775641567,0.9975432490531273,0.9945564516129033,0.9963255286462781,0.9978036199171365,0.9977840273124319,0.7272952959808244
0.7999074716631969,0.4847954343473279,0.7937982844248138,0.7935871414270042,0.609608540925267,0.8888317696954119,0.0922231858918762,0.0069384215091066,0.7880184331797235,171.0,LOGAN_D1_dDE,4,CVAE,baseline,0.9745,0.9866,0.9882233208885997,0.9747035429601985,0.9964300951474768,0.9769,0.992,0.9918679111146664,0.9768682563355904,0.9986234518073068,54.0,0.4779,0.0226693354314168,0.0231591904669108,-0.0002183343025316,0.7995233839737861,16.9918,23.363,0.2527727733649523,0.3052725549744324,0.0571248821154787,0.9997108991037872,0.1202659728245157,13.42012142237641,0.9976871928302976,6.608904307603353,1.0,0.0797456226005554,0.0439746184883482,0.0456915277620825,0.0363064960999285,0.0533979494048609,0.0807447778727142,0.0610086575014231,0.0647853264074674,0.0652133921239128,0.0278415618344437,0.0296967606090789,0.069544775641567,0.9975432490531273,0.9945564516129033,0.9963255286462781,0.9978036199171365,0.9977840273124319,0.7272952959808244
0.2810548230395558,0.5324768384675511,0.8103081829539467,0.8564112074178364,0.2014388489208633,0.2014388489208633,1.0,0.0144550448106389,0.9032258064516128,196.0,MC,5,CVAE,baseline,0.9826,0.9923,0.9919573079850532,0.98265623864091,0.9981282334992908,0.9873,0.996,0.9959832862798534,0.9872851346114964,0.9986860328167556,44.0,0.4074,0.0284424753300325,0.0286974376085193,-0.0002990916531807,0.782869122491764,16.2946,23.2716,0.3343541909592068,0.3819913681558887,0.0522715018468016,0.9997108991037872,0.0829719572130673,17.57531078346343,0.9945070829719572,7.75860075166233,1.0,0.094853933602629,0.0678623444687848,0.0660116461185863,0.0427760415368047,0.0759490283571134,0.1002956344196625,0.0731905481400096,0.0787118335806922,0.0843261397480965,0.0446100754374617,0.0316179143595272,0.0708199523186771,0.9952395421857592,0.9962851405622489,0.9959577852858978,0.9994414667882242,0.9953114902591865,0.7001925093246704
0.7999074716631969,0.6374504111657191,0.8615790388127459,0.8614974215275331,0.6661921708185053,0.8888317696954119,0.1737496386238797,0.0190806591500433,0.880184331797235,191.0,gan_leaks,5,CVAE,baseline,0.9826,0.9923,0.9919573079850532,0.98265623864091,0.9981282334992908,0.9873,0.996,0.9959832862798534,0.9872851346114964,0.9986860328167556,44.0,0.4074,0.0284424753300325,0.0286974376085193,-0.0002990916531807,0.782869122491764,16.2946,23.2716,0.3343541909592068,0.3819913681558887,0.0522715018468016,0.9997108991037872,0.0829719572130673,17.57531078346343,0.9945070829719572,7.75860075166233,1.0,0.094853933602629,0.0678623444687848,0.0660116461185863,0.0427760415368047,0.0759490283571134,0.1002956344196625,0.0731905481400096,0.0787118335806922,0.0843261397480965,0.0446100754374617,0.0316179143595272,0.0708199523186771,0.9952395421857592,0.9962851405622489,0.9959577852858978,0.9994414667882242,0.9953114902591865,0.7001925093246704
0.7999074716631969,0.5153916112556616,0.8072374746469733,0.807039866049093,0.6213523131672598,0.8888317696954119,0.1104365423532812,0.0066493206128939,0.8110599078341014,176.0,loss_lr,5,CVAE,baseline,0.9826,0.9923,0.9919573079850532,0.98265623864091,0.9981282334992908,0.9873,0.996,0.9959832862798534,0.9872851346114964,0.9986860328167556,44.0,0.4074,0.0284424753300325,0.0286974376085193,-0.0002990916531807,0.782869122491764,16.2946,23.2716,0.3343541909592068,0.3819913681558887,0.0522715018468016,0.9997108991037872,0.0829719572130673,17.57531078346343,0.9945070829719572,7.75860075166233,1.0,0.094853933602629,0.0678623444687848,0.0660116461185863,0.0427760415368047,0.0759490283571134,0.1002956344196625,0.0731905481400096,0.0787118335806922,0.0843261397480965,0.0446100754374617,0.0316179143595272,0.0708199523186771,0.9952395421857592,0.9962851405622489,0.9959577852858978,0.9994414667882242,0.9953114902591865,0.7001925093246704
0.7999074716631969,0.5124105928709861,0.811310738038042,0.8111694837745118,0.6177935943060499,0.8888317696954119,0.1182422665510263,0.0193697600462561,0.8433179723502304,183.0,loss_rf,5,CVAE,baseline,0.9826,0.9923,0.9919573079850532,0.98265623864091,0.9981282334992908,0.9873,0.996,0.9959832862798534,0.9872851346114964,0.9986860328167556,44.0,0.4074,0.0284424753300325,0.0286974376085193,-0.0002990916531807,0.782869122491764,16.2946,23.2716,0.3343541909592068,0.3819913681558887,0.0522715018468016,0.9997108991037872,0.0829719572130673,17.57531078346343,0.9945070829719572,7.75860075166233,1.0,0.094853933602629,0.0678623444687848,0.0660116461185863,0.0427760415368047,0.0759490283571134,0.1002956344196625,0.0731905481400096,0.0787118335806922,0.0843261397480965,0.0446100754374617,0.0316179143595272,0.0708199523186771,0.9952395421857592,0.9962851405622489,0.9959577852858978,0.9994414667882242,0.9953114902591865,0.7001925093246704
0.8001387925052047,0.509430243701348,0.8063204570059512,0.8060669689900187,0.6149466192170818,0.8889460154241645,0.1063891298063024,0.0106967331598727,0.7926267281105991,172.0,LOGAN_D1,5,CVAE,baseline,0.9826,0.9923,0.9919573079850532,0.98265623864091,0.9981282334992908,0.9873,0.996,0.9959832862798534,0.9872851346114964,0.9986860328167556,44.0,0.4074,0.0284424753300325,0.0286974376085193,-0.0002990916531807,0.782869122491764,16.2946,23.2716,0.3343541909592068,0.3819913681558887,0.0522715018468016,0.9997108991037872,0.0829719572130673,17.57531078346343,0.9945070829719572,7.75860075166233,1.0,0.094853933602629,0.0678623444687848,0.0660116461185863,0.0427760415368047,0.0759490283571134,0.1002956344196625,0.0731905481400096,0.0787118335806922,0.0843261397480965,0.0446100754374617,0.0316179143595272,0.0708199523186771,0.9952395421857592,0.9962851405622489,0.9959577852858978,0.9994414667882242,0.9953114902591865,0.7001925093246704
0.8003701133472125,0.5637050889788314,0.8221819353064008,0.9021581901885752,0.0,0.8890888060660583,0.9054640069384216,0.9054640069384216,0.8387096774193549,182.0,gan_leaks_cal,5,CVAE,baseline,0.9826,0.9923,0.9919573079850532,0.98265623864091,0.9981282334992908,0.9873,0.996,0.9959832862798534,0.9872851346114964,0.9986860328167556,44.0,0.4074,0.0284424753300325,0.0286974376085193,-0.0002990916531807,0.782869122491764,16.2946,23.2716,0.3343541909592068,0.3819913681558887,0.0522715018468016,0.9997108991037872,0.0829719572130673,17.57531078346343,0.9945070829719572,7.75860075166233,1.0,0.094853933602629,0.0678623444687848,0.0660116461185863,0.0427760415368047,0.0759490283571134,0.1002956344196625,0.0731905481400096,0.0787118335806922,0.0843261397480965,0.0446100754374617,0.0316179143595272,0.0708199523186771,0.9952395421857592,0.9962851405622489,0.9959577852858978,0.9994414667882242,0.9953114902591865,0.7001925093246704
0.8003701133472125,0.6073380767295193,0.8445425073541288,0.8444433622098962,0.6540925266903914,0.8890888060660583,0.1598727956056664,0.0127204394333622,0.8387096774193549,182.0,domias_kde_pca,5,CVAE,baseline,0.9826,0.9923,0.9919573079850532,0.98265623864091,0.9981282334992908,0.9873,0.996,0.9959832862798534,0.9872851346114964,0.9986860328167556,44.0,0.4074,0.0284424753300325,0.0286974376085193,-0.0002990916531807,0.782869122491764,16.2946,23.2716,0.3343541909592068,0.3819913681558887,0.0522715018468016,0.9997108991037872,0.0829719572130673,17.57531078346343,0.9945070829719572,7.75860075166233,1.0,0.094853933602629,0.0678623444687848,0.0660116461185863,0.0427760415368047,0.0759490283571134,0.1002956344196625,0.0731905481400096,0.0787118335806922,0.0843261397480965,0.0446100754374617,0.0316179143595272,0.0708199523186771,0.9952395421857592,0.9962851405622489,0.9959577852858978,0.9994414667882242,0.9953114902591865,0.7001925093246704
0.8008327550312283,0.5794866852976133,0.8349835399803713,0.8348829567435003,0.6409252669039146,0.8892889288928892,0.1358774212200058,0.0109858340560855,0.847926267281106,184.0,domias_kde_vDE,5,CVAE,baseline,0.9826,0.9923,0.9919573079850532,0.98265623864091,0.9981282334992908,0.9873,0.996,0.9959832862798534,0.9872851346114964,0.9986860328167556,44.0,0.4074,0.0284424753300325,0.0286974376085193,-0.0002990916531807,0.782869122491764,16.2946,23.2716,0.3343541909592068,0.3819913681558887,0.0522715018468016,0.9997108991037872,0.0829719572130673,17.57531078346343,0.9945070829719572,7.75860075166233,1.0,0.094853933602629,0.0678623444687848,0.0660116461185863,0.0427760415368047,0.0759490283571134,0.1002956344196625,0.0731905481400096,0.0787118335806922,0.0843261397480965,0.0446100754374617,0.0316179143595272,0.0708199523186771,0.9952395421857592,0.9962851405622489,0.9959577852858978,0.9994414667882242,0.9953114902591865,0.7001925093246704
0.7999074716631969,0.5799738738449349,0.8381816458466136,0.8381048148706666,0.6402135231316726,0.8888317696954119,0.1535125758889852,0.0222607690083839,0.8755760368663594,190.0,domias_kde_sDE,5,CVAE,baseline,0.9826,0.9923,0.9919573079850532,0.98265623864091,0.9981282334992908,0.9873,0.996,0.9959832862798534,0.9872851346114964,0.9986860328167556,44.0,0.4074,0.0284424753300325,0.0286974376085193,-0.0002990916531807,0.782869122491764,16.2946,23.2716,0.3343541909592068,0.3819913681558887,0.0522715018468016,0.9997108991037872,0.0829719572130673,17.57531078346343,0.9945070829719572,7.75860075166233,1.0,0.094853933602629,0.0678623444687848,0.0660116461185863,0.0427760415368047,0.0759490283571134,0.1002956344196625,0.0731905481400096,0.0787118335806922,0.0843261397480965,0.0446100754374617,0.0316179143595272,0.0708199523186771,0.9952395421857592,0.9962851405622489,0.9959577852858978,0.9994414667882242,0.9953114902591865,0.7001925093246704
0.8003701133472125,0.5785628339383038,0.830173687292224,0.830058163216499,0.6423487544483986,0.8890317603188891,0.1240242844752818,0.0098294304712344,0.847926267281106,184.0,domias_kde_dDE,5,CVAE,baseline,0.9826,0.9923,0.9919573079850532,0.98265623864091,0.9981282334992908,0.9873,0.996,0.9959832862798534,0.9872851346114964,0.9986860328167556,44.0,0.4074,0.0284424753300325,0.0286974376085193,-0.0002990916531807,0.782869122491764,16.2946,23.2716,0.3343541909592068,0.3819913681558887,0.0522715018468016,0.9997108991037872,0.0829719572130673,17.57531078346343,0.9945070829719572,7.75860075166233,1.0,0.094853933602629,0.0678623444687848,0.0660116461185863,0.0427760415368047,0.0759490283571134,0.1002956344196625,0.0731905481400096,0.0787118335806922,0.0843261397480965,0.0446100754374617,0.0316179143595272,0.0708199523186771,0.9952395421857592,0.9962851405622489,0.9959577852858978,0.9994414667882242,0.9953114902591865,0.7001925093246704
0.8008327550312283,0.5933208658571842,0.8351876112505557,0.8979351855432105,0.0,0.8892604501607717,0.7828852269442035,0.7828852269442035,0.8755760368663594,190.0,gan_leaks_cal_pca,5,CVAE,baseline,0.9826,0.9923,0.9919573079850532,0.98265623864091,0.9981282334992908,0.9873,0.996,0.9959832862798534,0.9872851346114964,0.9986860328167556,44.0,0.4074,0.0284424753300325,0.0286974376085193,-0.0002990916531807,0.782869122491764,16.2946,23.2716,0.3343541909592068,0.3819913681558887,0.0522715018468016,0.9997108991037872,0.0829719572130673,17.57531078346343,0.9945070829719572,7.75860075166233,1.0,0.094853933602629,0.0678623444687848,0.0660116461185863,0.0427760415368047,0.0759490283571134,0.1002956344196625,0.0731905481400096,0.0787118335806922,0.0843261397480965,0.0446100754374617,0.0316179143595272,0.0708199523186771,0.9952395421857592,0.9962851405622489,0.9959577852858978,0.9994414667882242,0.9953114902591865,0.7001925093246704
0.8006014341892205,0.6875023422526314,0.8974076156880915,0.8993668198922936,0.6875444839857652,0.8892030848329049,0.3269731136166522,0.1257588898525585,0.9723502304147466,211.0,gan_leaks_cal_vDE,5,CVAE,baseline,0.9826,0.9923,0.9919573079850532,0.98265623864091,0.9981282334992908,0.9873,0.996,0.9959832862798534,0.9872851346114964,0.9986860328167556,44.0,0.4074,0.0284424753300325,0.0286974376085193,-0.0002990916531807,0.782869122491764,16.2946,23.2716,0.3343541909592068,0.3819913681558887,0.0522715018468016,0.9997108991037872,0.0829719572130673,17.57531078346343,0.9945070829719572,7.75860075166233,1.0,0.094853933602629,0.0678623444687848,0.0660116461185863,0.0427760415368047,0.0759490283571134,0.1002956344196625,0.0731905481400096,0.0787118335806922,0.0843261397480965,0.0446100754374617,0.0316179143595272,0.0708199523186771,0.9952395421857592,0.9962851405622489,0.9959577852858978,0.9994414667882242,0.9953114902591865,0.7001925093246704
0.8003701133472125,0.662420664557301,0.890234844317273,0.8903568566422575,0.6733096085409253,0.8890888060660583,0.3203237930037583,0.0945359930615784,0.9907834101382488,215.0,gan_leaks_cal_sDE,5,CVAE,baseline,0.9826,0.9923,0.9919573079850532,0.98265623864091,0.9981282334992908,0.9873,0.996,0.9959832862798534,0.9872851346114964,0.9986860328167556,44.0,0.4074,0.0284424753300325,0.0286974376085193,-0.0002990916531807,0.782869122491764,16.2946,23.2716,0.3343541909592068,0.3819913681558887,0.0522715018468016,0.9997108991037872,0.0829719572130673,17.57531078346343,0.9945070829719572,7.75860075166233,1.0,0.094853933602629,0.0678623444687848,0.0660116461185863,0.0427760415368047,0.0759490283571134,0.1002956344196625,0.0731905481400096,0.0787118335806922,0.0843261397480965,0.0446100754374617,0.0316179143595272,0.0708199523186771,0.9952395421857592,0.9962851405622489,0.9959577852858978,0.9994414667882242,0.9953114902591865,0.7001925093246704
0.8003701133472125,0.6818334216697183,0.8956944724845989,0.8981788899700492,0.6800711743772242,0.8890888060660583,0.3457646718704828,0.1352992194275802,0.967741935483871,210.0,gan_leaks_cal_dDE,5,CVAE,baseline,0.9826,0.9923,0.9919573079850532,0.98265623864091,0.9981282334992908,0.9873,0.996,0.9959832862798534,0.9872851346114964,0.9986860328167556,44.0,0.4074,0.0284424753300325,0.0286974376085193,-0.0002990916531807,0.782869122491764,16.2946,23.2716,0.3343541909592068,0.3819913681558887,0.0522715018468016,0.9997108991037872,0.0829719572130673,17.57531078346343,0.9945070829719572,7.75860075166233,1.0,0.094853933602629,0.0678623444687848,0.0660116461185863,0.0427760415368047,0.0759490283571134,0.1002956344196625,0.0731905481400096,0.0787118335806922,0.0843261397480965,0.0446100754374617,0.0316179143595272,0.0708199523186771,0.9952395421857592,0.9962851405622489,0.9959577852858978,0.9994414667882242,0.9953114902591865,0.7001925093246704
0.8003701133472125,0.4966964199672352,0.7949924894238702,0.7948194461273383,0.6156583629893239,0.8890602905257745,0.0896212778259612,0.0092512286788089,0.7695852534562212,167.0,LOGAN_D1_pca,5,CVAE,baseline,0.9826,0.9923,0.9919573079850532,0.98265623864091,0.9981282334992908,0.9873,0.996,0.9959832862798534,0.9872851346114964,0.9986860328167556,44.0,0.4074,0.0284424753300325,0.0286974376085193,-0.0002990916531807,0.782869122491764,16.2946,23.2716,0.3343541909592068,0.3819913681558887,0.0522715018468016,0.9997108991037872,0.0829719572130673,17.57531078346343,0.9945070829719572,7.75860075166233,1.0,0.094853933602629,0.0678623444687848,0.0660116461185863,0.0427760415368047,0.0759490283571134,0.1002956344196625,0.0731905481400096,0.0787118335806922,0.0843261397480965,0.0446100754374617,0.0316179143595272,0.0708199523186771,0.9952395421857592,0.9962851405622489,0.9959577852858978,0.9994414667882242,0.9953114902591865,0.7001925093246704
0.8001387925052047,0.5068459025301681,0.8069396329300569,0.8067943807344724,0.6177935943060499,0.8889460154241645,0.1246024862677074,0.007805724197745,0.8064516129032258,175.0,LOGAN_D1_vDE,5,CVAE,baseline,0.9826,0.9923,0.9919573079850532,0.98265623864091,0.9981282334992908,0.9873,0.996,0.9959832862798534,0.9872851346114964,0.9986860328167556,44.0,0.4074,0.0284424753300325,0.0286974376085193,-0.0002990916531807,0.782869122491764,16.2946,23.2716,0.3343541909592068,0.3819913681558887,0.0522715018468016,0.9997108991037872,0.0829719572130673,17.57531078346343,0.9945070829719572,7.75860075166233,1.0,0.094853933602629,0.0678623444687848,0.0660116461185863,0.0427760415368047,0.0759490283571134,0.1002956344196625,0.0731905481400096,0.0787118335806922,0.0843261397480965,0.0446100754374617,0.0316179143595272,0.0708199523186771,0.9952395421857592,0.9962851405622489,0.9959577852858978,0.9994414667882242,0.9953114902591865,0.7001925093246704
0.7999074716631969,0.4964098286274132,0.8002322366977183,0.800094307270345,0.6145907473309609,0.8888317696954119,0.1034981208441746,0.0109858340560855,0.8110599078341014,176.0,LOGAN_D1_sDE,5,CVAE,baseline,0.9826,0.9923,0.9919573079850532,0.98265623864091,0.9981282334992908,0.9873,0.996,0.9959832862798534,0.9872851346114964,0.9986860328167556,44.0,0.4074,0.0284424753300325,0.0286974376085193,-0.0002990916531807,0.782869122491764,16.2946,23.2716,0.3343541909592068,0.3819913681558887,0.0522715018468016,0.9997108991037872,0.0829719572130673,17.57531078346343,0.9945070829719572,7.75860075166233,1.0,0.094853933602629,0.0678623444687848,0.0660116461185863,0.0427760415368047,0.0759490283571134,0.1002956344196625,0.0731905481400096,0.0787118335806922,0.0843261397480965,0.0446100754374617,0.0316179143595272,0.0708199523186771,0.9952395421857592,0.9962851405622489,0.9959577852858978,0.9994414667882242,0.9953114902591865,0.7001925093246704
0.8003701133472125,0.5035893348537899,0.7989266001617937,0.7987262688520098,0.6181494661921708,0.8890888060660583,0.0904885805145996,0.0069384215091066,0.8018433179723502,174.0,LOGAN_D1_dDE,5,CVAE,baseline,0.9826,0.9923,0.9919573079850532,0.98265623864091,0.9981282334992908,0.9873,0.996,0.9959832862798534,0.9872851346114964,0.9986860328167556,44.0,0.4074,0.0284424753300325,0.0286974376085193,-0.0002990916531807,0.782869122491764,16.2946,23.2716,0.3343541909592068,0.3819913681558887,0.0522715018468016,0.9997108991037872,0.0829719572130673,17.57531078346343,0.9945070829719572,7.75860075166233,1.0,0.094853933602629,0.0678623444687848,0.0660116461185863,0.0427760415368047,0.0759490283571134,0.1002956344196625,0.0731905481400096,0.0787118335806922,0.0843261397480965,0.0446100754374617,0.0316179143595272,0.0708199523186771,0.9952395421857592,0.9962851405622489,0.9959577852858978,0.9994414667882242,0.9953114902591865,0.7001925093246704
0.2761970853573907,0.5242814684554873,0.8064741023725829,0.841203933237589,0.1958365458750963,0.1958365458750963,1.0,0.0130133024869866,0.847926267281106,184.0,MC,3,CVAE,baseline,0.9665,0.9805,0.9811583237389732,0.9664688764789736,0.9956359432135864,0.9723,0.988,0.9883960411037792,0.972187420794746,0.997829695121548,41.0,0.3694,0.0232758032647023,0.0240850725658713,-0.0002560159448946,0.7939698492462312,16.6758,23.3183,0.2835408629781405,0.3282592020541883,0.0514538111278603,0.9997108155002892,0.068825910931174,16.402486986697514,0.992192018507808,7.060670908039329,0.998843930635838,0.0872448534964041,0.0552808006344772,0.0632193063536803,0.0367376204891986,0.0630303088355044,0.1104216214716613,0.0698486100331037,0.0876586728678798,0.083282251434693,0.0511386282064632,0.039877387531527,0.0625777691301456,0.994034762933251,0.9924089068825911,0.9926773104466066,0.9978014766260346,0.9941178581480744,0.7151378959872717
0.8006014341892205,0.6284457252513231,0.8566604769022195,0.856564396028564,0.6591920270510767,0.8891745950115711,0.1816078658183921,0.0274725274725274,0.8847926267281107,192.0,gan_leaks,3,CVAE,baseline,0.9665,0.9805,0.9811583237389732,0.9664688764789736,0.9956359432135864,0.9723,0.988,0.9883960411037792,0.972187420794746,0.997829695121548,41.0,0.3694,0.0232758032647023,0.0240850725658713,-0.0002560159448946,0.7939698492462312,16.6758,23.3183,0.2835408629781405,0.3282592020541883,0.0514538111278603,0.9997108155002892,0.068825910931174,16.402486986697514,0.992192018507808,7.060670908039329,0.998843930635838,0.0872448534964041,0.0552808006344772,0.0632193063536803,0.0367376204891986,0.0630303088355044,0.1104216214716613,0.0698486100331037,0.0876586728678798,0.083282251434693,0.0511386282064632,0.039877387531527,0.0625777691301456,0.994034762933251,0.9924089068825911,0.9926773104466066,0.9978014766260346,0.9941178581480744,0.7151378959872717
0.8003701133472125,0.5042371379761097,0.8012346509401438,0.8009740205789475,0.6136323189179569,0.8890602905257745,0.1020821283979178,0.0098322729901677,0.815668202764977,177.0,loss_lr,3,CVAE,baseline,0.9665,0.9805,0.9811583237389732,0.9664688764789736,0.9956359432135864,0.9723,0.988,0.9883960411037792,0.972187420794746,0.997829695121548,41.0,0.3694,0.0232758032647023,0.0240850725658713,-0.0002560159448946,0.7939698492462312,16.6758,23.3183,0.2835408629781405,0.3282592020541883,0.0514538111278603,0.9997108155002892,0.068825910931174,16.402486986697514,0.992192018507808,7.060670908039329,0.998843930635838,0.0872448534964041,0.0552808006344772,0.0632193063536803,0.0367376204891986,0.0630303088355044,0.1104216214716613,0.0698486100331037,0.0876586728678798,0.083282251434693,0.0511386282064632,0.039877387531527,0.0625777691301456,0.994034762933251,0.9924089068825911,0.9926773104466066,0.9978014766260346,0.9941178581480744,0.7151378959872717
0.799676150821189,0.5151574467516056,0.8022355021686668,0.8021187242439239,0.615056059797117,0.8886889460154241,0.1023713128976286,0.0043377674956622,0.7926267281105991,172.0,loss_rf,3,CVAE,baseline,0.9665,0.9805,0.9811583237389732,0.9664688764789736,0.9956359432135864,0.9723,0.988,0.9883960411037792,0.972187420794746,0.997829695121548,41.0,0.3694,0.0232758032647023,0.0240850725658713,-0.0002560159448946,0.7939698492462312,16.6758,23.3183,0.2835408629781405,0.3282592020541883,0.0514538111278603,0.9997108155002892,0.068825910931174,16.402486986697514,0.992192018507808,7.060670908039329,0.998843930635838,0.0872448534964041,0.0552808006344772,0.0632193063536803,0.0367376204891986,0.0630303088355044,0.1104216214716613,0.0698486100331037,0.0876586728678798,0.083282251434693,0.0511386282064632,0.039877387531527,0.0625777691301456,0.994034762933251,0.9924089068825911,0.9926773104466066,0.9978014766260346,0.9941178581480744,0.7151378959872717
0.799676150821189,0.5065265431252653,0.8039444131521305,0.8037914806909242,0.6147001245773269,0.8886889460154241,0.104973973395026,0.0133024869866975,0.8248847926267281,179.0,LOGAN_D1,3,CVAE,baseline,0.9665,0.9805,0.9811583237389732,0.9664688764789736,0.9956359432135864,0.9723,0.988,0.9883960411037792,0.972187420794746,0.997829695121548,41.0,0.3694,0.0232758032647023,0.0240850725658713,-0.0002560159448946,0.7939698492462312,16.6758,23.3183,0.2835408629781405,0.3282592020541883,0.0514538111278603,0.9997108155002892,0.068825910931174,16.402486986697514,0.992192018507808,7.060670908039329,0.998843930635838,0.0872448534964041,0.0552808006344772,0.0632193063536803,0.0367376204891986,0.0630303088355044,0.1104216214716613,0.0698486100331037,0.0876586728678798,0.083282251434693,0.0511386282064632,0.039877387531527,0.0625777691301456,0.994034762933251,0.9924089068825911,0.9926773104466066,0.9978014766260346,0.9941178581480744,0.7151378959872717
0.7999074716631969,0.5580956615638697,0.8200043167896963,0.9001412526507613,0.0,0.8888031880704461,0.8958935801041065,0.8958935801041065,0.8433179723502304,183.0,gan_leaks_cal,3,CVAE,baseline,0.9665,0.9805,0.9811583237389732,0.9664688764789736,0.9956359432135864,0.9723,0.988,0.9883960411037792,0.972187420794746,0.997829695121548,41.0,0.3694,0.0232758032647023,0.0240850725658713,-0.0002560159448946,0.7939698492462312,16.6758,23.3183,0.2835408629781405,0.3282592020541883,0.0514538111278603,0.9997108155002892,0.068825910931174,16.402486986697514,0.992192018507808,7.060670908039329,0.998843930635838,0.0872448534964041,0.0552808006344772,0.0632193063536803,0.0367376204891986,0.0630303088355044,0.1104216214716613,0.0698486100331037,0.0876586728678798,0.083282251434693,0.0511386282064632,0.039877387531527,0.0625777691301456,0.994034762933251,0.9924089068825911,0.9926773104466066,0.9978014766260346,0.9941178581480744,0.7151378959872717
0.8003701133472125,0.6069213719046394,0.8434841311293626,0.8433673588938945,0.6531411283146468,0.8890032154340836,0.1312897628687102,0.0205320994794679,0.8663594470046083,188.0,domias_kde_pca,3,CVAE,baseline,0.9665,0.9805,0.9811583237389732,0.9664688764789736,0.9956359432135864,0.9723,0.988,0.9883960411037792,0.972187420794746,0.997829695121548,41.0,0.3694,0.0232758032647023,0.0240850725658713,-0.0002560159448946,0.7939698492462312,16.6758,23.3183,0.2835408629781405,0.3282592020541883,0.0514538111278603,0.9997108155002892,0.068825910931174,16.402486986697514,0.992192018507808,7.060670908039329,0.998843930635838,0.0872448534964041,0.0552808006344772,0.0632193063536803,0.0367376204891986,0.0630303088355044,0.1104216214716613,0.0698486100331037,0.0876586728678798,0.083282251434693,0.0511386282064632,0.039877387531527,0.0625777691301456,0.994034762933251,0.9924089068825911,0.9926773104466066,0.9978014766260346,0.9941178581480744,0.7151378959872717
0.8008327550312283,0.5810913455270011,0.8342695755293037,0.8341031161508514,0.6403274604022068,0.8892604501607717,0.1338924233661075,0.0268941584731058,0.8617511520737328,187.0,domias_kde_vDE,3,CVAE,baseline,0.9665,0.9805,0.9811583237389732,0.9664688764789736,0.9956359432135864,0.9723,0.988,0.9883960411037792,0.972187420794746,0.997829695121548,41.0,0.3694,0.0232758032647023,0.0240850725658713,-0.0002560159448946,0.7939698492462312,16.6758,23.3183,0.2835408629781405,0.3282592020541883,0.0514538111278603,0.9997108155002892,0.068825910931174,16.402486986697514,0.992192018507808,7.060670908039329,0.998843930635838,0.0872448534964041,0.0552808006344772,0.0632193063536803,0.0367376204891986,0.0630303088355044,0.1104216214716613,0.0698486100331037,0.0876586728678798,0.083282251434693,0.0511386282064632,0.039877387531527,0.0625777691301456,0.994034762933251,0.9924089068825911,0.9926773104466066,0.9978014766260346,0.9941178581480744,0.7151378959872717
0.8006014341892205,0.5785291374278292,0.8311283972934902,0.8309386303277682,0.6421071365011568,0.8891460905349794,0.139386928860613,0.0196645459803354,0.8525345622119815,185.0,domias_kde_sDE,3,CVAE,baseline,0.9665,0.9805,0.9811583237389732,0.9664688764789736,0.9956359432135864,0.9723,0.988,0.9883960411037792,0.972187420794746,0.997829695121548,41.0,0.3694,0.0232758032647023,0.0240850725658713,-0.0002560159448946,0.7939698492462312,16.6758,23.3183,0.2835408629781405,0.3282592020541883,0.0514538111278603,0.9997108155002892,0.068825910931174,16.402486986697514,0.992192018507808,7.060670908039329,0.998843930635838,0.0872448534964041,0.0552808006344772,0.0632193063536803,0.0367376204891986,0.0630303088355044,0.1104216214716613,0.0698486100331037,0.0876586728678798,0.083282251434693,0.0511386282064632,0.039877387531527,0.0625777691301456,0.994034762933251,0.9924089068825911,0.9926773104466066,0.9978014766260346,0.9941178581480744,0.7151378959872717
0.799676150821189,0.5758104688132069,0.8309001659354647,0.8306509427723192,0.6392596547428369,0.8886889460154241,0.1364950838635049,0.0176402544823597,0.8571428571428571,186.0,domias_kde_dDE,3,CVAE,baseline,0.9665,0.9805,0.9811583237389732,0.9664688764789736,0.9956359432135864,0.9723,0.988,0.9883960411037792,0.972187420794746,0.997829695121548,41.0,0.3694,0.0232758032647023,0.0240850725658713,-0.0002560159448946,0.7939698492462312,16.6758,23.3183,0.2835408629781405,0.3282592020541883,0.0514538111278603,0.9997108155002892,0.068825910931174,16.402486986697514,0.992192018507808,7.060670908039329,0.998843930635838,0.0872448534964041,0.0552808006344772,0.0632193063536803,0.0367376204891986,0.0630303088355044,0.1104216214716613,0.0698486100331037,0.0876586728678798,0.083282251434693,0.0511386282064632,0.039877387531527,0.0625777691301456,0.994034762933251,0.9924089068825911,0.9926773104466066,0.9978014766260346,0.9941178581480744,0.7151378959872717
0.8001387925052047,0.5870562355198802,0.8324078849596834,0.8955385030513827,0.0,0.8889174595011571,0.7721226142278774,0.7721226142278774,0.8433179723502304,183.0,gan_leaks_cal_pca,3,CVAE,baseline,0.9665,0.9805,0.9811583237389732,0.9664688764789736,0.9956359432135864,0.9723,0.988,0.9883960411037792,0.972187420794746,0.997829695121548,41.0,0.3694,0.0232758032647023,0.0240850725658713,-0.0002560159448946,0.7939698492462312,16.6758,23.3183,0.2835408629781405,0.3282592020541883,0.0514538111278603,0.9997108155002892,0.068825910931174,16.402486986697514,0.992192018507808,7.060670908039329,0.998843930635838,0.0872448534964041,0.0552808006344772,0.0632193063536803,0.0367376204891986,0.0630303088355044,0.1104216214716613,0.0698486100331037,0.0876586728678798,0.083282251434693,0.0511386282064632,0.039877387531527,0.0625777691301456,0.994034762933251,0.9924089068825911,0.9926773104466066,0.9978014766260346,0.9941178581480744,0.7151378959872717
0.8003701133472125,0.6618191209459843,0.8865213433125123,0.8888615783084173,0.6741413062822567,0.8890602905257745,0.3039329091960671,0.1142278773857721,0.9631336405529954,209.0,gan_leaks_cal_vDE,3,CVAE,baseline,0.9665,0.9805,0.9811583237389732,0.9664688764789736,0.9956359432135864,0.9723,0.988,0.9883960411037792,0.972187420794746,0.997829695121548,41.0,0.3694,0.0232758032647023,0.0240850725658713,-0.0002560159448946,0.7939698492462312,16.6758,23.3183,0.2835408629781405,0.3282592020541883,0.0514538111278603,0.9997108155002892,0.068825910931174,16.402486986697514,0.992192018507808,7.060670908039329,0.998843930635838,0.0872448534964041,0.0552808006344772,0.0632193063536803,0.0367376204891986,0.0630303088355044,0.1104216214716613,0.0698486100331037,0.0876586728678798,0.083282251434693,0.0511386282064632,0.039877387531527,0.0625777691301456,0.994034762933251,0.9924089068825911,0.9926773104466066,0.9978014766260346,0.9941178581480744,0.7151378959872717
0.8003701133472125,0.655616865641204,0.886590520359505,0.8865799876333611,0.6734294358426767,0.8890602905257745,0.2935222672064777,0.0841526894158473,0.9861751152073732,214.0,gan_leaks_cal_sDE,3,CVAE,baseline,0.9665,0.9805,0.9811583237389732,0.9664688764789736,0.9956359432135864,0.9723,0.988,0.9883960411037792,0.972187420794746,0.997829695121548,41.0,0.3694,0.0232758032647023,0.0240850725658713,-0.0002560159448946,0.7939698492462312,16.6758,23.3183,0.2835408629781405,0.3282592020541883,0.0514538111278603,0.9997108155002892,0.068825910931174,16.402486986697514,0.992192018507808,7.060670908039329,0.998843930635838,0.0872448534964041,0.0552808006344772,0.0632193063536803,0.0367376204891986,0.0630303088355044,0.1104216214716613,0.0698486100331037,0.0876586728678798,0.083282251434693,0.0511386282064632,0.039877387531527,0.0625777691301456,0.994034762933251,0.9924089068825911,0.9926773104466066,0.9978014766260346,0.9941178581480744,0.7151378959872717
0.8001387925052047,0.6709606943102532,0.8905678012906515,0.892669270987035,0.6805481402384767,0.8889460154241645,0.3221515326778484,0.1165413533834586,0.9723502304147466,211.0,gan_leaks_cal_dDE,3,CVAE,baseline,0.9665,0.9805,0.9811583237389732,0.9664688764789736,0.9956359432135864,0.9723,0.988,0.9883960411037792,0.972187420794746,0.997829695121548,41.0,0.3694,0.0232758032647023,0.0240850725658713,-0.0002560159448946,0.7939698492462312,16.6758,23.3183,0.2835408629781405,0.3282592020541883,0.0514538111278603,0.9997108155002892,0.068825910931174,16.402486986697514,0.992192018507808,7.060670908039329,0.998843930635838,0.0872448534964041,0.0552808006344772,0.0632193063536803,0.0367376204891986,0.0630303088355044,0.1104216214716613,0.0698486100331037,0.0876586728678798,0.083282251434693,0.0511386282064632,0.039877387531527,0.0625777691301456,0.994034762933251,0.9924089068825911,0.9926773104466066,0.9978014766260346,0.9941178581480744,0.7151378959872717
0.799676150821189,0.4917841513521465,0.7997281885498502,0.7995609344458472,0.607937355401317,0.8886889460154241,0.1055523423944476,0.015615962984384,0.8018433179723502,174.0,LOGAN_D1_pca,3,CVAE,baseline,0.9665,0.9805,0.9811583237389732,0.9664688764789736,0.9956359432135864,0.9723,0.988,0.9883960411037792,0.972187420794746,0.997829695121548,41.0,0.3694,0.0232758032647023,0.0240850725658713,-0.0002560159448946,0.7939698492462312,16.6758,23.3183,0.2835408629781405,0.3282592020541883,0.0514538111278603,0.9997108155002892,0.068825910931174,16.402486986697514,0.992192018507808,7.060670908039329,0.998843930635838,0.0872448534964041,0.0552808006344772,0.0632193063536803,0.0367376204891986,0.0630303088355044,0.1104216214716613,0.0698486100331037,0.0876586728678798,0.083282251434693,0.0511386282064632,0.039877387531527,0.0625777691301456,0.994034762933251,0.9924089068825911,0.9926773104466066,0.9978014766260346,0.9941178581480744,0.7151378959872717
0.799676150821189,0.515861184753792,0.8081206666385699,0.8080009471498268,0.6193272824345969,0.8886889460154241,0.1009253903990746,0.0182186234817813,0.8294930875576036,180.0,LOGAN_D1_vDE,3,CVAE,baseline,0.9665,0.9805,0.9811583237389732,0.9664688764789736,0.9956359432135864,0.9723,0.988,0.9883960411037792,0.972187420794746,0.997829695121548,41.0,0.3694,0.0232758032647023,0.0240850725658713,-0.0002560159448946,0.7939698492462312,16.6758,23.3183,0.2835408629781405,0.3282592020541883,0.0514538111278603,0.9997108155002892,0.068825910931174,16.402486986697514,0.992192018507808,7.060670908039329,0.998843930635838,0.0872448534964041,0.0552808006344772,0.0632193063536803,0.0367376204891986,0.0630303088355044,0.1104216214716613,0.0698486100331037,0.0876586728678798,0.083282251434693,0.0511386282064632,0.039877387531527,0.0625777691301456,0.994034762933251,0.9924089068825911,0.9926773104466066,0.9978014766260346,0.9941178581480744,0.7151378959872717
0.799676150821189,0.4999978269372853,0.8056661576727412,0.8055392599484732,0.6129204484783769,0.8886889460154241,0.1124927703875072,0.0118565644881434,0.8525345622119815,185.0,LOGAN_D1_sDE,3,CVAE,baseline,0.9665,0.9805,0.9811583237389732,0.9664688764789736,0.9956359432135864,0.9723,0.988,0.9883960411037792,0.972187420794746,0.997829695121548,41.0,0.3694,0.0232758032647023,0.0240850725658713,-0.0002560159448946,0.7939698492462312,16.6758,23.3183,0.2835408629781405,0.3282592020541883,0.0514538111278603,0.9997108155002892,0.068825910931174,16.402486986697514,0.992192018507808,7.060670908039329,0.998843930635838,0.0872448534964041,0.0552808006344772,0.0632193063536803,0.0367376204891986,0.0630303088355044,0.1104216214716613,0.0698486100331037,0.0876586728678798,0.083282251434693,0.0511386282064632,0.039877387531527,0.0625777691301456,0.994034762933251,0.9924089068825911,0.9926773104466066,0.9978014766260346,0.9941178581480744,0.7151378959872717
0.799676150821189,0.501918814376983,0.7997177116591094,0.7995506796181202,0.6175476063356469,0.8886889460154241,0.0931174089068826,0.0121457489878542,0.7649769585253456,166.0,LOGAN_D1_dDE,3,CVAE,baseline,0.9665,0.9805,0.9811583237389732,0.9664688764789736,0.9956359432135864,0.9723,0.988,0.9883960411037792,0.972187420794746,0.997829695121548,41.0,0.3694,0.0232758032647023,0.0240850725658713,-0.0002560159448946,0.7939698492462312,16.6758,23.3183,0.2835408629781405,0.3282592020541883,0.0514538111278603,0.9997108155002892,0.068825910931174,16.402486986697514,0.992192018507808,7.060670908039329,0.998843930635838,0.0872448534964041,0.0552808006344772,0.0632193063536803,0.0367376204891986,0.0630303088355044,0.1104216214716613,0.0698486100331037,0.0876586728678798,0.083282251434693,0.0511386282064632,0.039877387531527,0.0625777691301456,0.994034762933251,0.9924089068825911,0.9926773104466066,0.9978014766260346,0.9941178581480744,0.7151378959872717
0.2595419847328244,0.4986924848804983,0.7978243625359086,0.7958724121018482,0.1773323053199691,0.1773323053199691,0.0997686524002313,0.0095430884904569,0.783410138248848,170.0,MC,1,DP-CVAE ε=4,baseline,0.815,0.4434,0.5744190546967918,0.7956321921555637,0.8844269903646059,0.9803,0.9875,0.9910138580998532,0.9803028159095454,0.9984645675501927,14.0,0.1261,0.1193328672069998,0.1187648790248953,-0.0003290792573973,1.0,69.703,23.1698,0.4154597469085133,0.4276257024230714,0.0511451725982389,0.0,0.6899942163100058,0.0,0.0,0.0,0.0,0.2356501995067295,0.3345148776156362,0.2285882633743329,0.3871061410504878,0.3005532629273665,0.1767646244820002,0.262294297191315,0.2573722799160087,0.2671008833759348,0.4123847017299993,0.4104358745180241,0.1809400244849119,0.8313781495460573,0.4490126582278481,0.5796276711994416,0.8857870565548595,0.811618797011574,3.008355704408325
0.8001387925052047,0.5009518014689904,0.7977434215074577,0.7974428993917562,0.6168357358960669,0.8889460154241645,0.0983227299016772,0.0072296124927703,0.783410138248848,170.0,gan_leaks,1,DP-CVAE ε=4,baseline,0.815,0.4434,0.5744190546967918,0.7956321921555637,0.8844269903646059,0.9803,0.9875,0.9910138580998532,0.9803028159095454,0.9984645675501927,14.0,0.1261,0.1193328672069998,0.1187648790248953,-0.0003290792573973,1.0,69.703,23.1698,0.4154597469085133,0.4276257024230714,0.0511451725982389,0.0,0.6899942163100058,0.0,0.0,0.0,0.0,0.2356501995067295,0.3345148776156362,0.2285882633743329,0.3871061410504878,0.3005532629273665,0.1767646244820002,0.262294297191315,0.2573722799160087,0.2671008833759348,0.4123847017299993,0.4104358745180241,0.1809400244849119,0.8313781495460573,0.4490126582278481,0.5796276711994416,0.8857870565548595,0.811618797011574,3.008355704408325
0.799676150821189,0.4974819217898013,0.7982098567595028,0.7980191491668671,0.6136323189179569,0.8886889460154241,0.0899363794100636,0.0115673799884326,0.7880184331797235,171.0,loss_lr,1,DP-CVAE ε=4,baseline,0.815,0.4434,0.5744190546967918,0.7956321921555637,0.8844269903646059,0.9803,0.9875,0.9910138580998532,0.9803028159095454,0.9984645675501927,14.0,0.1261,0.1193328672069998,0.1187648790248953,-0.0003290792573973,1.0,69.703,23.1698,0.4154597469085133,0.4276257024230714,0.0511451725982389,0.0,0.6899942163100058,0.0,0.0,0.0,0.0,0.2356501995067295,0.3345148776156362,0.2285882633743329,0.3871061410504878,0.3005532629273665,0.1767646244820002,0.262294297191315,0.2573722799160087,0.2671008833759348,0.4123847017299993,0.4104358745180241,0.1809400244849119,0.8313781495460573,0.4490126582278481,0.5796276711994416,0.8857870565548595,0.811618797011574,3.008355704408325
0.799676150821189,0.5068287660012637,0.8047925824378855,0.8045191241547744,0.6154119950169069,0.8886889460154241,0.1153846153846153,0.0063620589936379,0.8248847926267281,179.0,loss_rf,1,DP-CVAE ε=4,baseline,0.815,0.4434,0.5744190546967918,0.7956321921555637,0.8844269903646059,0.9803,0.9875,0.9910138580998532,0.9803028159095454,0.9984645675501927,14.0,0.1261,0.1193328672069998,0.1187648790248953,-0.0003290792573973,1.0,69.703,23.1698,0.4154597469085133,0.4276257024230714,0.0511451725982389,0.0,0.6899942163100058,0.0,0.0,0.0,0.0,0.2356501995067295,0.3345148776156362,0.2285882633743329,0.3871061410504878,0.3005532629273665,0.1767646244820002,0.262294297191315,0.2573722799160087,0.2671008833759348,0.4123847017299993,0.4104358745180241,0.1809400244849119,0.8313781495460573,0.4490126582278481,0.5796276711994416,0.8857870565548595,0.811618797011574,3.008355704408325
0.799676150821189,0.5109391977052458,0.8086754629594941,0.8084154524040829,0.6193272824345969,0.8886889460154241,0.123770965876229,0.0138808559861191,0.847926267281106,184.0,LOGAN_D1,1,DP-CVAE ε=4,baseline,0.815,0.4434,0.5744190546967918,0.7956321921555637,0.8844269903646059,0.9803,0.9875,0.9910138580998532,0.9803028159095454,0.9984645675501927,14.0,0.1261,0.1193328672069998,0.1187648790248953,-0.0003290792573973,1.0,69.703,23.1698,0.4154597469085133,0.4276257024230714,0.0511451725982389,0.0,0.6899942163100058,0.0,0.0,0.0,0.0,0.2356501995067295,0.3345148776156362,0.2285882633743329,0.3871061410504878,0.3005532629273665,0.1767646244820002,0.262294297191315,0.2573722799160087,0.2671008833759348,0.4123847017299993,0.4104358745180241,0.1809400244849119,0.8313781495460573,0.4490126582278481,0.5796276711994416,0.8857870565548595,0.811618797011574,3.008355704408325
0.715706685172334,0.497465205922766,0.7982946396076793,0.7982142695447905,0.6139882541377469,0.8283759251501187,0.1061307113938692,0.0066512434933487,0.8202764976958525,178.0,gan_leaks_cal,1,DP-CVAE ε=4,baseline,0.815,0.4434,0.5744190546967918,0.7956321921555637,0.8844269903646059,0.9803,0.9875,0.9910138580998532,0.9803028159095454,0.9984645675501927,14.0,0.1261,0.1193328672069998,0.1187648790248953,-0.0003290792573973,1.0,69.703,23.1698,0.4154597469085133,0.4276257024230714,0.0511451725982389,0.0,0.6899942163100058,0.0,0.0,0.0,0.0,0.2356501995067295,0.3345148776156362,0.2285882633743329,0.3871061410504878,0.3005532629273665,0.1767646244820002,0.262294297191315,0.2573722799160087,0.2671008833759348,0.4123847017299993,0.4104358745180241,0.1809400244849119,0.8313781495460573,0.4490126582278481,0.5796276711994416,0.8857870565548595,0.811618797011574,3.008355704408325
0.7302798982188295,0.5051792442422196,0.8045238679173622,0.8045015404646174,0.6171916711158569,0.8393054024255788,0.1035280508964719,0.0098322729901677,0.8248847926267281,179.0,domias_kde_pca,1,DP-CVAE ε=4,baseline,0.815,0.4434,0.5744190546967918,0.7956321921555637,0.8844269903646059,0.9803,0.9875,0.9910138580998532,0.9803028159095454,0.9984645675501927,14.0,0.1261,0.1193328672069998,0.1187648790248953,-0.0003290792573973,1.0,69.703,23.1698,0.4154597469085133,0.4276257024230714,0.0511451725982389,0.0,0.6899942163100058,0.0,0.0,0.0,0.0,0.2356501995067295,0.3345148776156362,0.2285882633743329,0.3871061410504878,0.3005532629273665,0.1767646244820002,0.262294297191315,0.2573722799160087,0.2671008833759348,0.4123847017299993,0.4104358745180241,0.1809400244849119,0.8313781495460573,0.4490126582278481,0.5796276711994416,0.8857870565548595,0.811618797011574,3.008355704408325
0.799676150821189,0.4994212966832377,0.7981893235181141,0.7979208408771773,0.6182594767752269,0.8886889460154241,0.104973973395026,0.0066512434933487,0.7926267281105991,172.0,domias_kde_vDE,1,DP-CVAE ε=4,baseline,0.815,0.4434,0.5744190546967918,0.7956321921555637,0.8844269903646059,0.9803,0.9875,0.9910138580998532,0.9803028159095454,0.9984645675501927,14.0,0.1261,0.1193328672069998,0.1187648790248953,-0.0003290792573973,1.0,69.703,23.1698,0.4154597469085133,0.4276257024230714,0.0511451725982389,0.0,0.6899942163100058,0.0,0.0,0.0,0.0,0.2356501995067295,0.3345148776156362,0.2285882633743329,0.3871061410504878,0.3005532629273665,0.1767646244820002,0.262294297191315,0.2573722799160087,0.2671008833759348,0.4123847017299993,0.4104358745180241,0.1809400244849119,0.8313781495460573,0.4490126582278481,0.5796276711994416,0.8857870565548595,0.811618797011574,3.008355704408325
0.7999074716631969,0.5031669881685092,0.801652067373248,0.8013686976244792,0.6171916711158569,0.8888031880704461,0.1069982648930017,0.0057836899942163,0.7880184331797235,171.0,domias_kde_sDE,1,DP-CVAE ε=4,baseline,0.815,0.4434,0.5744190546967918,0.7956321921555637,0.8844269903646059,0.9803,0.9875,0.9910138580998532,0.9803028159095454,0.9984645675501927,14.0,0.1261,0.1193328672069998,0.1187648790248953,-0.0003290792573973,1.0,69.703,23.1698,0.4154597469085133,0.4276257024230714,0.0511451725982389,0.0,0.6899942163100058,0.0,0.0,0.0,0.0,0.2356501995067295,0.3345148776156362,0.2285882633743329,0.3871061410504878,0.3005532629273665,0.1767646244820002,0.262294297191315,0.2573722799160087,0.2671008833759348,0.4123847017299993,0.4104358745180241,0.1809400244849119,0.8313781495460573,0.4490126582278481,0.5796276711994416,0.8857870565548595,0.811618797011574,3.008355704408325
0.7999074716631969,0.5009785468562469,0.801169403482789,0.8010312613240026,0.6154119950169069,0.8888031880704461,0.1168305378831694,0.0127241179872758,0.7511520737327189,163.0,domias_kde_dDE,1,DP-CVAE ε=4,baseline,0.815,0.4434,0.5744190546967918,0.7956321921555637,0.8844269903646059,0.9803,0.9875,0.9910138580998532,0.9803028159095454,0.9984645675501927,14.0,0.1261,0.1193328672069998,0.1187648790248953,-0.0003290792573973,1.0,69.703,23.1698,0.4154597469085133,0.4276257024230714,0.0511451725982389,0.0,0.6899942163100058,0.0,0.0,0.0,0.0,0.2356501995067295,0.3345148776156362,0.2285882633743329,0.3871061410504878,0.3005532629273665,0.1767646244820002,0.262294297191315,0.2573722799160087,0.2671008833759348,0.4123847017299993,0.4104358745180241,0.1809400244849119,0.8313781495460573,0.4490126582278481,0.5796276711994416,0.8857870565548595,0.811618797011574,3.008355704408325
0.775618783252371,0.4934682749559537,0.7981964148201741,0.8032225778902491,0.609361096280477,0.8723684210526316,0.0945633314054366,0.0558126084441873,0.8202764976958525,178.0,gan_leaks_cal_pca,1,DP-CVAE ε=4,baseline,0.815,0.4434,0.5744190546967918,0.7956321921555637,0.8844269903646059,0.9803,0.9875,0.9910138580998532,0.9803028159095454,0.9984645675501927,14.0,0.1261,0.1193328672069998,0.1187648790248953,-0.0003290792573973,1.0,69.703,23.1698,0.4154597469085133,0.4276257024230714,0.0511451725982389,0.0,0.6899942163100058,0.0,0.0,0.0,0.0,0.2356501995067295,0.3345148776156362,0.2285882633743329,0.3871061410504878,0.3005532629273665,0.1767646244820002,0.262294297191315,0.2573722799160087,0.2671008833759348,0.4123847017299993,0.4104358745180241,0.1809400244849119,0.8313781495460573,0.4490126582278481,0.5796276711994416,0.8857870565548595,0.811618797011574,3.008355704408325
0.799676150821189,0.4956886435742536,0.7956595667959302,0.7955086477625515,0.6147001245773269,0.8886889460154241,0.0931174089068826,0.0098322729901677,0.783410138248848,170.0,gan_leaks_cal_vDE,1,DP-CVAE ε=4,baseline,0.815,0.4434,0.5744190546967918,0.7956321921555637,0.8844269903646059,0.9803,0.9875,0.9910138580998532,0.9803028159095454,0.9984645675501927,14.0,0.1261,0.1193328672069998,0.1187648790248953,-0.0003290792573973,1.0,69.703,23.1698,0.4154597469085133,0.4276257024230714,0.0511451725982389,0.0,0.6899942163100058,0.0,0.0,0.0,0.0,0.2356501995067295,0.3345148776156362,0.2285882633743329,0.3871061410504878,0.3005532629273665,0.1767646244820002,0.262294297191315,0.2573722799160087,0.2671008833759348,0.4123847017299993,0.4104358745180241,0.1809400244849119,0.8313781495460573,0.4490126582278481,0.5796276711994416,0.8857870565548595,0.811618797011574,3.008355704408325
0.799676150821189,0.4872130303526714,0.7940898989614715,0.7939019187754227,0.6114967075992169,0.8886889460154241,0.0902255639097744,0.0098322729901677,0.783410138248848,170.0,gan_leaks_cal_sDE,1,DP-CVAE ε=4,baseline,0.815,0.4434,0.5744190546967918,0.7956321921555637,0.8844269903646059,0.9803,0.9875,0.9910138580998532,0.9803028159095454,0.9984645675501927,14.0,0.1261,0.1193328672069998,0.1187648790248953,-0.0003290792573973,1.0,69.703,23.1698,0.4154597469085133,0.4276257024230714,0.0511451725982389,0.0,0.6899942163100058,0.0,0.0,0.0,0.0,0.2356501995067295,0.3345148776156362,0.2285882633743329,0.3871061410504878,0.3005532629273665,0.1767646244820002,0.262294297191315,0.2573722799160087,0.2671008833759348,0.4123847017299993,0.4104358745180241,0.1809400244849119,0.8313781495460573,0.4490126582278481,0.5796276711994416,0.8857870565548595,0.811618797011574,3.008355704408325
0.799676150821189,0.4997706583042755,0.8021611080552115,0.8020311192249401,0.6143441893575369,0.8886889460154241,0.0945633314054366,0.0135916714864083,0.8294930875576036,180.0,gan_leaks_cal_dDE,1,DP-CVAE ε=4,baseline,0.815,0.4434,0.5744190546967918,0.7956321921555637,0.8844269903646059,0.9803,0.9875,0.9910138580998532,0.9803028159095454,0.9984645675501927,14.0,0.1261,0.1193328672069998,0.1187648790248953,-0.0003290792573973,1.0,69.703,23.1698,0.4154597469085133,0.4276257024230714,0.0511451725982389,0.0,0.6899942163100058,0.0,0.0,0.0,0.0,0.2356501995067295,0.3345148776156362,0.2285882633743329,0.3871061410504878,0.3005532629273665,0.1767646244820002,0.262294297191315,0.2573722799160087,0.2671008833759348,0.4123847017299993,0.4104358745180241,0.1809400244849119,0.8313781495460573,0.4490126582278481,0.5796276711994416,0.8857870565548595,0.811618797011574,3.008355704408325
0.7999074716631969,0.5063033863003441,0.8046549899065631,0.8044081028192341,0.6193272824345969,0.8888031880704461,0.1064198958935801,0.0115673799884326,0.7926267281105991,172.0,LOGAN_D1_pca,1,DP-CVAE ε=4,baseline,0.815,0.4434,0.5744190546967918,0.7956321921555637,0.8844269903646059,0.9803,0.9875,0.9910138580998532,0.9803028159095454,0.9984645675501927,14.0,0.1261,0.1193328672069998,0.1187648790248953,-0.0003290792573973,1.0,69.703,23.1698,0.4154597469085133,0.4276257024230714,0.0511451725982389,0.0,0.6899942163100058,0.0,0.0,0.0,0.0,0.2356501995067295,0.3345148776156362,0.2285882633743329,0.3871061410504878,0.3005532629273665,0.1767646244820002,0.262294297191315,0.2573722799160087,0.2671008833759348,0.4123847017299993,0.4104358745180241,0.1809400244849119,0.8313781495460573,0.4490126582278481,0.5796276711994416,0.8857870565548595,0.811618797011574,3.008355704408325
0.8001387925052047,0.4994102642109944,0.8011584465682988,0.8009854478406897,0.612564513258587,0.8889460154241645,0.0916714864083285,0.0130133024869866,0.8202764976958525,178.0,LOGAN_D1_vDE,1,DP-CVAE ε=4,baseline,0.815,0.4434,0.5744190546967918,0.7956321921555637,0.8844269903646059,0.9803,0.9875,0.9910138580998532,0.9803028159095454,0.9984645675501927,14.0,0.1261,0.1193328672069998,0.1187648790248953,-0.0003290792573973,1.0,69.703,23.1698,0.4154597469085133,0.4276257024230714,0.0511451725982389,0.0,0.6899942163100058,0.0,0.0,0.0,0.0,0.2356501995067295,0.3345148776156362,0.2285882633743329,0.3871061410504878,0.3005532629273665,0.1767646244820002,0.262294297191315,0.2573722799160087,0.2671008833759348,0.4123847017299993,0.4104358745180241,0.1809400244849119,0.8313781495460573,0.4490126582278481,0.5796276711994416,0.8857870565548595,0.811618797011574,3.008355704408325
0.8006014341892205,0.5016085678848077,0.8018694305362268,0.8016877980937366,0.615056059797117,0.8891460905349794,0.1064198958935801,0.0089647194910352,0.8110599078341014,176.0,LOGAN_D1_sDE,1,DP-CVAE ε=4,baseline,0.815,0.4434,0.5744190546967918,0.7956321921555637,0.8844269903646059,0.9803,0.9875,0.9910138580998532,0.9803028159095454,0.9984645675501927,14.0,0.1261,0.1193328672069998,0.1187648790248953,-0.0003290792573973,1.0,69.703,23.1698,0.4154597469085133,0.4276257024230714,0.0511451725982389,0.0,0.6899942163100058,0.0,0.0,0.0,0.0,0.2356501995067295,0.3345148776156362,0.2285882633743329,0.3871061410504878,0.3005532629273665,0.1767646244820002,0.262294297191315,0.2573722799160087,0.2671008833759348,0.4123847017299993,0.4104358745180241,0.1809400244849119,0.8313781495460573,0.4490126582278481,0.5796276711994416,0.8857870565548595,0.811618797011574,3.008355704408325
0.799676150821189,0.5118682655950682,0.8061622382838329,0.8059133330864967,0.6182594767752269,0.8886889460154241,0.1006362058993638,0.0121457489878542,0.8110599078341014,176.0,LOGAN_D1_dDE,1,DP-CVAE ε=4,baseline,0.815,0.4434,0.5744190546967918,0.7956321921555637,0.8844269903646059,0.9803,0.9875,0.9910138580998532,0.9803028159095454,0.9984645675501927,14.0,0.1261,0.1193328672069998,0.1187648790248953,-0.0003290792573973,1.0,69.703,23.1698,0.4154597469085133,0.4276257024230714,0.0511451725982389,0.0,0.6899942163100058,0.0,0.0,0.0,0.0,0.2356501995067295,0.3345148776156362,0.2285882633743329,0.3871061410504878,0.3005532629273665,0.1767646244820002,0.262294297191315,0.2573722799160087,0.2671008833759348,0.4123847017299993,0.4104358745180241,0.1809400244849119,0.8313781495460573,0.4490126582278481,0.5796276711994416,0.8857870565548595,0.811618797011574,3.008355704408325
0.2563034929447143,0.493896368310728,0.7986043055648907,0.7897453993597354,0.1737342585453611,0.1737342585453611,0.0977443609022556,0.0101214574898785,0.7788018433179723,169.0,MC,3,DP-CVAE ε=4,baseline,0.7769,0.4697,0.5648736421857866,0.7564429312438533,0.8914872530351322,0.9723,0.988,0.9883960411037792,0.972187420794746,0.997829695121548,15.0,0.1389,0.1155173406897458,0.1152325025225314,-0.0002560159448946,1.0,67.6178,23.3183,0.4014716760313981,0.4151165195795632,0.0514538111278603,0.0,0.478021978021978,0.0,0.0,0.0,0.0,0.2327712273720503,0.3242623214793854,0.2183927848940098,0.371588210170154,0.3040771696173231,0.1811338198881863,0.2660433596199552,0.2415701729162298,0.2608168020413154,0.4245795048134806,0.4167731436296896,0.1919332580532999,0.7990332201995269,0.47540485829959517,0.5715053669731122,0.8934262604066299,0.7780834385055864,2.8997739972467977
0.799676150821189,0.499376498159583,0.7967694196006553,0.7965920001964703,0.6161238654564869,0.8886889460154241,0.0873337189126662,0.0083863504916136,0.7788018433179723,169.0,gan_leaks,3,DP-CVAE ε=4,baseline,0.7769,0.4697,0.5648736421857866,0.7564429312438533,0.8914872530351322,0.9723,0.988,0.9883960411037792,0.972187420794746,0.997829695121548,15.0,0.1389,0.1155173406897458,0.1152325025225314,-0.0002560159448946,1.0,67.6178,23.3183,0.4014716760313981,0.4151165195795632,0.0514538111278603,0.0,0.478021978021978,0.0,0.0,0.0,0.0,0.2327712273720503,0.3242623214793854,0.2183927848940098,0.371588210170154,0.3040771696173231,0.1811338198881863,0.2660433596199552,0.2415701729162298,0.2608168020413154,0.4245795048134806,0.4167731436296896,0.1919332580532999,0.7990332201995269,0.47540485829959517,0.5715053669731122,0.8934262604066299,0.7780834385055864,2.8997739972467977
0.799676150821189,0.5023368782115359,0.7999406166045833,0.7997598102478591,0.6186154119950169,0.8886889460154241,0.0951417004048583,0.0083863504916136,0.7880184331797235,171.0,loss_lr,3,DP-CVAE ε=4,baseline,0.7769,0.4697,0.5648736421857866,0.7564429312438533,0.8914872530351322,0.9723,0.988,0.9883960411037792,0.972187420794746,0.997829695121548,15.0,0.1389,0.1155173406897458,0.1152325025225314,-0.0002560159448946,1.0,67.6178,23.3183,0.4014716760313981,0.4151165195795632,0.0514538111278603,0.0,0.478021978021978,0.0,0.0,0.0,0.0,0.2327712273720503,0.3242623214793854,0.2183927848940098,0.371588210170154,0.3040771696173231,0.1811338198881863,0.2660433596199552,0.2415701729162298,0.2608168020413154,0.4245795048134806,0.4167731436296896,0.1919332580532999,0.7990332201995269,0.47540485829959517,0.5715053669731122,0.8934262604066299,0.7780834385055864,2.8997739972467977
0.799676150821189,0.4999862929890311,0.7991881685611768,0.7990232946257512,0.6143441893575369,0.8886889460154241,0.0994794679005205,0.0066512434933487,0.783410138248848,170.0,loss_rf,3,DP-CVAE ε=4,baseline,0.7769,0.4697,0.5648736421857866,0.7564429312438533,0.8914872530351322,0.9723,0.988,0.9883960411037792,0.972187420794746,0.997829695121548,15.0,0.1389,0.1155173406897458,0.1152325025225314,-0.0002560159448946,1.0,67.6178,23.3183,0.4014716760313981,0.4151165195795632,0.0514538111278603,0.0,0.478021978021978,0.0,0.0,0.0,0.0,0.2327712273720503,0.3242623214793854,0.2183927848940098,0.371588210170154,0.3040771696173231,0.1811338198881863,0.2660433596199552,0.2415701729162298,0.2608168020413154,0.4245795048134806,0.4167731436296896,0.1919332580532999,0.7990332201995269,0.47540485829959517,0.5715053669731122,0.8934262604066299,0.7780834385055864,2.8997739972467977
0.799676150821189,0.5032631044039623,0.8040376890703591,0.8039215254249841,0.6171916711158569,0.8886889460154241,0.1078658183921341,0.0121457489878542,0.8202764976958525,178.0,LOGAN_D1,3,DP-CVAE ε=4,baseline,0.7769,0.4697,0.5648736421857866,0.7564429312438533,0.8914872530351322,0.9723,0.988,0.9883960411037792,0.972187420794746,0.997829695121548,15.0,0.1389,0.1155173406897458,0.1152325025225314,-0.0002560159448946,1.0,67.6178,23.3183,0.4014716760313981,0.4151165195795632,0.0514538111278603,0.0,0.478021978021978,0.0,0.0,0.0,0.0,0.2327712273720503,0.3242623214793854,0.2183927848940098,0.371588210170154,0.3040771696173231,0.1811338198881863,0.2660433596199552,0.2415701729162298,0.2608168020413154,0.4245795048134806,0.4167731436296896,0.1919332580532999,0.7990332201995269,0.47540485829959517,0.5715053669731122,0.8934262604066299,0.7780834385055864,2.8997739972467977
0.693499884339579,0.5011206317260469,0.8054911449353244,0.8049689798237858,0.615056059797117,0.8120300751879699,0.1197223828802776,0.0150375939849624,0.8341013824884793,181.0,gan_leaks_cal,3,DP-CVAE ε=4,baseline,0.7769,0.4697,0.5648736421857866,0.7564429312438533,0.8914872530351322,0.9723,0.988,0.9883960411037792,0.972187420794746,0.997829695121548,15.0,0.1389,0.1155173406897458,0.1152325025225314,-0.0002560159448946,1.0,67.6178,23.3183,0.4014716760313981,0.4151165195795632,0.0514538111278603,0.0,0.478021978021978,0.0,0.0,0.0,0.0,0.2327712273720503,0.3242623214793854,0.2183927848940098,0.371588210170154,0.3040771696173231,0.1811338198881863,0.2660433596199552,0.2415701729162298,0.2608168020413154,0.4245795048134806,0.4167731436296896,0.1919332580532999,0.7990332201995269,0.47540485829959517,0.5715053669731122,0.8934262604066299,0.7780834385055864,2.8997739972467977
0.7288919731667823,0.4987909413373362,0.7950973498444601,0.7949594014542479,0.613276383698167,0.8383894098179813,0.0855986119144013,0.0069404279930595,0.7788018433179723,169.0,domias_kde_pca,3,DP-CVAE ε=4,baseline,0.7769,0.4697,0.5648736421857866,0.7564429312438533,0.8914872530351322,0.9723,0.988,0.9883960411037792,0.972187420794746,0.997829695121548,15.0,0.1389,0.1155173406897458,0.1152325025225314,-0.0002560159448946,1.0,67.6178,23.3183,0.4014716760313981,0.4151165195795632,0.0514538111278603,0.0,0.478021978021978,0.0,0.0,0.0,0.0,0.2327712273720503,0.3242623214793854,0.2183927848940098,0.371588210170154,0.3040771696173231,0.1811338198881863,0.2660433596199552,0.2415701729162298,0.2608168020413154,0.4245795048134806,0.4167731436296896,0.1919332580532999,0.7990332201995269,0.47540485829959517,0.5715053669731122,0.8934262604066299,0.7780834385055864,2.8997739972467977
0.799676150821189,0.5003710922481839,0.7941682737969744,0.7938594993340684,0.6147001245773269,0.8886889460154241,0.0821283979178716,0.0023134759976865,0.7788018433179723,169.0,domias_kde_vDE,3,DP-CVAE ε=4,baseline,0.7769,0.4697,0.5648736421857866,0.7564429312438533,0.8914872530351322,0.9723,0.988,0.9883960411037792,0.972187420794746,0.997829695121548,15.0,0.1389,0.1155173406897458,0.1152325025225314,-0.0002560159448946,1.0,67.6178,23.3183,0.4014716760313981,0.4151165195795632,0.0514538111278603,0.0,0.478021978021978,0.0,0.0,0.0,0.0,0.2327712273720503,0.3242623214793854,0.2183927848940098,0.371588210170154,0.3040771696173231,0.1811338198881863,0.2660433596199552,0.2415701729162298,0.2608168020413154,0.4245795048134806,0.4167731436296896,0.1919332580532999,0.7990332201995269,0.47540485829959517,0.5715053669731122,0.8934262604066299,0.7780834385055864,2.8997739972467977
0.799676150821189,0.502062737992157,0.7927724825849103,0.7925842969127277,0.6200391528741769,0.8886889460154241,0.0786581839213418,0.0040485829959514,0.7327188940092166,159.0,domias_kde_sDE,3,DP-CVAE ε=4,baseline,0.7769,0.4697,0.5648736421857866,0.7564429312438533,0.8914872530351322,0.9723,0.988,0.9883960411037792,0.972187420794746,0.997829695121548,15.0,0.1389,0.1155173406897458,0.1152325025225314,-0.0002560159448946,1.0,67.6178,23.3183,0.4014716760313981,0.4151165195795632,0.0514538111278603,0.0,0.478021978021978,0.0,0.0,0.0,0.0,0.2327712273720503,0.3242623214793854,0.2183927848940098,0.371588210170154,0.3040771696173231,0.1811338198881863,0.2660433596199552,0.2415701729162298,0.2608168020413154,0.4245795048134806,0.4167731436296896,0.1919332580532999,0.7990332201995269,0.47540485829959517,0.5715053669731122,0.8934262604066299,0.7780834385055864,2.8997739972467977
0.799676150821189,0.4988930752849219,0.8002455634050698,0.800107127509601,0.6168357358960669,0.8886889460154241,0.0934065934065934,0.0101214574898785,0.8064516129032258,175.0,domias_kde_dDE,3,DP-CVAE ε=4,baseline,0.7769,0.4697,0.5648736421857866,0.7564429312438533,0.8914872530351322,0.9723,0.988,0.9883960411037792,0.972187420794746,0.997829695121548,15.0,0.1389,0.1155173406897458,0.1152325025225314,-0.0002560159448946,1.0,67.6178,23.3183,0.4014716760313981,0.4151165195795632,0.0514538111278603,0.0,0.478021978021978,0.0,0.0,0.0,0.0,0.2327712273720503,0.3242623214793854,0.2183927848940098,0.371588210170154,0.3040771696173231,0.1811338198881863,0.2660433596199552,0.2415701729162298,0.2608168020413154,0.4245795048134806,0.4167731436296896,0.1919332580532999,0.7990332201995269,0.47540485829959517,0.5715053669731122,0.8934262604066299,0.7780834385055864,2.8997739972467977
0.7749248207263475,0.5033909807867825,0.8042709720356847,0.8106134374104187,0.6186154119950169,0.8721923026402206,0.1072874493927125,0.0722961249277038,0.8018433179723502,174.0,gan_leaks_cal_pca,3,DP-CVAE ε=4,baseline,0.7769,0.4697,0.5648736421857866,0.7564429312438533,0.8914872530351322,0.9723,0.988,0.9883960411037792,0.972187420794746,0.997829695121548,15.0,0.1389,0.1155173406897458,0.1152325025225314,-0.0002560159448946,1.0,67.6178,23.3183,0.4014716760313981,0.4151165195795632,0.0514538111278603,0.0,0.478021978021978,0.0,0.0,0.0,0.0,0.2327712273720503,0.3242623214793854,0.2183927848940098,0.371588210170154,0.3040771696173231,0.1811338198881863,0.2660433596199552,0.2415701729162298,0.2608168020413154,0.4245795048134806,0.4167731436296896,0.1919332580532999,0.7990332201995269,0.47540485829959517,0.5715053669731122,0.8934262604066299,0.7780834385055864,2.8997739972467977
0.799676150821189,0.4962760391418743,0.7990226629042774,0.7987501224579252,0.6154119950169069,0.8886889460154241,0.098611914401388,0.0101214574898785,0.7972350230414746,173.0,gan_leaks_cal_vDE,3,DP-CVAE ε=4,baseline,0.7769,0.4697,0.5648736421857866,0.7564429312438533,0.8914872530351322,0.9723,0.988,0.9883960411037792,0.972187420794746,0.997829695121548,15.0,0.1389,0.1155173406897458,0.1152325025225314,-0.0002560159448946,1.0,67.6178,23.3183,0.4014716760313981,0.4151165195795632,0.0514538111278603,0.0,0.478021978021978,0.0,0.0,0.0,0.0,0.2327712273720503,0.3242623214793854,0.2183927848940098,0.371588210170154,0.3040771696173231,0.1811338198881863,0.2660433596199552,0.2415701729162298,0.2608168020413154,0.4245795048134806,0.4167731436296896,0.1919332580532999,0.7990332201995269,0.47540485829959517,0.5715053669731122,0.8934262604066299,0.7780834385055864,2.8997739972467977
0.799676150821189,0.5053540922114089,0.8068730993335003,0.806700650179413,0.6154119950169069,0.8886889460154241,0.1243493348756506,0.0133024869866975,0.8341013824884793,181.0,gan_leaks_cal_sDE,3,DP-CVAE ε=4,baseline,0.7769,0.4697,0.5648736421857866,0.7564429312438533,0.8914872530351322,0.9723,0.988,0.9883960411037792,0.972187420794746,0.997829695121548,15.0,0.1389,0.1155173406897458,0.1152325025225314,-0.0002560159448946,1.0,67.6178,23.3183,0.4014716760313981,0.4151165195795632,0.0514538111278603,0.0,0.478021978021978,0.0,0.0,0.0,0.0,0.2327712273720503,0.3242623214793854,0.2183927848940098,0.371588210170154,0.3040771696173231,0.1811338198881863,0.2660433596199552,0.2415701729162298,0.2608168020413154,0.4245795048134806,0.4167731436296896,0.1919332580532999,0.7990332201995269,0.47540485829959517,0.5715053669731122,0.8934262604066299,0.7780834385055864,2.8997739972467977
0.799676150821189,0.5028537328202677,0.8034031473700212,0.8032403578914876,0.6143441893575369,0.8886889460154241,0.1093117408906882,0.007807981492192,0.8341013824884793,181.0,gan_leaks_cal_dDE,3,DP-CVAE ε=4,baseline,0.7769,0.4697,0.5648736421857866,0.7564429312438533,0.8914872530351322,0.9723,0.988,0.9883960411037792,0.972187420794746,0.997829695121548,15.0,0.1389,0.1155173406897458,0.1152325025225314,-0.0002560159448946,1.0,67.6178,23.3183,0.4014716760313981,0.4151165195795632,0.0514538111278603,0.0,0.478021978021978,0.0,0.0,0.0,0.0,0.2327712273720503,0.3242623214793854,0.2183927848940098,0.371588210170154,0.3040771696173231,0.1811338198881863,0.2660433596199552,0.2415701729162298,0.2608168020413154,0.4245795048134806,0.4167731436296896,0.1919332580532999,0.7990332201995269,0.47540485829959517,0.5715053669731122,0.8934262604066299,0.7780834385055864,2.8997739972467977
0.799676150821189,0.4944640391552469,0.8017568256544418,0.8016106915784377,0.6143441893575369,0.8886889460154241,0.0989010989010989,0.0138808559861191,0.8202764976958525,178.0,LOGAN_D1_pca,3,DP-CVAE ε=4,baseline,0.7769,0.4697,0.5648736421857866,0.7564429312438533,0.8914872530351322,0.9723,0.988,0.9883960411037792,0.972187420794746,0.997829695121548,15.0,0.1389,0.1155173406897458,0.1152325025225314,-0.0002560159448946,1.0,67.6178,23.3183,0.4014716760313981,0.4151165195795632,0.0514538111278603,0.0,0.478021978021978,0.0,0.0,0.0,0.0,0.2327712273720503,0.3242623214793854,0.2183927848940098,0.371588210170154,0.3040771696173231,0.1811338198881863,0.2660433596199552,0.2415701729162298,0.2608168020413154,0.4245795048134806,0.4167731436296896,0.1919332580532999,0.7990332201995269,0.47540485829959517,0.5715053669731122,0.8934262604066299,0.7780834385055864,2.8997739972467977
0.799676150821189,0.5077391121200066,0.8038689679480263,0.8037544845760799,0.616479800676277,0.8886889460154241,0.0968768074031232,0.0141700404858299,0.7880184331797235,171.0,LOGAN_D1_vDE,3,DP-CVAE ε=4,baseline,0.7769,0.4697,0.5648736421857866,0.7564429312438533,0.8914872530351322,0.9723,0.988,0.9883960411037792,0.972187420794746,0.997829695121548,15.0,0.1389,0.1155173406897458,0.1152325025225314,-0.0002560159448946,1.0,67.6178,23.3183,0.4014716760313981,0.4151165195795632,0.0514538111278603,0.0,0.478021978021978,0.0,0.0,0.0,0.0,0.2327712273720503,0.3242623214793854,0.2183927848940098,0.371588210170154,0.3040771696173231,0.1811338198881863,0.2660433596199552,0.2415701729162298,0.2608168020413154,0.4245795048134806,0.4167731436296896,0.1919332580532999,0.7990332201995269,0.47540485829959517,0.5715053669731122,0.8934262604066299,0.7780834385055864,2.8997739972467977
0.799676150821189,0.4992305686403648,0.8034104031734955,0.8032757032767041,0.6182594767752269,0.8886889460154241,0.1113360323886639,0.0089647194910352,0.8110599078341014,176.0,LOGAN_D1_sDE,3,DP-CVAE ε=4,baseline,0.7769,0.4697,0.5648736421857866,0.7564429312438533,0.8914872530351322,0.9723,0.988,0.9883960411037792,0.972187420794746,0.997829695121548,15.0,0.1389,0.1155173406897458,0.1152325025225314,-0.0002560159448946,1.0,67.6178,23.3183,0.4014716760313981,0.4151165195795632,0.0514538111278603,0.0,0.478021978021978,0.0,0.0,0.0,0.0,0.2327712273720503,0.3242623214793854,0.2183927848940098,0.371588210170154,0.3040771696173231,0.1811338198881863,0.2660433596199552,0.2415701729162298,0.2608168020413154,0.4245795048134806,0.4167731436296896,0.1919332580532999,0.7990332201995269,0.47540485829959517,0.5715053669731122,0.8934262604066299,0.7780834385055864,2.8997739972467977
0.799676150821189,0.5007856457506594,0.8024625997962492,0.8023389690213365,0.618971347214807,0.8886889460154241,0.1006362058993638,0.0141700404858299,0.8202764976958525,178.0,LOGAN_D1_dDE,3,DP-CVAE ε=4,baseline,0.7769,0.4697,0.5648736421857866,0.7564429312438533,0.8914872530351322,0.9723,0.988,0.9883960411037792,0.972187420794746,0.997829695121548,15.0,0.1389,0.1155173406897458,0.1152325025225314,-0.0002560159448946,1.0,67.6178,23.3183,0.4014716760313981,0.4151165195795632,0.0514538111278603,0.0,0.478021978021978,0.0,0.0,0.0,0.0,0.2327712273720503,0.3242623214793854,0.2183927848940098,0.371588210170154,0.3040771696173231,0.1811338198881863,0.2660433596199552,0.2415701729162298,0.2608168020413154,0.4245795048134806,0.4167731436296896,0.1919332580532999,0.7990332201995269,0.47540485829959517,0.5715053669731122,0.8934262604066299,0.7780834385055864,2.8997739972467977
0.2678695350451076,0.5118341652263162,0.8048939567761191,0.8220048757746102,0.1865844255975327,0.1865844255975327,1.0,0.0161943319838056,0.8294930875576036,180.0,MC,2,DP-CVAE ε=4,baseline,0.7734,0.465,0.5610691391535318,0.7477197732855684,0.9017781703834103,0.978,0.9933,0.9940760462232364,0.978010199346212,0.999399642449856,9.0,0.0841,0.1155717699216364,0.1163885243718098,-0.0002804506456405,1.0,67.6746,23.2381,0.403302583792657,0.4180332719015542,0.0485196773835932,0.0,0.5054945054945055,0.0,0.0,0.0,0.0,0.2335483901055081,0.3283014748759896,0.2234923339846564,0.374739398403923,0.3013936061090588,0.1797576004855933,0.2570653761106454,0.2479179327416182,0.24993188806719,0.420951541303722,0.4163562127984424,0.1910518936043616,0.7907975460122699,0.4681365146481426,0.5644126938629949,0.9023198849389785,0.7645316723541431,2.9122260425766306
0.799676150821189,0.4979299070263475,0.8065279268044545,0.806426818257652,0.6161238654564869,0.8886889460154241,0.1229034123770966,0.015615962984384,0.8387096774193549,182.0,gan_leaks,2,DP-CVAE ε=4,baseline,0.7734,0.465,0.5610691391535318,0.7477197732855684,0.9017781703834103,0.978,0.9933,0.9940760462232364,0.978010199346212,0.999399642449856,9.0,0.0841,0.1155717699216364,0.1163885243718098,-0.0002804506456405,1.0,67.6746,23.2381,0.403302583792657,0.4180332719015542,0.0485196773835932,0.0,0.5054945054945055,0.0,0.0,0.0,0.0,0.2335483901055081,0.3283014748759896,0.2234923339846564,0.374739398403923,0.3013936061090588,0.1797576004855933,0.2570653761106454,0.2479179327416182,0.24993188806719,0.420951541303722,0.4163562127984424,0.1910518936043616,0.7907975460122699,0.4681365146481426,0.5644126938629949,0.9023198849389785,0.7645316723541431,2.9122260425766306
0.799676150821189,0.5081847571351679,0.803943060083418,0.8037013658302969,0.6182594767752269,0.8886889460154241,0.1041064198958935,0.012434933487565,0.815668202764977,177.0,loss_lr,2,DP-CVAE ε=4,baseline,0.7734,0.465,0.5610691391535318,0.7477197732855684,0.9017781703834103,0.978,0.9933,0.9940760462232364,0.978010199346212,0.999399642449856,9.0,0.0841,0.1155717699216364,0.1163885243718098,-0.0002804506456405,1.0,67.6746,23.2381,0.403302583792657,0.4180332719015542,0.0485196773835932,0.0,0.5054945054945055,0.0,0.0,0.0,0.0,0.2335483901055081,0.3283014748759896,0.2234923339846564,0.374739398403923,0.3013936061090588,0.1797576004855933,0.2570653761106454,0.2479179327416182,0.24993188806719,0.420951541303722,0.4163562127984424,0.1910518936043616,0.7907975460122699,0.4681365146481426,0.5644126938629949,0.9023198849389785,0.7645316723541431,2.9122260425766306
0.799676150821189,0.4904432044985741,0.7963813328042672,0.7962373798918543,0.6122085780387969,0.8886889460154241,0.0905147484094852,0.0089647194910352,0.7880184331797235,171.0,loss_rf,2,DP-CVAE ε=4,baseline,0.7734,0.465,0.5610691391535318,0.7477197732855684,0.9017781703834103,0.978,0.9933,0.9940760462232364,0.978010199346212,0.999399642449856,9.0,0.0841,0.1155717699216364,0.1163885243718098,-0.0002804506456405,1.0,67.6746,23.2381,0.403302583792657,0.4180332719015542,0.0485196773835932,0.0,0.5054945054945055,0.0,0.0,0.0,0.0,0.2335483901055081,0.3283014748759896,0.2234923339846564,0.374739398403923,0.3013936061090588,0.1797576004855933,0.2570653761106454,0.2479179327416182,0.24993188806719,0.420951541303722,0.4163562127984424,0.1910518936043616,0.7907975460122699,0.4681365146481426,0.5644126938629949,0.9023198849389785,0.7645316723541431,2.9122260425766306
0.799676150821189,0.4942592697840644,0.798290425442242,0.7981398696912965,0.613276383698167,0.8886889460154241,0.0913823019086177,0.0121457489878542,0.7972350230414746,173.0,LOGAN_D1,2,DP-CVAE ε=4,baseline,0.7734,0.465,0.5610691391535318,0.7477197732855684,0.9017781703834103,0.978,0.9933,0.9940760462232364,0.978010199346212,0.999399642449856,9.0,0.0841,0.1155717699216364,0.1163885243718098,-0.0002804506456405,1.0,67.6746,23.2381,0.403302583792657,0.4180332719015542,0.0485196773835932,0.0,0.5054945054945055,0.0,0.0,0.0,0.0,0.2335483901055081,0.3283014748759896,0.2234923339846564,0.374739398403923,0.3013936061090588,0.1797576004855933,0.2570653761106454,0.2479179327416182,0.24993188806719,0.420951541303722,0.4163562127984424,0.1910518936043616,0.7907975460122699,0.4681365146481426,0.5644126938629949,0.9023198849389785,0.7645316723541431,2.9122260425766306
0.7057598889659958,0.4928940849232909,0.7934249147792775,0.7930987800822009,0.612564513258587,0.8215488215488216,0.0844418739155581,0.0104106419895893,0.7603686635944701,165.0,gan_leaks_cal,2,DP-CVAE ε=4,baseline,0.7734,0.465,0.5610691391535318,0.7477197732855684,0.9017781703834103,0.978,0.9933,0.9940760462232364,0.978010199346212,0.999399642449856,9.0,0.0841,0.1155717699216364,0.1163885243718098,-0.0002804506456405,1.0,67.6746,23.2381,0.403302583792657,0.4180332719015542,0.0485196773835932,0.0,0.5054945054945055,0.0,0.0,0.0,0.0,0.2335483901055081,0.3283014748759896,0.2234923339846564,0.374739398403923,0.3013936061090588,0.1797576004855933,0.2570653761106454,0.2479179327416182,0.24993188806719,0.420951541303722,0.4163562127984424,0.1910518936043616,0.7907975460122699,0.4681365146481426,0.5644126938629949,0.9023198849389785,0.7645316723541431,2.9122260425766306
0.7231089521165857,0.4990333214093482,0.8016659979765743,0.8012941318293043,0.616479800676277,0.8351012536162006,0.1061307113938692,0.0054945054945054,0.815668202764977,177.0,domias_kde_pca,2,DP-CVAE ε=4,baseline,0.7734,0.465,0.5610691391535318,0.7477197732855684,0.9017781703834103,0.978,0.9933,0.9940760462232364,0.978010199346212,0.999399642449856,9.0,0.0841,0.1155717699216364,0.1163885243718098,-0.0002804506456405,1.0,67.6746,23.2381,0.403302583792657,0.4180332719015542,0.0485196773835932,0.0,0.5054945054945055,0.0,0.0,0.0,0.0,0.2335483901055081,0.3283014748759896,0.2234923339846564,0.374739398403923,0.3013936061090588,0.1797576004855933,0.2570653761106454,0.2479179327416182,0.24993188806719,0.420951541303722,0.4163562127984424,0.1910518936043616,0.7907975460122699,0.4681365146481426,0.5644126938629949,0.9023198849389785,0.7645316723541431,2.9122260425766306
0.8003701133472125,0.5025668885419419,0.8049574063397784,0.804838569887324,0.6179035415554369,0.8890602905257745,0.1052631578947368,0.0130133024869866,0.8018433179723502,174.0,domias_kde_vDE,2,DP-CVAE ε=4,baseline,0.7734,0.465,0.5610691391535318,0.7477197732855684,0.9017781703834103,0.978,0.9933,0.9940760462232364,0.978010199346212,0.999399642449856,9.0,0.0841,0.1155717699216364,0.1163885243718098,-0.0002804506456405,1.0,67.6746,23.2381,0.403302583792657,0.4180332719015542,0.0485196773835932,0.0,0.5054945054945055,0.0,0.0,0.0,0.0,0.2335483901055081,0.3283014748759896,0.2234923339846564,0.374739398403923,0.3013936061090588,0.1797576004855933,0.2570653761106454,0.2479179327416182,0.24993188806719,0.420951541303722,0.4163562127984424,0.1910518936043616,0.7907975460122699,0.4681365146481426,0.5644126938629949,0.9023198849389785,0.7645316723541431,2.9122260425766306
0.8001387925052047,0.4867800893964568,0.7992313974641228,0.7990896887756698,0.607225484961737,0.8889174595011571,0.1052631578947368,0.0109890109890109,0.8202764976958525,178.0,domias_kde_sDE,2,DP-CVAE ε=4,baseline,0.7734,0.465,0.5610691391535318,0.7477197732855684,0.9017781703834103,0.978,0.9933,0.9940760462232364,0.978010199346212,0.999399642449856,9.0,0.0841,0.1155717699216364,0.1163885243718098,-0.0002804506456405,1.0,67.6746,23.2381,0.403302583792657,0.4180332719015542,0.0485196773835932,0.0,0.5054945054945055,0.0,0.0,0.0,0.0,0.2335483901055081,0.3283014748759896,0.2234923339846564,0.374739398403923,0.3013936061090588,0.1797576004855933,0.2570653761106454,0.2479179327416182,0.24993188806719,0.420951541303722,0.4163562127984424,0.1910518936043616,0.7907975460122699,0.4681365146481426,0.5644126938629949,0.9023198849389785,0.7645316723541431,2.9122260425766306
0.799676150821189,0.4909864701772216,0.799898674249492,0.7996954656576543,0.6129204484783769,0.8886889460154241,0.1003470213996529,0.0104106419895893,0.8294930875576036,180.0,domias_kde_dDE,2,DP-CVAE ε=4,baseline,0.7734,0.465,0.5610691391535318,0.7477197732855684,0.9017781703834103,0.978,0.9933,0.9940760462232364,0.978010199346212,0.999399642449856,9.0,0.0841,0.1155717699216364,0.1163885243718098,-0.0002804506456405,1.0,67.6746,23.2381,0.403302583792657,0.4180332719015542,0.0485196773835932,0.0,0.5054945054945055,0.0,0.0,0.0,0.0,0.2335483901055081,0.3283014748759896,0.2234923339846564,0.374739398403923,0.3013936061090588,0.1797576004855933,0.2570653761106454,0.2479179327416182,0.24993188806719,0.420951541303722,0.4163562127984424,0.1910518936043616,0.7907975460122699,0.4681365146481426,0.5644126938629949,0.9023198849389785,0.7645316723541431,2.9122260425766306
0.7770067083044182,0.4898981000745528,0.792883617580073,0.8000066836747086,0.6139882541377469,0.8735240094463396,0.0931174089068826,0.0647773279352226,0.7788018433179723,169.0,gan_leaks_cal_pca,2,DP-CVAE ε=4,baseline,0.7734,0.465,0.5610691391535318,0.7477197732855684,0.9017781703834103,0.978,0.9933,0.9940760462232364,0.978010199346212,0.999399642449856,9.0,0.0841,0.1155717699216364,0.1163885243718098,-0.0002804506456405,1.0,67.6746,23.2381,0.403302583792657,0.4180332719015542,0.0485196773835932,0.0,0.5054945054945055,0.0,0.0,0.0,0.0,0.2335483901055081,0.3283014748759896,0.2234923339846564,0.374739398403923,0.3013936061090588,0.1797576004855933,0.2570653761106454,0.2479179327416182,0.24993188806719,0.420951541303722,0.4163562127984424,0.1910518936043616,0.7907975460122699,0.4681365146481426,0.5644126938629949,0.9023198849389785,0.7645316723541431,2.9122260425766306
0.8001387925052047,0.4996031653165818,0.8005932177846979,0.8003943314737338,0.6136323189179569,0.8889174595011571,0.0948525159051474,0.0150375939849624,0.7880184331797235,171.0,gan_leaks_cal_vDE,2,DP-CVAE ε=4,baseline,0.7734,0.465,0.5610691391535318,0.7477197732855684,0.9017781703834103,0.978,0.9933,0.9940760462232364,0.978010199346212,0.999399642449856,9.0,0.0841,0.1155717699216364,0.1163885243718098,-0.0002804506456405,1.0,67.6746,23.2381,0.403302583792657,0.4180332719015542,0.0485196773835932,0.0,0.5054945054945055,0.0,0.0,0.0,0.0,0.2335483901055081,0.3283014748759896,0.2234923339846564,0.374739398403923,0.3013936061090588,0.1797576004855933,0.2570653761106454,0.2479179327416182,0.24993188806719,0.420951541303722,0.4163562127984424,0.1910518936043616,0.7907975460122699,0.4681365146481426,0.5644126938629949,0.9023198849389785,0.7645316723541431,2.9122260425766306
0.8001387925052047,0.4876255779511027,0.7918777275432048,0.7915849614766353,0.6143441893575369,0.8889460154241645,0.086176980913823,0.0095430884904569,0.7695852534562212,167.0,gan_leaks_cal_sDE,2,DP-CVAE ε=4,baseline,0.7734,0.465,0.5610691391535318,0.7477197732855684,0.9017781703834103,0.978,0.9933,0.9940760462232364,0.978010199346212,0.999399642449856,9.0,0.0841,0.1155717699216364,0.1163885243718098,-0.0002804506456405,1.0,67.6746,23.2381,0.403302583792657,0.4180332719015542,0.0485196773835932,0.0,0.5054945054945055,0.0,0.0,0.0,0.0,0.2335483901055081,0.3283014748759896,0.2234923339846564,0.374739398403923,0.3013936061090588,0.1797576004855933,0.2570653761106454,0.2479179327416182,0.24993188806719,0.420951541303722,0.4163562127984424,0.1910518936043616,0.7907975460122699,0.4681365146481426,0.5644126938629949,0.9023198849389785,0.7645316723541431,2.9122260425766306
0.799676150821189,0.4884526790520097,0.7924439236727993,0.7922925005173636,0.615767930236697,0.8886889460154241,0.093984962406015,0.0095430884904569,0.7649769585253456,166.0,gan_leaks_cal_dDE,2,DP-CVAE ε=4,baseline,0.7734,0.465,0.5610691391535318,0.7477197732855684,0.9017781703834103,0.978,0.9933,0.9940760462232364,0.978010199346212,0.999399642449856,9.0,0.0841,0.1155717699216364,0.1163885243718098,-0.0002804506456405,1.0,67.6746,23.2381,0.403302583792657,0.4180332719015542,0.0485196773835932,0.0,0.5054945054945055,0.0,0.0,0.0,0.0,0.2335483901055081,0.3283014748759896,0.2234923339846564,0.374739398403923,0.3013936061090588,0.1797576004855933,0.2570653761106454,0.2479179327416182,0.24993188806719,0.420951541303722,0.4163562127984424,0.1910518936043616,0.7907975460122699,0.4681365146481426,0.5644126938629949,0.9023198849389785,0.7645316723541431,2.9122260425766306
0.799676150821189,0.5042588686032556,0.8055590353896953,0.8054206175970501,0.6161238654564869,0.8886889460154241,0.1067090803932909,0.009253903990746,0.8202764976958525,178.0,LOGAN_D1_pca,2,DP-CVAE ε=4,baseline,0.7734,0.465,0.5610691391535318,0.7477197732855684,0.9017781703834103,0.978,0.9933,0.9940760462232364,0.978010199346212,0.999399642449856,9.0,0.0841,0.1155717699216364,0.1163885243718098,-0.0002804506456405,1.0,67.6746,23.2381,0.403302583792657,0.4180332719015542,0.0485196773835932,0.0,0.5054945054945055,0.0,0.0,0.0,0.0,0.2335483901055081,0.3283014748759896,0.2234923339846564,0.374739398403923,0.3013936061090588,0.1797576004855933,0.2570653761106454,0.2479179327416182,0.24993188806719,0.420951541303722,0.4163562127984424,0.1910518936043616,0.7907975460122699,0.4681365146481426,0.5644126938629949,0.9023198849389785,0.7645316723541431,2.9122260425766306
0.7999074716631969,0.5021488247073888,0.8056877688174187,0.805545743921422,0.615767930236697,0.8888031880704461,0.1197223828802776,0.0080971659919028,0.8433179723502304,183.0,LOGAN_D1_vDE,2,DP-CVAE ε=4,baseline,0.7734,0.465,0.5610691391535318,0.7477197732855684,0.9017781703834103,0.978,0.9933,0.9940760462232364,0.978010199346212,0.999399642449856,9.0,0.0841,0.1155717699216364,0.1163885243718098,-0.0002804506456405,1.0,67.6746,23.2381,0.403302583792657,0.4180332719015542,0.0485196773835932,0.0,0.5054945054945055,0.0,0.0,0.0,0.0,0.2335483901055081,0.3283014748759896,0.2234923339846564,0.374739398403923,0.3013936061090588,0.1797576004855933,0.2570653761106454,0.2479179327416182,0.24993188806719,0.420951541303722,0.4163562127984424,0.1910518936043616,0.7907975460122699,0.4681365146481426,0.5644126938629949,0.9023198849389785,0.7645316723541431,2.9122260425766306
0.799676150821189,0.501784418806019,0.8046513261241399,0.8043676012178675,0.6139882541377469,0.8886889460154241,0.1162521688837478,0.0095430884904569,0.8387096774193549,182.0,LOGAN_D1_sDE,2,DP-CVAE ε=4,baseline,0.7734,0.465,0.5610691391535318,0.7477197732855684,0.9017781703834103,0.978,0.9933,0.9940760462232364,0.978010199346212,0.999399642449856,9.0,0.0841,0.1155717699216364,0.1163885243718098,-0.0002804506456405,1.0,67.6746,23.2381,0.403302583792657,0.4180332719015542,0.0485196773835932,0.0,0.5054945054945055,0.0,0.0,0.0,0.0,0.2335483901055081,0.3283014748759896,0.2234923339846564,0.374739398403923,0.3013936061090588,0.1797576004855933,0.2570653761106454,0.2479179327416182,0.24993188806719,0.420951541303722,0.4163562127984424,0.1910518936043616,0.7907975460122699,0.4681365146481426,0.5644126938629949,0.9023198849389785,0.7645316723541431,2.9122260425766306
0.799676150821189,0.5104930512140734,0.806024826660668,0.805857844921311,0.6203950880939669,0.8886889460154241,0.117408906882591,0.0104106419895893,0.8018433179723502,174.0,LOGAN_D1_dDE,2,DP-CVAE ε=4,baseline,0.7734,0.465,0.5610691391535318,0.7477197732855684,0.9017781703834103,0.978,0.9933,0.9940760462232364,0.978010199346212,0.999399642449856,9.0,0.0841,0.1155717699216364,0.1163885243718098,-0.0002804506456405,1.0,67.6746,23.2381,0.403302583792657,0.4180332719015542,0.0485196773835932,0.0,0.5054945054945055,0.0,0.0,0.0,0.0,0.2335483901055081,0.3283014748759896,0.2234923339846564,0.374739398403923,0.3013936061090588,0.1797576004855933,0.2570653761106454,0.2479179327416182,0.24993188806719,0.420951541303722,0.4163562127984424,0.1910518936043616,0.7907975460122699,0.4681365146481426,0.5644126938629949,0.9023198849389785,0.7645316723541431,2.9122260425766306
0.2616238723108952,0.5024697380960029,0.800028784663415,0.8035311548427639,0.1798561151079136,0.1798561151079136,1.0,0.0049147152356172,0.8064516129032258,175.0,MC,5,DP-CVAE ε=4,baseline,0.7708,0.449,0.5427469646348801,0.7455211264859289,0.8970822545006997,0.9873,0.996,0.9959832862798534,0.9872851346114964,0.9986860328167556,17.0,0.1619,0.1156561879904989,0.1167692570517,-0.0002990916531807,1.0,67.5876,23.2716,0.401998109233919,0.4136661587548037,0.0522715018468016,0.0,0.5368603642671292,0.0,0.0,0.0,0.0,0.2355094312878098,0.3272432379002856,0.225669981703697,0.3681711578036069,0.3079836747695739,0.1801921199584008,0.2565670416468994,0.2440934209160951,0.2572942636020091,0.3998780145496585,0.4170734662279221,0.1804219856912895,0.780715081535501,0.4508032128514056,0.5449358158028146,0.8982625420028291,0.7551224062330248,2.9042953643067086
0.7999074716631969,0.4989978504812994,0.7992989481058345,0.7991102686459142,0.6124555160142349,0.8888317696954119,0.1069673315987279,0.0127204394333622,0.8018433179723502,174.0,gan_leaks,5,DP-CVAE ε=4,baseline,0.7708,0.449,0.5427469646348801,0.7455211264859289,0.8970822545006997,0.9873,0.996,0.9959832862798534,0.9872851346114964,0.9986860328167556,17.0,0.1619,0.1156561879904989,0.1167692570517,-0.0002990916531807,1.0,67.5876,23.2716,0.401998109233919,0.4136661587548037,0.0522715018468016,0.0,0.5368603642671292,0.0,0.0,0.0,0.0,0.2355094312878098,0.3272432379002856,0.225669981703697,0.3681711578036069,0.3079836747695739,0.1801921199584008,0.2565670416468994,0.2440934209160951,0.2572942636020091,0.3998780145496585,0.4170734662279221,0.1804219856912895,0.780715081535501,0.4508032128514056,0.5449358158028146,0.8982625420028291,0.7551224062330248,2.9042953643067086
0.7999074716631969,0.5017349399847955,0.8041932262198825,0.8040687368697708,0.6160142348754448,0.8888317696954119,0.1156403584851113,0.01040763226366,0.8248847926267281,179.0,loss_lr,5,DP-CVAE ε=4,baseline,0.7708,0.449,0.5427469646348801,0.7455211264859289,0.8970822545006997,0.9873,0.996,0.9959832862798534,0.9872851346114964,0.9986860328167556,17.0,0.1619,0.1156561879904989,0.1167692570517,-0.0002990916531807,1.0,67.5876,23.2716,0.401998109233919,0.4136661587548037,0.0522715018468016,0.0,0.5368603642671292,0.0,0.0,0.0,0.0,0.2355094312878098,0.3272432379002856,0.225669981703697,0.3681711578036069,0.3079836747695739,0.1801921199584008,0.2565670416468994,0.2440934209160951,0.2572942636020091,0.3998780145496585,0.4170734662279221,0.1804219856912895,0.780715081535501,0.4508032128514056,0.5449358158028146,0.8982625420028291,0.7551224062330248,2.9042953643067086
0.7999074716631969,0.5039540570492435,0.8047917328487363,0.804671474082856,0.6138790035587188,0.8888317696954119,0.0991616074009829,0.0147441457068516,0.8387096774193549,182.0,loss_rf,5,DP-CVAE ε=4,baseline,0.7708,0.449,0.5427469646348801,0.7455211264859289,0.8970822545006997,0.9873,0.996,0.9959832862798534,0.9872851346114964,0.9986860328167556,17.0,0.1619,0.1156561879904989,0.1167692570517,-0.0002990916531807,1.0,67.5876,23.2716,0.401998109233919,0.4136661587548037,0.0522715018468016,0.0,0.5368603642671292,0.0,0.0,0.0,0.0,0.2355094312878098,0.3272432379002856,0.225669981703697,0.3681711578036069,0.3079836747695739,0.1801921199584008,0.2565670416468994,0.2440934209160951,0.2572942636020091,0.3998780145496585,0.4170734662279221,0.1804219856912895,0.780715081535501,0.4508032128514056,0.5449358158028146,0.8982625420028291,0.7551224062330248,2.9042953643067086
0.7999074716631969,0.5100915954621867,0.8054319820444733,0.8052759878729847,0.6185053380782918,0.8888317696954119,0.1032090199479618,0.0106967331598727,0.8294930875576036,180.0,LOGAN_D1,5,DP-CVAE ε=4,baseline,0.7708,0.449,0.5427469646348801,0.7455211264859289,0.8970822545006997,0.9873,0.996,0.9959832862798534,0.9872851346114964,0.9986860328167556,17.0,0.1619,0.1156561879904989,0.1167692570517,-0.0002990916531807,1.0,67.5876,23.2716,0.401998109233919,0.4136661587548037,0.0522715018468016,0.0,0.5368603642671292,0.0,0.0,0.0,0.0,0.2355094312878098,0.3272432379002856,0.225669981703697,0.3681711578036069,0.3079836747695739,0.1801921199584008,0.2565670416468994,0.2440934209160951,0.2572942636020091,0.3998780145496585,0.4170734662279221,0.1804219856912895,0.780715081535501,0.4508032128514056,0.5449358158028146,0.8982625420028291,0.7551224062330248,2.9042953643067086
0.6976636594957205,0.5079101217435996,0.8045990050473342,0.8045076601353891,0.6227758007117438,0.8141089460958612,0.105521827117664,0.0112749349522983,0.7926267281105991,172.0,gan_leaks_cal,5,DP-CVAE ε=4,baseline,0.7708,0.449,0.5427469646348801,0.7455211264859289,0.8970822545006997,0.9873,0.996,0.9959832862798534,0.9872851346114964,0.9986860328167556,17.0,0.1619,0.1156561879904989,0.1167692570517,-0.0002990916531807,1.0,67.5876,23.2716,0.401998109233919,0.4136661587548037,0.0522715018468016,0.0,0.5368603642671292,0.0,0.0,0.0,0.0,0.2355094312878098,0.3272432379002856,0.225669981703697,0.3681711578036069,0.3079836747695739,0.1801921199584008,0.2565670416468994,0.2440934209160951,0.2572942636020091,0.3998780145496585,0.4170734662279221,0.1804219856912895,0.780715081535501,0.4508032128514056,0.5449358158028146,0.8982625420028291,0.7551224062330248,2.9042953643067086
0.7346749942169789,0.5027966496418361,0.8020975798667457,0.8020865062095065,0.6174377224199288,0.8422934139969751,0.1017635154668979,0.0101185313674472,0.8202764976958525,178.0,domias_kde_pca,5,DP-CVAE ε=4,baseline,0.7708,0.449,0.5427469646348801,0.7455211264859289,0.8970822545006997,0.9873,0.996,0.9959832862798534,0.9872851346114964,0.9986860328167556,17.0,0.1619,0.1156561879904989,0.1167692570517,-0.0002990916531807,1.0,67.5876,23.2716,0.401998109233919,0.4136661587548037,0.0522715018468016,0.0,0.5368603642671292,0.0,0.0,0.0,0.0,0.2355094312878098,0.3272432379002856,0.225669981703697,0.3681711578036069,0.3079836747695739,0.1801921199584008,0.2565670416468994,0.2440934209160951,0.2572942636020091,0.3998780145496585,0.4170734662279221,0.1804219856912895,0.780715081535501,0.4508032128514056,0.5449358158028146,0.8982625420028291,0.7551224062330248,2.9042953643067086
0.8001387925052047,0.5014093668690373,0.8008573632613882,0.8007345572399409,0.6142348754448399,0.8889460154241645,0.0954032957502168,0.0121422376409366,0.7972350230414746,173.0,domias_kde_vDE,5,DP-CVAE ε=4,baseline,0.7708,0.449,0.5427469646348801,0.7455211264859289,0.8970822545006997,0.9873,0.996,0.9959832862798534,0.9872851346114964,0.9986860328167556,17.0,0.1619,0.1156561879904989,0.1167692570517,-0.0002990916531807,1.0,67.5876,23.2716,0.401998109233919,0.4136661587548037,0.0522715018468016,0.0,0.5368603642671292,0.0,0.0,0.0,0.0,0.2355094312878098,0.3272432379002856,0.225669981703697,0.3681711578036069,0.3079836747695739,0.1801921199584008,0.2565670416468994,0.2440934209160951,0.2572942636020091,0.3998780145496585,0.4170734662279221,0.1804219856912895,0.780715081535501,0.4508032128514056,0.5449358158028146,0.8982625420028291,0.7551224062330248,2.9042953643067086
0.7999074716631969,0.4942116245328879,0.7944150449741708,0.7942193256842152,0.6128113879003558,0.8888317696954119,0.0913558832032379,0.0112749349522983,0.7603686635944701,165.0,domias_kde_sDE,5,DP-CVAE ε=4,baseline,0.7708,0.449,0.5427469646348801,0.7455211264859289,0.8970822545006997,0.9873,0.996,0.9959832862798534,0.9872851346114964,0.9986860328167556,17.0,0.1619,0.1156561879904989,0.1167692570517,-0.0002990916531807,1.0,67.5876,23.2716,0.401998109233919,0.4136661587548037,0.0522715018468016,0.0,0.5368603642671292,0.0,0.0,0.0,0.0,0.2355094312878098,0.3272432379002856,0.225669981703697,0.3681711578036069,0.3079836747695739,0.1801921199584008,0.2565670416468994,0.2440934209160951,0.2572942636020091,0.3998780145496585,0.4170734662279221,0.1804219856912895,0.780715081535501,0.4508032128514056,0.5449358158028146,0.8982625420028291,0.7551224062330248,2.9042953643067086
0.7999074716631969,0.5039118965018792,0.7990115548122134,0.7988506799709066,0.6167259786476869,0.8888317696954119,0.1075455333911535,0.0069384215091066,0.7695852534562212,167.0,domias_kde_dDE,5,DP-CVAE ε=4,baseline,0.7708,0.449,0.5427469646348801,0.7455211264859289,0.8970822545006997,0.9873,0.996,0.9959832862798534,0.9872851346114964,0.9986860328167556,17.0,0.1619,0.1156561879904989,0.1167692570517,-0.0002990916531807,1.0,67.5876,23.2716,0.401998109233919,0.4136661587548037,0.0522715018468016,0.0,0.5368603642671292,0.0,0.0,0.0,0.0,0.2355094312878098,0.3272432379002856,0.225669981703697,0.3681711578036069,0.3079836747695739,0.1801921199584008,0.2565670416468994,0.2440934209160951,0.2572942636020091,0.3998780145496585,0.4170734662279221,0.1804219856912895,0.780715081535501,0.4508032128514056,0.5449358158028146,0.8982625420028291,0.7551224062330248,2.9042953643067086
0.7767753874624104,0.5087079933720943,0.8054848341981932,0.8113826923359575,0.6181494661921708,0.8731431576179834,0.1052327262214512,0.0670714079213645,0.8294930875576036,180.0,gan_leaks_cal_pca,5,DP-CVAE ε=4,baseline,0.7708,0.449,0.5427469646348801,0.7455211264859289,0.8970822545006997,0.9873,0.996,0.9959832862798534,0.9872851346114964,0.9986860328167556,17.0,0.1619,0.1156561879904989,0.1167692570517,-0.0002990916531807,1.0,67.5876,23.2716,0.401998109233919,0.4136661587548037,0.0522715018468016,0.0,0.5368603642671292,0.0,0.0,0.0,0.0,0.2355094312878098,0.3272432379002856,0.225669981703697,0.3681711578036069,0.3079836747695739,0.1801921199584008,0.2565670416468994,0.2440934209160951,0.2572942636020091,0.3998780145496585,0.4170734662279221,0.1804219856912895,0.780715081535501,0.4508032128514056,0.5449358158028146,0.8982625420028291,0.7551224062330248,2.9042953643067086
0.8003701133472125,0.5049167228807299,0.806099283159601,0.8059802806900853,0.6170818505338078,0.8890888060660583,0.100318010985834,0.0176351546689794,0.815668202764977,177.0,gan_leaks_cal_vDE,5,DP-CVAE ε=4,baseline,0.7708,0.449,0.5427469646348801,0.7455211264859289,0.8970822545006997,0.9873,0.996,0.9959832862798534,0.9872851346114964,0.9986860328167556,17.0,0.1619,0.1156561879904989,0.1167692570517,-0.0002990916531807,1.0,67.5876,23.2716,0.401998109233919,0.4136661587548037,0.0522715018468016,0.0,0.5368603642671292,0.0,0.0,0.0,0.0,0.2355094312878098,0.3272432379002856,0.225669981703697,0.3681711578036069,0.3079836747695739,0.1801921199584008,0.2565670416468994,0.2440934209160951,0.2572942636020091,0.3998780145496585,0.4170734662279221,0.1804219856912895,0.780715081535501,0.4508032128514056,0.5449358158028146,0.8982625420028291,0.7551224062330248,2.9042953643067086
0.8003701133472125,0.494114588352446,0.7961477024614796,0.7960014786292544,0.6113879003558719,0.8890317603188891,0.084706562590344,0.0106967331598727,0.783410138248848,170.0,gan_leaks_cal_sDE,5,DP-CVAE ε=4,baseline,0.7708,0.449,0.5427469646348801,0.7455211264859289,0.8970822545006997,0.9873,0.996,0.9959832862798534,0.9872851346114964,0.9986860328167556,17.0,0.1619,0.1156561879904989,0.1167692570517,-0.0002990916531807,1.0,67.5876,23.2716,0.401998109233919,0.4136661587548037,0.0522715018468016,0.0,0.5368603642671292,0.0,0.0,0.0,0.0,0.2355094312878098,0.3272432379002856,0.225669981703697,0.3681711578036069,0.3079836747695739,0.1801921199584008,0.2565670416468994,0.2440934209160951,0.2572942636020091,0.3998780145496585,0.4170734662279221,0.1804219856912895,0.780715081535501,0.4508032128514056,0.5449358158028146,0.8982625420028291,0.7551224062330248,2.9042953643067086
0.8003701133472125,0.513621202873877,0.8046570602059013,0.8044122972217694,0.6220640569395017,0.8890602905257745,0.1052327262214512,0.0086730268863833,0.7926267281105991,172.0,gan_leaks_cal_dDE,5,DP-CVAE ε=4,baseline,0.7708,0.449,0.5427469646348801,0.7455211264859289,0.8970822545006997,0.9873,0.996,0.9959832862798534,0.9872851346114964,0.9986860328167556,17.0,0.1619,0.1156561879904989,0.1167692570517,-0.0002990916531807,1.0,67.5876,23.2716,0.401998109233919,0.4136661587548037,0.0522715018468016,0.0,0.5368603642671292,0.0,0.0,0.0,0.0,0.2355094312878098,0.3272432379002856,0.225669981703697,0.3681711578036069,0.3079836747695739,0.1801921199584008,0.2565670416468994,0.2440934209160951,0.2572942636020091,0.3998780145496585,0.4170734662279221,0.1804219856912895,0.780715081535501,0.4508032128514056,0.5449358158028146,0.8982625420028291,0.7551224062330248,2.9042953643067086
0.7999074716631969,0.5003998559849239,0.7977863716644259,0.7976056999261826,0.6142348754448399,0.8888317696954119,0.0980052038161318,0.0115640358485111,0.7972350230414746,173.0,LOGAN_D1_pca,5,DP-CVAE ε=4,baseline,0.7708,0.449,0.5427469646348801,0.7455211264859289,0.8970822545006997,0.9873,0.996,0.9959832862798534,0.9872851346114964,0.9986860328167556,17.0,0.1619,0.1156561879904989,0.1167692570517,-0.0002990916531807,1.0,67.5876,23.2716,0.401998109233919,0.4136661587548037,0.0522715018468016,0.0,0.5368603642671292,0.0,0.0,0.0,0.0,0.2355094312878098,0.3272432379002856,0.225669981703697,0.3681711578036069,0.3079836747695739,0.1801921199584008,0.2565670416468994,0.2440934209160951,0.2572942636020091,0.3998780145496585,0.4170734662279221,0.1804219856912895,0.780715081535501,0.4508032128514056,0.5449358158028146,0.8982625420028291,0.7551224062330248,2.9042953643067086
0.7999074716631969,0.5013534874134036,0.7988874055882065,0.7986928844513014,0.6163701067615658,0.8888317696954119,0.095114194854004,0.0080948250939577,0.7741935483870968,168.0,LOGAN_D1_vDE,5,DP-CVAE ε=4,baseline,0.7708,0.449,0.5427469646348801,0.7455211264859289,0.8970822545006997,0.9873,0.996,0.9959832862798534,0.9872851346114964,0.9986860328167556,17.0,0.1619,0.1156561879904989,0.1167692570517,-0.0002990916531807,1.0,67.5876,23.2716,0.401998109233919,0.4136661587548037,0.0522715018468016,0.0,0.5368603642671292,0.0,0.0,0.0,0.0,0.2355094312878098,0.3272432379002856,0.225669981703697,0.3681711578036069,0.3079836747695739,0.1801921199584008,0.2565670416468994,0.2440934209160951,0.2572942636020091,0.3998780145496585,0.4170734662279221,0.1804219856912895,0.780715081535501,0.4508032128514056,0.5449358158028146,0.8982625420028291,0.7551224062330248,2.9042953643067086
0.7999074716631969,0.5126103535596886,0.8036055982416919,0.8034482814555908,0.6213523131672598,0.8888317696954119,0.0954032957502168,0.007805724197745,0.7880184331797235,171.0,LOGAN_D1_sDE,5,DP-CVAE ε=4,baseline,0.7708,0.449,0.5427469646348801,0.7455211264859289,0.8970822545006997,0.9873,0.996,0.9959832862798534,0.9872851346114964,0.9986860328167556,17.0,0.1619,0.1156561879904989,0.1167692570517,-0.0002990916531807,1.0,67.5876,23.2716,0.401998109233919,0.4136661587548037,0.0522715018468016,0.0,0.5368603642671292,0.0,0.0,0.0,0.0,0.2355094312878098,0.3272432379002856,0.225669981703697,0.3681711578036069,0.3079836747695739,0.1801921199584008,0.2565670416468994,0.2440934209160951,0.2572942636020091,0.3998780145496585,0.4170734662279221,0.1804219856912895,0.780715081535501,0.4508032128514056,0.5449358158028146,0.8982625420028291,0.7551224062330248,2.9042953643067086
0.8006014341892205,0.5044994673048301,0.8001282857238787,0.7998651525304072,0.6188612099644129,0.8892030848329049,0.100318010985834,0.01040763226366,0.815668202764977,177.0,LOGAN_D1_dDE,5,DP-CVAE ε=4,baseline,0.7708,0.449,0.5427469646348801,0.7455211264859289,0.8970822545006997,0.9873,0.996,0.9959832862798534,0.9872851346114964,0.9986860328167556,17.0,0.1619,0.1156561879904989,0.1167692570517,-0.0002990916531807,1.0,67.5876,23.2716,0.401998109233919,0.4136661587548037,0.0522715018468016,0.0,0.5368603642671292,0.0,0.0,0.0,0.0,0.2355094312878098,0.3272432379002856,0.225669981703697,0.3681711578036069,0.3079836747695739,0.1801921199584008,0.2565670416468994,0.2440934209160951,0.2572942636020091,0.3998780145496585,0.4170734662279221,0.1804219856912895,0.780715081535501,0.4508032128514056,0.5449358158028146,0.8982625420028291,0.7551224062330248,2.9042953643067086
0.2593106638908166,0.4990935482316662,0.7997641437423377,0.7980762097256726,0.1772867420349434,0.1772867420349434,0.0997398091934085,0.0075166233015322,0.8110599078341014,176.0,MC,4,DP-CVAE ε=4,baseline,0.7812,0.4174,0.5459777201140764,0.7558853026844096,0.8830119965965647,0.9769,0.992,0.9918679111146664,0.9768682563355904,0.9986234518073068,14.0,0.1359,0.1117817356723194,0.1101089363304433,-0.0002183343025316,1.0,64.6435,23.363,0.3622427392355796,0.3706276832099802,0.0571248821154787,0.0,0.417172593235039,0.0,0.0,0.0,0.0,0.2211909501746992,0.3253956250245301,0.2149592557073478,0.3637234485053667,0.3055656499557347,0.1821724712861822,0.2390740989638686,0.2554009399627762,0.2575589849721351,0.4179583415847501,0.4186425161807254,0.1819051359864754,0.7996724332070837,0.4207661290322581,0.5504540614692371,0.8842291806771524,0.773784282355404,2.766917775970552
0.8001387925052047,0.5053159096506162,0.8014965285595188,0.8012044832459231,0.6142348754448399,0.8889460154241645,0.0968488002312807,0.0072275224053194,0.8110599078341014,176.0,gan_leaks,4,DP-CVAE ε=4,baseline,0.7812,0.4174,0.5459777201140764,0.7558853026844096,0.8830119965965647,0.9769,0.992,0.9918679111146664,0.9768682563355904,0.9986234518073068,14.0,0.1359,0.1117817356723194,0.1101089363304433,-0.0002183343025316,1.0,64.6435,23.363,0.3622427392355796,0.3706276832099802,0.0571248821154787,0.0,0.417172593235039,0.0,0.0,0.0,0.0,0.2211909501746992,0.3253956250245301,0.2149592557073478,0.3637234485053667,0.3055656499557347,0.1821724712861822,0.2390740989638686,0.2554009399627762,0.2575589849721351,0.4179583415847501,0.4186425161807254,0.1819051359864754,0.7996724332070837,0.4207661290322581,0.5504540614692371,0.8842291806771524,0.773784282355404,2.766917775970552
0.8003701133472125,0.5036094113049158,0.7988309143638209,0.7985410131329187,0.6185053380782918,0.8890888060660583,0.0901994796183868,0.0098294304712344,0.7788018433179723,169.0,loss_lr,4,DP-CVAE ε=4,baseline,0.7812,0.4174,0.5459777201140764,0.7558853026844096,0.8830119965965647,0.9769,0.992,0.9918679111146664,0.9768682563355904,0.9986234518073068,14.0,0.1359,0.1117817356723194,0.1101089363304433,-0.0002183343025316,1.0,64.6435,23.363,0.3622427392355796,0.3706276832099802,0.0571248821154787,0.0,0.417172593235039,0.0,0.0,0.0,0.0,0.2211909501746992,0.3253956250245301,0.2149592557073478,0.3637234485053667,0.3055656499557347,0.1821724712861822,0.2390740989638686,0.2554009399627762,0.2575589849721351,0.4179583415847501,0.4186425161807254,0.1819051359864754,0.7996724332070837,0.4207661290322581,0.5504540614692371,0.8842291806771524,0.773784282355404,2.766917775970552
0.7999074716631969,0.5011590804450012,0.8035128588046031,0.803377343671921,0.6145907473309609,0.8888317696954119,0.102919919051749,0.0170569528765539,0.8064516129032258,175.0,loss_rf,4,DP-CVAE ε=4,baseline,0.7812,0.4174,0.5459777201140764,0.7558853026844096,0.8830119965965647,0.9769,0.992,0.9918679111146664,0.9768682563355904,0.9986234518073068,14.0,0.1359,0.1117817356723194,0.1101089363304433,-0.0002183343025316,1.0,64.6435,23.363,0.3622427392355796,0.3706276832099802,0.0571248821154787,0.0,0.417172593235039,0.0,0.0,0.0,0.0,0.2211909501746992,0.3253956250245301,0.2149592557073478,0.3637234485053667,0.3055656499557347,0.1821724712861822,0.2390740989638686,0.2554009399627762,0.2575589849721351,0.4179583415847501,0.4186425161807254,0.1819051359864754,0.7996724332070837,0.4207661290322581,0.5504540614692371,0.8842291806771524,0.773784282355404,2.766917775970552
0.8003701133472125,0.4890790798025548,0.7940249716090333,0.7938610556990725,0.6131672597864769,0.8890602905257745,0.0907776814108123,0.0086730268863833,0.8064516129032258,175.0,LOGAN_D1,4,DP-CVAE ε=4,baseline,0.7812,0.4174,0.5459777201140764,0.7558853026844096,0.8830119965965647,0.9769,0.992,0.9918679111146664,0.9768682563355904,0.9986234518073068,14.0,0.1359,0.1117817356723194,0.1101089363304433,-0.0002183343025316,1.0,64.6435,23.363,0.3622427392355796,0.3706276832099802,0.0571248821154787,0.0,0.417172593235039,0.0,0.0,0.0,0.0,0.2211909501746992,0.3253956250245301,0.2149592557073478,0.3637234485053667,0.3055656499557347,0.1821724712861822,0.2390740989638686,0.2554009399627762,0.2575589849721351,0.4179583415847501,0.4186425161807254,0.1819051359864754,0.7996724332070837,0.4207661290322581,0.5504540614692371,0.8842291806771524,0.773784282355404,2.766917775970552
0.6995142262317835,0.5045111785679869,0.7983732704859307,0.7983601973764383,0.6177935943060499,0.8151941954758856,0.1034981208441746,0.0049147152356172,0.7741935483870968,168.0,gan_leaks_cal,4,DP-CVAE ε=4,baseline,0.7812,0.4174,0.5459777201140764,0.7558853026844096,0.8830119965965647,0.9769,0.992,0.9918679111146664,0.9768682563355904,0.9986234518073068,14.0,0.1359,0.1117817356723194,0.1101089363304433,-0.0002183343025316,1.0,64.6435,23.363,0.3622427392355796,0.3706276832099802,0.0571248821154787,0.0,0.417172593235039,0.0,0.0,0.0,0.0,0.2211909501746992,0.3253956250245301,0.2149592557073478,0.3637234485053667,0.3055656499557347,0.1821724712861822,0.2390740989638686,0.2554009399627762,0.2575589849721351,0.4179583415847501,0.4186425161807254,0.1819051359864754,0.7996724332070837,0.4207661290322581,0.5504540614692371,0.8842291806771524,0.773784282355404,2.766917775970552
0.7284293314827666,0.4996630502286038,0.8009454653933541,0.8009400785231114,0.6160142348754448,0.8378453038674033,0.0991616074009829,0.0092512286788089,0.8110599078341014,176.0,domias_kde_pca,4,DP-CVAE ε=4,baseline,0.7812,0.4174,0.5459777201140764,0.7558853026844096,0.8830119965965647,0.9769,0.992,0.9918679111146664,0.9768682563355904,0.9986234518073068,14.0,0.1359,0.1117817356723194,0.1101089363304433,-0.0002183343025316,1.0,64.6435,23.363,0.3622427392355796,0.3706276832099802,0.0571248821154787,0.0,0.417172593235039,0.0,0.0,0.0,0.0,0.2211909501746992,0.3253956250245301,0.2149592557073478,0.3637234485053667,0.3055656499557347,0.1821724712861822,0.2390740989638686,0.2554009399627762,0.2575589849721351,0.4179583415847501,0.4186425161807254,0.1819051359864754,0.7996724332070837,0.4207661290322581,0.5504540614692371,0.8842291806771524,0.773784282355404,2.766917775970552
0.7999074716631969,0.4974894397867077,0.7977239974015774,0.797540583170762,0.6145907473309609,0.8888317696954119,0.0991616074009829,0.0060711188204683,0.8064516129032258,175.0,domias_kde_vDE,4,DP-CVAE ε=4,baseline,0.7812,0.4174,0.5459777201140764,0.7558853026844096,0.8830119965965647,0.9769,0.992,0.9918679111146664,0.9768682563355904,0.9986234518073068,14.0,0.1359,0.1117817356723194,0.1101089363304433,-0.0002183343025316,1.0,64.6435,23.363,0.3622427392355796,0.3706276832099802,0.0571248821154787,0.0,0.417172593235039,0.0,0.0,0.0,0.0,0.2211909501746992,0.3253956250245301,0.2149592557073478,0.3637234485053667,0.3055656499557347,0.1821724712861822,0.2390740989638686,0.2554009399627762,0.2575589849721351,0.4179583415847501,0.4186425161807254,0.1819051359864754,0.7996724332070837,0.4207661290322581,0.5504540614692371,0.8842291806771524,0.773784282355404,2.766917775970552
0.7999074716631969,0.508862749349523,0.8055035764213248,0.8053516667907681,0.6124555160142349,0.8888317696954119,0.1176640647586007,0.0066493206128939,0.8110599078341014,176.0,domias_kde_sDE,4,DP-CVAE ε=4,baseline,0.7812,0.4174,0.5459777201140764,0.7558853026844096,0.8830119965965647,0.9769,0.992,0.9918679111146664,0.9768682563355904,0.9986234518073068,14.0,0.1359,0.1117817356723194,0.1101089363304433,-0.0002183343025316,1.0,64.6435,23.363,0.3622427392355796,0.3706276832099802,0.0571248821154787,0.0,0.417172593235039,0.0,0.0,0.0,0.0,0.2211909501746992,0.3253956250245301,0.2149592557073478,0.3637234485053667,0.3055656499557347,0.1821724712861822,0.2390740989638686,0.2554009399627762,0.2575589849721351,0.4179583415847501,0.4186425161807254,0.1819051359864754,0.7996724332070837,0.4207661290322581,0.5504540614692371,0.8842291806771524,0.773784282355404,2.766917775970552
0.8001387925052047,0.5090805788442389,0.8019742783726954,0.801720161624147,0.6185053380782918,0.8889174595011571,0.092512286788089,0.0106967331598727,0.7972350230414746,173.0,domias_kde_dDE,4,DP-CVAE ε=4,baseline,0.7812,0.4174,0.5459777201140764,0.7558853026844096,0.8830119965965647,0.9769,0.992,0.9918679111146664,0.9768682563355904,0.9986234518073068,14.0,0.1359,0.1117817356723194,0.1101089363304433,-0.0002183343025316,1.0,64.6435,23.363,0.3622427392355796,0.3706276832099802,0.0571248821154787,0.0,0.417172593235039,0.0,0.0,0.0,0.0,0.2211909501746992,0.3253956250245301,0.2149592557073478,0.3637234485053667,0.3055656499557347,0.1821724712861822,0.2390740989638686,0.2554009399627762,0.2575589849721351,0.4179583415847501,0.4186425161807254,0.1819051359864754,0.7996724332070837,0.4207661290322581,0.5504540614692371,0.8842291806771524,0.773784282355404,2.766917775970552
0.7760814249363868,0.5068325182294177,0.8021441811819592,0.8079998992917532,0.6174377224199288,0.8727320536418617,0.0971379011274935,0.0555073720728534,0.7788018433179723,169.0,gan_leaks_cal_pca,4,DP-CVAE ε=4,baseline,0.7812,0.4174,0.5459777201140764,0.7558853026844096,0.8830119965965647,0.9769,0.992,0.9918679111146664,0.9768682563355904,0.9986234518073068,14.0,0.1359,0.1117817356723194,0.1101089363304433,-0.0002183343025316,1.0,64.6435,23.363,0.3622427392355796,0.3706276832099802,0.0571248821154787,0.0,0.417172593235039,0.0,0.0,0.0,0.0,0.2211909501746992,0.3253956250245301,0.2149592557073478,0.3637234485053667,0.3055656499557347,0.1821724712861822,0.2390740989638686,0.2554009399627762,0.2575589849721351,0.4179583415847501,0.4186425161807254,0.1819051359864754,0.7996724332070837,0.4207661290322581,0.5504540614692371,0.8842291806771524,0.773784282355404,2.766917775970552
0.7999074716631969,0.4967931215401582,0.7909415730742542,0.7906525646011967,0.6128113879003558,0.8888317696954119,0.0864411679676207,0.0034692107545533,0.7511520737327189,163.0,gan_leaks_cal_vDE,4,DP-CVAE ε=4,baseline,0.7812,0.4174,0.5459777201140764,0.7558853026844096,0.8830119965965647,0.9769,0.992,0.9918679111146664,0.9768682563355904,0.9986234518073068,14.0,0.1359,0.1117817356723194,0.1101089363304433,-0.0002183343025316,1.0,64.6435,23.363,0.3622427392355796,0.3706276832099802,0.0571248821154787,0.0,0.417172593235039,0.0,0.0,0.0,0.0,0.2211909501746992,0.3253956250245301,0.2149592557073478,0.3637234485053667,0.3055656499557347,0.1821724712861822,0.2390740989638686,0.2554009399627762,0.2575589849721351,0.4179583415847501,0.4186425161807254,0.1819051359864754,0.7996724332070837,0.4207661290322581,0.5504540614692371,0.8842291806771524,0.773784282355404,2.766917775970552
0.8003701133472125,0.5037238470763333,0.8011245687068987,0.8009645061898814,0.6153024911032029,0.8890888060660583,0.0988725065047701,0.0086730268863833,0.7972350230414746,173.0,gan_leaks_cal_sDE,4,DP-CVAE ε=4,baseline,0.7812,0.4174,0.5459777201140764,0.7558853026844096,0.8830119965965647,0.9769,0.992,0.9918679111146664,0.9768682563355904,0.9986234518073068,14.0,0.1359,0.1117817356723194,0.1101089363304433,-0.0002183343025316,1.0,64.6435,23.363,0.3622427392355796,0.3706276832099802,0.0571248821154787,0.0,0.417172593235039,0.0,0.0,0.0,0.0,0.2211909501746992,0.3253956250245301,0.2149592557073478,0.3637234485053667,0.3055656499557347,0.1821724712861822,0.2390740989638686,0.2554009399627762,0.2575589849721351,0.4179583415847501,0.4186425161807254,0.1819051359864754,0.7996724332070837,0.4207661290322581,0.5504540614692371,0.8842291806771524,0.773784282355404,2.766917775970552
0.7999074716631969,0.4963066022078742,0.7984287441170284,0.7981439805520262,0.6167259786476869,0.8888317696954119,0.092512286788089,0.0115640358485111,0.8525345622119815,185.0,gan_leaks_cal_dDE,4,DP-CVAE ε=4,baseline,0.7812,0.4174,0.5459777201140764,0.7558853026844096,0.8830119965965647,0.9769,0.992,0.9918679111146664,0.9768682563355904,0.9986234518073068,14.0,0.1359,0.1117817356723194,0.1101089363304433,-0.0002183343025316,1.0,64.6435,23.363,0.3622427392355796,0.3706276832099802,0.0571248821154787,0.0,0.417172593235039,0.0,0.0,0.0,0.0,0.2211909501746992,0.3253956250245301,0.2149592557073478,0.3637234485053667,0.3055656499557347,0.1821724712861822,0.2390740989638686,0.2554009399627762,0.2575589849721351,0.4179583415847501,0.4186425161807254,0.1819051359864754,0.7996724332070837,0.4207661290322581,0.5504540614692371,0.8842291806771524,0.773784282355404,2.766917775970552
0.8003701133472125,0.5006277237052028,0.7987735615982883,0.7985450876862926,0.6163701067615658,0.8890888060660583,0.1040763226366001,0.007805724197745,0.7880184331797235,171.0,LOGAN_D1_pca,4,DP-CVAE ε=4,baseline,0.7812,0.4174,0.5459777201140764,0.7558853026844096,0.8830119965965647,0.9769,0.992,0.9918679111146664,0.9768682563355904,0.9986234518073068,14.0,0.1359,0.1117817356723194,0.1101089363304433,-0.0002183343025316,1.0,64.6435,23.363,0.3622427392355796,0.3706276832099802,0.0571248821154787,0.0,0.417172593235039,0.0,0.0,0.0,0.0,0.2211909501746992,0.3253956250245301,0.2149592557073478,0.3637234485053667,0.3055656499557347,0.1821724712861822,0.2390740989638686,0.2554009399627762,0.2575589849721351,0.4179583415847501,0.4186425161807254,0.1819051359864754,0.7996724332070837,0.4207661290322581,0.5504540614692371,0.8842291806771524,0.773784282355404,2.766917775970552
0.8003701133472125,0.4961911626139004,0.7950678795678358,0.7948492370055149,0.6145907473309609,0.8890888060660583,0.0858629661751951,0.0124313385371494,0.7419354838709677,161.0,LOGAN_D1_vDE,4,DP-CVAE ε=4,baseline,0.7812,0.4174,0.5459777201140764,0.7558853026844096,0.8830119965965647,0.9769,0.992,0.9918679111146664,0.9768682563355904,0.9986234518073068,14.0,0.1359,0.1117817356723194,0.1101089363304433,-0.0002183343025316,1.0,64.6435,23.363,0.3622427392355796,0.3706276832099802,0.0571248821154787,0.0,0.417172593235039,0.0,0.0,0.0,0.0,0.2211909501746992,0.3253956250245301,0.2149592557073478,0.3637234485053667,0.3055656499557347,0.1821724712861822,0.2390740989638686,0.2554009399627762,0.2575589849721351,0.4179583415847501,0.4186425161807254,0.1819051359864754,0.7996724332070837,0.4207661290322581,0.5504540614692371,0.8842291806771524,0.773784282355404,2.766917775970552
0.7999074716631969,0.4969068880965382,0.7938063358491428,0.7936495230762426,0.6160142348754448,0.8888317696954119,0.0930904885805146,0.0066493206128939,0.7419354838709677,161.0,LOGAN_D1_sDE,4,DP-CVAE ε=4,baseline,0.7812,0.4174,0.5459777201140764,0.7558853026844096,0.8830119965965647,0.9769,0.992,0.9918679111146664,0.9768682563355904,0.9986234518073068,14.0,0.1359,0.1117817356723194,0.1101089363304433,-0.0002183343025316,1.0,64.6435,23.363,0.3622427392355796,0.3706276832099802,0.0571248821154787,0.0,0.417172593235039,0.0,0.0,0.0,0.0,0.2211909501746992,0.3253956250245301,0.2149592557073478,0.3637234485053667,0.3055656499557347,0.1821724712861822,0.2390740989638686,0.2554009399627762,0.2575589849721351,0.4179583415847501,0.4186425161807254,0.1819051359864754,0.7996724332070837,0.4207661290322581,0.5504540614692371,0.8842291806771524,0.773784282355404,2.766917775970552
0.8003701133472125,0.4882204769094043,0.7920224288753266,0.791726835317802,0.6149466192170818,0.8890602905257745,0.0881757733448973,0.0057820179242555,0.7649769585253456,166.0,LOGAN_D1_dDE,4,DP-CVAE ε=4,baseline,0.7812,0.4174,0.5459777201140764,0.7558853026844096,0.8830119965965647,0.9769,0.992,0.9918679111146664,0.9768682563355904,0.9986234518073068,14.0,0.1359,0.1117817356723194,0.1101089363304433,-0.0002183343025316,1.0,64.6435,23.363,0.3622427392355796,0.3706276832099802,0.0571248821154787,0.0,0.417172593235039,0.0,0.0,0.0,0.0,0.2211909501746992,0.3253956250245301,0.2149592557073478,0.3637234485053667,0.3055656499557347,0.1821724712861822,0.2390740989638686,0.2554009399627762,0.2575589849721351,0.4179583415847501,0.4186425161807254,0.1819051359864754,0.7996724332070837,0.4207661290322581,0.5504540614692371,0.8842291806771524,0.773784282355404,2.766917775970552
0.2664816099930603,0.5100422242801311,0.8045903411691271,0.818846121603171,0.1850424055512721,0.1850424055512721,1.0,0.0176402544823597,0.8387096774193549,182.0,MC,2,CTGAN,baseline,0.0682,0.0987,0.1131369510002067,0.0730961790960813,0.4897083539894424,0.978,0.9933,0.9940760462232364,0.978010199346212,0.999399642449856,11.0,0.1,0.0853629990107981,0.0844468148799917,-0.0002804506456405,0.9968237162519852,26.4918,23.2381,5.378212422041251,5.506991993902936,0.0485196773835932,0.736552920763447,0.0,1.2745517640254482,0.1492192018507808,1.6107576633892426,0.3849710982658959,0.1981461361551581,0.2932071742529349,0.1992033632422828,0.3349745199801577,0.3370044290354108,0.3100991617596785,0.149954047465232,0.2018445701627892,0.2786993015506828,0.2242960808680445,0.401255920039166,0.2891154487559734,0.06973415132924335,0.09936575052854123,0.11381116306951018,0.4900025307083428,0.07473968997965995,1.1400157499967727
0.8001387925052047,0.4957421343487665,0.804508407518145,0.8043694254199094,0.6129204484783769,0.8889460154241645,0.1234817813765182,0.0063620589936379,0.8433179723502304,183.0,gan_leaks,2,CTGAN,baseline,0.0682,0.0987,0.1131369510002067,0.0730961790960813,0.4897083539894424,0.978,0.9933,0.9940760462232364,0.978010199346212,0.999399642449856,11.0,0.1,0.0853629990107981,0.0844468148799917,-0.0002804506456405,0.9968237162519852,26.4918,23.2381,5.378212422041251,5.506991993902936,0.0485196773835932,0.736552920763447,0.0,1.2745517640254482,0.1492192018507808,1.6107576633892426,0.3849710982658959,0.1981461361551581,0.2932071742529349,0.1992033632422828,0.3349745199801577,0.3370044290354108,0.3100991617596785,0.149954047465232,0.2018445701627892,0.2786993015506828,0.2242960808680445,0.401255920039166,0.2891154487559734,0.06973415132924335,0.09936575052854123,0.11381116306951018,0.4900025307083428,0.07473968997965995,1.1400157499967727
0.799676150821189,0.508366625768512,0.8069595587614575,0.8067779063455935,0.6175476063356469,0.8886889460154241,0.1208791208791208,0.0106998264893001,0.8387096774193549,182.0,loss_lr,2,CTGAN,baseline,0.0682,0.0987,0.1131369510002067,0.0730961790960813,0.4897083539894424,0.978,0.9933,0.9940760462232364,0.978010199346212,0.999399642449856,11.0,0.1,0.0853629990107981,0.0844468148799917,-0.0002804506456405,0.9968237162519852,26.4918,23.2381,5.378212422041251,5.506991993902936,0.0485196773835932,0.736552920763447,0.0,1.2745517640254482,0.1492192018507808,1.6107576633892426,0.3849710982658959,0.1981461361551581,0.2932071742529349,0.1992033632422828,0.3349745199801577,0.3370044290354108,0.3100991617596785,0.149954047465232,0.2018445701627892,0.2786993015506828,0.2242960808680445,0.401255920039166,0.2891154487559734,0.06973415132924335,0.09936575052854123,0.11381116306951018,0.4900025307083428,0.07473968997965995,1.1400157499967727
0.799676150821189,0.5172387393561716,0.8089024066160218,0.8087660318418495,0.618971347214807,0.8886889460154241,0.1098901098901098,0.0095430884904569,0.8387096774193549,182.0,loss_rf,2,CTGAN,baseline,0.0682,0.0987,0.1131369510002067,0.0730961790960813,0.4897083539894424,0.978,0.9933,0.9940760462232364,0.978010199346212,0.999399642449856,11.0,0.1,0.0853629990107981,0.0844468148799917,-0.0002804506456405,0.9968237162519852,26.4918,23.2381,5.378212422041251,5.506991993902936,0.0485196773835932,0.736552920763447,0.0,1.2745517640254482,0.1492192018507808,1.6107576633892426,0.3849710982658959,0.1981461361551581,0.2932071742529349,0.1992033632422828,0.3349745199801577,0.3370044290354108,0.3100991617596785,0.149954047465232,0.2018445701627892,0.2786993015506828,0.2242960808680445,0.401255920039166,0.2891154487559734,0.06973415132924335,0.09936575052854123,0.11381116306951018,0.4900025307083428,0.07473968997965995,1.1400157499967727
0.8001387925052047,0.4942975491195753,0.8007746053152224,0.8006499265039596,0.611140772379427,0.8889460154241645,0.109600925390399,0.0080971659919028,0.8110599078341014,176.0,LOGAN_D1,2,CTGAN,baseline,0.0682,0.0987,0.1131369510002067,0.0730961790960813,0.4897083539894424,0.978,0.9933,0.9940760462232364,0.978010199346212,0.999399642449856,11.0,0.1,0.0853629990107981,0.0844468148799917,-0.0002804506456405,0.9968237162519852,26.4918,23.2381,5.378212422041251,5.506991993902936,0.0485196773835932,0.736552920763447,0.0,1.2745517640254482,0.1492192018507808,1.6107576633892426,0.3849710982658959,0.1981461361551581,0.2932071742529349,0.1992033632422828,0.3349745199801577,0.3370044290354108,0.3100991617596785,0.149954047465232,0.2018445701627892,0.2786993015506828,0.2242960808680445,0.401255920039166,0.2891154487559734,0.06973415132924335,0.09936575052854123,0.11381116306951018,0.4900025307083428,0.07473968997965995,1.1400157499967727
0.7941244506130002,0.4885992772059094,0.794463529856656,0.8019846922967693,0.609361096280477,0.885220531338664,0.0960092539039907,0.0786581839213418,0.783410138248848,170.0,gan_leaks_cal,2,CTGAN,baseline,0.0682,0.0987,0.1131369510002067,0.0730961790960813,0.4897083539894424,0.978,0.9933,0.9940760462232364,0.978010199346212,0.999399642449856,11.0,0.1,0.0853629990107981,0.0844468148799917,-0.0002804506456405,0.9968237162519852,26.4918,23.2381,5.378212422041251,5.506991993902936,0.0485196773835932,0.736552920763447,0.0,1.2745517640254482,0.1492192018507808,1.6107576633892426,0.3849710982658959,0.1981461361551581,0.2932071742529349,0.1992033632422828,0.3349745199801577,0.3370044290354108,0.3100991617596785,0.149954047465232,0.2018445701627892,0.2786993015506828,0.2242960808680445,0.401255920039166,0.2891154487559734,0.06973415132924335,0.09936575052854123,0.11381116306951018,0.4900025307083428,0.07473968997965995,1.1400157499967727
0.2220680083275503,0.5033610593847893,0.8013420773888464,0.8168003499438694,0.0660927520133296,0.0660927520133296,1.0,0.0164835164835164,0.8064516129032258,175.0,domias_kde_pca,2,CTGAN,baseline,0.0682,0.0987,0.1131369510002067,0.0730961790960813,0.4897083539894424,0.978,0.9933,0.9940760462232364,0.978010199346212,0.999399642449856,11.0,0.1,0.0853629990107981,0.0844468148799917,-0.0002804506456405,0.9968237162519852,26.4918,23.2381,5.378212422041251,5.506991993902936,0.0485196773835932,0.736552920763447,0.0,1.2745517640254482,0.1492192018507808,1.6107576633892426,0.3849710982658959,0.1981461361551581,0.2932071742529349,0.1992033632422828,0.3349745199801577,0.3370044290354108,0.3100991617596785,0.149954047465232,0.2018445701627892,0.2786993015506828,0.2242960808680445,0.401255920039166,0.2891154487559734,0.06973415132924335,0.09936575052854123,0.11381116306951018,0.4900025307083428,0.07473968997965995,1.1400157499967727
0.7335183900069396,0.5009745350481584,0.8075844088167037,0.8071873196030945,0.6171916711158569,0.8433505575197172,0.1194331983805668,0.0127241179872758,0.8387096774193549,182.0,domias_kde_vDE,2,CTGAN,baseline,0.0682,0.0987,0.1131369510002067,0.0730961790960813,0.4897083539894424,0.978,0.9933,0.9940760462232364,0.978010199346212,0.999399642449856,11.0,0.1,0.0853629990107981,0.0844468148799917,-0.0002804506456405,0.9968237162519852,26.4918,23.2381,5.378212422041251,5.506991993902936,0.0485196773835932,0.736552920763447,0.0,1.2745517640254482,0.1492192018507808,1.6107576633892426,0.3849710982658959,0.1981461361551581,0.2932071742529349,0.1992033632422828,0.3349745199801577,0.3370044290354108,0.3100991617596785,0.149954047465232,0.2018445701627892,0.2786993015506828,0.2242960808680445,0.401255920039166,0.2891154487559734,0.06973415132924335,0.09936575052854123,0.11381116306951018,0.4900025307083428,0.07473968997965995,1.1400157499967727
0.7281980106407587,0.4967875446731546,0.8058719383692079,0.805594193355825,0.610072966720057,0.8390190437046171,0.1255060728744939,0.0118565644881434,0.8341013824884793,181.0,domias_kde_sDE,2,CTGAN,baseline,0.0682,0.0987,0.1131369510002067,0.0730961790960813,0.4897083539894424,0.978,0.9933,0.9940760462232364,0.978010199346212,0.999399642449856,11.0,0.1,0.0853629990107981,0.0844468148799917,-0.0002804506456405,0.9968237162519852,26.4918,23.2381,5.378212422041251,5.506991993902936,0.0485196773835932,0.736552920763447,0.0,1.2745517640254482,0.1492192018507808,1.6107576633892426,0.3849710982658959,0.1981461361551581,0.2932071742529349,0.1992033632422828,0.3349745199801577,0.3370044290354108,0.3100991617596785,0.149954047465232,0.2018445701627892,0.2786993015506828,0.2242960808680445,0.401255920039166,0.2891154487559734,0.06973415132924335,0.09936575052854123,0.11381116306951018,0.4900025307083428,0.07473968997965995,1.1400157499967727
0.7356002775850105,0.4979927586864003,0.8075159377565121,0.8072728699559473,0.6136323189179569,0.8443415497752962,0.1364950838635049,0.018796992481203,0.8341013824884793,181.0,domias_kde_dDE,2,CTGAN,baseline,0.0682,0.0987,0.1131369510002067,0.0730961790960813,0.4897083539894424,0.978,0.9933,0.9940760462232364,0.978010199346212,0.999399642449856,11.0,0.1,0.0853629990107981,0.0844468148799917,-0.0002804506456405,0.9968237162519852,26.4918,23.2381,5.378212422041251,5.506991993902936,0.0485196773835932,0.736552920763447,0.0,1.2745517640254482,0.1492192018507808,1.6107576633892426,0.3849710982658959,0.1981461361551581,0.2932071742529349,0.1992033632422828,0.3349745199801577,0.3370044290354108,0.3100991617596785,0.149954047465232,0.2018445701627892,0.2786993015506828,0.2242960808680445,0.401255920039166,0.2891154487559734,0.06973415132924335,0.09936575052854123,0.11381116306951018,0.4900025307083428,0.07473968997965995,1.1400157499967727
0.7975942632431182,0.4915421055974752,0.7959852564166965,0.8044883645290436,0.6114967075992169,0.8874018787800798,0.1015037593984962,0.0858877964141122,0.7788018433179723,169.0,gan_leaks_cal_pca,2,CTGAN,baseline,0.0682,0.0987,0.1131369510002067,0.0730961790960813,0.4897083539894424,0.978,0.9933,0.9940760462232364,0.978010199346212,0.999399642449856,11.0,0.1,0.0853629990107981,0.0844468148799917,-0.0002804506456405,0.9968237162519852,26.4918,23.2381,5.378212422041251,5.506991993902936,0.0485196773835932,0.736552920763447,0.0,1.2745517640254482,0.1492192018507808,1.6107576633892426,0.3849710982658959,0.1981461361551581,0.2932071742529349,0.1992033632422828,0.3349745199801577,0.3370044290354108,0.3100991617596785,0.149954047465232,0.2018445701627892,0.2786993015506828,0.2242960808680445,0.401255920039166,0.2891154487559734,0.06973415132924335,0.09936575052854123,0.11381116306951018,0.4900025307083428,0.07473968997965995,1.1400157499967727
0.799676150821189,0.4916164912057824,0.7962630124884278,0.7962193411677922,0.6107848371596369,0.8886889460154241,0.089358010410642,0.012434933487565,0.7972350230414746,173.0,gan_leaks_cal_vDE,2,CTGAN,baseline,0.0682,0.0987,0.1131369510002067,0.0730961790960813,0.4897083539894424,0.978,0.9933,0.9940760462232364,0.978010199346212,0.999399642449856,11.0,0.1,0.0853629990107981,0.0844468148799917,-0.0002804506456405,0.9968237162519852,26.4918,23.2381,5.378212422041251,5.506991993902936,0.0485196773835932,0.736552920763447,0.0,1.2745517640254482,0.1492192018507808,1.6107576633892426,0.3849710982658959,0.1981461361551581,0.2932071742529349,0.1992033632422828,0.3349745199801577,0.3370044290354108,0.3100991617596785,0.149954047465232,0.2018445701627892,0.2786993015506828,0.2242960808680445,0.401255920039166,0.2891154487559734,0.06973415132924335,0.09936575052854123,0.11381116306951018,0.4900025307083428,0.07473968997965995,1.1400157499967727
0.799676150821189,0.4888348037724369,0.7966251896472308,0.7964907786996518,0.609361096280477,0.8886889460154241,0.0960092539039907,0.0153267784846732,0.8110599078341014,176.0,gan_leaks_cal_sDE,2,CTGAN,baseline,0.0682,0.0987,0.1131369510002067,0.0730961790960813,0.4897083539894424,0.978,0.9933,0.9940760462232364,0.978010199346212,0.999399642449856,11.0,0.1,0.0853629990107981,0.0844468148799917,-0.0002804506456405,0.9968237162519852,26.4918,23.2381,5.378212422041251,5.506991993902936,0.0485196773835932,0.736552920763447,0.0,1.2745517640254482,0.1492192018507808,1.6107576633892426,0.3849710982658959,0.1981461361551581,0.2932071742529349,0.1992033632422828,0.3349745199801577,0.3370044290354108,0.3100991617596785,0.149954047465232,0.2018445701627892,0.2786993015506828,0.2242960808680445,0.401255920039166,0.2891154487559734,0.06973415132924335,0.09936575052854123,0.11381116306951018,0.4900025307083428,0.07473968997965995,1.1400157499967727
0.799676150821189,0.4971917343380683,0.7942417975761068,0.7945106256829002,0.6122085780387969,0.8886889460154241,0.0928282244071717,0.0089647194910352,0.7788018433179723,169.0,gan_leaks_cal_dDE,2,CTGAN,baseline,0.0682,0.0987,0.1131369510002067,0.0730961790960813,0.4897083539894424,0.978,0.9933,0.9940760462232364,0.978010199346212,0.999399642449856,11.0,0.1,0.0853629990107981,0.0844468148799917,-0.0002804506456405,0.9968237162519852,26.4918,23.2381,5.378212422041251,5.506991993902936,0.0485196773835932,0.736552920763447,0.0,1.2745517640254482,0.1492192018507808,1.6107576633892426,0.3849710982658959,0.1981461361551581,0.2932071742529349,0.1992033632422828,0.3349745199801577,0.3370044290354108,0.3100991617596785,0.149954047465232,0.2018445701627892,0.2786993015506828,0.2242960808680445,0.401255920039166,0.2891154487559734,0.06973415132924335,0.09936575052854123,0.11381116306951018,0.4900025307083428,0.07473968997965995,1.1400157499967727
0.799676150821189,0.5036012663940865,0.8038437530993393,0.8037041330637764,0.6139882541377469,0.8886889460154241,0.1107576633892423,0.0115673799884326,0.815668202764977,177.0,LOGAN_D1_pca,2,CTGAN,baseline,0.0682,0.0987,0.1131369510002067,0.0730961790960813,0.4897083539894424,0.978,0.9933,0.9940760462232364,0.978010199346212,0.999399642449856,11.0,0.1,0.0853629990107981,0.0844468148799917,-0.0002804506456405,0.9968237162519852,26.4918,23.2381,5.378212422041251,5.506991993902936,0.0485196773835932,0.736552920763447,0.0,1.2745517640254482,0.1492192018507808,1.6107576633892426,0.3849710982658959,0.1981461361551581,0.2932071742529349,0.1992033632422828,0.3349745199801577,0.3370044290354108,0.3100991617596785,0.149954047465232,0.2018445701627892,0.2786993015506828,0.2242960808680445,0.401255920039166,0.2891154487559734,0.06973415132924335,0.09936575052854123,0.11381116306951018,0.4900025307083428,0.07473968997965995,1.1400157499967727
0.799676150821189,0.5006499129103328,0.8021026135013027,0.8019116785041137,0.6143441893575369,0.8886889460154241,0.1116252168883747,0.0098322729901677,0.815668202764977,177.0,LOGAN_D1_vDE,2,CTGAN,baseline,0.0682,0.0987,0.1131369510002067,0.0730961790960813,0.4897083539894424,0.978,0.9933,0.9940760462232364,0.978010199346212,0.999399642449856,11.0,0.1,0.0853629990107981,0.0844468148799917,-0.0002804506456405,0.9968237162519852,26.4918,23.2381,5.378212422041251,5.506991993902936,0.0485196773835932,0.736552920763447,0.0,1.2745517640254482,0.1492192018507808,1.6107576633892426,0.3849710982658959,0.1981461361551581,0.2932071742529349,0.1992033632422828,0.3349745199801577,0.3370044290354108,0.3100991617596785,0.149954047465232,0.2018445701627892,0.2786993015506828,0.2242960808680445,0.401255920039166,0.2891154487559734,0.06973415132924335,0.09936575052854123,0.11381116306951018,0.4900025307083428,0.07473968997965995,1.1400157499967727
0.8003701133472125,0.4965779277005319,0.8031770439860099,0.803042761182257,0.611140772379427,0.8890602905257745,0.1101792943898207,0.0115673799884326,0.8387096774193549,182.0,LOGAN_D1_sDE,2,CTGAN,baseline,0.0682,0.0987,0.1131369510002067,0.0730961790960813,0.4897083539894424,0.978,0.9933,0.9940760462232364,0.978010199346212,0.999399642449856,11.0,0.1,0.0853629990107981,0.0844468148799917,-0.0002804506456405,0.9968237162519852,26.4918,23.2381,5.378212422041251,5.506991993902936,0.0485196773835932,0.736552920763447,0.0,1.2745517640254482,0.1492192018507808,1.6107576633892426,0.3849710982658959,0.1981461361551581,0.2932071742529349,0.1992033632422828,0.3349745199801577,0.3370044290354108,0.3100991617596785,0.149954047465232,0.2018445701627892,0.2786993015506828,0.2242960808680445,0.401255920039166,0.2891154487559734,0.06973415132924335,0.09936575052854123,0.11381116306951018,0.4900025307083428,0.07473968997965995,1.1400157499967727
0.799676150821189,0.5113450589568631,0.8083058250444637,0.8081643045543757,0.6179035415554369,0.8886889460154241,0.1142278773857721,0.0112781954887218,0.847926267281106,184.0,LOGAN_D1_dDE,2,CTGAN,baseline,0.0682,0.0987,0.1131369510002067,0.0730961790960813,0.4897083539894424,0.978,0.9933,0.9940760462232364,0.978010199346212,0.999399642449856,11.0,0.1,0.0853629990107981,0.0844468148799917,-0.0002804506456405,0.9968237162519852,26.4918,23.2381,5.378212422041251,5.506991993902936,0.0485196773835932,0.736552920763447,0.0,1.2745517640254482,0.1492192018507808,1.6107576633892426,0.3849710982658959,0.1981461361551581,0.2932071742529349,0.1992033632422828,0.3349745199801577,0.3370044290354108,0.3100991617596785,0.149954047465232,0.2018445701627892,0.2786993015506828,0.2242960808680445,0.401255920039166,0.2891154487559734,0.06973415132924335,0.09936575052854123,0.11381116306951018,0.4900025307083428,0.07473968997965995,1.1400157499967727
0.2606985889428637,0.5006633594059512,0.7992928649643686,0.800434262731393,0.1788283658787255,0.1788283658787255,1.0,0.0069384215091066,0.7741935483870968,168.0,MC,4,CTGAN,baseline,0.0822,0.1061,0.1313870501629198,0.0846099935183707,0.5231452288375537,0.9769,0.992,0.9918679111146664,0.9768682563355904,0.9986234518073068,18.0,0.1622,0.0829684939883179,0.0843361694466702,-0.0002183343025316,0.994689325544344,26.1855,23.363,5.391768224143257,5.58436583978275,0.0571248821154787,0.7132119109569239,0.0,1.2875397513732292,0.1442613472101763,1.7000289100896215,0.3611111111111111,0.217447043972445,0.2917869587544077,0.2312584082760337,0.2923296035910521,0.3013863495797956,0.3089672624272536,0.1526475443088795,0.2177829618173196,0.2668697190862573,0.2376401613549211,0.3979958911433113,0.2597701767649875,0.08414371993039205,0.10695564516129032,0.13246426131002295,0.5238663561232879,0.08661351514866303,1.1208106835594744
0.7999074716631969,0.5100757016050453,0.8041884875068431,0.8040114097966803,0.6188612099644129,0.8888317696954119,0.1084128360797918,0.0049147152356172,0.7926267281105991,172.0,gan_leaks,4,CTGAN,baseline,0.0822,0.1061,0.1313870501629198,0.0846099935183707,0.5231452288375537,0.9769,0.992,0.9918679111146664,0.9768682563355904,0.9986234518073068,18.0,0.1622,0.0829684939883179,0.0843361694466702,-0.0002183343025316,0.994689325544344,26.1855,23.363,5.391768224143257,5.58436583978275,0.0571248821154787,0.7132119109569239,0.0,1.2875397513732292,0.1442613472101763,1.7000289100896215,0.3611111111111111,0.217447043972445,0.2917869587544077,0.2312584082760337,0.2923296035910521,0.3013863495797956,0.3089672624272536,0.1526475443088795,0.2177829618173196,0.2668697190862573,0.2376401613549211,0.3979958911433113,0.2597701767649875,0.08414371993039205,0.10695564516129032,0.13246426131002295,0.5238663561232879,0.08661351514866303,1.1208106835594744
0.8003701133472125,0.4941279726531967,0.7985456742676793,0.7983992153271933,0.6135231316725979,0.8890888060660583,0.0991616074009829,0.0109858340560855,0.8018433179723502,174.0,loss_lr,4,CTGAN,baseline,0.0822,0.1061,0.1313870501629198,0.0846099935183707,0.5231452288375537,0.9769,0.992,0.9918679111146664,0.9768682563355904,0.9986234518073068,18.0,0.1622,0.0829684939883179,0.0843361694466702,-0.0002183343025316,0.994689325544344,26.1855,23.363,5.391768224143257,5.58436583978275,0.0571248821154787,0.7132119109569239,0.0,1.2875397513732292,0.1442613472101763,1.7000289100896215,0.3611111111111111,0.217447043972445,0.2917869587544077,0.2312584082760337,0.2923296035910521,0.3013863495797956,0.3089672624272536,0.1526475443088795,0.2177829618173196,0.2668697190862573,0.2376401613549211,0.3979958911433113,0.2597701767649875,0.08414371993039205,0.10695564516129032,0.13246426131002295,0.5238663561232879,0.08661351514866303,1.1208106835594744
0.7999074716631969,0.5012651510284496,0.7981778840003471,0.7980336294244775,0.6177935943060499,0.8888317696954119,0.0812373518357906,0.0147441457068516,0.7695852534562212,167.0,loss_rf,4,CTGAN,baseline,0.0822,0.1061,0.1313870501629198,0.0846099935183707,0.5231452288375537,0.9769,0.992,0.9918679111146664,0.9768682563355904,0.9986234518073068,18.0,0.1622,0.0829684939883179,0.0843361694466702,-0.0002183343025316,0.994689325544344,26.1855,23.363,5.391768224143257,5.58436583978275,0.0571248821154787,0.7132119109569239,0.0,1.2875397513732292,0.1442613472101763,1.7000289100896215,0.3611111111111111,0.217447043972445,0.2917869587544077,0.2312584082760337,0.2923296035910521,0.3013863495797956,0.3089672624272536,0.1526475443088795,0.2177829618173196,0.2668697190862573,0.2376401613549211,0.3979958911433113,0.2597701767649875,0.08414371993039205,0.10695564516129032,0.13246426131002295,0.5238663561232879,0.08661351514866303,1.1208106835594744
0.7999074716631969,0.4989138639940894,0.792771619608416,0.7924733232589092,0.6128113879003558,0.8888317696954119,0.084706562590344,0.0063602197166811,0.7649769585253456,166.0,LOGAN_D1,4,CTGAN,baseline,0.0822,0.1061,0.1313870501629198,0.0846099935183707,0.5231452288375537,0.9769,0.992,0.9918679111146664,0.9768682563355904,0.9986234518073068,18.0,0.1622,0.0829684939883179,0.0843361694466702,-0.0002183343025316,0.994689325544344,26.1855,23.363,5.391768224143257,5.58436583978275,0.0571248821154787,0.7132119109569239,0.0,1.2875397513732292,0.1442613472101763,1.7000289100896215,0.3611111111111111,0.217447043972445,0.2917869587544077,0.2312584082760337,0.2923296035910521,0.3013863495797956,0.3089672624272536,0.1526475443088795,0.2177829618173196,0.2668697190862573,0.2376401613549211,0.3979958911433113,0.2597701767649875,0.08414371993039205,0.10695564516129032,0.13246426131002295,0.5238663561232879,0.08661351514866303,1.1208106835594744
0.7973629424011104,0.5127097319927618,0.8084931973861221,0.8148074647381668,0.6202846975088968,0.8870260510704153,0.1228678808904307,0.0696733159872795,0.8294930875576036,180.0,gan_leaks_cal,4,CTGAN,baseline,0.0822,0.1061,0.1313870501629198,0.0846099935183707,0.5231452288375537,0.9769,0.992,0.9918679111146664,0.9768682563355904,0.9986234518073068,18.0,0.1622,0.0829684939883179,0.0843361694466702,-0.0002183343025316,0.994689325544344,26.1855,23.363,5.391768224143257,5.58436583978275,0.0571248821154787,0.7132119109569239,0.0,1.2875397513732292,0.1442613472101763,1.7000289100896215,0.3611111111111111,0.217447043972445,0.2917869587544077,0.2312584082760337,0.2923296035910521,0.3013863495797956,0.3089672624272536,0.1526475443088795,0.2177829618173196,0.2668697190862573,0.2376401613549211,0.3979958911433113,0.2597701767649875,0.08414371993039205,0.10695564516129032,0.13246426131002295,0.5238663561232879,0.08661351514866303,1.1208106835594744
0.2283136710617626,0.5073603615902691,0.803043781386249,0.831481537538778,0.08099173553719,0.08099173553719,1.0,0.0190806591500433,0.847926267281106,184.0,domias_kde_pca,4,CTGAN,baseline,0.0822,0.1061,0.1313870501629198,0.0846099935183707,0.5231452288375537,0.9769,0.992,0.9918679111146664,0.9768682563355904,0.9986234518073068,18.0,0.1622,0.0829684939883179,0.0843361694466702,-0.0002183343025316,0.994689325544344,26.1855,23.363,5.391768224143257,5.58436583978275,0.0571248821154787,0.7132119109569239,0.0,1.2875397513732292,0.1442613472101763,1.7000289100896215,0.3611111111111111,0.217447043972445,0.2917869587544077,0.2312584082760337,0.2923296035910521,0.3013863495797956,0.3089672624272536,0.1526475443088795,0.2177829618173196,0.2668697190862573,0.2376401613549211,0.3979958911433113,0.2597701767649875,0.08414371993039205,0.10695564516129032,0.13246426131002295,0.5238663561232879,0.08661351514866303,1.1208106835594744
0.7506361323155216,0.5084995328879038,0.8083585337909274,0.8083069886404223,0.6167259786476869,0.8543243243243244,0.1199768719283029,0.0147441457068516,0.8110599078341014,176.0,domias_kde_vDE,4,CTGAN,baseline,0.0822,0.1061,0.1313870501629198,0.0846099935183707,0.5231452288375537,0.9769,0.992,0.9918679111146664,0.9768682563355904,0.9986234518073068,18.0,0.1622,0.0829684939883179,0.0843361694466702,-0.0002183343025316,0.994689325544344,26.1855,23.363,5.391768224143257,5.58436583978275,0.0571248821154787,0.7132119109569239,0.0,1.2875397513732292,0.1442613472101763,1.7000289100896215,0.3611111111111111,0.217447043972445,0.2917869587544077,0.2312584082760337,0.2923296035910521,0.3013863495797956,0.3089672624272536,0.1526475443088795,0.2177829618173196,0.2668697190862573,0.2376401613549211,0.3979958911433113,0.2597701767649875,0.08414371993039205,0.10695564516129032,0.13246426131002295,0.5238663561232879,0.08661351514866303,1.1208106835594744
0.7522553782095767,0.513409396314499,0.8110599640354681,0.8109036049046519,0.6156583629893239,0.8560677328316086,0.1101474414570685,0.0147441457068516,0.815668202764977,177.0,domias_kde_sDE,4,CTGAN,baseline,0.0822,0.1061,0.1313870501629198,0.0846099935183707,0.5231452288375537,0.9769,0.992,0.9918679111146664,0.9768682563355904,0.9986234518073068,18.0,0.1622,0.0829684939883179,0.0843361694466702,-0.0002183343025316,0.994689325544344,26.1855,23.363,5.391768224143257,5.58436583978275,0.0571248821154787,0.7132119109569239,0.0,1.2875397513732292,0.1442613472101763,1.7000289100896215,0.3611111111111111,0.217447043972445,0.2917869587544077,0.2312584082760337,0.2923296035910521,0.3013863495797956,0.3089672624272536,0.1526475443088795,0.2177829618173196,0.2668697190862573,0.2376401613549211,0.3979958911433113,0.2597701767649875,0.08414371993039205,0.10695564516129032,0.13246426131002295,0.5238663561232879,0.08661351514866303,1.1208106835594744
0.7610455702058756,0.5124979254333836,0.8076181664447948,0.8074696607691652,0.6217081850533808,0.8618799304719882,0.1147730557964729,0.0141659439144261,0.8294930875576036,180.0,domias_kde_dDE,4,CTGAN,baseline,0.0822,0.1061,0.1313870501629198,0.0846099935183707,0.5231452288375537,0.9769,0.992,0.9918679111146664,0.9768682563355904,0.9986234518073068,18.0,0.1622,0.0829684939883179,0.0843361694466702,-0.0002183343025316,0.994689325544344,26.1855,23.363,5.391768224143257,5.58436583978275,0.0571248821154787,0.7132119109569239,0.0,1.2875397513732292,0.1442613472101763,1.7000289100896215,0.3611111111111111,0.217447043972445,0.2917869587544077,0.2312584082760337,0.2923296035910521,0.3013863495797956,0.3089672624272536,0.1526475443088795,0.2177829618173196,0.2668697190862573,0.2376401613549211,0.3979958911433113,0.2597701767649875,0.08414371993039205,0.10695564516129032,0.13246426131002295,0.5238663561232879,0.08661351514866303,1.1208106835594744
0.7985195466111497,0.5153730405383701,0.8071131260546209,0.8149596043810363,0.6231316725978647,0.8878588901763873,0.1023417172593235,0.0806591500433651,0.8110599078341014,176.0,gan_leaks_cal_pca,4,CTGAN,baseline,0.0822,0.1061,0.1313870501629198,0.0846099935183707,0.5231452288375537,0.9769,0.992,0.9918679111146664,0.9768682563355904,0.9986234518073068,18.0,0.1622,0.0829684939883179,0.0843361694466702,-0.0002183343025316,0.994689325544344,26.1855,23.363,5.391768224143257,5.58436583978275,0.0571248821154787,0.7132119109569239,0.0,1.2875397513732292,0.1442613472101763,1.7000289100896215,0.3611111111111111,0.217447043972445,0.2917869587544077,0.2312584082760337,0.2923296035910521,0.3013863495797956,0.3089672624272536,0.1526475443088795,0.2177829618173196,0.2668697190862573,0.2376401613549211,0.3979958911433113,0.2597701767649875,0.08414371993039205,0.10695564516129032,0.13246426131002295,0.5238663561232879,0.08661351514866303,1.1208106835594744
0.7999074716631969,0.5003566916150033,0.7988499955825846,0.7986943212481759,0.6185053380782918,0.8888317696954119,0.092512286788089,0.0089621277825961,0.815668202764977,177.0,gan_leaks_cal_vDE,4,CTGAN,baseline,0.0822,0.1061,0.1313870501629198,0.0846099935183707,0.5231452288375537,0.9769,0.992,0.9918679111146664,0.9768682563355904,0.9986234518073068,18.0,0.1622,0.0829684939883179,0.0843361694466702,-0.0002183343025316,0.994689325544344,26.1855,23.363,5.391768224143257,5.58436583978275,0.0571248821154787,0.7132119109569239,0.0,1.2875397513732292,0.1442613472101763,1.7000289100896215,0.3611111111111111,0.217447043972445,0.2917869587544077,0.2312584082760337,0.2923296035910521,0.3013863495797956,0.3089672624272536,0.1526475443088795,0.2177829618173196,0.2668697190862573,0.2376401613549211,0.3979958911433113,0.2597701767649875,0.08414371993039205,0.10695564516129032,0.13246426131002295,0.5238663561232879,0.08661351514866303,1.1208106835594744
0.8006014341892205,0.5111436015011832,0.8089473389951909,0.8088510039919561,0.6202846975088968,0.8892030848329049,0.1061000289100896,0.0187915582538305,0.8433179723502304,183.0,gan_leaks_cal_sDE,4,CTGAN,baseline,0.0822,0.1061,0.1313870501629198,0.0846099935183707,0.5231452288375537,0.9769,0.992,0.9918679111146664,0.9768682563355904,0.9986234518073068,18.0,0.1622,0.0829684939883179,0.0843361694466702,-0.0002183343025316,0.994689325544344,26.1855,23.363,5.391768224143257,5.58436583978275,0.0571248821154787,0.7132119109569239,0.0,1.2875397513732292,0.1442613472101763,1.7000289100896215,0.3611111111111111,0.217447043972445,0.2917869587544077,0.2312584082760337,0.2923296035910521,0.3013863495797956,0.3089672624272536,0.1526475443088795,0.2177829618173196,0.2668697190862573,0.2376401613549211,0.3979958911433113,0.2597701767649875,0.08414371993039205,0.10695564516129032,0.13246426131002295,0.5238663561232879,0.08661351514866303,1.1208106835594744
0.7999074716631969,0.4985104946302185,0.7990965911017711,0.7992167138366907,0.6135231316725979,0.8888317696954119,0.0922231858918762,0.0106967331598727,0.7788018433179723,169.0,gan_leaks_cal_dDE,4,CTGAN,baseline,0.0822,0.1061,0.1313870501629198,0.0846099935183707,0.5231452288375537,0.9769,0.992,0.9918679111146664,0.9768682563355904,0.9986234518073068,18.0,0.1622,0.0829684939883179,0.0843361694466702,-0.0002183343025316,0.994689325544344,26.1855,23.363,5.391768224143257,5.58436583978275,0.0571248821154787,0.7132119109569239,0.0,1.2875397513732292,0.1442613472101763,1.7000289100896215,0.3611111111111111,0.217447043972445,0.2917869587544077,0.2312584082760337,0.2923296035910521,0.3013863495797956,0.3089672624272536,0.1526475443088795,0.2177829618173196,0.2668697190862573,0.2376401613549211,0.3979958911433113,0.2597701767649875,0.08414371993039205,0.10695564516129032,0.13246426131002295,0.5238663561232879,0.08661351514866303,1.1208106835594744
0.8008327550312283,0.5029997564057264,0.7986249177273037,0.7984020276636833,0.6167259786476869,0.889317392981103,0.1014744145706851,0.0072275224053194,0.7695852534562212,167.0,LOGAN_D1_pca,4,CTGAN,baseline,0.0822,0.1061,0.1313870501629198,0.0846099935183707,0.5231452288375537,0.9769,0.992,0.9918679111146664,0.9768682563355904,0.9986234518073068,18.0,0.1622,0.0829684939883179,0.0843361694466702,-0.0002183343025316,0.994689325544344,26.1855,23.363,5.391768224143257,5.58436583978275,0.0571248821154787,0.7132119109569239,0.0,1.2875397513732292,0.1442613472101763,1.7000289100896215,0.3611111111111111,0.217447043972445,0.2917869587544077,0.2312584082760337,0.2923296035910521,0.3013863495797956,0.3089672624272536,0.1526475443088795,0.2177829618173196,0.2668697190862573,0.2376401613549211,0.3979958911433113,0.2597701767649875,0.08414371993039205,0.10695564516129032,0.13246426131002295,0.5238663561232879,0.08661351514866303,1.1208106835594744
0.8003701133472125,0.4975868105746683,0.7928651927102723,0.7926484885301202,0.6135231316725979,0.8890888060660583,0.0745880312228968,0.0095403295750216,0.7649769585253456,166.0,LOGAN_D1_vDE,4,CTGAN,baseline,0.0822,0.1061,0.1313870501629198,0.0846099935183707,0.5231452288375537,0.9769,0.992,0.9918679111146664,0.9768682563355904,0.9986234518073068,18.0,0.1622,0.0829684939883179,0.0843361694466702,-0.0002183343025316,0.994689325544344,26.1855,23.363,5.391768224143257,5.58436583978275,0.0571248821154787,0.7132119109569239,0.0,1.2875397513732292,0.1442613472101763,1.7000289100896215,0.3611111111111111,0.217447043972445,0.2917869587544077,0.2312584082760337,0.2923296035910521,0.3013863495797956,0.3089672624272536,0.1526475443088795,0.2177829618173196,0.2668697190862573,0.2376401613549211,0.3979958911433113,0.2597701767649875,0.08414371993039205,0.10695564516129032,0.13246426131002295,0.5238663561232879,0.08661351514866303,1.1208106835594744
0.8003701133472125,0.5012487552600302,0.7970681794199311,0.7968747635084779,0.6181494661921708,0.8890888060660583,0.0867302688638334,0.0066493206128939,0.7695852534562212,167.0,LOGAN_D1_sDE,4,CTGAN,baseline,0.0822,0.1061,0.1313870501629198,0.0846099935183707,0.5231452288375537,0.9769,0.992,0.9918679111146664,0.9768682563355904,0.9986234518073068,18.0,0.1622,0.0829684939883179,0.0843361694466702,-0.0002183343025316,0.994689325544344,26.1855,23.363,5.391768224143257,5.58436583978275,0.0571248821154787,0.7132119109569239,0.0,1.2875397513732292,0.1442613472101763,1.7000289100896215,0.3611111111111111,0.217447043972445,0.2917869587544077,0.2312584082760337,0.2923296035910521,0.3013863495797956,0.3089672624272536,0.1526475443088795,0.2177829618173196,0.2668697190862573,0.2376401613549211,0.3979958911433113,0.2597701767649875,0.08414371993039205,0.10695564516129032,0.13246426131002295,0.5238663561232879,0.08661351514866303,1.1208106835594744
0.8003701133472125,0.4947290950606576,0.7924818698686007,0.792190536935956,0.6163701067615658,0.8890602905257745,0.0864411679676207,0.0066493206128939,0.7603686635944701,165.0,LOGAN_D1_dDE,4,CTGAN,baseline,0.0822,0.1061,0.1313870501629198,0.0846099935183707,0.5231452288375537,0.9769,0.992,0.9918679111146664,0.9768682563355904,0.9986234518073068,18.0,0.1622,0.0829684939883179,0.0843361694466702,-0.0002183343025316,0.994689325544344,26.1855,23.363,5.391768224143257,5.58436583978275,0.0571248821154787,0.7132119109569239,0.0,1.2875397513732292,0.1442613472101763,1.7000289100896215,0.3611111111111111,0.217447043972445,0.2917869587544077,0.2312584082760337,0.2923296035910521,0.3013863495797956,0.3089672624272536,0.1526475443088795,0.2177829618173196,0.2668697190862573,0.2376401613549211,0.3979958911433113,0.2597701767649875,0.08414371993039205,0.10695564516129032,0.13246426131002295,0.5238663561232879,0.08661351514866303,1.1208106835594744
0.2581540596807772,0.4969640642290475,0.798649717841757,0.7939919179494446,0.1757902852737085,0.1757902852737085,0.0989010989010989,0.0075187969924812,0.7972350230414746,173.0,MC,1,CTGAN,baseline,0.0543,0.097,0.1147785191757808,0.053009932692631,0.5022397322448422,0.9803,0.9875,0.9910138580998532,0.9803028159095454,0.9984645675501927,16.0,0.1416,0.0795996638543265,0.0793670425236037,-0.0003290792573973,0.9973544973544972,25.9002,23.1698,5.369759644602732,5.492521594717065,0.0511451725982389,0.8013302486986698,0.0,1.245054945054945,0.1590514748409485,1.4633314054366686,0.3745664739884393,0.1941716125338813,0.2829620505061703,0.2074796322123707,0.3621933543876657,0.3265312408476722,0.3035331983893423,0.1441889269838603,0.2059232493396914,0.2894904664056437,0.2161742953480342,0.3851809761546597,0.2827874304295571,0.05539120677343671,0.09822784810126582,0.11581928773009739,0.5030120733048393,0.05407505908615317,1.1178430543207107
0.7999074716631969,0.501915972679587,0.798386988188049,0.7981976686839302,0.6193272824345969,0.8888031880704461,0.0910931174089068,0.0060728744939271,0.8018433179723502,174.0,gan_leaks,1,CTGAN,baseline,0.0543,0.097,0.1147785191757808,0.053009932692631,0.5022397322448422,0.9803,0.9875,0.9910138580998532,0.9803028159095454,0.9984645675501927,16.0,0.1416,0.0795996638543265,0.0793670425236037,-0.0003290792573973,0.9973544973544972,25.9002,23.1698,5.369759644602732,5.492521594717065,0.0511451725982389,0.8013302486986698,0.0,1.245054945054945,0.1590514748409485,1.4633314054366686,0.3745664739884393,0.1941716125338813,0.2829620505061703,0.2074796322123707,0.3621933543876657,0.3265312408476722,0.3035331983893423,0.1441889269838603,0.2059232493396914,0.2894904664056437,0.2161742953480342,0.3851809761546597,0.2827874304295571,0.05539120677343671,0.09822784810126582,0.11581928773009739,0.5030120733048393,0.05407505908615317,1.1178430543207107
0.8001387925052047,0.5034341077237335,0.8023506252929953,0.8021869899018857,0.6171916711158569,0.8888888888888888,0.0887796414112203,0.0190861769809138,0.8387096774193549,182.0,loss_lr,1,CTGAN,baseline,0.0543,0.097,0.1147785191757808,0.053009932692631,0.5022397322448422,0.9803,0.9875,0.9910138580998532,0.9803028159095454,0.9984645675501927,16.0,0.1416,0.0795996638543265,0.0793670425236037,-0.0003290792573973,0.9973544973544972,25.9002,23.1698,5.369759644602732,5.492521594717065,0.0511451725982389,0.8013302486986698,0.0,1.245054945054945,0.1590514748409485,1.4633314054366686,0.3745664739884393,0.1941716125338813,0.2829620505061703,0.2074796322123707,0.3621933543876657,0.3265312408476722,0.3035331983893423,0.1441889269838603,0.2059232493396914,0.2894904664056437,0.2161742953480342,0.3851809761546597,0.2827874304295571,0.05539120677343671,0.09822784810126582,0.11581928773009739,0.5030120733048393,0.05407505908615317,1.1178430543207107
0.799676150821189,0.5071684324194212,0.8053464907130392,0.8050913147492065,0.6161238654564869,0.8886889460154241,0.1113360323886639,0.0101214574898785,0.8064516129032258,175.0,loss_rf,1,CTGAN,baseline,0.0543,0.097,0.1147785191757808,0.053009932692631,0.5022397322448422,0.9803,0.9875,0.9910138580998532,0.9803028159095454,0.9984645675501927,16.0,0.1416,0.0795996638543265,0.0793670425236037,-0.0003290792573973,0.9973544973544972,25.9002,23.1698,5.369759644602732,5.492521594717065,0.0511451725982389,0.8013302486986698,0.0,1.245054945054945,0.1590514748409485,1.4633314054366686,0.3745664739884393,0.1941716125338813,0.2829620505061703,0.2074796322123707,0.3621933543876657,0.3265312408476722,0.3035331983893423,0.1441889269838603,0.2059232493396914,0.2894904664056437,0.2161742953480342,0.3851809761546597,0.2827874304295571,0.05539120677343671,0.09822784810126582,0.11581928773009739,0.5030120733048393,0.05407505908615317,1.1178430543207107
0.799676150821189,0.5033617280194707,0.8038925541819746,0.8036421176029662,0.6136323189179569,0.8886889460154241,0.1064198958935801,0.0133024869866975,0.8018433179723502,174.0,LOGAN_D1,1,CTGAN,baseline,0.0543,0.097,0.1147785191757808,0.053009932692631,0.5022397322448422,0.9803,0.9875,0.9910138580998532,0.9803028159095454,0.9984645675501927,16.0,0.1416,0.0795996638543265,0.0793670425236037,-0.0003290792573973,0.9973544973544972,25.9002,23.1698,5.369759644602732,5.492521594717065,0.0511451725982389,0.8013302486986698,0.0,1.245054945054945,0.1590514748409485,1.4633314054366686,0.3745664739884393,0.1941716125338813,0.2829620505061703,0.2074796322123707,0.3621933543876657,0.3265312408476722,0.3035331983893423,0.1441889269838603,0.2059232493396914,0.2894904664056437,0.2161742953480342,0.3851809761546597,0.2827874304295571,0.05539120677343671,0.09822784810126582,0.11581928773009739,0.5030120733048393,0.05407505908615317,1.1178430543207107
0.7980569049271339,0.5081799095337276,0.8017038614326029,0.8103206900316813,0.6182594767752269,0.8874564909114349,0.0934065934065934,0.0821283979178716,0.7557603686635944,164.0,gan_leaks_cal,1,CTGAN,baseline,0.0543,0.097,0.1147785191757808,0.053009932692631,0.5022397322448422,0.9803,0.9875,0.9910138580998532,0.9803028159095454,0.9984645675501927,16.0,0.1416,0.0795996638543265,0.0793670425236037,-0.0003290792573973,0.9973544973544972,25.9002,23.1698,5.369759644602732,5.492521594717065,0.0511451725982389,0.8013302486986698,0.0,1.245054945054945,0.1590514748409485,1.4633314054366686,0.3745664739884393,0.1941716125338813,0.2829620505061703,0.2074796322123707,0.3621933543876657,0.3265312408476722,0.3035331983893423,0.1441889269838603,0.2059232493396914,0.2894904664056437,0.2161742953480342,0.3851809761546597,0.2827874304295571,0.05539120677343671,0.09822784810126582,0.11581928773009739,0.5030120733048393,0.05407505908615317,1.1178430543207107
0.2241498959056211,0.4985303409702558,0.7981171179577955,0.7926079022219297,0.0780648708081363,0.0780648708081363,1.0,0.0043377674956622,0.7788018433179723,169.0,domias_kde_pca,1,CTGAN,baseline,0.0543,0.097,0.1147785191757808,0.053009932692631,0.5022397322448422,0.9803,0.9875,0.9910138580998532,0.9803028159095454,0.9984645675501927,16.0,0.1416,0.0795996638543265,0.0793670425236037,-0.0003290792573973,0.9973544973544972,25.9002,23.1698,5.369759644602732,5.492521594717065,0.0511451725982389,0.8013302486986698,0.0,1.245054945054945,0.1590514748409485,1.4633314054366686,0.3745664739884393,0.1941716125338813,0.2829620505061703,0.2074796322123707,0.3621933543876657,0.3265312408476722,0.3035331983893423,0.1441889269838603,0.2059232493396914,0.2894904664056437,0.2161742953480342,0.3851809761546597,0.2827874304295571,0.05539120677343671,0.09822784810126582,0.11581928773009739,0.5030120733048393,0.05407505908615317,1.1178430543207107
0.7506361323155216,0.5055369637967752,0.8001479576225827,0.8000360434266756,0.6171916711158569,0.8545994065281899,0.1043956043956044,0.0072296124927703,0.7649769585253456,166.0,domias_kde_vDE,1,CTGAN,baseline,0.0543,0.097,0.1147785191757808,0.053009932692631,0.5022397322448422,0.9803,0.9875,0.9910138580998532,0.9803028159095454,0.9984645675501927,16.0,0.1416,0.0795996638543265,0.0793670425236037,-0.0003290792573973,0.9973544973544972,25.9002,23.1698,5.369759644602732,5.492521594717065,0.0511451725982389,0.8013302486986698,0.0,1.245054945054945,0.1590514748409485,1.4633314054366686,0.3745664739884393,0.1941716125338813,0.2829620505061703,0.2074796322123707,0.3621933543876657,0.3265312408476722,0.3035331983893423,0.1441889269838603,0.2059232493396914,0.2894904664056437,0.2161742953480342,0.3851809761546597,0.2827874304295571,0.05539120677343671,0.09822784810126582,0.11581928773009739,0.5030120733048393,0.05407505908615317,1.1178430543207107
0.7367568817950497,0.5028625922297963,0.8003824547348786,0.800266159800032,0.618971347214807,0.8445779841573341,0.0879120879120879,0.0141700404858299,0.783410138248848,170.0,domias_kde_sDE,1,CTGAN,baseline,0.0543,0.097,0.1147785191757808,0.053009932692631,0.5022397322448422,0.9803,0.9875,0.9910138580998532,0.9803028159095454,0.9984645675501927,16.0,0.1416,0.0795996638543265,0.0793670425236037,-0.0003290792573973,0.9973544973544972,25.9002,23.1698,5.369759644602732,5.492521594717065,0.0511451725982389,0.8013302486986698,0.0,1.245054945054945,0.1590514748409485,1.4633314054366686,0.3745664739884393,0.1941716125338813,0.2829620505061703,0.2074796322123707,0.3621933543876657,0.3265312408476722,0.3035331983893423,0.1441889269838603,0.2059232493396914,0.2894904664056437,0.2161742953480342,0.3851809761546597,0.2827874304295571,0.05539120677343671,0.09822784810126582,0.11581928773009739,0.5030120733048393,0.05407505908615317,1.1178430543207107
0.7580383992597733,0.4944516694136408,0.7973217593342048,0.7970673945301971,0.6129204484783769,0.8604961323019472,0.0922498554077501,0.0109890109890109,0.7926267281105991,172.0,domias_kde_dDE,1,CTGAN,baseline,0.0543,0.097,0.1147785191757808,0.053009932692631,0.5022397322448422,0.9803,0.9875,0.9910138580998532,0.9803028159095454,0.9984645675501927,16.0,0.1416,0.0795996638543265,0.0793670425236037,-0.0003290792573973,0.9973544973544972,25.9002,23.1698,5.369759644602732,5.492521594717065,0.0511451725982389,0.8013302486986698,0.0,1.245054945054945,0.1590514748409485,1.4633314054366686,0.3745664739884393,0.1941716125338813,0.2829620505061703,0.2074796322123707,0.3621933543876657,0.3265312408476722,0.3035331983893423,0.1441889269838603,0.2059232493396914,0.2894904664056437,0.2161742953480342,0.3851809761546597,0.2827874304295571,0.05539120677343671,0.09822784810126582,0.11581928773009739,0.5030120733048393,0.05407505908615317,1.1178430543207107
0.7980569049271339,0.5065477722764001,0.8008500416874397,0.8096382731028112,0.6193272824345969,0.8876303256532372,0.0977443609022556,0.0821283979178716,0.7926267281105991,172.0,gan_leaks_cal_pca,1,CTGAN,baseline,0.0543,0.097,0.1147785191757808,0.053009932692631,0.5022397322448422,0.9803,0.9875,0.9910138580998532,0.9803028159095454,0.9984645675501927,16.0,0.1416,0.0795996638543265,0.0793670425236037,-0.0003290792573973,0.9973544973544972,25.9002,23.1698,5.369759644602732,5.492521594717065,0.0511451725982389,0.8013302486986698,0.0,1.245054945054945,0.1590514748409485,1.4633314054366686,0.3745664739884393,0.1941716125338813,0.2829620505061703,0.2074796322123707,0.3621933543876657,0.3265312408476722,0.3035331983893423,0.1441889269838603,0.2059232493396914,0.2894904664056437,0.2161742953480342,0.3851809761546597,0.2827874304295571,0.05539120677343671,0.09822784810126582,0.11581928773009739,0.5030120733048393,0.05407505908615317,1.1178430543207107
0.7999074716631969,0.5109625999190952,0.807464179107656,0.8074668642645844,0.6182594767752269,0.8888031880704461,0.109600925390399,0.0167727009832273,0.8018433179723502,174.0,gan_leaks_cal_vDE,1,CTGAN,baseline,0.0543,0.097,0.1147785191757808,0.053009932692631,0.5022397322448422,0.9803,0.9875,0.9910138580998532,0.9803028159095454,0.9984645675501927,16.0,0.1416,0.0795996638543265,0.0793670425236037,-0.0003290792573973,0.9973544973544972,25.9002,23.1698,5.369759644602732,5.492521594717065,0.0511451725982389,0.8013302486986698,0.0,1.245054945054945,0.1590514748409485,1.4633314054366686,0.3745664739884393,0.1941716125338813,0.2829620505061703,0.2074796322123707,0.3621933543876657,0.3265312408476722,0.3035331983893423,0.1441889269838603,0.2059232493396914,0.2894904664056437,0.2161742953480342,0.3851809761546597,0.2827874304295571,0.05539120677343671,0.09822784810126582,0.11581928773009739,0.5030120733048393,0.05407505908615317,1.1178430543207107
0.799676150821189,0.4973532096136294,0.7974410119491078,0.7972697258954371,0.611140772379427,0.8886889460154241,0.086176980913823,0.0104106419895893,0.7603686635944701,165.0,gan_leaks_cal_sDE,1,CTGAN,baseline,0.0543,0.097,0.1147785191757808,0.053009932692631,0.5022397322448422,0.9803,0.9875,0.9910138580998532,0.9803028159095454,0.9984645675501927,16.0,0.1416,0.0795996638543265,0.0793670425236037,-0.0003290792573973,0.9973544973544972,25.9002,23.1698,5.369759644602732,5.492521594717065,0.0511451725982389,0.8013302486986698,0.0,1.245054945054945,0.1590514748409485,1.4633314054366686,0.3745664739884393,0.1941716125338813,0.2829620505061703,0.2074796322123707,0.3621933543876657,0.3265312408476722,0.3035331983893423,0.1441889269838603,0.2059232493396914,0.2894904664056437,0.2161742953480342,0.3851809761546597,0.2827874304295571,0.05539120677343671,0.09822784810126582,0.11581928773009739,0.5030120733048393,0.05407505908615317,1.1178430543207107
0.799676150821189,0.4933295332595606,0.7969450307633875,0.7970911922766151,0.615767930236697,0.8886889460154241,0.087622903412377,0.0089647194910352,0.8202764976958525,178.0,gan_leaks_cal_dDE,1,CTGAN,baseline,0.0543,0.097,0.1147785191757808,0.053009932692631,0.5022397322448422,0.9803,0.9875,0.9910138580998532,0.9803028159095454,0.9984645675501927,16.0,0.1416,0.0795996638543265,0.0793670425236037,-0.0003290792573973,0.9973544973544972,25.9002,23.1698,5.369759644602732,5.492521594717065,0.0511451725982389,0.8013302486986698,0.0,1.245054945054945,0.1590514748409485,1.4633314054366686,0.3745664739884393,0.1941716125338813,0.2829620505061703,0.2074796322123707,0.3621933543876657,0.3265312408476722,0.3035331983893423,0.1441889269838603,0.2059232493396914,0.2894904664056437,0.2161742953480342,0.3851809761546597,0.2827874304295571,0.05539120677343671,0.09822784810126582,0.11581928773009739,0.5030120733048393,0.05407505908615317,1.1178430543207107
0.7999074716631969,0.5033943239601895,0.8035556708381001,0.8033063888520628,0.6168357358960669,0.8888031880704461,0.1087333718912666,0.0133024869866975,0.815668202764977,177.0,LOGAN_D1_pca,1,CTGAN,baseline,0.0543,0.097,0.1147785191757808,0.053009932692631,0.5022397322448422,0.9803,0.9875,0.9910138580998532,0.9803028159095454,0.9984645675501927,16.0,0.1416,0.0795996638543265,0.0793670425236037,-0.0003290792573973,0.9973544973544972,25.9002,23.1698,5.369759644602732,5.492521594717065,0.0511451725982389,0.8013302486986698,0.0,1.245054945054945,0.1590514748409485,1.4633314054366686,0.3745664739884393,0.1941716125338813,0.2829620505061703,0.2074796322123707,0.3621933543876657,0.3265312408476722,0.3035331983893423,0.1441889269838603,0.2059232493396914,0.2894904664056437,0.2161742953480342,0.3851809761546597,0.2827874304295571,0.05539120677343671,0.09822784810126582,0.11581928773009739,0.5030120733048393,0.05407505908615317,1.1178430543207107
0.8001387925052047,0.5062320095481032,0.8048109623230641,0.8045522982152846,0.615767930236697,0.8889460154241645,0.1119144013880856,0.0141700404858299,0.815668202764977,177.0,LOGAN_D1_vDE,1,CTGAN,baseline,0.0543,0.097,0.1147785191757808,0.053009932692631,0.5022397322448422,0.9803,0.9875,0.9910138580998532,0.9803028159095454,0.9984645675501927,16.0,0.1416,0.0795996638543265,0.0793670425236037,-0.0003290792573973,0.9973544973544972,25.9002,23.1698,5.369759644602732,5.492521594717065,0.0511451725982389,0.8013302486986698,0.0,1.245054945054945,0.1590514748409485,1.4633314054366686,0.3745664739884393,0.1941716125338813,0.2829620505061703,0.2074796322123707,0.3621933543876657,0.3265312408476722,0.3035331983893423,0.1441889269838603,0.2059232493396914,0.2894904664056437,0.2161742953480342,0.3851809761546597,0.2827874304295571,0.05539120677343671,0.09822784810126582,0.11581928773009739,0.5030120733048393,0.05407505908615317,1.1178430543207107
0.8001387925052047,0.5017013409468536,0.802552773149178,0.8023548958743876,0.6147001245773269,0.8889174595011571,0.0980335454019664,0.0138808559861191,0.8341013824884793,181.0,LOGAN_D1_sDE,1,CTGAN,baseline,0.0543,0.097,0.1147785191757808,0.053009932692631,0.5022397322448422,0.9803,0.9875,0.9910138580998532,0.9803028159095454,0.9984645675501927,16.0,0.1416,0.0795996638543265,0.0793670425236037,-0.0003290792573973,0.9973544973544972,25.9002,23.1698,5.369759644602732,5.492521594717065,0.0511451725982389,0.8013302486986698,0.0,1.245054945054945,0.1590514748409485,1.4633314054366686,0.3745664739884393,0.1941716125338813,0.2829620505061703,0.2074796322123707,0.3621933543876657,0.3265312408476722,0.3035331983893423,0.1441889269838603,0.2059232493396914,0.2894904664056437,0.2161742953480342,0.3851809761546597,0.2827874304295571,0.05539120677343671,0.09822784810126582,0.11581928773009739,0.5030120733048393,0.05407505908615317,1.1178430543207107
0.799676150821189,0.4985921896782864,0.8012584369536291,0.8010743184029361,0.6122085780387969,0.8886889460154241,0.1000578368999421,0.0141700404858299,0.7972350230414746,173.0,LOGAN_D1_dDE,1,CTGAN,baseline,0.0543,0.097,0.1147785191757808,0.053009932692631,0.5022397322448422,0.9803,0.9875,0.9910138580998532,0.9803028159095454,0.9984645675501927,16.0,0.1416,0.0795996638543265,0.0793670425236037,-0.0003290792573973,0.9973544973544972,25.9002,23.1698,5.369759644602732,5.492521594717065,0.0511451725982389,0.8013302486986698,0.0,1.245054945054945,0.1590514748409485,1.4633314054366686,0.3745664739884393,0.1941716125338813,0.2829620505061703,0.2074796322123707,0.3621933543876657,0.3265312408476722,0.3035331983893423,0.1441889269838603,0.2059232493396914,0.2894904664056437,0.2161742953480342,0.3851809761546597,0.2827874304295571,0.05539120677343671,0.09822784810126582,0.11581928773009739,0.5030120733048393,0.05407505908615317,1.1178430543207107
0.2542216053666435,0.4914619872474381,0.8001517310802201,0.7875954574569921,0.171634121274409,0.171634121274409,0.0965596993350679,0.0121422376409366,0.8018433179723502,174.0,MC,5,CTGAN,baseline,0.1169,0.1467,0.1767574504784985,0.1195855626851076,0.5463629880842985,0.9873,0.996,0.9959832862798534,0.9872851346114964,0.9986860328167556,19.0,0.1727,0.0910614494601573,0.090382375695905,-0.0002990916531807,0.9954895197665165,26.2422,23.2716,5.396504956354203,5.522597157821807,0.0522715018468016,0.7267996530789246,0.0,1.220526163631107,0.1399248337669846,1.3761202659728244,0.3576388888888889,0.2169750064129777,0.3043637133585301,0.2199661457160329,0.3379341716176965,0.3321851404560761,0.3052952633815518,0.1554752909813105,0.207634272650176,0.2936310000206069,0.2013921118087851,0.395420596392141,0.2541695968002684,0.11840372733718223,0.14728915662650602,0.17747029785882654,0.5470818356629087,0.1211256591361171,1.1276491517557883
0.7999074716631969,0.5008137654856359,0.7966700666071531,0.7965040835005819,0.6138790035587188,0.8888317696954119,0.0841283607979184,0.0060711188204683,0.7741935483870968,168.0,gan_leaks,5,CTGAN,baseline,0.1169,0.1467,0.1767574504784985,0.1195855626851076,0.5463629880842985,0.9873,0.996,0.9959832862798534,0.9872851346114964,0.9986860328167556,19.0,0.1727,0.0910614494601573,0.090382375695905,-0.0002990916531807,0.9954895197665165,26.2422,23.2716,5.396504956354203,5.522597157821807,0.0522715018468016,0.7267996530789246,0.0,1.220526163631107,0.1399248337669846,1.3761202659728244,0.3576388888888889,0.2169750064129777,0.3043637133585301,0.2199661457160329,0.3379341716176965,0.3321851404560761,0.3052952633815518,0.1554752909813105,0.207634272650176,0.2936310000206069,0.2013921118087851,0.395420596392141,0.2541695968002684,0.11840372733718223,0.14728915662650602,0.17747029785882654,0.5470818356629087,0.1211256591361171,1.1276491517557883
0.7999074716631969,0.4955871960425299,0.7979489170201844,0.7978066024296233,0.6128113879003558,0.8888317696954119,0.0818155536282162,0.0121422376409366,0.8018433179723502,174.0,loss_lr,5,CTGAN,baseline,0.1169,0.1467,0.1767574504784985,0.1195855626851076,0.5463629880842985,0.9873,0.996,0.9959832862798534,0.9872851346114964,0.9986860328167556,19.0,0.1727,0.0910614494601573,0.090382375695905,-0.0002990916531807,0.9954895197665165,26.2422,23.2716,5.396504956354203,5.522597157821807,0.0522715018468016,0.7267996530789246,0.0,1.220526163631107,0.1399248337669846,1.3761202659728244,0.3576388888888889,0.2169750064129777,0.3043637133585301,0.2199661457160329,0.3379341716176965,0.3321851404560761,0.3052952633815518,0.1554752909813105,0.207634272650176,0.2936310000206069,0.2013921118087851,0.395420596392141,0.2541695968002684,0.11840372733718223,0.14728915662650602,0.17747029785882654,0.5470818356629087,0.1211256591361171,1.1276491517557883
0.8001387925052047,0.4996700769864979,0.7980950553977813,0.797905277857681,0.6163701067615658,0.8889460154241645,0.0945359930615784,0.0101185313674472,0.8110599078341014,176.0,loss_rf,5,CTGAN,baseline,0.1169,0.1467,0.1767574504784985,0.1195855626851076,0.5463629880842985,0.9873,0.996,0.9959832862798534,0.9872851346114964,0.9986860328167556,19.0,0.1727,0.0910614494601573,0.090382375695905,-0.0002990916531807,0.9954895197665165,26.2422,23.2716,5.396504956354203,5.522597157821807,0.0522715018468016,0.7267996530789246,0.0,1.220526163631107,0.1399248337669846,1.3761202659728244,0.3576388888888889,0.2169750064129777,0.3043637133585301,0.2199661457160329,0.3379341716176965,0.3321851404560761,0.3052952633815518,0.1554752909813105,0.207634272650176,0.2936310000206069,0.2013921118087851,0.395420596392141,0.2541695968002684,0.11840372733718223,0.14728915662650602,0.17747029785882654,0.5470818356629087,0.1211256591361171,1.1276491517557883
0.7999074716631969,0.5006504770164788,0.8015098683763461,0.8013593886875141,0.6174377224199288,0.8888317696954119,0.1034981208441746,0.0057820179242555,0.7972350230414746,173.0,LOGAN_D1,5,CTGAN,baseline,0.1169,0.1467,0.1767574504784985,0.1195855626851076,0.5463629880842985,0.9873,0.996,0.9959832862798534,0.9872851346114964,0.9986860328167556,19.0,0.1727,0.0910614494601573,0.090382375695905,-0.0002990916531807,0.9954895197665165,26.2422,23.2716,5.396504956354203,5.522597157821807,0.0522715018468016,0.7267996530789246,0.0,1.220526163631107,0.1399248337669846,1.3761202659728244,0.3576388888888889,0.2169750064129777,0.3043637133585301,0.2199661457160329,0.3379341716176965,0.3321851404560761,0.3052952633815518,0.1554752909813105,0.207634272650176,0.2936310000206069,0.2013921118087851,0.395420596392141,0.2541695968002684,0.11840372733718223,0.14728915662650602,0.17747029785882654,0.5470818356629087,0.1211256591361171,1.1276491517557883
0.7973629424011104,0.5111822486696005,0.8056795645854817,0.8131790506497578,0.6202846975088968,0.887055183084064,0.1052327262214512,0.0771899392888117,0.815668202764977,177.0,gan_leaks_cal,5,CTGAN,baseline,0.1169,0.1467,0.1767574504784985,0.1195855626851076,0.5463629880842985,0.9873,0.996,0.9959832862798534,0.9872851346114964,0.9986860328167556,19.0,0.1727,0.0910614494601573,0.090382375695905,-0.0002990916531807,0.9954895197665165,26.2422,23.2716,5.396504956354203,5.522597157821807,0.0522715018468016,0.7267996530789246,0.0,1.220526163631107,0.1399248337669846,1.3761202659728244,0.3576388888888889,0.2169750064129777,0.3043637133585301,0.2199661457160329,0.3379341716176965,0.3321851404560761,0.3052952633815518,0.1554752909813105,0.207634272650176,0.2936310000206069,0.2013921118087851,0.395420596392141,0.2541695968002684,0.11840372733718223,0.14728915662650602,0.17747029785882654,0.5470818356629087,0.1211256591361171,1.1276491517557883
0.2264631043256997,0.4962231176319425,0.7994173444785503,0.7873900498383323,0.0883315158124318,0.0883315158124318,1.0,0.0127204394333622,0.7788018433179723,169.0,domias_kde_pca,5,CTGAN,baseline,0.1169,0.1467,0.1767574504784985,0.1195855626851076,0.5463629880842985,0.9873,0.996,0.9959832862798534,0.9872851346114964,0.9986860328167556,19.0,0.1727,0.0910614494601573,0.090382375695905,-0.0002990916531807,0.9954895197665165,26.2422,23.2716,5.396504956354203,5.522597157821807,0.0522715018468016,0.7267996530789246,0.0,1.220526163631107,0.1399248337669846,1.3761202659728244,0.3576388888888889,0.2169750064129777,0.3043637133585301,0.2199661457160329,0.3379341716176965,0.3321851404560761,0.3052952633815518,0.1554752909813105,0.207634272650176,0.2936310000206069,0.2013921118087851,0.395420596392141,0.2541695968002684,0.11840372733718223,0.14728915662650602,0.17747029785882654,0.5470818356629087,0.1211256591361171,1.1276491517557883
0.7545685866296553,0.5036388567665671,0.7994661228509905,0.7993409789729804,0.6177935943060499,0.8574116382206692,0.0985834056085573,0.0095403295750216,0.8018433179723502,174.0,domias_kde_vDE,5,CTGAN,baseline,0.1169,0.1467,0.1767574504784985,0.1195855626851076,0.5463629880842985,0.9873,0.996,0.9959832862798534,0.9872851346114964,0.9986860328167556,19.0,0.1727,0.0910614494601573,0.090382375695905,-0.0002990916531807,0.9954895197665165,26.2422,23.2716,5.396504956354203,5.522597157821807,0.0522715018468016,0.7267996530789246,0.0,1.220526163631107,0.1399248337669846,1.3761202659728244,0.3576388888888889,0.2169750064129777,0.3043637133585301,0.2199661457160329,0.3379341716176965,0.3321851404560761,0.3052952633815518,0.1554752909813105,0.207634272650176,0.2936310000206069,0.2013921118087851,0.395420596392141,0.2541695968002684,0.11840372733718223,0.14728915662650602,0.17747029785882654,0.5470818356629087,0.1211256591361171,1.1276491517557883
0.7679851954661115,0.504952191277719,0.8007553807908083,0.8006514042332815,0.6163701067615658,0.8668171557562077,0.0907776814108123,0.01040763226366,0.8018433179723502,174.0,domias_kde_sDE,5,CTGAN,baseline,0.1169,0.1467,0.1767574504784985,0.1195855626851076,0.5463629880842985,0.9873,0.996,0.9959832862798534,0.9872851346114964,0.9986860328167556,19.0,0.1727,0.0910614494601573,0.090382375695905,-0.0002990916531807,0.9954895197665165,26.2422,23.2716,5.396504956354203,5.522597157821807,0.0522715018468016,0.7267996530789246,0.0,1.220526163631107,0.1399248337669846,1.3761202659728244,0.3576388888888889,0.2169750064129777,0.3043637133585301,0.2199661457160329,0.3379341716176965,0.3321851404560761,0.3052952633815518,0.1554752909813105,0.207634272650176,0.2936310000206069,0.2013921118087851,0.395420596392141,0.2541695968002684,0.11840372733718223,0.14728915662650602,0.17747029785882654,0.5470818356629087,0.1211256591361171,1.1276491517557883
0.7580383992597733,0.5000677580225499,0.7959528029423746,0.7957879947091515,0.6188612099644129,0.8598982051968925,0.0812373518357906,0.0089621277825961,0.7788018433179723,169.0,domias_kde_dDE,5,CTGAN,baseline,0.1169,0.1467,0.1767574504784985,0.1195855626851076,0.5463629880842985,0.9873,0.996,0.9959832862798534,0.9872851346114964,0.9986860328167556,19.0,0.1727,0.0910614494601573,0.090382375695905,-0.0002990916531807,0.9954895197665165,26.2422,23.2716,5.396504956354203,5.522597157821807,0.0522715018468016,0.7267996530789246,0.0,1.220526163631107,0.1399248337669846,1.3761202659728244,0.3576388888888889,0.2169750064129777,0.3043637133585301,0.2199661457160329,0.3379341716176965,0.3321851404560761,0.3052952633815518,0.1554752909813105,0.207634272650176,0.2936310000206069,0.2013921118087851,0.395420596392141,0.2541695968002684,0.11840372733718223,0.14728915662650602,0.17747029785882654,0.5470818356629087,0.1211256591361171,1.1276491517557883
0.7999074716631969,0.5074368194083069,0.807295654166942,0.8148810756660879,0.6192170818505338,0.8886600592096795,0.1208441746169413,0.0875975715524718,0.815668202764977,177.0,gan_leaks_cal_pca,5,CTGAN,baseline,0.1169,0.1467,0.1767574504784985,0.1195855626851076,0.5463629880842985,0.9873,0.996,0.9959832862798534,0.9872851346114964,0.9986860328167556,19.0,0.1727,0.0910614494601573,0.090382375695905,-0.0002990916531807,0.9954895197665165,26.2422,23.2716,5.396504956354203,5.522597157821807,0.0522715018468016,0.7267996530789246,0.0,1.220526163631107,0.1399248337669846,1.3761202659728244,0.3576388888888889,0.2169750064129777,0.3043637133585301,0.2199661457160329,0.3379341716176965,0.3321851404560761,0.3052952633815518,0.1554752909813105,0.207634272650176,0.2936310000206069,0.2013921118087851,0.395420596392141,0.2541695968002684,0.11840372733718223,0.14728915662650602,0.17747029785882654,0.5470818356629087,0.1211256591361171,1.1276491517557883
0.8003701133472125,0.5003255731157581,0.8011675026200665,0.8010120556700245,0.6145907473309609,0.8890888060660583,0.0968488002312807,0.0072275224053194,0.8110599078341014,176.0,gan_leaks_cal_vDE,5,CTGAN,baseline,0.1169,0.1467,0.1767574504784985,0.1195855626851076,0.5463629880842985,0.9873,0.996,0.9959832862798534,0.9872851346114964,0.9986860328167556,19.0,0.1727,0.0910614494601573,0.090382375695905,-0.0002990916531807,0.9954895197665165,26.2422,23.2716,5.396504956354203,5.522597157821807,0.0522715018468016,0.7267996530789246,0.0,1.220526163631107,0.1399248337669846,1.3761202659728244,0.3576388888888889,0.2169750064129777,0.3043637133585301,0.2199661457160329,0.3379341716176965,0.3321851404560761,0.3052952633815518,0.1554752909813105,0.207634272650176,0.2936310000206069,0.2013921118087851,0.395420596392141,0.2541695968002684,0.11840372733718223,0.14728915662650602,0.17747029785882654,0.5470818356629087,0.1211256591361171,1.1276491517557883
0.7999074716631969,0.5199764034777766,0.8070908405557529,0.8070771000744577,0.6224199288256228,0.8888317696954119,0.1115929459381324,0.0060711188204683,0.8110599078341014,176.0,gan_leaks_cal_sDE,5,CTGAN,baseline,0.1169,0.1467,0.1767574504784985,0.1195855626851076,0.5463629880842985,0.9873,0.996,0.9959832862798534,0.9872851346114964,0.9986860328167556,19.0,0.1727,0.0910614494601573,0.090382375695905,-0.0002990916531807,0.9954895197665165,26.2422,23.2716,5.396504956354203,5.522597157821807,0.0522715018468016,0.7267996530789246,0.0,1.220526163631107,0.1399248337669846,1.3761202659728244,0.3576388888888889,0.2169750064129777,0.3043637133585301,0.2199661457160329,0.3379341716176965,0.3321851404560761,0.3052952633815518,0.1554752909813105,0.207634272650176,0.2936310000206069,0.2013921118087851,0.395420596392141,0.2541695968002684,0.11840372733718223,0.14728915662650602,0.17747029785882654,0.5470818356629087,0.1211256591361171,1.1276491517557883
0.8003701133472125,0.5179731082629319,0.8109965661854037,0.8110766657834898,0.6202846975088968,0.8890602905257745,0.1167967620699624,0.0132986412257878,0.815668202764977,177.0,gan_leaks_cal_dDE,5,CTGAN,baseline,0.1169,0.1467,0.1767574504784985,0.1195855626851076,0.5463629880842985,0.9873,0.996,0.9959832862798534,0.9872851346114964,0.9986860328167556,19.0,0.1727,0.0910614494601573,0.090382375695905,-0.0002990916531807,0.9954895197665165,26.2422,23.2716,5.396504956354203,5.522597157821807,0.0522715018468016,0.7267996530789246,0.0,1.220526163631107,0.1399248337669846,1.3761202659728244,0.3576388888888889,0.2169750064129777,0.3043637133585301,0.2199661457160329,0.3379341716176965,0.3321851404560761,0.3052952633815518,0.1554752909813105,0.207634272650176,0.2936310000206069,0.2013921118087851,0.395420596392141,0.2541695968002684,0.11840372733718223,0.14728915662650602,0.17747029785882654,0.5470818356629087,0.1211256591361171,1.1276491517557883
0.7999074716631969,0.5027909613140171,0.7979843462493486,0.7978274586651417,0.6181494661921708,0.8888317696954119,0.0887539751373229,0.0060711188204683,0.7972350230414746,173.0,LOGAN_D1_pca,5,CTGAN,baseline,0.1169,0.1467,0.1767574504784985,0.1195855626851076,0.5463629880842985,0.9873,0.996,0.9959832862798534,0.9872851346114964,0.9986860328167556,19.0,0.1727,0.0910614494601573,0.090382375695905,-0.0002990916531807,0.9954895197665165,26.2422,23.2716,5.396504956354203,5.522597157821807,0.0522715018468016,0.7267996530789246,0.0,1.220526163631107,0.1399248337669846,1.3761202659728244,0.3576388888888889,0.2169750064129777,0.3043637133585301,0.2199661457160329,0.3379341716176965,0.3321851404560761,0.3052952633815518,0.1554752909813105,0.207634272650176,0.2936310000206069,0.2013921118087851,0.395420596392141,0.2541695968002684,0.11840372733718223,0.14728915662650602,0.17747029785882654,0.5470818356629087,0.1211256591361171,1.1276491517557883
0.8001387925052047,0.4987084149775679,0.8004801679517859,0.8003183045506805,0.6170818505338078,0.8889174595011571,0.1049436253252385,0.0095403295750216,0.7880184331797235,171.0,LOGAN_D1_vDE,5,CTGAN,baseline,0.1169,0.1467,0.1767574504784985,0.1195855626851076,0.5463629880842985,0.9873,0.996,0.9959832862798534,0.9872851346114964,0.9986860328167556,19.0,0.1727,0.0910614494601573,0.090382375695905,-0.0002990916531807,0.9954895197665165,26.2422,23.2716,5.396504956354203,5.522597157821807,0.0522715018468016,0.7267996530789246,0.0,1.220526163631107,0.1399248337669846,1.3761202659728244,0.3576388888888889,0.2169750064129777,0.3043637133585301,0.2199661457160329,0.3379341716176965,0.3321851404560761,0.3052952633815518,0.1554752909813105,0.207634272650176,0.2936310000206069,0.2013921118087851,0.395420596392141,0.2541695968002684,0.11840372733718223,0.14728915662650602,0.17747029785882654,0.5470818356629087,0.1211256591361171,1.1276491517557883
0.7999074716631969,0.4988543038557493,0.7992781952988464,0.799011090785413,0.6145907473309609,0.8888317696954119,0.0878866724486845,0.0115640358485111,0.783410138248848,170.0,LOGAN_D1_sDE,5,CTGAN,baseline,0.1169,0.1467,0.1767574504784985,0.1195855626851076,0.5463629880842985,0.9873,0.996,0.9959832862798534,0.9872851346114964,0.9986860328167556,19.0,0.1727,0.0910614494601573,0.090382375695905,-0.0002990916531807,0.9954895197665165,26.2422,23.2716,5.396504956354203,5.522597157821807,0.0522715018468016,0.7267996530789246,0.0,1.220526163631107,0.1399248337669846,1.3761202659728244,0.3576388888888889,0.2169750064129777,0.3043637133585301,0.2199661457160329,0.3379341716176965,0.3321851404560761,0.3052952633815518,0.1554752909813105,0.207634272650176,0.2936310000206069,0.2013921118087851,0.395420596392141,0.2541695968002684,0.11840372733718223,0.14728915662650602,0.17747029785882654,0.5470818356629087,0.1211256591361171,1.1276491517557883
0.8006014341892205,0.5031663909500712,0.7985552069509422,0.798389375387359,0.6156583629893239,0.8892030848329049,0.0933795894767273,0.0054929170280427,0.7649769585253456,166.0,LOGAN_D1_dDE,5,CTGAN,baseline,0.1169,0.1467,0.1767574504784985,0.1195855626851076,0.5463629880842985,0.9873,0.996,0.9959832862798534,0.9872851346114964,0.9986860328167556,19.0,0.1727,0.0910614494601573,0.090382375695905,-0.0002990916531807,0.9954895197665165,26.2422,23.2716,5.396504956354203,5.522597157821807,0.0522715018468016,0.7267996530789246,0.0,1.220526163631107,0.1399248337669846,1.3761202659728244,0.3576388888888889,0.2169750064129777,0.3043637133585301,0.2199661457160329,0.3379341716176965,0.3321851404560761,0.3052952633815518,0.1554752909813105,0.207634272650176,0.2936310000206069,0.2013921118087851,0.395420596392141,0.2541695968002684,0.11840372733718223,0.14728915662650602,0.17747029785882654,0.5470818356629087,0.1211256591361171,1.1276491517557883
0.2549155678926671,0.4914620365943761,0.7961261398668444,0.7839571958571547,0.1721922384991004,0.1721922384991004,0.0968768074031232,0.0057836899942163,0.7695852534562212,167.0,MC,3,CTGAN,baseline,0.0844,0.1124,0.1339731454382299,0.0905593000989094,0.5026829725644149,0.9723,0.988,0.9883960411037792,0.972187420794746,0.997829695121548,18.0,0.1607,0.0956955213954068,0.0971136921665929,-0.0002560159448946,0.9968237162519852,26.7985,23.3183,5.399496997375365,5.548110762562389,0.0514538111278603,0.7793522267206477,0.0,1.4604395604395606,0.1486408328513591,1.7465008675534994,0.3606936416184971,0.2088738912525164,0.3155140953514055,0.2187842023539711,0.3332210909224153,0.3177106903316572,0.3023035552151042,0.1846723062585424,0.2113194859655099,0.2369365789304524,0.2547925646177007,0.4306238517560529,0.2874256324121289,0.08680448421269156,0.11376518218623483,0.13554601583452017,0.5037763207710328,0.09315004304918777,1.1492475866594047
0.799676150821189,0.5035594767264983,0.7965457874745067,0.796352519583187,0.6171916711158569,0.8886889460154241,0.0838635049161364,0.009253903990746,0.7649769585253456,166.0,gan_leaks,3,CTGAN,baseline,0.0844,0.1124,0.1339731454382299,0.0905593000989094,0.5026829725644149,0.9723,0.988,0.9883960411037792,0.972187420794746,0.997829695121548,18.0,0.1607,0.0956955213954068,0.0971136921665929,-0.0002560159448946,0.9968237162519852,26.7985,23.3183,5.399496997375365,5.548110762562389,0.0514538111278603,0.7793522267206477,0.0,1.4604395604395606,0.1486408328513591,1.7465008675534994,0.3606936416184971,0.2088738912525164,0.3155140953514055,0.2187842023539711,0.3332210909224153,0.3177106903316572,0.3023035552151042,0.1846723062585424,0.2113194859655099,0.2369365789304524,0.2547925646177007,0.4306238517560529,0.2874256324121289,0.08680448421269156,0.11376518218623483,0.13554601583452017,0.5037763207710328,0.09315004304918777,1.1492475866594047
0.799676150821189,0.4842028370169532,0.7961466088117201,0.7958998277562216,0.6058017440825769,0.8886889460154241,0.1006362058993638,0.0109890109890109,0.8064516129032258,175.0,loss_lr,3,CTGAN,baseline,0.0844,0.1124,0.1339731454382299,0.0905593000989094,0.5026829725644149,0.9723,0.988,0.9883960411037792,0.972187420794746,0.997829695121548,18.0,0.1607,0.0956955213954068,0.0971136921665929,-0.0002560159448946,0.9968237162519852,26.7985,23.3183,5.399496997375365,5.548110762562389,0.0514538111278603,0.7793522267206477,0.0,1.4604395604395606,0.1486408328513591,1.7465008675534994,0.3606936416184971,0.2088738912525164,0.3155140953514055,0.2187842023539711,0.3332210909224153,0.3177106903316572,0.3023035552151042,0.1846723062585424,0.2113194859655099,0.2369365789304524,0.2547925646177007,0.4306238517560529,0.2874256324121289,0.08680448421269156,0.11376518218623483,0.13554601583452017,0.5037763207710328,0.09315004304918777,1.1492475866594047
0.799676150821189,0.4864748576643922,0.7939936051877358,0.7938103849515845,0.6129204484783769,0.8886889460154241,0.1043956043956044,0.0066512434933487,0.7649769585253456,166.0,loss_rf,3,CTGAN,baseline,0.0844,0.1124,0.1339731454382299,0.0905593000989094,0.5026829725644149,0.9723,0.988,0.9883960411037792,0.972187420794746,0.997829695121548,18.0,0.1607,0.0956955213954068,0.0971136921665929,-0.0002560159448946,0.9968237162519852,26.7985,23.3183,5.399496997375365,5.548110762562389,0.0514538111278603,0.7793522267206477,0.0,1.4604395604395606,0.1486408328513591,1.7465008675534994,0.3606936416184971,0.2088738912525164,0.3155140953514055,0.2187842023539711,0.3332210909224153,0.3177106903316572,0.3023035552151042,0.1846723062585424,0.2113194859655099,0.2369365789304524,0.2547925646177007,0.4306238517560529,0.2874256324121289,0.08680448421269156,0.11376518218623483,0.13554601583452017,0.5037763207710328,0.09315004304918777,1.1492475866594047
0.799676150821189,0.509465025391402,0.8062985440790198,0.8061616867599217,0.6182594767752269,0.8886889460154241,0.1093117408906882,0.0104106419895893,0.8294930875576036,180.0,LOGAN_D1,3,CTGAN,baseline,0.0844,0.1124,0.1339731454382299,0.0905593000989094,0.5026829725644149,0.9723,0.988,0.9883960411037792,0.972187420794746,0.997829695121548,18.0,0.1607,0.0956955213954068,0.0971136921665929,-0.0002560159448946,0.9968237162519852,26.7985,23.3183,5.399496997375365,5.548110762562389,0.0514538111278603,0.7793522267206477,0.0,1.4604395604395606,0.1486408328513591,1.7465008675534994,0.3606936416184971,0.2088738912525164,0.3155140953514055,0.2187842023539711,0.3332210909224153,0.3177106903316572,0.3023035552151042,0.1846723062585424,0.2113194859655099,0.2369365789304524,0.2547925646177007,0.4306238517560529,0.2874256324121289,0.08680448421269156,0.11376518218623483,0.13554601583452017,0.5037763207710328,0.09315004304918777,1.1492475866594047
0.7957436965070552,0.5069991006863536,0.8053336522658241,0.813235921800832,0.6154119950169069,0.8861086031213724,0.1156737998843262,0.0890688259109311,0.815668202764977,177.0,gan_leaks_cal,3,CTGAN,baseline,0.0844,0.1124,0.1339731454382299,0.0905593000989094,0.5026829725644149,0.9723,0.988,0.9883960411037792,0.972187420794746,0.997829695121548,18.0,0.1607,0.0956955213954068,0.0971136921665929,-0.0002560159448946,0.9968237162519852,26.7985,23.3183,5.399496997375365,5.548110762562389,0.0514538111278603,0.7793522267206477,0.0,1.4604395604395606,0.1486408328513591,1.7465008675534994,0.3606936416184971,0.2088738912525164,0.3155140953514055,0.2187842023539711,0.3332210909224153,0.3177106903316572,0.3023035552151042,0.1846723062585424,0.2113194859655099,0.2369365789304524,0.2547925646177007,0.4306238517560529,0.2874256324121289,0.08680448421269156,0.11376518218623483,0.13554601583452017,0.5037763207710328,0.09315004304918777,1.1492475866594047
0.2185981956974323,0.4963860295469665,0.7993714582914111,0.7832078997900629,0.0637472283813747,0.0637472283813747,1.0,0.0101214574898785,0.7649769585253456,166.0,domias_kde_pca,3,CTGAN,baseline,0.0844,0.1124,0.1339731454382299,0.0905593000989094,0.5026829725644149,0.9723,0.988,0.9883960411037792,0.972187420794746,0.997829695121548,18.0,0.1607,0.0956955213954068,0.0971136921665929,-0.0002560159448946,0.9968237162519852,26.7985,23.3183,5.399496997375365,5.548110762562389,0.0514538111278603,0.7793522267206477,0.0,1.4604395604395606,0.1486408328513591,1.7465008675534994,0.3606936416184971,0.2088738912525164,0.3155140953514055,0.2187842023539711,0.3332210909224153,0.3177106903316572,0.3023035552151042,0.1846723062585424,0.2113194859655099,0.2369365789304524,0.2547925646177007,0.4306238517560529,0.2874256324121289,0.08680448421269156,0.11376518218623483,0.13554601583452017,0.5037763207710328,0.09315004304918777,1.1492475866594047
0.7376821651630812,0.4967967384000241,0.7935613050214626,0.7934151820483097,0.615056059797117,0.8447000821692687,0.0858877964141122,0.0083863504916136,0.7741935483870968,168.0,domias_kde_vDE,3,CTGAN,baseline,0.0844,0.1124,0.1339731454382299,0.0905593000989094,0.5026829725644149,0.9723,0.988,0.9883960411037792,0.972187420794746,0.997829695121548,18.0,0.1607,0.0956955213954068,0.0971136921665929,-0.0002560159448946,0.9968237162519852,26.7985,23.3183,5.399496997375365,5.548110762562389,0.0514538111278603,0.7793522267206477,0.0,1.4604395604395606,0.1486408328513591,1.7465008675534994,0.3606936416184971,0.2088738912525164,0.3155140953514055,0.2187842023539711,0.3332210909224153,0.3177106903316572,0.3023035552151042,0.1846723062585424,0.2113194859655099,0.2369365789304524,0.2547925646177007,0.4306238517560529,0.2874256324121289,0.08680448421269156,0.11376518218623483,0.13554601583452017,0.5037763207710328,0.09315004304918777,1.1492475866594047
0.7522553782095767,0.4954910620258962,0.7949587199528264,0.7947674000549932,0.6139882541377469,0.8561064087061668,0.0850202429149797,0.0086755349913244,0.7695852534562212,167.0,domias_kde_sDE,3,CTGAN,baseline,0.0844,0.1124,0.1339731454382299,0.0905593000989094,0.5026829725644149,0.9723,0.988,0.9883960411037792,0.972187420794746,0.997829695121548,18.0,0.1607,0.0956955213954068,0.0971136921665929,-0.0002560159448946,0.9968237162519852,26.7985,23.3183,5.399496997375365,5.548110762562389,0.0514538111278603,0.7793522267206477,0.0,1.4604395604395606,0.1486408328513591,1.7465008675534994,0.3606936416184971,0.2088738912525164,0.3155140953514055,0.2187842023539711,0.3332210909224153,0.3177106903316572,0.3023035552151042,0.1846723062585424,0.2113194859655099,0.2369365789304524,0.2547925646177007,0.4306238517560529,0.2874256324121289,0.08680448421269156,0.11376518218623483,0.13554601583452017,0.5037763207710328,0.09315004304918777,1.1492475866594047
0.7337497108489475,0.5044564501516129,0.7988322992323541,0.7986069561607149,0.6182594767752269,0.8425229169517033,0.0887796414112203,0.0075187969924812,0.8018433179723502,174.0,domias_kde_dDE,3,CTGAN,baseline,0.0844,0.1124,0.1339731454382299,0.0905593000989094,0.5026829725644149,0.9723,0.988,0.9883960411037792,0.972187420794746,0.997829695121548,18.0,0.1607,0.0956955213954068,0.0971136921665929,-0.0002560159448946,0.9968237162519852,26.7985,23.3183,5.399496997375365,5.548110762562389,0.0514538111278603,0.7793522267206477,0.0,1.4604395604395606,0.1486408328513591,1.7465008675534994,0.3606936416184971,0.2088738912525164,0.3155140953514055,0.2187842023539711,0.3332210909224153,0.3177106903316572,0.3023035552151042,0.1846723062585424,0.2113194859655099,0.2369365789304524,0.2547925646177007,0.4306238517560529,0.2874256324121289,0.08680448421269156,0.11376518218623483,0.13554601583452017,0.5037763207710328,0.09315004304918777,1.1492475866594047
0.7985195466111497,0.5092692825884186,0.8044693874939182,0.8129550385304787,0.615767930236697,0.8879454522063553,0.1119144013880856,0.0896471949103528,0.8202764976958525,178.0,gan_leaks_cal_pca,3,CTGAN,baseline,0.0844,0.1124,0.1339731454382299,0.0905593000989094,0.5026829725644149,0.9723,0.988,0.9883960411037792,0.972187420794746,0.997829695121548,18.0,0.1607,0.0956955213954068,0.0971136921665929,-0.0002560159448946,0.9968237162519852,26.7985,23.3183,5.399496997375365,5.548110762562389,0.0514538111278603,0.7793522267206477,0.0,1.4604395604395606,0.1486408328513591,1.7465008675534994,0.3606936416184971,0.2088738912525164,0.3155140953514055,0.2187842023539711,0.3332210909224153,0.3177106903316572,0.3023035552151042,0.1846723062585424,0.2113194859655099,0.2369365789304524,0.2547925646177007,0.4306238517560529,0.2874256324121289,0.08680448421269156,0.11376518218623483,0.13554601583452017,0.5037763207710328,0.09315004304918777,1.1492475866594047
0.799676150821189,0.5084107556574852,0.8038844207410767,0.8038710537942835,0.616479800676277,0.8886889460154241,0.1119144013880856,0.0040485829959514,0.815668202764977,177.0,gan_leaks_cal_vDE,3,CTGAN,baseline,0.0844,0.1124,0.1339731454382299,0.0905593000989094,0.5026829725644149,0.9723,0.988,0.9883960411037792,0.972187420794746,0.997829695121548,18.0,0.1607,0.0956955213954068,0.0971136921665929,-0.0002560159448946,0.9968237162519852,26.7985,23.3183,5.399496997375365,5.548110762562389,0.0514538111278603,0.7793522267206477,0.0,1.4604395604395606,0.1486408328513591,1.7465008675534994,0.3606936416184971,0.2088738912525164,0.3155140953514055,0.2187842023539711,0.3332210909224153,0.3177106903316572,0.3023035552151042,0.1846723062585424,0.2113194859655099,0.2369365789304524,0.2547925646177007,0.4306238517560529,0.2874256324121289,0.08680448421269156,0.11376518218623483,0.13554601583452017,0.5037763207710328,0.09315004304918777,1.1492475866594047
0.799676150821189,0.4852300270462728,0.7940949851568744,0.7942791956765797,0.607225484961737,0.8886889460154241,0.0916714864083285,0.0069404279930595,0.783410138248848,170.0,gan_leaks_cal_sDE,3,CTGAN,baseline,0.0844,0.1124,0.1339731454382299,0.0905593000989094,0.5026829725644149,0.9723,0.988,0.9883960411037792,0.972187420794746,0.997829695121548,18.0,0.1607,0.0956955213954068,0.0971136921665929,-0.0002560159448946,0.9968237162519852,26.7985,23.3183,5.399496997375365,5.548110762562389,0.0514538111278603,0.7793522267206477,0.0,1.4604395604395606,0.1486408328513591,1.7465008675534994,0.3606936416184971,0.2088738912525164,0.3155140953514055,0.2187842023539711,0.3332210909224153,0.3177106903316572,0.3023035552151042,0.1846723062585424,0.2113194859655099,0.2369365789304524,0.2547925646177007,0.4306238517560529,0.2874256324121289,0.08680448421269156,0.11376518218623483,0.13554601583452017,0.5037763207710328,0.09315004304918777,1.1492475866594047
0.8001387925052047,0.5061704951574133,0.8056497943383804,0.805786039653168,0.616479800676277,0.8889460154241645,0.1038172353961827,0.0101214574898785,0.8202764976958525,178.0,gan_leaks_cal_dDE,3,CTGAN,baseline,0.0844,0.1124,0.1339731454382299,0.0905593000989094,0.5026829725644149,0.9723,0.988,0.9883960411037792,0.972187420794746,0.997829695121548,18.0,0.1607,0.0956955213954068,0.0971136921665929,-0.0002560159448946,0.9968237162519852,26.7985,23.3183,5.399496997375365,5.548110762562389,0.0514538111278603,0.7793522267206477,0.0,1.4604395604395606,0.1486408328513591,1.7465008675534994,0.3606936416184971,0.2088738912525164,0.3155140953514055,0.2187842023539711,0.3332210909224153,0.3177106903316572,0.3023035552151042,0.1846723062585424,0.2113194859655099,0.2369365789304524,0.2547925646177007,0.4306238517560529,0.2874256324121289,0.08680448421269156,0.11376518218623483,0.13554601583452017,0.5037763207710328,0.09315004304918777,1.1492475866594047
0.799676150821189,0.4955280040920442,0.8026414726349178,0.8024908285875476,0.6154119950169069,0.8886889460154241,0.1067090803932909,0.0130133024869866,0.8248847926267281,179.0,LOGAN_D1_pca,3,CTGAN,baseline,0.0844,0.1124,0.1339731454382299,0.0905593000989094,0.5026829725644149,0.9723,0.988,0.9883960411037792,0.972187420794746,0.997829695121548,18.0,0.1607,0.0956955213954068,0.0971136921665929,-0.0002560159448946,0.9968237162519852,26.7985,23.3183,5.399496997375365,5.548110762562389,0.0514538111278603,0.7793522267206477,0.0,1.4604395604395606,0.1486408328513591,1.7465008675534994,0.3606936416184971,0.2088738912525164,0.3155140953514055,0.2187842023539711,0.3332210909224153,0.3177106903316572,0.3023035552151042,0.1846723062585424,0.2113194859655099,0.2369365789304524,0.2547925646177007,0.4306238517560529,0.2874256324121289,0.08680448421269156,0.11376518218623483,0.13554601583452017,0.5037763207710328,0.09315004304918777,1.1492475866594047
0.799676150821189,0.5048257036544229,0.8065178329090559,0.8064134443263835,0.6147001245773269,0.8886889460154241,0.1041064198958935,0.0208212839791787,0.8064516129032258,175.0,LOGAN_D1_vDE,3,CTGAN,baseline,0.0844,0.1124,0.1339731454382299,0.0905593000989094,0.5026829725644149,0.9723,0.988,0.9883960411037792,0.972187420794746,0.997829695121548,18.0,0.1607,0.0956955213954068,0.0971136921665929,-0.0002560159448946,0.9968237162519852,26.7985,23.3183,5.399496997375365,5.548110762562389,0.0514538111278603,0.7793522267206477,0.0,1.4604395604395606,0.1486408328513591,1.7465008675534994,0.3606936416184971,0.2088738912525164,0.3155140953514055,0.2187842023539711,0.3332210909224153,0.3177106903316572,0.3023035552151042,0.1846723062585424,0.2113194859655099,0.2369365789304524,0.2547925646177007,0.4306238517560529,0.2874256324121289,0.08680448421269156,0.11376518218623483,0.13554601583452017,0.5037763207710328,0.09315004304918777,1.1492475866594047
0.799676150821189,0.506935413232949,0.8085045635821451,0.8084104506104557,0.6122085780387969,0.8886889460154241,0.1200115673799884,0.0173510699826489,0.8110599078341014,176.0,LOGAN_D1_sDE,3,CTGAN,baseline,0.0844,0.1124,0.1339731454382299,0.0905593000989094,0.5026829725644149,0.9723,0.988,0.9883960411037792,0.972187420794746,0.997829695121548,18.0,0.1607,0.0956955213954068,0.0971136921665929,-0.0002560159448946,0.9968237162519852,26.7985,23.3183,5.399496997375365,5.548110762562389,0.0514538111278603,0.7793522267206477,0.0,1.4604395604395606,0.1486408328513591,1.7465008675534994,0.3606936416184971,0.2088738912525164,0.3155140953514055,0.2187842023539711,0.3332210909224153,0.3177106903316572,0.3023035552151042,0.1846723062585424,0.2113194859655099,0.2369365789304524,0.2547925646177007,0.4306238517560529,0.2874256324121289,0.08680448421269156,0.11376518218623483,0.13554601583452017,0.5037763207710328,0.09315004304918777,1.1492475866594047
0.799676150821189,0.4984246966905926,0.8034774321293139,0.8033562955876119,0.615767930236697,0.8886889460154241,0.1182764603817235,0.0101214574898785,0.8248847926267281,179.0,LOGAN_D1_dDE,3,CTGAN,baseline,0.0844,0.1124,0.1339731454382299,0.0905593000989094,0.5026829725644149,0.9723,0.988,0.9883960411037792,0.972187420794746,0.997829695121548,18.0,0.1607,0.0956955213954068,0.0971136921665929,-0.0002560159448946,0.9968237162519852,26.7985,23.3183,5.399496997375365,5.548110762562389,0.0514538111278603,0.7793522267206477,0.0,1.4604395604395606,0.1486408328513591,1.7465008675534994,0.3606936416184971,0.2088738912525164,0.3155140953514055,0.2187842023539711,0.3332210909224153,0.3177106903316572,0.3023035552151042,0.1846723062585424,0.2113194859655099,0.2369365789304524,0.2547925646177007,0.4306238517560529,0.2874256324121289,0.08680448421269156,0.11376518218623483,0.13554601583452017,0.5037763207710328,0.09315004304918777,1.1492475866594047
0.2613925514688873,0.5022178612382446,0.8037809632021153,0.8064841522245677,0.1793883320483166,0.1793883320483166,1.0,0.0150375939849624,0.8248847926267281,179.0,MC,2,DP-CTGAN ε=50,baseline,0.1549,0.1321,0.1507531281892875,0.1285135560115951,0.6173469045755337,0.978,0.9933,0.9940760462232364,0.978010199346212,0.999399642449856,7.0,0.0805,0.9753650289199242,0.9763024313836453,-0.0002804506456405,1.0,102.1966,23.2381,19.31922136450148,19.364398158247376,0.0485196773835932,0.0,0.0,0.0,0.0,0.0,0.0,1.103783320265095,1.2246619527488594,1.0997360095205706,1.2437147691450388,1.1623411184818442,1.034658304164224,1.132483032607875,1.1152756116246123,1.1200856552296088,1.280491406692454,1.2917252553146148,1.033312710597634,0.15838445807770962,0.13299103996778416,0.15165150469326705,0.6177177560942628,0.1314030836258199,4.397803607007458
0.799676150821189,0.4985112848818356,0.8036294112664327,0.8035258280834785,0.6207510233137569,0.8886889460154241,0.1015037593984962,0.0138808559861191,0.8064516129032258,175.0,gan_leaks,2,DP-CTGAN ε=50,baseline,0.1549,0.1321,0.1507531281892875,0.1285135560115951,0.6173469045755337,0.978,0.9933,0.9940760462232364,0.978010199346212,0.999399642449856,7.0,0.0805,0.9753650289199242,0.9763024313836453,-0.0002804506456405,1.0,102.1966,23.2381,19.31922136450148,19.364398158247376,0.0485196773835932,0.0,0.0,0.0,0.0,0.0,0.0,1.103783320265095,1.2246619527488594,1.0997360095205706,1.2437147691450388,1.1623411184818442,1.034658304164224,1.132483032607875,1.1152756116246123,1.1200856552296088,1.280491406692454,1.2917252553146148,1.033312710597634,0.15838445807770962,0.13299103996778416,0.15165150469326705,0.6177177560942628,0.1314030836258199,4.397803607007458
0.799676150821189,0.498594864217012,0.7974713459650703,0.7973294312492841,0.6196832176543869,0.8886889460154241,0.0951417004048583,0.0104106419895893,0.7557603686635944,164.0,loss_lr,2,DP-CTGAN ε=50,baseline,0.1549,0.1321,0.1507531281892875,0.1285135560115951,0.6173469045755337,0.978,0.9933,0.9940760462232364,0.978010199346212,0.999399642449856,7.0,0.0805,0.9753650289199242,0.9763024313836453,-0.0002804506456405,1.0,102.1966,23.2381,19.31922136450148,19.364398158247376,0.0485196773835932,0.0,0.0,0.0,0.0,0.0,0.0,1.103783320265095,1.2246619527488594,1.0997360095205706,1.2437147691450388,1.1623411184818442,1.034658304164224,1.132483032607875,1.1152756116246123,1.1200856552296088,1.280491406692454,1.2917252553146148,1.033312710597634,0.15838445807770962,0.13299103996778416,0.15165150469326705,0.6177177560942628,0.1314030836258199,4.397803607007458
0.7999074716631969,0.5003092435401533,0.8038005107445085,0.8035181131747272,0.613276383698167,0.8887173549466101,0.1098901098901098,0.0118565644881434,0.8341013824884793,181.0,loss_rf,2,DP-CTGAN ε=50,baseline,0.1549,0.1321,0.1507531281892875,0.1285135560115951,0.6173469045755337,0.978,0.9933,0.9940760462232364,0.978010199346212,0.999399642449856,7.0,0.0805,0.9753650289199242,0.9763024313836453,-0.0002804506456405,1.0,102.1966,23.2381,19.31922136450148,19.364398158247376,0.0485196773835932,0.0,0.0,0.0,0.0,0.0,0.0,1.103783320265095,1.2246619527488594,1.0997360095205706,1.2437147691450388,1.1623411184818442,1.034658304164224,1.132483032607875,1.1152756116246123,1.1200856552296088,1.280491406692454,1.2917252553146148,1.033312710597634,0.15838445807770962,0.13299103996778416,0.15165150469326705,0.6177177560942628,0.1314030836258199,4.397803607007458
0.799676150821189,0.5109455497347192,0.808873605927525,0.8087338861080882,0.618971347214807,0.8886889460154241,0.109600925390399,0.0135916714864083,0.8110599078341014,176.0,LOGAN_D1,2,DP-CTGAN ε=50,baseline,0.1549,0.1321,0.1507531281892875,0.1285135560115951,0.6173469045755337,0.978,0.9933,0.9940760462232364,0.978010199346212,0.999399642449856,7.0,0.0805,0.9753650289199242,0.9763024313836453,-0.0002804506456405,1.0,102.1966,23.2381,19.31922136450148,19.364398158247376,0.0485196773835932,0.0,0.0,0.0,0.0,0.0,0.0,1.103783320265095,1.2246619527488594,1.0997360095205706,1.2437147691450388,1.1623411184818442,1.034658304164224,1.132483032607875,1.1152756116246123,1.1200856552296088,1.280491406692454,1.2917252553146148,1.033312710597634,0.15838445807770962,0.13299103996778416,0.15165150469326705,0.6177177560942628,0.1314030836258199,4.397803607007458
0.621559102475133,0.493262502632749,0.7960467715555457,0.7961436694250046,0.6122085780387969,0.7475308641975309,0.0905147484094852,0.0176402544823597,0.7649769585253456,166.0,gan_leaks_cal,2,DP-CTGAN ε=50,baseline,0.1549,0.1321,0.1507531281892875,0.1285135560115951,0.6173469045755337,0.978,0.9933,0.9940760462232364,0.978010199346212,0.999399642449856,7.0,0.0805,0.9753650289199242,0.9763024313836453,-0.0002804506456405,1.0,102.1966,23.2381,19.31922136450148,19.364398158247376,0.0485196773835932,0.0,0.0,0.0,0.0,0.0,0.0,1.103783320265095,1.2246619527488594,1.0997360095205706,1.2437147691450388,1.1623411184818442,1.034658304164224,1.132483032607875,1.1152756116246123,1.1200856552296088,1.280491406692454,1.2917252553146148,1.033312710597634,0.15838445807770962,0.13299103996778416,0.15165150469326705,0.6177177560942628,0.1314030836258199,4.397803607007458
0.2000925283368031,0.5,0.7999074716631969,0.8999537358315984,0.0,0.0,1.0,1.0,0.8064516129032258,175.0,domias_kde_pca,2,DP-CTGAN ε=50,baseline,0.1549,0.1321,0.1507531281892875,0.1285135560115951,0.6173469045755337,0.978,0.9933,0.9940760462232364,0.978010199346212,0.999399642449856,7.0,0.0805,0.9753650289199242,0.9763024313836453,-0.0002804506456405,1.0,102.1966,23.2381,19.31922136450148,19.364398158247376,0.0485196773835932,0.0,0.0,0.0,0.0,0.0,0.0,1.103783320265095,1.2246619527488594,1.0997360095205706,1.2437147691450388,1.1623411184818442,1.034658304164224,1.132483032607875,1.1152756116246123,1.1200856552296088,1.280491406692454,1.2917252553146148,1.033312710597634,0.15838445807770962,0.13299103996778416,0.15165150469326705,0.6177177560942628,0.1314030836258199,4.397803607007458
0.2266944251677076,0.50310580809516,0.7999680250477014,0.8117811411321671,0.0803301237964236,0.0803301237964236,1.0,0.0069404279930595,0.8387096774193549,182.0,domias_kde_vDE,2,DP-CTGAN ε=50,baseline,0.1549,0.1321,0.1507531281892875,0.1285135560115951,0.6173469045755337,0.978,0.9933,0.9940760462232364,0.978010199346212,0.999399642449856,7.0,0.0805,0.9753650289199242,0.9763024313836453,-0.0002804506456405,1.0,102.1966,23.2381,19.31922136450148,19.364398158247376,0.0485196773835932,0.0,0.0,0.0,0.0,0.0,0.0,1.103783320265095,1.2246619527488594,1.0997360095205706,1.2437147691450388,1.1623411184818442,1.034658304164224,1.132483032607875,1.1152756116246123,1.1200856552296088,1.280491406692454,1.2917252553146148,1.033312710597634,0.15838445807770962,0.13299103996778416,0.15165150469326705,0.6177177560942628,0.1314030836258199,4.397803607007458
0.2250751792736525,0.4975989328590485,0.8023849819831114,0.793428339981807,0.0821917808219178,0.0821917808219178,1.0,0.0176402544823597,0.7695852534562212,167.0,domias_kde_sDE,2,DP-CTGAN ε=50,baseline,0.1549,0.1321,0.1507531281892875,0.1285135560115951,0.6173469045755337,0.978,0.9933,0.9940760462232364,0.978010199346212,0.999399642449856,7.0,0.0805,0.9753650289199242,0.9763024313836453,-0.0002804506456405,1.0,102.1966,23.2381,19.31922136450148,19.364398158247376,0.0485196773835932,0.0,0.0,0.0,0.0,0.0,0.0,1.103783320265095,1.2246619527488594,1.0997360095205706,1.2437147691450388,1.1623411184818442,1.034658304164224,1.132483032607875,1.1152756116246123,1.1200856552296088,1.280491406692454,1.2917252553146148,1.033312710597634,0.15838445807770962,0.13299103996778416,0.15165150469326705,0.6177177560942628,0.1314030836258199,4.397803607007458
0.2458940550543604,0.506373425783222,0.8044871518122096,0.8173767017985968,0.1329787234042553,0.1329787234042553,1.0,0.0205320994794679,0.8341013824884793,181.0,domias_kde_dDE,2,DP-CTGAN ε=50,baseline,0.1549,0.1321,0.1507531281892875,0.1285135560115951,0.6173469045755337,0.978,0.9933,0.9940760462232364,0.978010199346212,0.999399642449856,7.0,0.0805,0.9753650289199242,0.9763024313836453,-0.0002804506456405,1.0,102.1966,23.2381,19.31922136450148,19.364398158247376,0.0485196773835932,0.0,0.0,0.0,0.0,0.0,0.0,1.103783320265095,1.2246619527488594,1.0997360095205706,1.2437147691450388,1.1623411184818442,1.034658304164224,1.132483032607875,1.1152756116246123,1.1200856552296088,1.280491406692454,1.2917252553146148,1.033312710597634,0.15838445807770962,0.13299103996778416,0.15165150469326705,0.6177177560942628,0.1314030836258199,4.397803607007458
0.7508674531575295,0.491720965374753,0.7947851109916106,0.7971771887413875,0.610428901939847,0.8551445864156019,0.0983227299016772,0.023423944476576,0.783410138248848,170.0,gan_leaks_cal_pca,2,DP-CTGAN ε=50,baseline,0.1549,0.1321,0.1507531281892875,0.1285135560115951,0.6173469045755337,0.978,0.9933,0.9940760462232364,0.978010199346212,0.999399642449856,7.0,0.0805,0.9753650289199242,0.9763024313836453,-0.0002804506456405,1.0,102.1966,23.2381,19.31922136450148,19.364398158247376,0.0485196773835932,0.0,0.0,0.0,0.0,0.0,0.0,1.103783320265095,1.2246619527488594,1.0997360095205706,1.2437147691450388,1.1623411184818442,1.034658304164224,1.132483032607875,1.1152756116246123,1.1200856552296088,1.280491406692454,1.2917252553146148,1.033312710597634,0.15838445807770962,0.13299103996778416,0.15165150469326705,0.6177177560942628,0.1314030836258199,4.397803607007458
0.8001387925052047,0.4963181631268032,0.7985295098042378,0.7983699312343537,0.6129204484783769,0.8889174595011571,0.0934065934065934,0.0101214574898785,0.8248847926267281,179.0,gan_leaks_cal_vDE,2,DP-CTGAN ε=50,baseline,0.1549,0.1321,0.1507531281892875,0.1285135560115951,0.6173469045755337,0.978,0.9933,0.9940760462232364,0.978010199346212,0.999399642449856,7.0,0.0805,0.9753650289199242,0.9763024313836453,-0.0002804506456405,1.0,102.1966,23.2381,19.31922136450148,19.364398158247376,0.0485196773835932,0.0,0.0,0.0,0.0,0.0,0.0,1.103783320265095,1.2246619527488594,1.0997360095205706,1.2437147691450388,1.1623411184818442,1.034658304164224,1.132483032607875,1.1152756116246123,1.1200856552296088,1.280491406692454,1.2917252553146148,1.033312710597634,0.15838445807770962,0.13299103996778416,0.15165150469326705,0.6177177560942628,0.1314030836258199,4.397803607007458
0.799676150821189,0.485245238485275,0.7925705744263973,0.7924316439591093,0.6154119950169069,0.8886889460154241,0.0803932909196067,0.0118565644881434,0.7926267281105991,172.0,gan_leaks_cal_sDE,2,DP-CTGAN ε=50,baseline,0.1549,0.1321,0.1507531281892875,0.1285135560115951,0.6173469045755337,0.978,0.9933,0.9940760462232364,0.978010199346212,0.999399642449856,7.0,0.0805,0.9753650289199242,0.9763024313836453,-0.0002804506456405,1.0,102.1966,23.2381,19.31922136450148,19.364398158247376,0.0485196773835932,0.0,0.0,0.0,0.0,0.0,0.0,1.103783320265095,1.2246619527488594,1.0997360095205706,1.2437147691450388,1.1623411184818442,1.034658304164224,1.132483032607875,1.1152756116246123,1.1200856552296088,1.280491406692454,1.2917252553146148,1.033312710597634,0.15838445807770962,0.13299103996778416,0.15165150469326705,0.6177177560942628,0.1314030836258199,4.397803607007458
0.799676150821189,0.4898992701852452,0.7949471970981509,0.7948267352497286,0.612564513258587,0.8886889460154241,0.0853094274146905,0.0130133024869866,0.7788018433179723,169.0,gan_leaks_cal_dDE,2,DP-CTGAN ε=50,baseline,0.1549,0.1321,0.1507531281892875,0.1285135560115951,0.6173469045755337,0.978,0.9933,0.9940760462232364,0.978010199346212,0.999399642449856,7.0,0.0805,0.9753650289199242,0.9763024313836453,-0.0002804506456405,1.0,102.1966,23.2381,19.31922136450148,19.364398158247376,0.0485196773835932,0.0,0.0,0.0,0.0,0.0,0.0,1.103783320265095,1.2246619527488594,1.0997360095205706,1.2437147691450388,1.1623411184818442,1.034658304164224,1.132483032607875,1.1152756116246123,1.1200856552296088,1.280491406692454,1.2917252553146148,1.033312710597634,0.15838445807770962,0.13299103996778416,0.15165150469326705,0.6177177560942628,0.1314030836258199,4.397803607007458
0.799676150821189,0.5086138534419642,0.8070122676457807,0.8068573141447325,0.6168357358960669,0.8886889460154241,0.1150954308849045,0.0135916714864083,0.8248847926267281,179.0,LOGAN_D1_pca,2,DP-CTGAN ε=50,baseline,0.1549,0.1321,0.1507531281892875,0.1285135560115951,0.6173469045755337,0.978,0.9933,0.9940760462232364,0.978010199346212,0.999399642449856,7.0,0.0805,0.9753650289199242,0.9763024313836453,-0.0002804506456405,1.0,102.1966,23.2381,19.31922136450148,19.364398158247376,0.0485196773835932,0.0,0.0,0.0,0.0,0.0,0.0,1.103783320265095,1.2246619527488594,1.0997360095205706,1.2437147691450388,1.1623411184818442,1.034658304164224,1.132483032607875,1.1152756116246123,1.1200856552296088,1.280491406692454,1.2917252553146148,1.033312710597634,0.15838445807770962,0.13299103996778416,0.15165150469326705,0.6177177560942628,0.1314030836258199,4.397803607007458
0.8001387925052047,0.4963566096209844,0.8013548216755173,0.8011880784909595,0.6114967075992169,0.8889460154241645,0.1035280508964719,0.0101214574898785,0.8110599078341014,176.0,LOGAN_D1_vDE,2,DP-CTGAN ε=50,baseline,0.1549,0.1321,0.1507531281892875,0.1285135560115951,0.6173469045755337,0.978,0.9933,0.9940760462232364,0.978010199346212,0.999399642449856,7.0,0.0805,0.9753650289199242,0.9763024313836453,-0.0002804506456405,1.0,102.1966,23.2381,19.31922136450148,19.364398158247376,0.0485196773835932,0.0,0.0,0.0,0.0,0.0,0.0,1.103783320265095,1.2246619527488594,1.0997360095205706,1.2437147691450388,1.1623411184818442,1.034658304164224,1.132483032607875,1.1152756116246123,1.1200856552296088,1.280491406692454,1.2917252553146148,1.033312710597634,0.15838445807770962,0.13299103996778416,0.15165150469326705,0.6177177560942628,0.1314030836258199,4.397803607007458
0.7999074716631969,0.5072745781750954,0.8080497027562401,0.8078524978752519,0.6186154119950169,0.8888031880704461,0.1136495083863504,0.0104106419895893,0.8525345622119815,185.0,LOGAN_D1_sDE,2,DP-CTGAN ε=50,baseline,0.1549,0.1321,0.1507531281892875,0.1285135560115951,0.6173469045755337,0.978,0.9933,0.9940760462232364,0.978010199346212,0.999399642449856,7.0,0.0805,0.9753650289199242,0.9763024313836453,-0.0002804506456405,1.0,102.1966,23.2381,19.31922136450148,19.364398158247376,0.0485196773835932,0.0,0.0,0.0,0.0,0.0,0.0,1.103783320265095,1.2246619527488594,1.0997360095205706,1.2437147691450388,1.1623411184818442,1.034658304164224,1.132483032607875,1.1152756116246123,1.1200856552296088,1.280491406692454,1.2917252553146148,1.033312710597634,0.15838445807770962,0.13299103996778416,0.15165150469326705,0.6177177560942628,0.1314030836258199,4.397803607007458
0.799676150821189,0.5176539614933287,0.8104958876632298,0.8103412098410293,0.6235985050720769,0.8886889460154241,0.1122035858877964,0.0164835164835164,0.8248847926267281,179.0,LOGAN_D1_dDE,2,DP-CTGAN ε=50,baseline,0.1549,0.1321,0.1507531281892875,0.1285135560115951,0.6173469045755337,0.978,0.9933,0.9940760462232364,0.978010199346212,0.999399642449856,7.0,0.0805,0.9753650289199242,0.9763024313836453,-0.0002804506456405,1.0,102.1966,23.2381,19.31922136450148,19.364398158247376,0.0485196773835932,0.0,0.0,0.0,0.0,0.0,0.0,1.103783320265095,1.2246619527488594,1.0997360095205706,1.2437147691450388,1.1623411184818442,1.034658304164224,1.132483032607875,1.1152756116246123,1.1200856552296088,1.280491406692454,1.2917252553146148,1.033312710597634,0.15838445807770962,0.13299103996778416,0.15165150469326705,0.6177177560942628,0.1314030836258199,4.397803607007458
0.2623178348369188,0.5029684036681299,0.7993980517940008,0.8037138973693978,0.1804163454124903,0.1804163454124903,1.0,0.0127241179872758,0.7972350230414746,173.0,MC,1,DP-CTGAN ε=50,baseline,0.0613,0.1074,0.1514844289750681,0.0659683141781767,0.479868226491303,0.9803,0.9875,0.9910138580998532,0.9803028159095454,0.9984645675501927,13.0,0.1429,0.9326108297437212,0.931995044583594,-0.0003290792573973,1.0,105.4107,23.1698,19.256219023156405,19.28762005734581,0.0511451725982389,0.0,0.0,0.0,0.0,0.0,0.0,1.0568601315313393,1.1515051262826086,1.0250407397412833,1.1977180743566718,1.0935652064590853,,1.0824862277798808,1.0865676975603171,,1.217167577649943,1.2468892010662973,0.9515562263628056,0.06253187799653168,0.10875949367088607,0.1528580329497317,0.4806061647923025,0.06729381279698755,4.549486831996824
0.8001387925052047,0.4980047941106658,0.799996295821114,0.7998022143471539,0.6136323189179569,0.8889460154241645,0.109600925390399,0.0095430884904569,0.7972350230414746,173.0,gan_leaks,1,DP-CTGAN ε=50,baseline,0.0613,0.1074,0.1514844289750681,0.0659683141781767,0.479868226491303,0.9803,0.9875,0.9910138580998532,0.9803028159095454,0.9984645675501927,13.0,0.1429,0.9326108297437212,0.931995044583594,-0.0003290792573973,1.0,105.4107,23.1698,19.256219023156405,19.28762005734581,0.0511451725982389,0.0,0.0,0.0,0.0,0.0,0.0,1.0568601315313393,1.1515051262826086,1.0250407397412833,1.1977180743566718,1.0935652064590853,,1.0824862277798808,1.0865676975603171,,1.217167577649943,1.2468892010662973,0.9515562263628056,0.06253187799653168,0.10875949367088607,0.1528580329497317,0.4806061647923025,0.06729381279698755,4.549486831996824
0.799676150821189,0.5004623608821966,0.8006169594052346,0.8003264976268467,0.6193272824345969,0.8886889460154241,0.1046847888953152,0.0083863504916136,0.7880184331797235,171.0,loss_lr,1,DP-CTGAN ε=50,baseline,0.0613,0.1074,0.1514844289750681,0.0659683141781767,0.479868226491303,0.9803,0.9875,0.9910138580998532,0.9803028159095454,0.9984645675501927,13.0,0.1429,0.9326108297437212,0.931995044583594,-0.0003290792573973,1.0,105.4107,23.1698,19.256219023156405,19.28762005734581,0.0511451725982389,0.0,0.0,0.0,0.0,0.0,0.0,1.0568601315313393,1.1515051262826086,1.0250407397412833,1.1977180743566718,1.0935652064590853,,1.0824862277798808,1.0865676975603171,,1.217167577649943,1.2468892010662973,0.9515562263628056,0.06253187799653168,0.10875949367088607,0.1528580329497317,0.4806061647923025,0.06729381279698755,4.549486831996824
0.7999074716631969,0.512843970753919,0.8057931738806899,0.805507831138542,0.6186154119950169,0.8888031880704461,0.1200115673799884,0.0066512434933487,0.8018433179723502,174.0,loss_rf,1,DP-CTGAN ε=50,baseline,0.0613,0.1074,0.1514844289750681,0.0659683141781767,0.479868226491303,0.9803,0.9875,0.9910138580998532,0.9803028159095454,0.9984645675501927,13.0,0.1429,0.9326108297437212,0.931995044583594,-0.0003290792573973,1.0,105.4107,23.1698,19.256219023156405,19.28762005734581,0.0511451725982389,0.0,0.0,0.0,0.0,0.0,0.0,1.0568601315313393,1.1515051262826086,1.0250407397412833,1.1977180743566718,1.0935652064590853,,1.0824862277798808,1.0865676975603171,,1.217167577649943,1.2468892010662973,0.9515562263628056,0.06253187799653168,0.10875949367088607,0.1528580329497317,0.4806061647923025,0.06729381279698755,4.549486831996824
0.7999074716631969,0.4940969587151516,0.8004978058404743,0.8002261322339986,0.612564513258587,0.8888031880704461,0.1093117408906882,0.0089647194910352,0.8248847926267281,179.0,LOGAN_D1,1,DP-CTGAN ε=50,baseline,0.0613,0.1074,0.1514844289750681,0.0659683141781767,0.479868226491303,0.9803,0.9875,0.9910138580998532,0.9803028159095454,0.9984645675501927,13.0,0.1429,0.9326108297437212,0.931995044583594,-0.0003290792573973,1.0,105.4107,23.1698,19.256219023156405,19.28762005734581,0.0511451725982389,0.0,0.0,0.0,0.0,0.0,0.0,1.0568601315313393,1.1515051262826086,1.0250407397412833,1.1977180743566718,1.0935652064590853,,1.0824862277798808,1.0865676975603171,,1.217167577649943,1.2468892010662973,0.9515562263628056,0.06253187799653168,0.10875949367088607,0.1528580329497317,0.4806061647923025,0.06729381279698755,4.549486831996824
0.6382142030996992,0.4940046871291166,0.7985819554674656,0.7982610991540329,0.6147001245773269,0.764031382015691,0.1003470213996529,0.0101214574898785,0.7972350230414746,173.0,gan_leaks_cal,1,DP-CTGAN ε=50,baseline,0.0613,0.1074,0.1514844289750681,0.0659683141781767,0.479868226491303,0.9803,0.9875,0.9910138580998532,0.9803028159095454,0.9984645675501927,13.0,0.1429,0.9326108297437212,0.931995044583594,-0.0003290792573973,1.0,105.4107,23.1698,19.256219023156405,19.28762005734581,0.0511451725982389,0.0,0.0,0.0,0.0,0.0,0.0,1.0568601315313393,1.1515051262826086,1.0250407397412833,1.1977180743566718,1.0935652064590853,,1.0824862277798808,1.0865676975603171,,1.217167577649943,1.2468892010662973,0.9515562263628056,0.06253187799653168,0.10875949367088607,0.1528580329497317,0.4806061647923025,0.06729381279698755,4.549486831996824
0.2007864908628267,0.5004337767495662,0.8000810626363057,0.9000405313181529,0.0017336030049118,0.0017336030049118,1.0,1.0,0.7741935483870968,168.0,domias_kde_pca,1,DP-CTGAN ε=50,baseline,0.0613,0.1074,0.1514844289750681,0.0659683141781767,0.479868226491303,0.9803,0.9875,0.9910138580998532,0.9803028159095454,0.9984645675501927,13.0,0.1429,0.9326108297437212,0.931995044583594,-0.0003290792573973,1.0,105.4107,23.1698,19.256219023156405,19.28762005734581,0.0511451725982389,0.0,0.0,0.0,0.0,0.0,0.0,1.0568601315313393,1.1515051262826086,1.0250407397412833,1.1977180743566718,1.0935652064590853,,1.0824862277798808,1.0865676975603171,,1.217167577649943,1.2468892010662973,0.9515562263628056,0.06253187799653168,0.10875949367088607,0.1528580329497317,0.4806061647923025,0.06729381279698755,4.549486831996824
0.2951653944020356,0.5030076859556628,0.7988131928554569,0.8013064238309564,0.2620489222572051,0.2620489222572051,0.109600925390399,0.0043377674956622,0.8018433179723502,174.0,domias_kde_vDE,1,DP-CTGAN ε=50,baseline,0.0613,0.1074,0.1514844289750681,0.0659683141781767,0.479868226491303,0.9803,0.9875,0.9910138580998532,0.9803028159095454,0.9984645675501927,13.0,0.1429,0.9326108297437212,0.931995044583594,-0.0003290792573973,1.0,105.4107,23.1698,19.256219023156405,19.28762005734581,0.0511451725982389,0.0,0.0,0.0,0.0,0.0,0.0,1.0568601315313393,1.1515051262826086,1.0250407397412833,1.1977180743566718,1.0935652064590853,,1.0824862277798808,1.0865676975603171,,1.217167577649943,1.2468892010662973,0.9515562263628056,0.06253187799653168,0.10875949367088607,0.1528580329497317,0.4806061647923025,0.06729381279698755,4.549486831996824
0.3277816331251446,0.497555137287416,0.7955913072023111,0.7948515611695084,0.3368324965769055,0.3368324965769055,0.0879120879120879,0.0060728744939271,0.7603686635944701,165.0,domias_kde_sDE,1,DP-CTGAN ε=50,baseline,0.0613,0.1074,0.1514844289750681,0.0659683141781767,0.479868226491303,0.9803,0.9875,0.9910138580998532,0.9803028159095454,0.9984645675501927,13.0,0.1429,0.9326108297437212,0.931995044583594,-0.0003290792573973,1.0,105.4107,23.1698,19.256219023156405,19.28762005734581,0.0511451725982389,0.0,0.0,0.0,0.0,0.0,0.0,1.0568601315313393,1.1515051262826086,1.0250407397412833,1.1977180743566718,1.0935652064590853,,1.0824862277798808,1.0865676975603171,,1.217167577649943,1.2468892010662973,0.9515562263628056,0.06253187799653168,0.10875949367088607,0.1528580329497317,0.4806061647923025,0.06729381279698755,4.549486831996824
0.3978718482535276,0.5068755704289626,0.8048894807629589,0.8066619560725432,0.4640724727197858,0.4640724727197858,0.109600925390399,0.0159051474840948,0.8202764976958525,178.0,domias_kde_dDE,1,DP-CTGAN ε=50,baseline,0.0613,0.1074,0.1514844289750681,0.0659683141781767,0.479868226491303,0.9803,0.9875,0.9910138580998532,0.9803028159095454,0.9984645675501927,13.0,0.1429,0.9326108297437212,0.931995044583594,-0.0003290792573973,1.0,105.4107,23.1698,19.256219023156405,19.28762005734581,0.0511451725982389,0.0,0.0,0.0,0.0,0.0,0.0,1.0568601315313393,1.1515051262826086,1.0250407397412833,1.1977180743566718,1.0935652064590853,,1.0824862277798808,1.0865676975603171,,1.217167577649943,1.2468892010662973,0.9515562263628056,0.06253187799653168,0.10875949367088607,0.1528580329497317,0.4806061647923025,0.06729381279698755,4.549486831996824
0.7529493407356003,0.4939618945095063,0.7982868329953179,0.8003430187095897,0.611140772379427,0.8567596566523605,0.0899363794100636,0.026604973973395,0.8064516129032258,175.0,gan_leaks_cal_pca,1,DP-CTGAN ε=50,baseline,0.0613,0.1074,0.1514844289750681,0.0659683141781767,0.479868226491303,0.9803,0.9875,0.9910138580998532,0.9803028159095454,0.9984645675501927,13.0,0.1429,0.9326108297437212,0.931995044583594,-0.0003290792573973,1.0,105.4107,23.1698,19.256219023156405,19.28762005734581,0.0511451725982389,0.0,0.0,0.0,0.0,0.0,0.0,1.0568601315313393,1.1515051262826086,1.0250407397412833,1.1977180743566718,1.0935652064590853,,1.0824862277798808,1.0865676975603171,,1.217167577649943,1.2468892010662973,0.9515562263628056,0.06253187799653168,0.10875949367088607,0.1528580329497317,0.4806061647923025,0.06729381279698755,4.549486831996824
0.799676150821189,0.4950825262355532,0.7943392667791611,0.7941805944902405,0.6136323189179569,0.8886889460154241,0.0951417004048583,0.009253903990746,0.7880184331797235,171.0,gan_leaks_cal_vDE,1,DP-CTGAN ε=50,baseline,0.0613,0.1074,0.1514844289750681,0.0659683141781767,0.479868226491303,0.9803,0.9875,0.9910138580998532,0.9803028159095454,0.9984645675501927,13.0,0.1429,0.9326108297437212,0.931995044583594,-0.0003290792573973,1.0,105.4107,23.1698,19.256219023156405,19.28762005734581,0.0511451725982389,0.0,0.0,0.0,0.0,0.0,0.0,1.0568601315313393,1.1515051262826086,1.0250407397412833,1.1977180743566718,1.0935652064590853,,1.0824862277798808,1.0865676975603171,,1.217167577649943,1.2468892010662973,0.9515562263628056,0.06253187799653168,0.10875949367088607,0.1528580329497317,0.4806061647923025,0.06729381279698755,4.549486831996824
0.799676150821189,0.4981274885747049,0.8002581403489608,0.8000513454793559,0.6136323189179569,0.8886889460154241,0.1075766338924233,0.0147484094852515,0.8064516129032258,175.0,gan_leaks_cal_sDE,1,DP-CTGAN ε=50,baseline,0.0613,0.1074,0.1514844289750681,0.0659683141781767,0.479868226491303,0.9803,0.9875,0.9910138580998532,0.9803028159095454,0.9984645675501927,13.0,0.1429,0.9326108297437212,0.931995044583594,-0.0003290792573973,1.0,105.4107,23.1698,19.256219023156405,19.28762005734581,0.0511451725982389,0.0,0.0,0.0,0.0,0.0,0.0,1.0568601315313393,1.1515051262826086,1.0250407397412833,1.1977180743566718,1.0935652064590853,,1.0824862277798808,1.0865676975603171,,1.217167577649943,1.2468892010662973,0.9515562263628056,0.06253187799653168,0.10875949367088607,0.1528580329497317,0.4806061647923025,0.06729381279698755,4.549486831996824
0.799676150821189,0.4969577121995741,0.8011999785570963,0.8010896442796156,0.6143441893575369,0.8886889460154241,0.0954308849045691,0.0159051474840948,0.8110599078341014,176.0,gan_leaks_cal_dDE,1,DP-CTGAN ε=50,baseline,0.0613,0.1074,0.1514844289750681,0.0659683141781767,0.479868226491303,0.9803,0.9875,0.9910138580998532,0.9803028159095454,0.9984645675501927,13.0,0.1429,0.9326108297437212,0.931995044583594,-0.0003290792573973,1.0,105.4107,23.1698,19.256219023156405,19.28762005734581,0.0511451725982389,0.0,0.0,0.0,0.0,0.0,0.0,1.0568601315313393,1.1515051262826086,1.0250407397412833,1.1977180743566718,1.0935652064590853,,1.0824862277798808,1.0865676975603171,,1.217167577649943,1.2468892010662973,0.9515562263628056,0.06253187799653168,0.10875949367088607,0.1528580329497317,0.4806061647923025,0.06729381279698755,4.549486831996824
0.7999074716631969,0.501067140951534,0.8019786223805929,0.8017312309648377,0.615767930236697,0.8888031880704461,0.090803932909196,0.0115673799884326,0.8294930875576036,180.0,LOGAN_D1_pca,1,DP-CTGAN ε=50,baseline,0.0613,0.1074,0.1514844289750681,0.0659683141781767,0.479868226491303,0.9803,0.9875,0.9910138580998532,0.9803028159095454,0.9984645675501927,13.0,0.1429,0.9326108297437212,0.931995044583594,-0.0003290792573973,1.0,105.4107,23.1698,19.256219023156405,19.28762005734581,0.0511451725982389,0.0,0.0,0.0,0.0,0.0,0.0,1.0568601315313393,1.1515051262826086,1.0250407397412833,1.1977180743566718,1.0935652064590853,,1.0824862277798808,1.0865676975603171,,1.217167577649943,1.2468892010662973,0.9515562263628056,0.06253187799653168,0.10875949367088607,0.1528580329497317,0.4806061647923025,0.06729381279698755,4.549486831996824
0.799676150821189,0.5045401966454598,0.803544266481275,0.8033951175390527,0.6175476063356469,0.8886889460154241,0.1043956043956044,0.012434933487565,0.7972350230414746,173.0,LOGAN_D1_vDE,1,DP-CTGAN ε=50,baseline,0.0613,0.1074,0.1514844289750681,0.0659683141781767,0.479868226491303,0.9803,0.9875,0.9910138580998532,0.9803028159095454,0.9984645675501927,13.0,0.1429,0.9326108297437212,0.931995044583594,-0.0003290792573973,1.0,105.4107,23.1698,19.256219023156405,19.28762005734581,0.0511451725982389,0.0,0.0,0.0,0.0,0.0,0.0,1.0568601315313393,1.1515051262826086,1.0250407397412833,1.1977180743566718,1.0935652064590853,,1.0824862277798808,1.0865676975603171,,1.217167577649943,1.2468892010662973,0.9515562263628056,0.06253187799653168,0.10875949367088607,0.1528580329497317,0.4806061647923025,0.06729381279698755,4.549486831996824
0.8001387925052047,0.5003169328389894,0.8011104417357993,0.8009355352331442,0.6154119950169069,0.8889460154241645,0.0991902834008097,0.0150375939849624,0.8202764976958525,178.0,LOGAN_D1_sDE,1,DP-CTGAN ε=50,baseline,0.0613,0.1074,0.1514844289750681,0.0659683141781767,0.479868226491303,0.9803,0.9875,0.9910138580998532,0.9803028159095454,0.9984645675501927,13.0,0.1429,0.9326108297437212,0.931995044583594,-0.0003290792573973,1.0,105.4107,23.1698,19.256219023156405,19.28762005734581,0.0511451725982389,0.0,0.0,0.0,0.0,0.0,0.0,1.0568601315313393,1.1515051262826086,1.0250407397412833,1.1977180743566718,1.0935652064590853,,1.0824862277798808,1.0865676975603171,,1.217167577649943,1.2468892010662973,0.9515562263628056,0.06253187799653168,0.10875949367088607,0.1528580329497317,0.4806061647923025,0.06729381279698755,4.549486831996824
0.799676150821189,0.5030198885385986,0.8036029009517079,0.8034163024149069,0.6154119950169069,0.8886889460154241,0.1058415268941584,0.0121457489878542,0.8202764976958525,178.0,LOGAN_D1_dDE,1,DP-CTGAN ε=50,baseline,0.0613,0.1074,0.1514844289750681,0.0659683141781767,0.479868226491303,0.9803,0.9875,0.9910138580998532,0.9803028159095454,0.9984645675501927,13.0,0.1429,0.9326108297437212,0.931995044583594,-0.0003290792573973,1.0,105.4107,23.1698,19.256219023156405,19.28762005734581,0.0511451725982389,0.0,0.0,0.0,0.0,0.0,0.0,1.0568601315313393,1.1515051262826086,1.0250407397412833,1.1977180743566718,1.0935652064590853,,1.0824862277798808,1.0865676975603171,,1.217167577649943,1.2468892010662973,0.9515562263628056,0.06253187799653168,0.10875949367088607,0.1528580329497317,0.4806061647923025,0.06729381279698755,4.549486831996824
0.260235947258848,0.5000910132451041,0.7997783246364022,0.8001629827656757,0.1783144912641315,0.1783144912641315,1.0,0.0092512286788089,0.8110599078341014,176.0,MC,4,DP-CTGAN ε=50,baseline,0.0868,0.1086,0.1268621189379771,0.09977328064556,0.4865425145702027,0.9769,0.992,0.9918679111146664,0.9768682563355904,0.9986234518073068,13.0,0.1275,0.9009613979056762,0.8989923378378155,-0.0002183343025316,1.0,105.1934,23.363,19.151955822477408,19.173795957149988,0.0571248821154787,0.0,0.0,0.0,0.0,0.0,0.0,1.0310838787591112,1.1074514015460724,1.0016616633127122,1.1641458683160106,1.084659665986348,0.9597923823430012,1.0657598012049885,1.0250075746824514,1.0176678959141277,1.2017619674425952,1.2505848128114745,0.9767809583859904,0.08885249257856485,0.10947580645161291,0.1279022312511439,0.4872131870022269,0.10213586120591904,4.502563883062963
0.8001387925052047,0.5049552027453879,0.8020692454506451,0.8018889830395682,0.6135231316725979,0.8889460154241645,0.1017635154668979,0.0101185313674472,0.7880184331797235,171.0,gan_leaks,4,DP-CTGAN ε=50,baseline,0.0868,0.1086,0.1268621189379771,0.09977328064556,0.4865425145702027,0.9769,0.992,0.9918679111146664,0.9768682563355904,0.9986234518073068,13.0,0.1275,0.9009613979056762,0.8989923378378155,-0.0002183343025316,1.0,105.1934,23.363,19.151955822477408,19.173795957149988,0.0571248821154787,0.0,0.0,0.0,0.0,0.0,0.0,1.0310838787591112,1.1074514015460724,1.0016616633127122,1.1641458683160106,1.084659665986348,0.9597923823430012,1.0657598012049885,1.0250075746824514,1.0176678959141277,1.2017619674425952,1.2505848128114745,0.9767809583859904,0.08885249257856485,0.10947580645161291,0.1279022312511439,0.4872131870022269,0.10213586120591904,4.502563883062963
0.7999074716631969,0.5091106935209276,0.8024935595569089,0.802758937350111,0.6177935943060499,0.8888317696954119,0.0881757733448973,0.0127204394333622,0.7880184331797235,171.0,loss_lr,4,DP-CTGAN ε=50,baseline,0.0868,0.1086,0.1268621189379771,0.09977328064556,0.4865425145702027,0.9769,0.992,0.9918679111146664,0.9768682563355904,0.9986234518073068,13.0,0.1275,0.9009613979056762,0.8989923378378155,-0.0002183343025316,1.0,105.1934,23.363,19.151955822477408,19.173795957149988,0.0571248821154787,0.0,0.0,0.0,0.0,0.0,0.0,1.0310838787591112,1.1074514015460724,1.0016616633127122,1.1641458683160106,1.084659665986348,0.9597923823430012,1.0657598012049885,1.0250075746824514,1.0176678959141277,1.2017619674425952,1.2505848128114745,0.9767809583859904,0.08885249257856485,0.10947580645161291,0.1279022312511439,0.4872131870022269,0.10213586120591904,4.502563883062963
0.8003701133472125,0.5076039558639298,0.8021233112955407,0.8019650634160034,0.6188612099644129,0.8890888060660583,0.1069673315987279,0.0063602197166811,0.7926267281105991,172.0,loss_rf,4,DP-CTGAN ε=50,baseline,0.0868,0.1086,0.1268621189379771,0.09977328064556,0.4865425145702027,0.9769,0.992,0.9918679111146664,0.9768682563355904,0.9986234518073068,13.0,0.1275,0.9009613979056762,0.8989923378378155,-0.0002183343025316,1.0,105.1934,23.363,19.151955822477408,19.173795957149988,0.0571248821154787,0.0,0.0,0.0,0.0,0.0,0.0,1.0310838787591112,1.1074514015460724,1.0016616633127122,1.1641458683160106,1.084659665986348,0.9597923823430012,1.0657598012049885,1.0250075746824514,1.0176678959141277,1.2017619674425952,1.2505848128114745,0.9767809583859904,0.08885249257856485,0.10947580645161291,0.1279022312511439,0.4872131870022269,0.10213586120591904,4.502563883062963
0.7999074716631969,0.4975717532363239,0.7916497459645409,0.7914755458177568,0.6113879003558719,0.8888317696954119,0.0760335357039606,0.007805724197745,0.7327188940092166,159.0,LOGAN_D1,4,DP-CTGAN ε=50,baseline,0.0868,0.1086,0.1268621189379771,0.09977328064556,0.4865425145702027,0.9769,0.992,0.9918679111146664,0.9768682563355904,0.9986234518073068,13.0,0.1275,0.9009613979056762,0.8989923378378155,-0.0002183343025316,1.0,105.1934,23.363,19.151955822477408,19.173795957149988,0.0571248821154787,0.0,0.0,0.0,0.0,0.0,0.0,1.0310838787591112,1.1074514015460724,1.0016616633127122,1.1641458683160106,1.084659665986348,0.9597923823430012,1.0657598012049885,1.0250075746824514,1.0176678959141277,1.2017619674425952,1.2505848128114745,0.9767809583859904,0.08885249257856485,0.10947580645161291,0.1279022312511439,0.4872131870022269,0.10213586120591904,4.502563883062963
0.6169326856349757,0.5016317135652565,0.7999871977414379,0.7994424142239978,0.6185053380782918,0.7444444444444445,0.1026308181555362,0.0060711188204683,0.7880184331797235,171.0,gan_leaks_cal,4,DP-CTGAN ε=50,baseline,0.0868,0.1086,0.1268621189379771,0.09977328064556,0.4865425145702027,0.9769,0.992,0.9918679111146664,0.9768682563355904,0.9986234518073068,13.0,0.1275,0.9009613979056762,0.8989923378378155,-0.0002183343025316,1.0,105.1934,23.363,19.151955822477408,19.173795957149988,0.0571248821154787,0.0,0.0,0.0,0.0,0.0,0.0,1.0310838787591112,1.1074514015460724,1.0016616633127122,1.1641458683160106,1.084659665986348,0.9597923823430012,1.0657598012049885,1.0250075746824514,1.0176678959141277,1.2017619674425952,1.2505848128114745,0.9767809583859904,0.08885249257856485,0.10947580645161291,0.1279022312511439,0.4872131870022269,0.10213586120591904,4.502563883062963
0.200323849178811,0.5002891008962128,0.8002543526136147,0.9001271763068073,0.0011557353366079,0.0011557353366079,1.0,1.0,0.8387096774193549,182.0,domias_kde_pca,4,DP-CTGAN ε=50,baseline,0.0868,0.1086,0.1268621189379771,0.09977328064556,0.4865425145702027,0.9769,0.992,0.9918679111146664,0.9768682563355904,0.9986234518073068,13.0,0.1275,0.9009613979056762,0.8989923378378155,-0.0002183343025316,1.0,105.1934,23.363,19.151955822477408,19.173795957149988,0.0571248821154787,0.0,0.0,0.0,0.0,0.0,0.0,1.0310838787591112,1.1074514015460724,1.0016616633127122,1.1641458683160106,1.084659665986348,0.9597923823430012,1.0657598012049885,1.0250075746824514,1.0176678959141277,1.2017619674425952,1.2505848128114745,0.9767809583859904,0.08885249257856485,0.10947580645161291,0.1279022312511439,0.4872131870022269,0.10213586120591904,4.502563883062963
0.3645616470043951,0.5063848133693104,0.8014033033404134,0.8041985992910815,0.4045089963147626,0.4045089963147626,0.1084128360797918,0.0101185313674472,0.8110599078341014,176.0,domias_kde_vDE,4,DP-CTGAN ε=50,baseline,0.0868,0.1086,0.1268621189379771,0.09977328064556,0.4865425145702027,0.9769,0.992,0.9918679111146664,0.9768682563355904,0.9986234518073068,13.0,0.1275,0.9009613979056762,0.8989923378378155,-0.0002183343025316,1.0,105.1934,23.363,19.151955822477408,19.173795957149988,0.0571248821154787,0.0,0.0,0.0,0.0,0.0,0.0,1.0310838787591112,1.1074514015460724,1.0016616633127122,1.1641458683160106,1.084659665986348,0.9597923823430012,1.0657598012049885,1.0250075746824514,1.0176678959141277,1.2017619674425952,1.2505848128114745,0.9767809583859904,0.08885249257856485,0.10947580645161291,0.1279022312511439,0.4872131870022269,0.10213586120591904,4.502563883062963
0.4182280823502197,0.5011796588074052,0.796804797693529,0.7978182027470392,0.4983044085378017,0.4983044085378017,0.0806591500433651,0.007805724197745,0.7695852534562212,167.0,domias_kde_sDE,4,DP-CTGAN ε=50,baseline,0.0868,0.1086,0.1268621189379771,0.09977328064556,0.4865425145702027,0.9769,0.992,0.9918679111146664,0.9768682563355904,0.9986234518073068,13.0,0.1275,0.9009613979056762,0.8989923378378155,-0.0002183343025316,1.0,105.1934,23.363,19.151955822477408,19.173795957149988,0.0571248821154787,0.0,0.0,0.0,0.0,0.0,0.0,1.0310838787591112,1.1074514015460724,1.0016616633127122,1.1641458683160106,1.084659665986348,0.9597923823430012,1.0657598012049885,1.0250075746824514,1.0176678959141277,1.2017619674425952,1.2505848128114745,0.9767809583859904,0.08885249257856485,0.10947580645161291,0.1279022312511439,0.4872131870022269,0.10213586120591904,4.502563883062963
0.4237797825584085,0.5014595579968519,0.8024789322321393,0.8024736125502459,0.5085815742750049,0.5085815742750049,0.0945359930615784,0.0147441457068516,0.815668202764977,177.0,domias_kde_dDE,4,DP-CTGAN ε=50,baseline,0.0868,0.1086,0.1268621189379771,0.09977328064556,0.4865425145702027,0.9769,0.992,0.9918679111146664,0.9768682563355904,0.9986234518073068,13.0,0.1275,0.9009613979056762,0.8989923378378155,-0.0002183343025316,1.0,105.1934,23.363,19.151955822477408,19.173795957149988,0.0571248821154787,0.0,0.0,0.0,0.0,0.0,0.0,1.0310838787591112,1.1074514015460724,1.0016616633127122,1.1641458683160106,1.084659665986348,0.9597923823430012,1.0657598012049885,1.0250075746824514,1.0176678959141277,1.2017619674425952,1.2505848128114745,0.9767809583859904,0.08885249257856485,0.10947580645161291,0.1279022312511439,0.4872131870022269,0.10213586120591904,4.502563883062963
0.7591950034698126,0.5059389488505562,0.8010158889372299,0.8037556670331123,0.6149466192170818,0.860249697946033,0.097716102919919,0.0251517779705117,0.7741935483870968,168.0,gan_leaks_cal_pca,4,DP-CTGAN ε=50,baseline,0.0868,0.1086,0.1268621189379771,0.09977328064556,0.4865425145702027,0.9769,0.992,0.9918679111146664,0.9768682563355904,0.9986234518073068,13.0,0.1275,0.9009613979056762,0.8989923378378155,-0.0002183343025316,1.0,105.1934,23.363,19.151955822477408,19.173795957149988,0.0571248821154787,0.0,0.0,0.0,0.0,0.0,0.0,1.0310838787591112,1.1074514015460724,1.0016616633127122,1.1641458683160106,1.084659665986348,0.9597923823430012,1.0657598012049885,1.0250075746824514,1.0176678959141277,1.2017619674425952,1.2505848128114745,0.9767809583859904,0.08885249257856485,0.10947580645161291,0.1279022312511439,0.4872131870022269,0.10213586120591904,4.502563883062963
0.7999074716631969,0.5037753766342231,0.7969210571800043,0.7967337278206837,0.6192170818505338,0.8888317696954119,0.0858629661751951,0.0072275224053194,0.7557603686635944,164.0,gan_leaks_cal_vDE,4,DP-CTGAN ε=50,baseline,0.0868,0.1086,0.1268621189379771,0.09977328064556,0.4865425145702027,0.9769,0.992,0.9918679111146664,0.9768682563355904,0.9986234518073068,13.0,0.1275,0.9009613979056762,0.8989923378378155,-0.0002183343025316,1.0,105.1934,23.363,19.151955822477408,19.173795957149988,0.0571248821154787,0.0,0.0,0.0,0.0,0.0,0.0,1.0310838787591112,1.1074514015460724,1.0016616633127122,1.1641458683160106,1.084659665986348,0.9597923823430012,1.0657598012049885,1.0250075746824514,1.0176678959141277,1.2017619674425952,1.2505848128114745,0.9767809583859904,0.08885249257856485,0.10947580645161291,0.1279022312511439,0.4872131870022269,0.10213586120591904,4.502563883062963
0.8001387925052047,0.4993772954075787,0.7955879136837349,0.7954027936863599,0.6181494661921708,0.8889460154241645,0.0945359930615784,0.0043365134431916,0.7511520737327189,163.0,gan_leaks_cal_sDE,4,DP-CTGAN ε=50,baseline,0.0868,0.1086,0.1268621189379771,0.09977328064556,0.4865425145702027,0.9769,0.992,0.9918679111146664,0.9768682563355904,0.9986234518073068,13.0,0.1275,0.9009613979056762,0.8989923378378155,-0.0002183343025316,1.0,105.1934,23.363,19.151955822477408,19.173795957149988,0.0571248821154787,0.0,0.0,0.0,0.0,0.0,0.0,1.0310838787591112,1.1074514015460724,1.0016616633127122,1.1641458683160106,1.084659665986348,0.9597923823430012,1.0657598012049885,1.0250075746824514,1.0176678959141277,1.2017619674425952,1.2505848128114745,0.9767809583859904,0.08885249257856485,0.10947580645161291,0.1279022312511439,0.4872131870022269,0.10213586120591904,4.502563883062963
0.7999074716631969,0.4974740478408446,0.8012091055054334,0.8010463477819263,0.6145907473309609,0.8888317696954119,0.1032090199479618,0.0205261636311072,0.7972350230414746,173.0,gan_leaks_cal_dDE,4,DP-CTGAN ε=50,baseline,0.0868,0.1086,0.1268621189379771,0.09977328064556,0.4865425145702027,0.9769,0.992,0.9918679111146664,0.9768682563355904,0.9986234518073068,13.0,0.1275,0.9009613979056762,0.8989923378378155,-0.0002183343025316,1.0,105.1934,23.363,19.151955822477408,19.173795957149988,0.0571248821154787,0.0,0.0,0.0,0.0,0.0,0.0,1.0310838787591112,1.1074514015460724,1.0016616633127122,1.1641458683160106,1.084659665986348,0.9597923823430012,1.0657598012049885,1.0250075746824514,1.0176678959141277,1.2017619674425952,1.2505848128114745,0.9767809583859904,0.08885249257856485,0.10947580645161291,0.1279022312511439,0.4872131870022269,0.10213586120591904,4.502563883062963
0.8003701133472125,0.4967307172379086,0.795043235670082,0.7948229625135628,0.6170818505338078,0.8890888060660583,0.0922231858918762,0.0057820179242555,0.783410138248848,170.0,LOGAN_D1_pca,4,DP-CTGAN ε=50,baseline,0.0868,0.1086,0.1268621189379771,0.09977328064556,0.4865425145702027,0.9769,0.992,0.9918679111146664,0.9768682563355904,0.9986234518073068,13.0,0.1275,0.9009613979056762,0.8989923378378155,-0.0002183343025316,1.0,105.1934,23.363,19.151955822477408,19.173795957149988,0.0571248821154787,0.0,0.0,0.0,0.0,0.0,0.0,1.0310838787591112,1.1074514015460724,1.0016616633127122,1.1641458683160106,1.084659665986348,0.9597923823430012,1.0657598012049885,1.0250075746824514,1.0176678959141277,1.2017619674425952,1.2505848128114745,0.9767809583859904,0.08885249257856485,0.10947580645161291,0.1279022312511439,0.4872131870022269,0.10213586120591904,4.502563883062963
0.8003701133472125,0.4994251442827621,0.7927694562302301,0.7925968463226268,0.6131672597864769,0.8890032154340836,0.0771899392888117,0.0086730268863833,0.7465437788018433,162.0,LOGAN_D1_vDE,4,DP-CTGAN ε=50,baseline,0.0868,0.1086,0.1268621189379771,0.09977328064556,0.4865425145702027,0.9769,0.992,0.9918679111146664,0.9768682563355904,0.9986234518073068,13.0,0.1275,0.9009613979056762,0.8989923378378155,-0.0002183343025316,1.0,105.1934,23.363,19.151955822477408,19.173795957149988,0.0571248821154787,0.0,0.0,0.0,0.0,0.0,0.0,1.0310838787591112,1.1074514015460724,1.0016616633127122,1.1641458683160106,1.084659665986348,0.9597923823430012,1.0657598012049885,1.0250075746824514,1.0176678959141277,1.2017619674425952,1.2505848128114745,0.9767809583859904,0.08885249257856485,0.10947580645161291,0.1279022312511439,0.4872131870022269,0.10213586120591904,4.502563883062963
0.8010640758732361,0.4991163015429422,0.7957311880710909,0.7955645656510804,0.6113879003558719,0.8891752577319587,0.0870193697600462,0.0080948250939577,0.7603686635944701,165.0,LOGAN_D1_sDE,4,DP-CTGAN ε=50,baseline,0.0868,0.1086,0.1268621189379771,0.09977328064556,0.4865425145702027,0.9769,0.992,0.9918679111146664,0.9768682563355904,0.9986234518073068,13.0,0.1275,0.9009613979056762,0.8989923378378155,-0.0002183343025316,1.0,105.1934,23.363,19.151955822477408,19.173795957149988,0.0571248821154787,0.0,0.0,0.0,0.0,0.0,0.0,1.0310838787591112,1.1074514015460724,1.0016616633127122,1.1641458683160106,1.084659665986348,0.9597923823430012,1.0657598012049885,1.0250075746824514,1.0176678959141277,1.2017619674425952,1.2505848128114745,0.9767809583859904,0.08885249257856485,0.10947580645161291,0.1279022312511439,0.4872131870022269,0.10213586120591904,4.502563883062963
0.8001387925052047,0.4877871601726039,0.7917751903148171,0.7914881096422111,0.6117437722419928,0.8889460154241645,0.089910378722174,0.0072275224053194,0.7880184331797235,171.0,LOGAN_D1_dDE,4,DP-CTGAN ε=50,baseline,0.0868,0.1086,0.1268621189379771,0.09977328064556,0.4865425145702027,0.9769,0.992,0.9918679111146664,0.9768682563355904,0.9986234518073068,13.0,0.1275,0.9009613979056762,0.8989923378378155,-0.0002183343025316,1.0,105.1934,23.363,19.151955822477408,19.173795957149988,0.0571248821154787,0.0,0.0,0.0,0.0,0.0,0.0,1.0310838787591112,1.1074514015460724,1.0016616633127122,1.1641458683160106,1.084659665986348,0.9597923823430012,1.0657598012049885,1.0250075746824514,1.0176678959141277,1.2017619674425952,1.2505848128114745,0.9767809583859904,0.08885249257856485,0.10947580645161291,0.1279022312511439,0.4872131870022269,0.10213586120591904,4.502563883062963
0.2581540596807772,0.4967307107252346,0.7986294465143547,0.7939262291667154,0.1757902852737085,0.1757902852737085,0.0989010989010989,0.0066512434933487,0.783410138248848,170.0,MC,3,DP-CTGAN ε=50,baseline,0.0659,0.1174,0.1565107172332029,0.0704226956293422,0.5064011724186225,0.9723,0.988,0.9883960411037792,0.972187420794746,0.997829695121548,12.0,0.12,0.912516843437128,0.9121813439782628,-0.0002560159448946,1.0,104.4446,23.3183,18.966763688905218,19.01486111425322,0.0514538111278603,0.0,0.0,0.0,0.0,0.0,0.0,1.0488893140206403,1.1251677969992613,0.9970868136402228,1.1637261038127742,1.0881062080704025,0.954605589902588,1.0733986820009829,1.0419475648765348,1.050337003354677,1.229280526232162,1.2076111869126036,0.97905012480709,0.0677774349480613,0.11882591093117409,0.15834818304049605,0.507502607804167,0.07243736559744096,4.479082952016228
0.799676150821189,0.4978938007535513,0.7980586675954636,0.7978861634966414,0.6147001245773269,0.8886889460154241,0.0954308849045691,0.0075187969924812,0.7926267281105991,172.0,gan_leaks,3,DP-CTGAN ε=50,baseline,0.0659,0.1174,0.1565107172332029,0.0704226956293422,0.5064011724186225,0.9723,0.988,0.9883960411037792,0.972187420794746,0.997829695121548,12.0,0.12,0.912516843437128,0.9121813439782628,-0.0002560159448946,1.0,104.4446,23.3183,18.966763688905218,19.01486111425322,0.0514538111278603,0.0,0.0,0.0,0.0,0.0,0.0,1.0488893140206403,1.1251677969992613,0.9970868136402228,1.1637261038127742,1.0881062080704025,0.954605589902588,1.0733986820009829,1.0419475648765348,1.050337003354677,1.229280526232162,1.2076111869126036,0.97905012480709,0.0677774349480613,0.11882591093117409,0.15834818304049605,0.507502607804167,0.07243736559744096,4.479082952016228
0.799676150821189,0.4863809144916537,0.7928300999224098,0.7928073198340914,0.6129204484783769,0.8886889460154241,0.0919606709080393,0.007807981492192,0.7972350230414746,173.0,loss_lr,3,DP-CTGAN ε=50,baseline,0.0659,0.1174,0.1565107172332029,0.0704226956293422,0.5064011724186225,0.9723,0.988,0.9883960411037792,0.972187420794746,0.997829695121548,12.0,0.12,0.912516843437128,0.9121813439782628,-0.0002560159448946,1.0,104.4446,23.3183,18.966763688905218,19.01486111425322,0.0514538111278603,0.0,0.0,0.0,0.0,0.0,0.0,1.0488893140206403,1.1251677969992613,0.9970868136402228,1.1637261038127742,1.0881062080704025,0.954605589902588,1.0733986820009829,1.0419475648765348,1.050337003354677,1.229280526232162,1.2076111869126036,0.97905012480709,0.0677774349480613,0.11882591093117409,0.15834818304049605,0.507502607804167,0.07243736559744096,4.479082952016228
0.799676150821189,0.4912883587358793,0.7999455685116714,0.7997554888561718,0.6090051610606869,0.8886889460154241,0.1067090803932909,0.0150375939849624,0.7880184331797235,171.0,loss_rf,3,DP-CTGAN ε=50,baseline,0.0659,0.1174,0.1565107172332029,0.0704226956293422,0.5064011724186225,0.9723,0.988,0.9883960411037792,0.972187420794746,0.997829695121548,12.0,0.12,0.912516843437128,0.9121813439782628,-0.0002560159448946,1.0,104.4446,23.3183,18.966763688905218,19.01486111425322,0.0514538111278603,0.0,0.0,0.0,0.0,0.0,0.0,1.0488893140206403,1.1251677969992613,0.9970868136402228,1.1637261038127742,1.0881062080704025,0.954605589902588,1.0733986820009829,1.0419475648765348,1.050337003354677,1.229280526232162,1.2076111869126036,0.97905012480709,0.0677774349480613,0.11882591093117409,0.15834818304049605,0.507502607804167,0.07243736559744096,4.479082952016228
0.799676150821189,0.4960239638669818,0.8041906423702623,0.8040782534798439,0.6114967075992169,0.8886889460154241,0.1119144013880856,0.015615962984384,0.847926267281106,184.0,LOGAN_D1,3,DP-CTGAN ε=50,baseline,0.0659,0.1174,0.1565107172332029,0.0704226956293422,0.5064011724186225,0.9723,0.988,0.9883960411037792,0.972187420794746,0.997829695121548,12.0,0.12,0.912516843437128,0.9121813439782628,-0.0002560159448946,1.0,104.4446,23.3183,18.966763688905218,19.01486111425322,0.0514538111278603,0.0,0.0,0.0,0.0,0.0,0.0,1.0488893140206403,1.1251677969992613,0.9970868136402228,1.1637261038127742,1.0881062080704025,0.954605589902588,1.0733986820009829,1.0419475648765348,1.050337003354677,1.229280526232162,1.2076111869126036,0.97905012480709,0.0677774349480613,0.11882591093117409,0.15834818304049605,0.507502607804167,0.07243736559744096,4.479082952016228
0.6206338191071016,0.5014285379968373,0.8027993224549766,0.8026342030264562,0.6136323189179569,0.7473035439137135,0.1090225563909774,0.0115673799884326,0.8064516129032258,175.0,gan_leaks_cal,3,DP-CTGAN ε=50,baseline,0.0659,0.1174,0.1565107172332029,0.0704226956293422,0.5064011724186225,0.9723,0.988,0.9883960411037792,0.972187420794746,0.997829695121548,12.0,0.12,0.912516843437128,0.9121813439782628,-0.0002560159448946,1.0,104.4446,23.3183,18.966763688905218,19.01486111425322,0.0514538111278603,0.0,0.0,0.0,0.0,0.0,0.0,1.0488893140206403,1.1251677969992613,0.9970868136402228,1.1637261038127742,1.0881062080704025,0.954605589902588,1.0733986820009829,1.0419475648765348,1.050337003354677,1.229280526232162,1.2076111869126036,0.97905012480709,0.0677774349480613,0.11882591093117409,0.15834818304049605,0.507502607804167,0.07243736559744096,4.479082952016228
0.200323849178811,0.5001445922498554,0.7999653353208999,0.8999826676604499,0.0005782017924255,0.0005782017924255,1.0,1.0,0.7880184331797235,171.0,domias_kde_pca,3,DP-CTGAN ε=50,baseline,0.0659,0.1174,0.1565107172332029,0.0704226956293422,0.5064011724186225,0.9723,0.988,0.9883960411037792,0.972187420794746,0.997829695121548,12.0,0.12,0.912516843437128,0.9121813439782628,-0.0002560159448946,1.0,104.4446,23.3183,18.966763688905218,19.01486111425322,0.0514538111278603,0.0,0.0,0.0,0.0,0.0,0.0,1.0488893140206403,1.1251677969992613,0.9970868136402228,1.1637261038127742,1.0881062080704025,0.954605589902588,1.0733986820009829,1.0419475648765348,1.050337003354677,1.229280526232162,1.2076111869126036,0.97905012480709,0.0677774349480613,0.11882591093117409,0.15834818304049605,0.507502607804167,0.07243736559744096,4.479082952016228
0.2625491556789266,0.4842411163524641,0.7976413919206358,0.7783417422914556,0.1997991967871485,0.1997991967871485,0.0801041064198958,0.009253903990746,0.783410138248848,170.0,domias_kde_vDE,3,DP-CTGAN ε=50,baseline,0.0659,0.1174,0.1565107172332029,0.0704226956293422,0.5064011724186225,0.9723,0.988,0.9883960411037792,0.972187420794746,0.997829695121548,12.0,0.12,0.912516843437128,0.9121813439782628,-0.0002560159448946,1.0,104.4446,23.3183,18.966763688905218,19.01486111425322,0.0514538111278603,0.0,0.0,0.0,0.0,0.0,0.0,1.0488893140206403,1.1251677969992613,0.9970868136402228,1.1637261038127742,1.0881062080704025,0.954605589902588,1.0733986820009829,1.0419475648765348,1.050337003354677,1.229280526232162,1.2076111869126036,0.97905012480709,0.0677774349480613,0.11882591093117409,0.15834818304049605,0.507502607804167,0.07243736559744096,4.479082952016228
0.5863983344899375,0.4899306960152715,0.7923660022423482,0.7925153360800625,0.6122085780387969,0.712632594021215,0.0809716599190283,0.0115673799884326,0.7649769585253456,166.0,domias_kde_sDE,3,DP-CTGAN ε=50,baseline,0.0659,0.1174,0.1565107172332029,0.0704226956293422,0.5064011724186225,0.9723,0.988,0.9883960411037792,0.972187420794746,0.997829695121548,12.0,0.12,0.912516843437128,0.9121813439782628,-0.0002560159448946,1.0,104.4446,23.3183,18.966763688905218,19.01486111425322,0.0514538111278603,0.0,0.0,0.0,0.0,0.0,0.0,1.0488893140206403,1.1251677969992613,0.9970868136402228,1.1637261038127742,1.0881062080704025,0.954605589902588,1.0733986820009829,1.0419475648765348,1.050337003354677,1.229280526232162,1.2076111869126036,0.97905012480709,0.0677774349480613,0.11882591093117409,0.15834818304049605,0.507502607804167,0.07243736559744096,4.479082952016228
0.2831367106176266,0.4969781055573572,0.8009118580907106,0.7972316534372244,0.2391357721581144,0.2391357721581144,0.093984962406015,0.0104106419895893,0.815668202764977,177.0,domias_kde_dDE,3,DP-CTGAN ε=50,baseline,0.0659,0.1174,0.1565107172332029,0.0704226956293422,0.5064011724186225,0.9723,0.988,0.9883960411037792,0.972187420794746,0.997829695121548,12.0,0.12,0.912516843437128,0.9121813439782628,-0.0002560159448946,1.0,104.4446,23.3183,18.966763688905218,19.01486111425322,0.0514538111278603,0.0,0.0,0.0,0.0,0.0,0.0,1.0488893140206403,1.1251677969992613,0.9970868136402228,1.1637261038127742,1.0881062080704025,0.954605589902588,1.0733986820009829,1.0419475648765348,1.050337003354677,1.229280526232162,1.2076111869126036,0.97905012480709,0.0677774349480613,0.11882591093117409,0.15834818304049605,0.507502607804167,0.07243736559744096,4.479082952016228
0.7494795281054824,0.5022186970315964,0.8041556907575809,0.8065030407029921,0.6171916711158569,0.8544550463647359,0.1032388663967611,0.0280508964719491,0.8110599078341014,176.0,gan_leaks_cal_pca,3,DP-CTGAN ε=50,baseline,0.0659,0.1174,0.1565107172332029,0.0704226956293422,0.5064011724186225,0.9723,0.988,0.9883960411037792,0.972187420794746,0.997829695121548,12.0,0.12,0.912516843437128,0.9121813439782628,-0.0002560159448946,1.0,104.4446,23.3183,18.966763688905218,19.01486111425322,0.0514538111278603,0.0,0.0,0.0,0.0,0.0,0.0,1.0488893140206403,1.1251677969992613,0.9970868136402228,1.1637261038127742,1.0881062080704025,0.954605589902588,1.0733986820009829,1.0419475648765348,1.050337003354677,1.229280526232162,1.2076111869126036,0.97905012480709,0.0677774349480613,0.11882591093117409,0.15834818304049605,0.507502607804167,0.07243736559744096,4.479082952016228
0.799676150821189,0.4975865631174423,0.8006344535163432,0.8004328030867007,0.6182594767752269,0.8886889460154241,0.1009253903990746,0.0121457489878542,0.7880184331797235,171.0,gan_leaks_cal_vDE,3,DP-CTGAN ε=50,baseline,0.0659,0.1174,0.1565107172332029,0.0704226956293422,0.5064011724186225,0.9723,0.988,0.9883960411037792,0.972187420794746,0.997829695121548,12.0,0.12,0.912516843437128,0.9121813439782628,-0.0002560159448946,1.0,104.4446,23.3183,18.966763688905218,19.01486111425322,0.0514538111278603,0.0,0.0,0.0,0.0,0.0,0.0,1.0488893140206403,1.1251677969992613,0.9970868136402228,1.1637261038127742,1.0881062080704025,0.954605589902588,1.0733986820009829,1.0419475648765348,1.050337003354677,1.229280526232162,1.2076111869126036,0.97905012480709,0.0677774349480613,0.11882591093117409,0.15834818304049605,0.507502607804167,0.07243736559744096,4.479082952016228
0.799676150821189,0.4984387380189022,0.8005514769825246,0.8004062902196611,0.615767930236697,0.8886889460154241,0.0974551764025448,0.0118565644881434,0.7880184331797235,171.0,gan_leaks_cal_sDE,3,DP-CTGAN ε=50,baseline,0.0659,0.1174,0.1565107172332029,0.0704226956293422,0.5064011724186225,0.9723,0.988,0.9883960411037792,0.972187420794746,0.997829695121548,12.0,0.12,0.912516843437128,0.9121813439782628,-0.0002560159448946,1.0,104.4446,23.3183,18.966763688905218,19.01486111425322,0.0514538111278603,0.0,0.0,0.0,0.0,0.0,0.0,1.0488893140206403,1.1251677969992613,0.9970868136402228,1.1637261038127742,1.0881062080704025,0.954605589902588,1.0733986820009829,1.0419475648765348,1.050337003354677,1.229280526232162,1.2076111869126036,0.97905012480709,0.0677774349480613,0.11882591093117409,0.15834818304049605,0.507502607804167,0.07243736559744096,4.479082952016228
0.799676150821189,0.4978312834108391,0.7993311977702258,0.7991548443437728,0.6122085780387969,0.8886889460154241,0.0905147484094852,0.0101214574898785,0.815668202764977,177.0,gan_leaks_cal_dDE,3,DP-CTGAN ε=50,baseline,0.0659,0.1174,0.1565107172332029,0.0704226956293422,0.5064011724186225,0.9723,0.988,0.9883960411037792,0.972187420794746,0.997829695121548,12.0,0.12,0.912516843437128,0.9121813439782628,-0.0002560159448946,1.0,104.4446,23.3183,18.966763688905218,19.01486111425322,0.0514538111278603,0.0,0.0,0.0,0.0,0.0,0.0,1.0488893140206403,1.1251677969992613,0.9970868136402228,1.1637261038127742,1.0881062080704025,0.954605589902588,1.0733986820009829,1.0419475648765348,1.050337003354677,1.229280526232162,1.2076111869126036,0.97905012480709,0.0677774349480613,0.11882591093117409,0.15834818304049605,0.507502607804167,0.07243736559744096,4.479082952016228
0.799676150821189,0.4932558162859349,0.8023903112631947,0.8022548871620607,0.610072966720057,0.8886889460154241,0.1058415268941584,0.0144592249855407,0.8202764976958525,178.0,LOGAN_D1_pca,3,DP-CTGAN ε=50,baseline,0.0659,0.1174,0.1565107172332029,0.0704226956293422,0.5064011724186225,0.9723,0.988,0.9883960411037792,0.972187420794746,0.997829695121548,12.0,0.12,0.912516843437128,0.9121813439782628,-0.0002560159448946,1.0,104.4446,23.3183,18.966763688905218,19.01486111425322,0.0514538111278603,0.0,0.0,0.0,0.0,0.0,0.0,1.0488893140206403,1.1251677969992613,0.9970868136402228,1.1637261038127742,1.0881062080704025,0.954605589902588,1.0733986820009829,1.0419475648765348,1.050337003354677,1.229280526232162,1.2076111869126036,0.97905012480709,0.0677774349480613,0.11882591093117409,0.15834818304049605,0.507502607804167,0.07243736559744096,4.479082952016228
0.7999074716631969,0.5062209770758599,0.8032350529778001,0.80309113455812,0.6171916711158569,0.8888031880704461,0.1064198958935801,0.0135916714864083,0.7880184331797235,171.0,LOGAN_D1_vDE,3,DP-CTGAN ε=50,baseline,0.0659,0.1174,0.1565107172332029,0.0704226956293422,0.5064011724186225,0.9723,0.988,0.9883960411037792,0.972187420794746,0.997829695121548,12.0,0.12,0.912516843437128,0.9121813439782628,-0.0002560159448946,1.0,104.4446,23.3183,18.966763688905218,19.01486111425322,0.0514538111278603,0.0,0.0,0.0,0.0,0.0,0.0,1.0488893140206403,1.1251677969992613,0.9970868136402228,1.1637261038127742,1.0881062080704025,0.954605589902588,1.0733986820009829,1.0419475648765348,1.050337003354677,1.229280526232162,1.2076111869126036,0.97905012480709,0.0677774349480613,0.11882591093117409,0.15834818304049605,0.507502607804167,0.07243736559744096,4.479082952016228
0.799676150821189,0.5029640575427007,0.7993282034256923,0.7991503438715462,0.6161238654564869,0.8886889460154241,0.104973973395026,0.0083863504916136,0.783410138248848,170.0,LOGAN_D1_sDE,3,DP-CTGAN ε=50,baseline,0.0659,0.1174,0.1565107172332029,0.0704226956293422,0.5064011724186225,0.9723,0.988,0.9883960411037792,0.972187420794746,0.997829695121548,12.0,0.12,0.912516843437128,0.9121813439782628,-0.0002560159448946,1.0,104.4446,23.3183,18.966763688905218,19.01486111425322,0.0514538111278603,0.0,0.0,0.0,0.0,0.0,0.0,1.0488893140206403,1.1251677969992613,0.9970868136402228,1.1637261038127742,1.0881062080704025,0.954605589902588,1.0733986820009829,1.0419475648765348,1.050337003354677,1.229280526232162,1.2076111869126036,0.97905012480709,0.0677774349480613,0.11882591093117409,0.15834818304049605,0.507502607804167,0.07243736559744096,4.479082952016228
0.799676150821189,0.4986406656926888,0.8010472145686924,0.8008893682829239,0.6136323189179569,0.8886889460154241,0.1148062463851937,0.0095430884904569,0.7972350230414746,173.0,LOGAN_D1_dDE,3,DP-CTGAN ε=50,baseline,0.0659,0.1174,0.1565107172332029,0.0704226956293422,0.5064011724186225,0.9723,0.988,0.9883960411037792,0.972187420794746,0.997829695121548,12.0,0.12,0.912516843437128,0.9121813439782628,-0.0002560159448946,1.0,104.4446,23.3183,18.966763688905218,19.01486111425322,0.0514538111278603,0.0,0.0,0.0,0.0,0.0,0.0,1.0488893140206403,1.1251677969992613,0.9970868136402228,1.1637261038127742,1.0881062080704025,0.954605589902588,1.0733986820009829,1.0419475648765348,1.050337003354677,1.229280526232162,1.2076111869126036,0.97905012480709,0.0677774349480613,0.11882591093117409,0.15834818304049605,0.507502607804167,0.07243736559744096,4.479082952016228
0.2574600971547536,0.4965287816003341,0.7994924592991229,0.7938308129312215,0.1752312435765673,0.1752312435765673,0.0985834056085573,0.0057820179242555,0.7972350230414746,173.0,MC,5,DP-CTGAN ε=50,baseline,0.0463,0.0769,,0.042707489095239,,0.9873,0.996,0.9959832862798534,0.9872851346114964,0.9986860328167556,9.0,0.1268,0.8115221769048762,0.8126746892918129,-0.0002990916531807,1.0,103.043,23.2716,18.34094183654714,18.382455194674275,0.0522715018468016,0.0,0.0,0.0,0.0,0.0,0.0,0.9819588856103582,1.034151942747749,0.9670658547751776,,,,0.9994973817376626,,,1.105254864680307,,0.9013125569894812,0.04689557378709612,0.07720883534136545,,,0.043257502415494885,4.427843379913715
0.7999074716631969,0.4993558805263778,0.7971496943176526,0.7969329059532497,0.6138790035587188,0.8888317696954119,0.0945359930615784,0.0089621277825961,0.7880184331797235,171.0,gan_leaks,5,DP-CTGAN ε=50,baseline,0.0463,0.0769,,0.042707489095239,,0.9873,0.996,0.9959832862798534,0.9872851346114964,0.9986860328167556,9.0,0.1268,0.8115221769048762,0.8126746892918129,-0.0002990916531807,1.0,103.043,23.2716,18.34094183654714,18.382455194674275,0.0522715018468016,0.0,0.0,0.0,0.0,0.0,0.0,0.9819588856103582,1.034151942747749,0.9670658547751776,,,,0.9994973817376626,,,1.105254864680307,,0.9013125569894812,0.04689557378709612,0.07720883534136545,,,0.043257502415494885,4.427843379913715
0.7999074716631969,0.499044026318889,0.8049458225121692,0.8047768868424103,0.6128113879003558,0.8888317696954119,0.118531367447239,0.0147441457068516,0.7926267281105991,172.0,loss_lr,5,DP-CTGAN ε=50,baseline,0.0463,0.0769,,0.042707489095239,,0.9873,0.996,0.9959832862798534,0.9872851346114964,0.9986860328167556,9.0,0.1268,0.8115221769048762,0.8126746892918129,-0.0002990916531807,1.0,103.043,23.2716,18.34094183654714,18.382455194674275,0.0522715018468016,0.0,0.0,0.0,0.0,0.0,0.0,0.9819588856103582,1.034151942747749,0.9670658547751776,,,,0.9994973817376626,,,1.105254864680307,,0.9013125569894812,0.04689557378709612,0.07720883534136545,,,0.043257502415494885,4.427843379913715
0.7999074716631969,0.4991723483023352,0.7963545774007594,0.7960716003519009,0.6145907473309609,0.8888317696954119,0.0771899392888117,0.0089621277825961,0.7741935483870968,168.0,loss_rf,5,DP-CTGAN ε=50,baseline,0.0463,0.0769,,0.042707489095239,,0.9873,0.996,0.9959832862798534,0.9872851346114964,0.9986860328167556,9.0,0.1268,0.8115221769048762,0.8126746892918129,-0.0002990916531807,1.0,103.043,23.2716,18.34094183654714,18.382455194674275,0.0522715018468016,0.0,0.0,0.0,0.0,0.0,0.0,0.9819588856103582,1.034151942747749,0.9670658547751776,,,,0.9994973817376626,,,1.105254864680307,,0.9013125569894812,0.04689557378709612,0.07720883534136545,,,0.043257502415494885,4.427843379913715
0.7999074716631969,0.4935131313374664,0.79518951103427,0.7949813415799092,0.606405693950178,0.8888317696954119,0.0922231858918762,0.0049147152356172,0.783410138248848,170.0,LOGAN_D1,5,DP-CTGAN ε=50,baseline,0.0463,0.0769,,0.042707489095239,,0.9873,0.996,0.9959832862798534,0.9872851346114964,0.9986860328167556,9.0,0.1268,0.8115221769048762,0.8126746892918129,-0.0002990916531807,1.0,103.043,23.2716,18.34094183654714,18.382455194674275,0.0522715018468016,0.0,0.0,0.0,0.0,0.0,0.0,0.9819588856103582,1.034151942747749,0.9670658547751776,,,,0.9994973817376626,,,1.105254864680307,,0.9013125569894812,0.04689557378709612,0.07720883534136545,,,0.043257502415494885,4.427843379913715
0.602822114272496,0.5068959263542236,0.8056263938281925,0.8053285646491504,0.6188612099644129,0.7303282550651798,0.1066782307025151,0.0144550448106389,0.815668202764977,177.0,gan_leaks_cal,5,DP-CTGAN ε=50,baseline,0.0463,0.0769,,0.042707489095239,,0.9873,0.996,0.9959832862798534,0.9872851346114964,0.9986860328167556,9.0,0.1268,0.8115221769048762,0.8126746892918129,-0.0002990916531807,1.0,103.043,23.2716,18.34094183654714,18.382455194674275,0.0522715018468016,0.0,0.0,0.0,0.0,0.0,0.0,0.9819588856103582,1.034151942747749,0.9670658547751776,,,,0.9994973817376626,,,1.105254864680307,,0.9013125569894812,0.04689557378709612,0.07720883534136545,,,0.043257502415494885,4.427843379913715
0.200323849178811,0.4994207943850181,0.8001579053981351,0.7334749245599137,0.0023088023088023,0.0023088023088023,1.0,1.0,0.8110599078341014,176.0,domias_kde_pca,5,DP-CTGAN ε=50,baseline,0.0463,0.0769,,0.042707489095239,,0.9873,0.996,0.9959832862798534,0.9872851346114964,0.9986860328167556,9.0,0.1268,0.8115221769048762,0.8126746892918129,-0.0002990916531807,1.0,103.043,23.2716,18.34094183654714,18.382455194674275,0.0522715018468016,0.0,0.0,0.0,0.0,0.0,0.0,0.9819588856103582,1.034151942747749,0.9670658547751776,,,,0.9994973817376626,,,1.105254864680307,,0.9013125569894812,0.04689557378709612,0.07720883534136545,,,0.043257502415494885,4.427843379913715
0.4737450844321073,0.5018503795787692,0.8034697987537922,0.8035256829002376,0.5807997051778147,0.5807997051778147,0.1113038450419196,0.0138768430182133,0.8064516129032258,175.0,domias_kde_vDE,5,DP-CTGAN ε=50,baseline,0.0463,0.0769,,0.042707489095239,,0.9873,0.996,0.9959832862798534,0.9872851346114964,0.9986860328167556,9.0,0.1268,0.8115221769048762,0.8126746892918129,-0.0002990916531807,1.0,103.043,23.2716,18.34094183654714,18.382455194674275,0.0522715018468016,0.0,0.0,0.0,0.0,0.0,0.0,0.9819588856103582,1.034151942747749,0.9670658547751776,,,,0.9994973817376626,,,1.105254864680307,,0.9013125569894812,0.04689557378709612,0.07720883534136545,,,0.043257502415494885,4.427843379913715
0.695119130233634,0.4972200807341022,0.7949871649521147,0.7948092428646233,0.6163701067615658,0.8124644280022766,0.0948250939577912,0.00520381613183,0.7603686635944701,165.0,domias_kde_sDE,5,DP-CTGAN ε=50,baseline,0.0463,0.0769,,0.042707489095239,,0.9873,0.996,0.9959832862798534,0.9872851346114964,0.9986860328167556,9.0,0.1268,0.8115221769048762,0.8126746892918129,-0.0002990916531807,1.0,103.043,23.2716,18.34094183654714,18.382455194674275,0.0522715018468016,0.0,0.0,0.0,0.0,0.0,0.0,0.9819588856103582,1.034151942747749,0.9670658547751776,,,,0.9994973817376626,,,1.105254864680307,,0.9013125569894812,0.04689557378709612,0.07720883534136545,,,0.043257502415494885,4.427843379913715
0.642146657413833,0.5045878036897841,0.7995186711214664,0.799690284364531,0.6195729537366548,0.7661375661375661,0.0922231858918762,0.0095403295750216,0.7880184331797235,171.0,domias_kde_dDE,5,DP-CTGAN ε=50,baseline,0.0463,0.0769,,0.042707489095239,,0.9873,0.996,0.9959832862798534,0.9872851346114964,0.9986860328167556,9.0,0.1268,0.8115221769048762,0.8126746892918129,-0.0002990916531807,1.0,103.043,23.2716,18.34094183654714,18.382455194674275,0.0522715018468016,0.0,0.0,0.0,0.0,0.0,0.0,0.9819588856103582,1.034151942747749,0.9670658547751776,,,,0.9994973817376626,,,1.105254864680307,,0.9013125569894812,0.04689557378709612,0.07720883534136545,,,0.043257502415494885,4.427843379913715
0.7547999074716631,0.5055720517062308,0.8040295137966638,0.806112006958726,0.6206405693950178,0.8577944727662999,0.1026308181555362,0.0251517779705117,0.8294930875576036,180.0,gan_leaks_cal_pca,5,DP-CTGAN ε=50,baseline,0.0463,0.0769,,0.042707489095239,,0.9873,0.996,0.9959832862798534,0.9872851346114964,0.9986860328167556,9.0,0.1268,0.8115221769048762,0.8126746892918129,-0.0002990916531807,1.0,103.043,23.2716,18.34094183654714,18.382455194674275,0.0522715018468016,0.0,0.0,0.0,0.0,0.0,0.0,0.9819588856103582,1.034151942747749,0.9670658547751776,,,,0.9994973817376626,,,1.105254864680307,,0.9013125569894812,0.04689557378709612,0.07720883534136545,,,0.043257502415494885,4.427843379913715
0.8003701133472125,0.5058091211332755,0.8069718565777162,0.8067239270131965,0.6188612099644129,0.8890888060660583,0.1098583405608557,0.01561144839549,0.8294930875576036,180.0,gan_leaks_cal_vDE,5,DP-CTGAN ε=50,baseline,0.0463,0.0769,,0.042707489095239,,0.9873,0.996,0.9959832862798534,0.9872851346114964,0.9986860328167556,9.0,0.1268,0.8115221769048762,0.8126746892918129,-0.0002990916531807,1.0,103.043,23.2716,18.34094183654714,18.382455194674275,0.0522715018468016,0.0,0.0,0.0,0.0,0.0,0.0,0.9819588856103582,1.034151942747749,0.9670658547751776,,,,0.9994973817376626,,,1.105254864680307,,0.9013125569894812,0.04689557378709612,0.07720883534136545,,,0.043257502415494885,4.427843379913715
0.8003701133472125,0.5090983130427333,0.8069678968716034,0.8067869664371897,0.6192170818505338,0.8890888060660583,0.1141948540040474,0.01040763226366,0.8294930875576036,180.0,gan_leaks_cal_sDE,5,DP-CTGAN ε=50,baseline,0.0463,0.0769,,0.042707489095239,,0.9873,0.996,0.9959832862798534,0.9872851346114964,0.9986860328167556,9.0,0.1268,0.8115221769048762,0.8126746892918129,-0.0002990916531807,1.0,103.043,23.2716,18.34094183654714,18.382455194674275,0.0522715018468016,0.0,0.0,0.0,0.0,0.0,0.0,0.9819588856103582,1.034151942747749,0.9670658547751776,,,,0.9994973817376626,,,1.105254864680307,,0.9013125569894812,0.04689557378709612,0.07720883534136545,,,0.043257502415494885,4.427843379913715
0.8008327550312283,0.5157014578180377,0.8073224585042209,0.80704609655525,0.6234875444839858,0.889317392981103,0.1113038450419196,0.0092512286788089,0.7972350230414746,173.0,gan_leaks_cal_dDE,5,DP-CTGAN ε=50,baseline,0.0463,0.0769,,0.042707489095239,,0.9873,0.996,0.9959832862798534,0.9872851346114964,0.9986860328167556,9.0,0.1268,0.8115221769048762,0.8126746892918129,-0.0002990916531807,1.0,103.043,23.2716,18.34094183654714,18.382455194674275,0.0522715018468016,0.0,0.0,0.0,0.0,0.0,0.0,0.9819588856103582,1.034151942747749,0.9670658547751776,,,,0.9994973817376626,,,1.105254864680307,,0.9013125569894812,0.04689557378709612,0.07720883534136545,,,0.043257502415494885,4.427843379913715
0.7999074716631969,0.4978729000032122,0.795986893612329,0.7958206186093078,0.6160142348754448,0.8888317696954119,0.0956923966464296,0.0086730268863833,0.7741935483870968,168.0,LOGAN_D1_pca,5,DP-CTGAN ε=50,baseline,0.0463,0.0769,,0.042707489095239,,0.9873,0.996,0.9959832862798534,0.9872851346114964,0.9986860328167556,9.0,0.1268,0.8115221769048762,0.8126746892918129,-0.0002990916531807,1.0,103.043,23.2716,18.34094183654714,18.382455194674275,0.0522715018468016,0.0,0.0,0.0,0.0,0.0,0.0,0.9819588856103582,1.034151942747749,0.9670658547751776,,,,0.9994973817376626,,,1.105254864680307,,0.9013125569894812,0.04689557378709612,0.07720883534136545,,,0.043257502415494885,4.427843379913715
0.7999074716631969,0.4954083483237502,0.796353503764284,0.796138684084823,0.6163701067615658,0.8888317696954119,0.0930904885805146,0.0072275224053194,0.7972350230414746,173.0,LOGAN_D1_vDE,5,DP-CTGAN ε=50,baseline,0.0463,0.0769,,0.042707489095239,,0.9873,0.996,0.9959832862798534,0.9872851346114964,0.9986860328167556,9.0,0.1268,0.8115221769048762,0.8126746892918129,-0.0002990916531807,1.0,103.043,23.2716,18.34094183654714,18.382455194674275,0.0522715018468016,0.0,0.0,0.0,0.0,0.0,0.0,0.9819588856103582,1.034151942747749,0.9670658547751776,,,,0.9994973817376626,,,1.105254864680307,,0.9013125569894812,0.04689557378709612,0.07720883534136545,,,0.043257502415494885,4.427843379913715
0.8006014341892205,0.4972371457175591,0.7989556156598078,0.7988145225316157,0.6163701067615658,0.8892030848329049,0.0971379011274935,0.0132986412257878,0.8018433179723502,174.0,LOGAN_D1_sDE,5,DP-CTGAN ε=50,baseline,0.0463,0.0769,,0.042707489095239,,0.9873,0.996,0.9959832862798534,0.9872851346114964,0.9986860328167556,9.0,0.1268,0.8115221769048762,0.8126746892918129,-0.0002990916531807,1.0,103.043,23.2716,18.34094183654714,18.382455194674275,0.0522715018468016,0.0,0.0,0.0,0.0,0.0,0.0,0.9819588856103582,1.034151942747749,0.9670658547751776,,,,0.9994973817376626,,,1.105254864680307,,0.9013125569894812,0.04689557378709612,0.07720883534136545,,,0.043257502415494885,4.427843379913715
0.8003701133472125,0.5034672031094407,0.7989485407733586,0.7987774449625653,0.6135231316725979,0.8890888060660583,0.0948250939577912,0.0072275224053194,0.783410138248848,170.0,LOGAN_D1_dDE,5,DP-CTGAN ε=50,baseline,0.0463,0.0769,,0.042707489095239,,0.9873,0.996,0.9959832862798534,0.9872851346114964,0.9986860328167556,9.0,0.1268,0.8115221769048762,0.8126746892918129,-0.0002990916531807,1.0,103.043,23.2716,18.34094183654714,18.382455194674275,0.0522715018468016,0.0,0.0,0.0,0.0,0.0,0.0,0.9819588856103582,1.034151942747749,0.9670658547751776,,,,0.9994973817376626,,,1.105254864680307,,0.9013125569894812,0.04689557378709612,0.07720883534136545,,,0.043257502415494885,4.427843379913715
0.2600046264168401,0.4992043247291193,0.7978285174966289,0.797187972620085,0.177846312002056,0.177846312002056,0.1000578368999421,0.0072296124927703,0.7649769585253456,166.0,MC,1,WGAN-GP,postmodel,0.963,0.9791,0.9820405588350476,0.9628963792382064,0.9955577222086934,0.9803,0.9875,0.9910138580998532,0.9803028159095454,0.9984645675501927,29.0,0.2816,0.0124701983843388,0.0125510978603645,-0.0003290792573973,0.951408061844285,20.701,23.1698,0.1062266667786909,0.128156821902261,0.0511451725982389,0.8843262001156738,0.0153267784846732,12.367264314632736,0.941873915558126,6.491902834008098,0.991907514450867,0.0206966992067796,0.0634295913674833,0.0436091945418434,0.0426974779963031,0.0387048575411442,0.1169106639851595,0.0646620551543478,0.0621466198409531,0.0655106472256235,0.0338607005696727,0.0431985496546964,0.0497755943437169,0.9823523411200653,0.9914936708860759,0.9909453342236699,0.9970886845302568,0.9822438165137892,0.8934475049417777
0.7999074716631969,0.5019748125315512,0.7980270859865377,0.7977242874440688,0.6186154119950169,0.8888031880704461,0.0997686524002313,0.0060728744939271,0.7880184331797235,171.0,gan_leaks,1,WGAN-GP,postmodel,0.963,0.9791,0.9820405588350476,0.9628963792382064,0.9955577222086934,0.9803,0.9875,0.9910138580998532,0.9803028159095454,0.9984645675501927,29.0,0.2816,0.0124701983843388,0.0125510978603645,-0.0003290792573973,0.951408061844285,20.701,23.1698,0.1062266667786909,0.128156821902261,0.0511451725982389,0.8843262001156738,0.0153267784846732,12.367264314632736,0.941873915558126,6.491902834008098,0.991907514450867,0.0206966992067796,0.0634295913674833,0.0436091945418434,0.0426974779963031,0.0387048575411442,0.1169106639851595,0.0646620551543478,0.0621466198409531,0.0655106472256235,0.0338607005696727,0.0431985496546964,0.0497755943437169,0.9823523411200653,0.9914936708860759,0.9909453342236699,0.9970886845302568,0.9822438165137892,0.8934475049417777
0.799676150821189,0.5086815527034572,0.8086736642519797,0.8085747564437298,0.6179035415554369,0.8886889460154241,0.1130711393869288,0.0159051474840948,0.8110599078341014,176.0,loss_lr,1,WGAN-GP,postmodel,0.963,0.9791,0.9820405588350476,0.9628963792382064,0.9955577222086934,0.9803,0.9875,0.9910138580998532,0.9803028159095454,0.9984645675501927,29.0,0.2816,0.0124701983843388,0.0125510978603645,-0.0003290792573973,0.951408061844285,20.701,23.1698,0.1062266667786909,0.128156821902261,0.0511451725982389,0.8843262001156738,0.0153267784846732,12.367264314632736,0.941873915558126,6.491902834008098,0.991907514450867,0.0206966992067796,0.0634295913674833,0.0436091945418434,0.0426974779963031,0.0387048575411442,0.1169106639851595,0.0646620551543478,0.0621466198409531,0.0655106472256235,0.0338607005696727,0.0431985496546964,0.0497755943437169,0.9823523411200653,0.9914936708860759,0.9909453342236699,0.9970886845302568,0.9822438165137892,0.8934475049417777
0.799676150821189,0.4992263896736059,0.8000974829957305,0.8000025204266306,0.6171916711158569,0.8886889460154241,0.0928282244071717,0.0138808559861191,0.8018433179723502,174.0,loss_rf,1,WGAN-GP,postmodel,0.963,0.9791,0.9820405588350476,0.9628963792382064,0.9955577222086934,0.9803,0.9875,0.9910138580998532,0.9803028159095454,0.9984645675501927,29.0,0.2816,0.0124701983843388,0.0125510978603645,-0.0003290792573973,0.951408061844285,20.701,23.1698,0.1062266667786909,0.128156821902261,0.0511451725982389,0.8843262001156738,0.0153267784846732,12.367264314632736,0.941873915558126,6.491902834008098,0.991907514450867,0.0206966992067796,0.0634295913674833,0.0436091945418434,0.0426974779963031,0.0387048575411442,0.1169106639851595,0.0646620551543478,0.0621466198409531,0.0655106472256235,0.0338607005696727,0.0431985496546964,0.0497755943437169,0.9823523411200653,0.9914936708860759,0.9909453342236699,0.9970886845302568,0.9822438165137892,0.8934475049417777
0.799676150821189,0.5160920308775496,0.8101010323129108,0.8099700489438492,0.6221747641929168,0.8886889460154241,0.108155002891845,0.0196645459803354,0.8248847926267281,179.0,LOGAN_D1,1,WGAN-GP,postmodel,0.963,0.9791,0.9820405588350476,0.9628963792382064,0.9955577222086934,0.9803,0.9875,0.9910138580998532,0.9803028159095454,0.9984645675501927,29.0,0.2816,0.0124701983843388,0.0125510978603645,-0.0003290792573973,0.951408061844285,20.701,23.1698,0.1062266667786909,0.128156821902261,0.0511451725982389,0.8843262001156738,0.0153267784846732,12.367264314632736,0.941873915558126,6.491902834008098,0.991907514450867,0.0206966992067796,0.0634295913674833,0.0436091945418434,0.0426974779963031,0.0387048575411442,0.1169106639851595,0.0646620551543478,0.0621466198409531,0.0655106472256235,0.0338607005696727,0.0431985496546964,0.0497755943437169,0.9823523411200653,0.9914936708860759,0.9909453342236699,0.9970886845302568,0.9822438165137892,0.8934475049417777
0.7999074716631969,0.5090813962429418,0.8034543255554291,0.875197256920789,0.0,0.8888031880704461,0.7330827067669173,0.7330827067669173,0.8248847926267281,179.0,gan_leaks_cal,1,WGAN-GP,postmodel,0.963,0.9791,0.9820405588350476,0.9628963792382064,0.9955577222086934,0.9803,0.9875,0.9910138580998532,0.9803028159095454,0.9984645675501927,29.0,0.2816,0.0124701983843388,0.0125510978603645,-0.0003290792573973,0.951408061844285,20.701,23.1698,0.1062266667786909,0.128156821902261,0.0511451725982389,0.8843262001156738,0.0153267784846732,12.367264314632736,0.941873915558126,6.491902834008098,0.991907514450867,0.0206966992067796,0.0634295913674833,0.0436091945418434,0.0426974779963031,0.0387048575411442,0.1169106639851595,0.0646620551543478,0.0621466198409531,0.0655106472256235,0.0338607005696727,0.0431985496546964,0.0497755943437169,0.9823523411200653,0.9914936708860759,0.9909453342236699,0.9970886845302568,0.9822438165137892,0.8934475049417777
0.799676150821189,0.5184890862104127,0.8034777008216154,0.8032708673682141,0.6235985050720769,0.8886889460154241,0.1020821283979178,0.0037593984962406,0.7880184331797235,171.0,domias_kde_pca,1,WGAN-GP,postmodel,0.963,0.9791,0.9820405588350476,0.9628963792382064,0.9955577222086934,0.9803,0.9875,0.9910138580998532,0.9803028159095454,0.9984645675501927,29.0,0.2816,0.0124701983843388,0.0125510978603645,-0.0003290792573973,0.951408061844285,20.701,23.1698,0.1062266667786909,0.128156821902261,0.0511451725982389,0.8843262001156738,0.0153267784846732,12.367264314632736,0.941873915558126,6.491902834008098,0.991907514450867,0.0206966992067796,0.0634295913674833,0.0436091945418434,0.0426974779963031,0.0387048575411442,0.1169106639851595,0.0646620551543478,0.0621466198409531,0.0655106472256235,0.0338607005696727,0.0431985496546964,0.0497755943437169,0.9823523411200653,0.9914936708860759,0.9909453342236699,0.9970886845302568,0.9822438165137892,0.8934475049417777
0.7992135091371733,0.5252407920646436,0.8038502471159706,0.8036577511236962,0.6260900516106068,0.8882882882882883,0.0879120879120879,0.0034702139965297,0.7557603686635944,164.0,domias_kde_vDE,1,WGAN-GP,postmodel,0.963,0.9791,0.9820405588350476,0.9628963792382064,0.9955577222086934,0.9803,0.9875,0.9910138580998532,0.9803028159095454,0.9984645675501927,29.0,0.2816,0.0124701983843388,0.0125510978603645,-0.0003290792573973,0.951408061844285,20.701,23.1698,0.1062266667786909,0.128156821902261,0.0511451725982389,0.8843262001156738,0.0153267784846732,12.367264314632736,0.941873915558126,6.491902834008098,0.991907514450867,0.0206966992067796,0.0634295913674833,0.0436091945418434,0.0426974779963031,0.0387048575411442,0.1169106639851595,0.0646620551543478,0.0621466198409531,0.0655106472256235,0.0338607005696727,0.0431985496546964,0.0497755943437169,0.9823523411200653,0.9914936708860759,0.9909453342236699,0.9970886845302568,0.9822438165137892,0.8934475049417777
0.7985195466111497,0.5164077936058465,0.8039656753764036,0.8036735729176306,0.6203950880939669,0.8875403486120077,0.1003470213996529,0.0031810294968189,0.7788018433179723,169.0,domias_kde_sDE,1,WGAN-GP,postmodel,0.963,0.9791,0.9820405588350476,0.9628963792382064,0.9955577222086934,0.9803,0.9875,0.9910138580998532,0.9803028159095454,0.9984645675501927,29.0,0.2816,0.0124701983843388,0.0125510978603645,-0.0003290792573973,0.951408061844285,20.701,23.1698,0.1062266667786909,0.128156821902261,0.0511451725982389,0.8843262001156738,0.0153267784846732,12.367264314632736,0.941873915558126,6.491902834008098,0.991907514450867,0.0206966992067796,0.0634295913674833,0.0436091945418434,0.0426974779963031,0.0387048575411442,0.1169106639851595,0.0646620551543478,0.0621466198409531,0.0655106472256235,0.0338607005696727,0.0431985496546964,0.0497755943437169,0.9823523411200653,0.9914936708860759,0.9909453342236699,0.9970886845302568,0.9822438165137892,0.8934475049417777
0.7989821882951654,0.5183762541079244,0.8055089643031373,0.805335173163752,0.6193272824345969,0.8882315112540193,0.0922498554077501,0.0075187969924812,0.8064516129032258,175.0,domias_kde_dDE,1,WGAN-GP,postmodel,0.963,0.9791,0.9820405588350476,0.9628963792382064,0.9955577222086934,0.9803,0.9875,0.9910138580998532,0.9803028159095454,0.9984645675501927,29.0,0.2816,0.0124701983843388,0.0125510978603645,-0.0003290792573973,0.951408061844285,20.701,23.1698,0.1062266667786909,0.128156821902261,0.0511451725982389,0.8843262001156738,0.0153267784846732,12.367264314632736,0.941873915558126,6.491902834008098,0.991907514450867,0.0206966992067796,0.0634295913674833,0.0436091945418434,0.0426974779963031,0.0387048575411442,0.1169106639851595,0.0646620551543478,0.0621466198409531,0.0655106472256235,0.0338607005696727,0.0431985496546964,0.0497755943437169,0.9823523411200653,0.9914936708860759,0.9909453342236699,0.9970886845302568,0.9822438165137892,0.8934475049417777
0.7999074716631969,0.4990724365382108,0.7992673606314942,0.8528404446476303,0.0,0.8888031880704461,0.5323886639676113,0.5323886639676113,0.7880184331797235,171.0,gan_leaks_cal_pca,1,WGAN-GP,postmodel,0.963,0.9791,0.9820405588350476,0.9628963792382064,0.9955577222086934,0.9803,0.9875,0.9910138580998532,0.9803028159095454,0.9984645675501927,29.0,0.2816,0.0124701983843388,0.0125510978603645,-0.0003290792573973,0.951408061844285,20.701,23.1698,0.1062266667786909,0.128156821902261,0.0511451725982389,0.8843262001156738,0.0153267784846732,12.367264314632736,0.941873915558126,6.491902834008098,0.991907514450867,0.0206966992067796,0.0634295913674833,0.0436091945418434,0.0426974779963031,0.0387048575411442,0.1169106639851595,0.0646620551543478,0.0621466198409531,0.0655106472256235,0.0338607005696727,0.0431985496546964,0.0497755943437169,0.9823523411200653,0.9914936708860759,0.9909453342236699,0.9970886845302568,0.9822438165137892,0.8934475049417777
0.7999074716631969,0.5053448984845395,0.8075304664002158,0.8084111771697104,0.610072966720057,0.8888031880704461,0.1278195488721804,0.0170618854829381,0.8341013824884793,181.0,gan_leaks_cal_vDE,1,WGAN-GP,postmodel,0.963,0.9791,0.9820405588350476,0.9628963792382064,0.9955577222086934,0.9803,0.9875,0.9910138580998532,0.9803028159095454,0.9984645675501927,29.0,0.2816,0.0124701983843388,0.0125510978603645,-0.0003290792573973,0.951408061844285,20.701,23.1698,0.1062266667786909,0.128156821902261,0.0511451725982389,0.8843262001156738,0.0153267784846732,12.367264314632736,0.941873915558126,6.491902834008098,0.991907514450867,0.0206966992067796,0.0634295913674833,0.0436091945418434,0.0426974779963031,0.0387048575411442,0.1169106639851595,0.0646620551543478,0.0621466198409531,0.0655106472256235,0.0338607005696727,0.0431985496546964,0.0497755943437169,0.9823523411200653,0.9914936708860759,0.9909453342236699,0.9970886845302568,0.9822438165137892,0.8934475049417777
0.799676150821189,0.5013797276650942,0.8018918025785478,0.8017269558645772,0.6175476063356469,0.8886889460154241,0.1000578368999421,0.0138808559861191,0.8018433179723502,174.0,gan_leaks_cal_sDE,1,WGAN-GP,postmodel,0.963,0.9791,0.9820405588350476,0.9628963792382064,0.9955577222086934,0.9803,0.9875,0.9910138580998532,0.9803028159095454,0.9984645675501927,29.0,0.2816,0.0124701983843388,0.0125510978603645,-0.0003290792573973,0.951408061844285,20.701,23.1698,0.1062266667786909,0.128156821902261,0.0511451725982389,0.8843262001156738,0.0153267784846732,12.367264314632736,0.941873915558126,6.491902834008098,0.991907514450867,0.0206966992067796,0.0634295913674833,0.0436091945418434,0.0426974779963031,0.0387048575411442,0.1169106639851595,0.0646620551543478,0.0621466198409531,0.0655106472256235,0.0338607005696727,0.0431985496546964,0.0497755943437169,0.9823523411200653,0.9914936708860759,0.9909453342236699,0.9970886845302568,0.9822438165137892,0.8934475049417777
0.8001387925052047,0.51102645453117,0.8068311686946068,0.8078359989213926,0.618971347214807,0.8889460154241645,0.1046847888953152,0.0133024869866975,0.8341013824884793,181.0,gan_leaks_cal_dDE,1,WGAN-GP,postmodel,0.963,0.9791,0.9820405588350476,0.9628963792382064,0.9955577222086934,0.9803,0.9875,0.9910138580998532,0.9803028159095454,0.9984645675501927,29.0,0.2816,0.0124701983843388,0.0125510978603645,-0.0003290792573973,0.951408061844285,20.701,23.1698,0.1062266667786909,0.128156821902261,0.0511451725982389,0.8843262001156738,0.0153267784846732,12.367264314632736,0.941873915558126,6.491902834008098,0.991907514450867,0.0206966992067796,0.0634295913674833,0.0436091945418434,0.0426974779963031,0.0387048575411442,0.1169106639851595,0.0646620551543478,0.0621466198409531,0.0655106472256235,0.0338607005696727,0.0431985496546964,0.0497755943437169,0.9823523411200653,0.9914936708860759,0.9909453342236699,0.9970886845302568,0.9822438165137892,0.8934475049417777
0.799676150821189,0.504442743140644,0.805138485963572,0.8048907518005113,0.6147001245773269,0.8886889460154241,0.1098901098901098,0.0095430884904569,0.8294930875576036,180.0,LOGAN_D1_pca,1,WGAN-GP,postmodel,0.963,0.9791,0.9820405588350476,0.9628963792382064,0.9955577222086934,0.9803,0.9875,0.9910138580998532,0.9803028159095454,0.9984645675501927,29.0,0.2816,0.0124701983843388,0.0125510978603645,-0.0003290792573973,0.951408061844285,20.701,23.1698,0.1062266667786909,0.128156821902261,0.0511451725982389,0.8843262001156738,0.0153267784846732,12.367264314632736,0.941873915558126,6.491902834008098,0.991907514450867,0.0206966992067796,0.0634295913674833,0.0436091945418434,0.0426974779963031,0.0387048575411442,0.1169106639851595,0.0646620551543478,0.0621466198409531,0.0655106472256235,0.0338607005696727,0.0431985496546964,0.0497755943437169,0.9823523411200653,0.9914936708860759,0.9909453342236699,0.9970886845302568,0.9822438165137892,0.8934475049417777
0.799676150821189,0.5057034538324467,0.8058292216652425,0.8056877729501457,0.6154119950169069,0.8886889460154241,0.1191440138808559,0.0147484094852515,0.7972350230414746,173.0,LOGAN_D1_vDE,1,WGAN-GP,postmodel,0.963,0.9791,0.9820405588350476,0.9628963792382064,0.9955577222086934,0.9803,0.9875,0.9910138580998532,0.9803028159095454,0.9984645675501927,29.0,0.2816,0.0124701983843388,0.0125510978603645,-0.0003290792573973,0.951408061844285,20.701,23.1698,0.1062266667786909,0.128156821902261,0.0511451725982389,0.8843262001156738,0.0153267784846732,12.367264314632736,0.941873915558126,6.491902834008098,0.991907514450867,0.0206966992067796,0.0634295913674833,0.0436091945418434,0.0426974779963031,0.0387048575411442,0.1169106639851595,0.0646620551543478,0.0621466198409531,0.0655106472256235,0.0338607005696727,0.0431985496546964,0.0497755943437169,0.9823523411200653,0.9914936708860759,0.9909453342236699,0.9970886845302568,0.9822438165137892,0.8934475049417777
0.799676150821189,0.4993243446544329,0.7997554143337668,0.7994835641395603,0.6147001245773269,0.8886889460154241,0.0974551764025448,0.0086755349913244,0.7788018433179723,169.0,LOGAN_D1_sDE,1,WGAN-GP,postmodel,0.963,0.9791,0.9820405588350476,0.9628963792382064,0.9955577222086934,0.9803,0.9875,0.9910138580998532,0.9803028159095454,0.9984645675501927,29.0,0.2816,0.0124701983843388,0.0125510978603645,-0.0003290792573973,0.951408061844285,20.701,23.1698,0.1062266667786909,0.128156821902261,0.0511451725982389,0.8843262001156738,0.0153267784846732,12.367264314632736,0.941873915558126,6.491902834008098,0.991907514450867,0.0206966992067796,0.0634295913674833,0.0436091945418434,0.0426974779963031,0.0387048575411442,0.1169106639851595,0.0646620551543478,0.0621466198409531,0.0655106472256235,0.0338607005696727,0.0431985496546964,0.0497755943437169,0.9823523411200653,0.9914936708860759,0.9909453342236699,0.9970886845302568,0.9822438165137892,0.8934475049417777
0.799676150821189,0.5077743825994511,0.8064914886622707,0.8063178075977805,0.6179035415554369,0.8886889460154241,0.1055523423944476,0.0182186234817813,0.8341013824884793,181.0,LOGAN_D1_dDE,1,WGAN-GP,postmodel,0.963,0.9791,0.9820405588350476,0.9628963792382064,0.9955577222086934,0.9803,0.9875,0.9910138580998532,0.9803028159095454,0.9984645675501927,29.0,0.2816,0.0124701983843388,0.0125510978603645,-0.0003290792573973,0.951408061844285,20.701,23.1698,0.1062266667786909,0.128156821902261,0.0511451725982389,0.8843262001156738,0.0153267784846732,12.367264314632736,0.941873915558126,6.491902834008098,0.991907514450867,0.0206966992067796,0.0634295913674833,0.0436091945418434,0.0426974779963031,0.0387048575411442,0.1169106639851595,0.0646620551543478,0.0621466198409531,0.0655106472256235,0.0338607005696727,0.0431985496546964,0.0497755943437169,0.9823523411200653,0.9914936708860759,0.9909453342236699,0.9970886845302568,0.9822438165137892,0.8934475049417777
0.2669442516770761,0.5103758729861559,0.8021938196370972,0.8171415382783335,0.185556412233359,0.185556412233359,1.0,0.0101214574898785,0.8248847926267281,179.0,MC,2,WGAN-GP,postmodel,0.9584,0.9735,0.9756071315502568,0.958887756978838,0.9953076576974283,0.978,0.9933,0.9940760462232364,0.978010199346212,0.999399642449856,24.0,0.2353,0.0113638330228651,0.0108608937051187,-0.0002804506456405,0.9490304709141274,20.3406,23.2381,0.1272644650713352,0.1464640432432195,0.0485196773835932,0.905725853094274,0.009253903990746,12.119838056680162,0.9412955465587044,6.499421631000579,1.0,0.0400791830480359,0.0345809589443645,0.0509217169414726,0.0347233382655058,0.0733070305577756,0.1296427325095226,0.0746089273434177,0.0588423533640919,0.086279888701907,0.0299648104289217,0.0575508938511097,0.1031071695372615,0.9799591002044991,0.9800664451827243,0.9814210243339551,0.9959055571178744,0.980447604349978,0.8753125255507119
0.8001387925052047,0.5052501195184492,0.8071447304684345,0.8069872400458188,0.6179035415554369,0.8889460154241645,0.1171197223828802,0.0130133024869866,0.8433179723502304,183.0,gan_leaks,2,WGAN-GP,postmodel,0.9584,0.9735,0.9756071315502568,0.958887756978838,0.9953076576974283,0.978,0.9933,0.9940760462232364,0.978010199346212,0.999399642449856,24.0,0.2353,0.0113638330228651,0.0108608937051187,-0.0002804506456405,0.9490304709141274,20.3406,23.2381,0.1272644650713352,0.1464640432432195,0.0485196773835932,0.905725853094274,0.009253903990746,12.119838056680162,0.9412955465587044,6.499421631000579,1.0,0.0400791830480359,0.0345809589443645,0.0509217169414726,0.0347233382655058,0.0733070305577756,0.1296427325095226,0.0746089273434177,0.0588423533640919,0.086279888701907,0.0299648104289217,0.0575508938511097,0.1031071695372615,0.9799591002044991,0.9800664451827243,0.9814210243339551,0.9959055571178744,0.980447604349978,0.8753125255507119
0.799676150821189,0.5123363098720567,0.7993547647431831,0.7990836985192549,0.6214628937533369,0.8886889460154241,0.0855986119144013,0.0040485829959514,0.783410138248848,170.0,loss_lr,2,WGAN-GP,postmodel,0.9584,0.9735,0.9756071315502568,0.958887756978838,0.9953076576974283,0.978,0.9933,0.9940760462232364,0.978010199346212,0.999399642449856,24.0,0.2353,0.0113638330228651,0.0108608937051187,-0.0002804506456405,0.9490304709141274,20.3406,23.2381,0.1272644650713352,0.1464640432432195,0.0485196773835932,0.905725853094274,0.009253903990746,12.119838056680162,0.9412955465587044,6.499421631000579,1.0,0.0400791830480359,0.0345809589443645,0.0509217169414726,0.0347233382655058,0.0733070305577756,0.1296427325095226,0.0746089273434177,0.0588423533640919,0.086279888701907,0.0299648104289217,0.0575508938511097,0.1031071695372615,0.9799591002044991,0.9800664451827243,0.9814210243339551,0.9959055571178744,0.980447604349978,0.8753125255507119
0.7999074716631969,0.5029436641849176,0.7992618395393429,0.7990827142214292,0.6179035415554369,0.8888031880704461,0.0942741469057258,0.0112781954887218,0.7880184331797235,171.0,loss_rf,2,WGAN-GP,postmodel,0.9584,0.9735,0.9756071315502568,0.958887756978838,0.9953076576974283,0.978,0.9933,0.9940760462232364,0.978010199346212,0.999399642449856,24.0,0.2353,0.0113638330228651,0.0108608937051187,-0.0002804506456405,0.9490304709141274,20.3406,23.2381,0.1272644650713352,0.1464640432432195,0.0485196773835932,0.905725853094274,0.009253903990746,12.119838056680162,0.9412955465587044,6.499421631000579,1.0,0.0400791830480359,0.0345809589443645,0.0509217169414726,0.0347233382655058,0.0733070305577756,0.1296427325095226,0.0746089273434177,0.0588423533640919,0.086279888701907,0.0299648104289217,0.0575508938511097,0.1031071695372615,0.9799591002044991,0.9800664451827243,0.9814210243339551,0.9959055571178744,0.980447604349978,0.8753125255507119
0.799676150821189,0.5009486254542537,0.8024868672678297,0.8023339767910422,0.6143441893575369,0.8886889460154241,0.1023713128976286,0.0106998264893001,0.8110599078341014,176.0,LOGAN_D1,2,WGAN-GP,postmodel,0.9584,0.9735,0.9756071315502568,0.958887756978838,0.9953076576974283,0.978,0.9933,0.9940760462232364,0.978010199346212,0.999399642449856,24.0,0.2353,0.0113638330228651,0.0108608937051187,-0.0002804506456405,0.9490304709141274,20.3406,23.2381,0.1272644650713352,0.1464640432432195,0.0485196773835932,0.905725853094274,0.009253903990746,12.119838056680162,0.9412955465587044,6.499421631000579,1.0,0.0400791830480359,0.0345809589443645,0.0509217169414726,0.0347233382655058,0.0733070305577756,0.1296427325095226,0.0746089273434177,0.0588423533640919,0.086279888701907,0.0299648104289217,0.0575508938511097,0.1031071695372615,0.9799591002044991,0.9800664451827243,0.9814210243339551,0.9959055571178744,0.980447604349978,0.8753125255507119
0.7992135091371733,0.5144286349488663,0.8049445565614513,0.8738656129901563,0.0,0.8884031884803292,0.7079236552920763,0.7079236552920763,0.8248847926267281,179.0,gan_leaks_cal,2,WGAN-GP,postmodel,0.9584,0.9735,0.9756071315502568,0.958887756978838,0.9953076576974283,0.978,0.9933,0.9940760462232364,0.978010199346212,0.999399642449856,24.0,0.2353,0.0113638330228651,0.0108608937051187,-0.0002804506456405,0.9490304709141274,20.3406,23.2381,0.1272644650713352,0.1464640432432195,0.0485196773835932,0.905725853094274,0.009253903990746,12.119838056680162,0.9412955465587044,6.499421631000579,1.0,0.0400791830480359,0.0345809589443645,0.0509217169414726,0.0347233382655058,0.0733070305577756,0.1296427325095226,0.0746089273434177,0.0588423533640919,0.086279888701907,0.0299648104289217,0.0575508938511097,0.1031071695372615,0.9799591002044991,0.9800664451827243,0.9814210243339551,0.9959055571178744,0.980447604349978,0.8753125255507119
0.7999074716631969,0.5130718080216102,0.8109454508136309,0.8107081413039552,0.6171916711158569,0.8888031880704461,0.1156737998843262,0.015615962984384,0.8571428571428571,186.0,domias_kde_pca,2,WGAN-GP,postmodel,0.9584,0.9735,0.9756071315502568,0.958887756978838,0.9953076576974283,0.978,0.9933,0.9940760462232364,0.978010199346212,0.999399642449856,24.0,0.2353,0.0113638330228651,0.0108608937051187,-0.0002804506456405,0.9490304709141274,20.3406,23.2381,0.1272644650713352,0.1464640432432195,0.0485196773835932,0.905725853094274,0.009253903990746,12.119838056680162,0.9412955465587044,6.499421631000579,1.0,0.0400791830480359,0.0345809589443645,0.0509217169414726,0.0347233382655058,0.0733070305577756,0.1296427325095226,0.0746089273434177,0.0588423533640919,0.086279888701907,0.0299648104289217,0.0575508938511097,0.1031071695372615,0.9799591002044991,0.9800664451827243,0.9814210243339551,0.9959055571178744,0.980447604349978,0.8753125255507119
0.8001387925052047,0.5184823998635986,0.8125174613171285,0.8123687550228831,0.6200391528741769,0.8889174595011571,0.1200115673799884,0.0112781954887218,0.8571428571428571,186.0,domias_kde_vDE,2,WGAN-GP,postmodel,0.9584,0.9735,0.9756071315502568,0.958887756978838,0.9953076576974283,0.978,0.9933,0.9940760462232364,0.978010199346212,0.999399642449856,24.0,0.2353,0.0113638330228651,0.0108608937051187,-0.0002804506456405,0.9490304709141274,20.3406,23.2381,0.1272644650713352,0.1464640432432195,0.0485196773835932,0.905725853094274,0.009253903990746,12.119838056680162,0.9412955465587044,6.499421631000579,1.0,0.0400791830480359,0.0345809589443645,0.0509217169414726,0.0347233382655058,0.0733070305577756,0.1296427325095226,0.0746089273434177,0.0588423533640919,0.086279888701907,0.0299648104289217,0.0575508938511097,0.1031071695372615,0.9799591002044991,0.9800664451827243,0.9814210243339551,0.9959055571178744,0.980447604349978,0.8753125255507119
0.796206338191071,0.5219407455945333,0.8134929982979723,0.8133448811450774,0.6193272824345969,0.886043202690467,0.1260844418739155,0.0104106419895893,0.8617511520737328,187.0,domias_kde_sDE,2,WGAN-GP,postmodel,0.9584,0.9735,0.9756071315502568,0.958887756978838,0.9953076576974283,0.978,0.9933,0.9940760462232364,0.978010199346212,0.999399642449856,24.0,0.2353,0.0113638330228651,0.0108608937051187,-0.0002804506456405,0.9490304709141274,20.3406,23.2381,0.1272644650713352,0.1464640432432195,0.0485196773835932,0.905725853094274,0.009253903990746,12.119838056680162,0.9412955465587044,6.499421631000579,1.0,0.0400791830480359,0.0345809589443645,0.0509217169414726,0.0347233382655058,0.0733070305577756,0.1296427325095226,0.0746089273434177,0.0588423533640919,0.086279888701907,0.0299648104289217,0.0575508938511097,0.1031071695372615,0.9799591002044991,0.9800664451827243,0.9814210243339551,0.9959055571178744,0.980447604349978,0.8753125255507119
0.8003701133472125,0.5188707094548287,0.8144880518869756,0.8142250147373398,0.6211069585335469,0.88891749259879,0.1292654713707345,0.012434933487565,0.8755760368663594,190.0,domias_kde_dDE,2,WGAN-GP,postmodel,0.9584,0.9735,0.9756071315502568,0.958887756978838,0.9953076576974283,0.978,0.9933,0.9940760462232364,0.978010199346212,0.999399642449856,24.0,0.2353,0.0113638330228651,0.0108608937051187,-0.0002804506456405,0.9490304709141274,20.3406,23.2381,0.1272644650713352,0.1464640432432195,0.0485196773835932,0.905725853094274,0.009253903990746,12.119838056680162,0.9412955465587044,6.499421631000579,1.0,0.0400791830480359,0.0345809589443645,0.0509217169414726,0.0347233382655058,0.0733070305577756,0.1296427325095226,0.0746089273434177,0.0588423533640919,0.086279888701907,0.0299648104289217,0.0575508938511097,0.1031071695372615,0.9799591002044991,0.9800664451827243,0.9814210243339551,0.9959055571178744,0.980447604349978,0.8753125255507119
0.799676150821189,0.5189109946943837,0.8075574575542888,0.8573090142932451,0.0,0.8886889460154241,0.523423944476576,0.523423944476576,0.8064516129032258,175.0,gan_leaks_cal_pca,2,WGAN-GP,postmodel,0.9584,0.9735,0.9756071315502568,0.958887756978838,0.9953076576974283,0.978,0.9933,0.9940760462232364,0.978010199346212,0.999399642449856,24.0,0.2353,0.0113638330228651,0.0108608937051187,-0.0002804506456405,0.9490304709141274,20.3406,23.2381,0.1272644650713352,0.1464640432432195,0.0485196773835932,0.905725853094274,0.009253903990746,12.119838056680162,0.9412955465587044,6.499421631000579,1.0,0.0400791830480359,0.0345809589443645,0.0509217169414726,0.0347233382655058,0.0733070305577756,0.1296427325095226,0.0746089273434177,0.0588423533640919,0.086279888701907,0.0299648104289217,0.0575508938511097,0.1031071695372615,0.9799591002044991,0.9800664451827243,0.9814210243339551,0.9959055571178744,0.980447604349978,0.8753125255507119
0.799676150821189,0.5232103156958648,0.8114208882152816,0.8125256551104449,0.6278697277095568,0.8886889460154241,0.1032388663967611,0.0144592249855407,0.8341013824884793,181.0,gan_leaks_cal_vDE,2,WGAN-GP,postmodel,0.9584,0.9735,0.9756071315502568,0.958887756978838,0.9953076576974283,0.978,0.9933,0.9940760462232364,0.978010199346212,0.999399642449856,24.0,0.2353,0.0113638330228651,0.0108608937051187,-0.0002804506456405,0.9490304709141274,20.3406,23.2381,0.1272644650713352,0.1464640432432195,0.0485196773835932,0.905725853094274,0.009253903990746,12.119838056680162,0.9412955465587044,6.499421631000579,1.0,0.0400791830480359,0.0345809589443645,0.0509217169414726,0.0347233382655058,0.0733070305577756,0.1296427325095226,0.0746089273434177,0.0588423533640919,0.086279888701907,0.0299648104289217,0.0575508938511097,0.1031071695372615,0.9799591002044991,0.9800664451827243,0.9814210243339551,0.9959055571178744,0.980447604349978,0.8753125255507119
0.799676150821189,0.5152197969356472,0.8078756894810002,0.8077352067439617,0.6250222459512369,0.8886889460154241,0.1069982648930017,0.012434933487565,0.8110599078341014,176.0,gan_leaks_cal_sDE,2,WGAN-GP,postmodel,0.9584,0.9735,0.9756071315502568,0.958887756978838,0.9953076576974283,0.978,0.9933,0.9940760462232364,0.978010199346212,0.999399642449856,24.0,0.2353,0.0113638330228651,0.0108608937051187,-0.0002804506456405,0.9490304709141274,20.3406,23.2381,0.1272644650713352,0.1464640432432195,0.0485196773835932,0.905725853094274,0.009253903990746,12.119838056680162,0.9412955465587044,6.499421631000579,1.0,0.0400791830480359,0.0345809589443645,0.0509217169414726,0.0347233382655058,0.0733070305577756,0.1296427325095226,0.0746089273434177,0.0588423533640919,0.086279888701907,0.0299648104289217,0.0575508938511097,0.1031071695372615,0.9799591002044991,0.9800664451827243,0.9814210243339551,0.9959055571178744,0.980447604349978,0.8753125255507119
0.799676150821189,0.514074425726388,0.8075941031048595,0.8090057380588188,0.618971347214807,0.8886889460154241,0.1188548293811451,0.0147484094852515,0.8294930875576036,180.0,gan_leaks_cal_dDE,2,WGAN-GP,postmodel,0.9584,0.9735,0.9756071315502568,0.958887756978838,0.9953076576974283,0.978,0.9933,0.9940760462232364,0.978010199346212,0.999399642449856,24.0,0.2353,0.0113638330228651,0.0108608937051187,-0.0002804506456405,0.9490304709141274,20.3406,23.2381,0.1272644650713352,0.1464640432432195,0.0485196773835932,0.905725853094274,0.009253903990746,12.119838056680162,0.9412955465587044,6.499421631000579,1.0,0.0400791830480359,0.0345809589443645,0.0509217169414726,0.0347233382655058,0.0733070305577756,0.1296427325095226,0.0746089273434177,0.0588423533640919,0.086279888701907,0.0299648104289217,0.0575508938511097,0.1031071695372615,0.9799591002044991,0.9800664451827243,0.9814210243339551,0.9959055571178744,0.980447604349978,0.8753125255507119
0.799676150821189,0.5048743468274955,0.8027445431728217,0.8026082833746075,0.6179035415554369,0.8886889460154241,0.0931174089068826,0.0141700404858299,0.8064516129032258,175.0,LOGAN_D1_pca,2,WGAN-GP,postmodel,0.9584,0.9735,0.9756071315502568,0.958887756978838,0.9953076576974283,0.978,0.9933,0.9940760462232364,0.978010199346212,0.999399642449856,24.0,0.2353,0.0113638330228651,0.0108608937051187,-0.0002804506456405,0.9490304709141274,20.3406,23.2381,0.1272644650713352,0.1464640432432195,0.0485196773835932,0.905725853094274,0.009253903990746,12.119838056680162,0.9412955465587044,6.499421631000579,1.0,0.0400791830480359,0.0345809589443645,0.0509217169414726,0.0347233382655058,0.0733070305577756,0.1296427325095226,0.0746089273434177,0.0588423533640919,0.086279888701907,0.0299648104289217,0.0575508938511097,0.1031071695372615,0.9799591002044991,0.9800664451827243,0.9814210243339551,0.9959055571178744,0.980447604349978,0.8753125255507119
0.799676150821189,0.4974406335982241,0.7992758327222723,0.7991288934618097,0.615056059797117,0.8886889460154241,0.0960092539039907,0.0083863504916136,0.815668202764977,177.0,LOGAN_D1_vDE,2,WGAN-GP,postmodel,0.9584,0.9735,0.9756071315502568,0.958887756978838,0.9953076576974283,0.978,0.9933,0.9940760462232364,0.978010199346212,0.999399642449856,24.0,0.2353,0.0113638330228651,0.0108608937051187,-0.0002804506456405,0.9490304709141274,20.3406,23.2381,0.1272644650713352,0.1464640432432195,0.0485196773835932,0.905725853094274,0.009253903990746,12.119838056680162,0.9412955465587044,6.499421631000579,1.0,0.0400791830480359,0.0345809589443645,0.0509217169414726,0.0347233382655058,0.0733070305577756,0.1296427325095226,0.0746089273434177,0.0588423533640919,0.086279888701907,0.0299648104289217,0.0575508938511097,0.1031071695372615,0.9799591002044991,0.9800664451827243,0.9814210243339551,0.9959055571178744,0.980447604349978,0.8753125255507119
0.8006014341892205,0.5059311239414678,0.8003960158633632,0.800201591569784,0.6136323189179569,0.8891745950115711,0.1041064198958935,0.0052053209947946,0.7926267281105991,172.0,LOGAN_D1_sDE,2,WGAN-GP,postmodel,0.9584,0.9735,0.9756071315502568,0.958887756978838,0.9953076576974283,0.978,0.9933,0.9940760462232364,0.978010199346212,0.999399642449856,24.0,0.2353,0.0113638330228651,0.0108608937051187,-0.0002804506456405,0.9490304709141274,20.3406,23.2381,0.1272644650713352,0.1464640432432195,0.0485196773835932,0.905725853094274,0.009253903990746,12.119838056680162,0.9412955465587044,6.499421631000579,1.0,0.0400791830480359,0.0345809589443645,0.0509217169414726,0.0347233382655058,0.0733070305577756,0.1296427325095226,0.0746089273434177,0.0588423533640919,0.086279888701907,0.0299648104289217,0.0575508938511097,0.1031071695372615,0.9799591002044991,0.9800664451827243,0.9814210243339551,0.9959055571178744,0.980447604349978,0.8753125255507119
0.799676150821189,0.5102581932822274,0.804873006662284,0.8047466769693872,0.6168357358960669,0.8886889460154241,0.1075766338924233,0.018796992481203,0.7972350230414746,173.0,LOGAN_D1_dDE,2,WGAN-GP,postmodel,0.9584,0.9735,0.9756071315502568,0.958887756978838,0.9953076576974283,0.978,0.9933,0.9940760462232364,0.978010199346212,0.999399642449856,24.0,0.2353,0.0113638330228651,0.0108608937051187,-0.0002804506456405,0.9490304709141274,20.3406,23.2381,0.1272644650713352,0.1464640432432195,0.0485196773835932,0.905725853094274,0.009253903990746,12.119838056680162,0.9412955465587044,6.499421631000579,1.0,0.0400791830480359,0.0345809589443645,0.0509217169414726,0.0347233382655058,0.0733070305577756,0.1296427325095226,0.0746089273434177,0.0588423533640919,0.086279888701907,0.0299648104289217,0.0575508938511097,0.1031071695372615,0.9799591002044991,0.9800664451827243,0.9814210243339551,0.9959055571178744,0.980447604349978,0.8753125255507119
0.2616238723108952,0.5029841971561039,0.8047345489331537,0.808388366289622,0.1798561151079136,0.1798561151079136,1.0,0.0185024573576178,0.815668202764977,177.0,MC,4,WGAN-GP,postmodel,0.9653,0.9788,0.9800812861456072,0.9656261117519797,0.9959290606394542,0.9769,0.992,0.9918679111146664,0.9768682563355904,0.9986234518073068,24.0,0.2376,0.0151216729944693,0.0159967948418645,-0.0002183343025316,0.9673024523160764,19.8782,23.363,0.1370002648337986,0.1700300839898421,0.0571248821154787,0.9170280427869326,0.00520381613183,12.171668112171147,0.9499855449551894,7.025267418328998,0.9965277777777778,0.0389052883009095,0.0526590338531881,0.0895970384743637,0.0436620854602454,0.0665336788467102,0.1205136116073536,0.04441120766917,0.0706813009538084,0.0712209040978021,0.0534275734177334,0.0537944142264004,0.1357432167535091,0.9881257037567817,0.9866935483870968,0.9881167392986699,0.9973018947602559,0.9884916471482224,0.8508410734922741
0.7999074716631969,0.5110748396560769,0.8089755671548351,0.8087351237525272,0.6202846975088968,0.8888317696954119,0.1069673315987279,0.0202370627348944,0.8110599078341014,176.0,gan_leaks,4,WGAN-GP,postmodel,0.9653,0.9788,0.9800812861456072,0.9656261117519797,0.9959290606394542,0.9769,0.992,0.9918679111146664,0.9768682563355904,0.9986234518073068,24.0,0.2376,0.0151216729944693,0.0159967948418645,-0.0002183343025316,0.9673024523160764,19.8782,23.363,0.1370002648337986,0.1700300839898421,0.0571248821154787,0.9170280427869326,0.00520381613183,12.171668112171147,0.9499855449551894,7.025267418328998,0.9965277777777778,0.0389052883009095,0.0526590338531881,0.0895970384743637,0.0436620854602454,0.0665336788467102,0.1205136116073536,0.04441120766917,0.0706813009538084,0.0712209040978021,0.0534275734177334,0.0537944142264004,0.1357432167535091,0.9881257037567817,0.9866935483870968,0.9881167392986699,0.9973018947602559,0.9884916471482224,0.8508410734922741
0.8001387925052047,0.501662999368261,0.8053413997926413,0.805193573981315,0.6160142348754448,0.8889460154241645,0.1202659728245157,0.0075166233015322,0.815668202764977,177.0,loss_lr,4,WGAN-GP,postmodel,0.9653,0.9788,0.9800812861456072,0.9656261117519797,0.9959290606394542,0.9769,0.992,0.9918679111146664,0.9768682563355904,0.9986234518073068,24.0,0.2376,0.0151216729944693,0.0159967948418645,-0.0002183343025316,0.9673024523160764,19.8782,23.363,0.1370002648337986,0.1700300839898421,0.0571248821154787,0.9170280427869326,0.00520381613183,12.171668112171147,0.9499855449551894,7.025267418328998,0.9965277777777778,0.0389052883009095,0.0526590338531881,0.0895970384743637,0.0436620854602454,0.0665336788467102,0.1205136116073536,0.04441120766917,0.0706813009538084,0.0712209040978021,0.0534275734177334,0.0537944142264004,0.1357432167535091,0.9881257037567817,0.9866935483870968,0.9881167392986699,0.9973018947602559,0.9884916471482224,0.8508410734922741
0.7999074716631969,0.503324660306447,0.801703168172066,0.8015773983213383,0.6202846975088968,0.8888317696954119,0.0945359930615784,0.0127204394333622,0.8202764976958525,178.0,loss_rf,4,WGAN-GP,postmodel,0.9653,0.9788,0.9800812861456072,0.9656261117519797,0.9959290606394542,0.9769,0.992,0.9918679111146664,0.9768682563355904,0.9986234518073068,24.0,0.2376,0.0151216729944693,0.0159967948418645,-0.0002183343025316,0.9673024523160764,19.8782,23.363,0.1370002648337986,0.1700300839898421,0.0571248821154787,0.9170280427869326,0.00520381613183,12.171668112171147,0.9499855449551894,7.025267418328998,0.9965277777777778,0.0389052883009095,0.0526590338531881,0.0895970384743637,0.0436620854602454,0.0665336788467102,0.1205136116073536,0.04441120766917,0.0706813009538084,0.0712209040978021,0.0534275734177334,0.0537944142264004,0.1357432167535091,0.9881257037567817,0.9866935483870968,0.9881167392986699,0.9973018947602559,0.9884916471482224,0.8508410734922741
0.8003701133472125,0.4915655482744959,0.7918641016154766,0.7916338537862342,0.608540925266904,0.8888888888888888,0.0916449840994507,0.0060711188204683,0.7649769585253456,166.0,LOGAN_D1,4,WGAN-GP,postmodel,0.9653,0.9788,0.9800812861456072,0.9656261117519797,0.9959290606394542,0.9769,0.992,0.9918679111146664,0.9768682563355904,0.9986234518073068,24.0,0.2376,0.0151216729944693,0.0159967948418645,-0.0002183343025316,0.9673024523160764,19.8782,23.363,0.1370002648337986,0.1700300839898421,0.0571248821154787,0.9170280427869326,0.00520381613183,12.171668112171147,0.9499855449551894,7.025267418328998,0.9965277777777778,0.0389052883009095,0.0526590338531881,0.0895970384743637,0.0436620854602454,0.0665336788467102,0.1205136116073536,0.04441120766917,0.0706813009538084,0.0712209040978021,0.0534275734177334,0.0537944142264004,0.1357432167535091,0.9881257037567817,0.9866935483870968,0.9881167392986699,0.9973018947602559,0.9884916471482224,0.8508410734922741
0.8003701133472125,0.4963010811838146,0.7986723959191108,0.8705572025437608,0.0,0.8890317603188891,0.7129228100607112,0.7129228100607112,0.815668202764977,177.0,gan_leaks_cal,4,WGAN-GP,postmodel,0.9653,0.9788,0.9800812861456072,0.9656261117519797,0.9959290606394542,0.9769,0.992,0.9918679111146664,0.9768682563355904,0.9986234518073068,24.0,0.2376,0.0151216729944693,0.0159967948418645,-0.0002183343025316,0.9673024523160764,19.8782,23.363,0.1370002648337986,0.1700300839898421,0.0571248821154787,0.9170280427869326,0.00520381613183,12.171668112171147,0.9499855449551894,7.025267418328998,0.9965277777777778,0.0389052883009095,0.0526590338531881,0.0895970384743637,0.0436620854602454,0.0665336788467102,0.1205136116073536,0.04441120766917,0.0706813009538084,0.0712209040978021,0.0534275734177334,0.0537944142264004,0.1357432167535091,0.9881257037567817,0.9866935483870968,0.9881167392986699,0.9973018947602559,0.9884916471482224,0.8508410734922741
0.7999074716631969,0.5244327064126861,0.8177962941358379,0.817696211463956,0.6252669039145907,0.8888317696954119,0.1326973113616652,0.0190806591500433,0.880184331797235,191.0,domias_kde_pca,4,WGAN-GP,postmodel,0.9653,0.9788,0.9800812861456072,0.9656261117519797,0.9959290606394542,0.9769,0.992,0.9918679111146664,0.9768682563355904,0.9986234518073068,24.0,0.2376,0.0151216729944693,0.0159967948418645,-0.0002183343025316,0.9673024523160764,19.8782,23.363,0.1370002648337986,0.1700300839898421,0.0571248821154787,0.9170280427869326,0.00520381613183,12.171668112171147,0.9499855449551894,7.025267418328998,0.9965277777777778,0.0389052883009095,0.0526590338531881,0.0895970384743637,0.0436620854602454,0.0665336788467102,0.1205136116073536,0.04441120766917,0.0706813009538084,0.0712209040978021,0.0534275734177334,0.0537944142264004,0.1357432167535091,0.9881257037567817,0.9866935483870968,0.9881167392986699,0.9973018947602559,0.9884916471482224,0.8508410734922741
0.8001387925052047,0.5294503134603236,0.8215703525504177,0.821486650530125,0.6266903914590747,0.8888888888888888,0.1286498988146863,0.0219716681121711,0.8387096774193549,182.0,domias_kde_vDE,4,WGAN-GP,postmodel,0.9653,0.9788,0.9800812861456072,0.9656261117519797,0.9959290606394542,0.9769,0.992,0.9918679111146664,0.9768682563355904,0.9986234518073068,24.0,0.2376,0.0151216729944693,0.0159967948418645,-0.0002183343025316,0.9673024523160764,19.8782,23.363,0.1370002648337986,0.1700300839898421,0.0571248821154787,0.9170280427869326,0.00520381613183,12.171668112171147,0.9499855449551894,7.025267418328998,0.9965277777777778,0.0389052883009095,0.0526590338531881,0.0895970384743637,0.0436620854602454,0.0665336788467102,0.1205136116073536,0.04441120766917,0.0706813009538084,0.0712209040978021,0.0534275734177334,0.0537944142264004,0.1357432167535091,0.9881257037567817,0.9866935483870968,0.9881167392986699,0.9973018947602559,0.9884916471482224,0.8508410734922741
0.7911172796668979,0.5319198842525671,0.8167445049355656,0.8165037776684503,0.6284697508896797,0.8828337874659401,0.1367447239086441,0.0101185313674472,0.8294930875576036,180.0,domias_kde_sDE,4,WGAN-GP,postmodel,0.9653,0.9788,0.9800812861456072,0.9656261117519797,0.9959290606394542,0.9769,0.992,0.9918679111146664,0.9768682563355904,0.9986234518073068,24.0,0.2376,0.0151216729944693,0.0159967948418645,-0.0002183343025316,0.9673024523160764,19.8782,23.363,0.1370002648337986,0.1700300839898421,0.0571248821154787,0.9170280427869326,0.00520381613183,12.171668112171147,0.9499855449551894,7.025267418328998,0.9965277777777778,0.0389052883009095,0.0526590338531881,0.0895970384743637,0.0436620854602454,0.0665336788467102,0.1205136116073536,0.04441120766917,0.0706813009538084,0.0712209040978021,0.0534275734177334,0.0537944142264004,0.1357432167535091,0.9881257037567817,0.9866935483870968,0.9881167392986699,0.9973018947602559,0.9884916471482224,0.8508410734922741
0.7989821882951654,0.5358886640326364,0.8207010567319939,0.8205587710721396,0.6256227758007118,0.8880875724404379,0.1352992194275802,0.0170569528765539,0.8341013824884793,181.0,domias_kde_dDE,4,WGAN-GP,postmodel,0.9653,0.9788,0.9800812861456072,0.9656261117519797,0.9959290606394542,0.9769,0.992,0.9918679111146664,0.9768682563355904,0.9986234518073068,24.0,0.2376,0.0151216729944693,0.0159967948418645,-0.0002183343025316,0.9673024523160764,19.8782,23.363,0.1370002648337986,0.1700300839898421,0.0571248821154787,0.9170280427869326,0.00520381613183,12.171668112171147,0.9499855449551894,7.025267418328998,0.9965277777777778,0.0389052883009095,0.0526590338531881,0.0895970384743637,0.0436620854602454,0.0665336788467102,0.1205136116073536,0.04441120766917,0.0706813009538084,0.0712209040978021,0.0534275734177334,0.0537944142264004,0.1357432167535091,0.9881257037567817,0.9866935483870968,0.9881167392986699,0.9973018947602559,0.9884916471482224,0.8508410734922741
0.8003701133472125,0.5103201323975031,0.8053742903210436,0.8556036954704936,0.0,0.8890602905257745,0.5244290257299797,0.5244290257299797,0.8571428571428571,186.0,gan_leaks_cal_pca,4,WGAN-GP,postmodel,0.9653,0.9788,0.9800812861456072,0.9656261117519797,0.9959290606394542,0.9769,0.992,0.9918679111146664,0.9768682563355904,0.9986234518073068,24.0,0.2376,0.0151216729944693,0.0159967948418645,-0.0002183343025316,0.9673024523160764,19.8782,23.363,0.1370002648337986,0.1700300839898421,0.0571248821154787,0.9170280427869326,0.00520381613183,12.171668112171147,0.9499855449551894,7.025267418328998,0.9965277777777778,0.0389052883009095,0.0526590338531881,0.0895970384743637,0.0436620854602454,0.0665336788467102,0.1205136116073536,0.04441120766917,0.0706813009538084,0.0712209040978021,0.0534275734177334,0.0537944142264004,0.1357432167535091,0.9881257037567817,0.9866935483870968,0.9881167392986699,0.9973018947602559,0.9884916471482224,0.8508410734922741
0.8001387925052047,0.502957595858362,0.7986778620472339,0.7998385978049194,0.6177935943060499,0.8889460154241645,0.0878866724486845,0.0121422376409366,0.7649769585253456,166.0,gan_leaks_cal_vDE,4,WGAN-GP,postmodel,0.9653,0.9788,0.9800812861456072,0.9656261117519797,0.9959290606394542,0.9769,0.992,0.9918679111146664,0.9768682563355904,0.9986234518073068,24.0,0.2376,0.0151216729944693,0.0159967948418645,-0.0002183343025316,0.9673024523160764,19.8782,23.363,0.1370002648337986,0.1700300839898421,0.0571248821154787,0.9170280427869326,0.00520381613183,12.171668112171147,0.9499855449551894,7.025267418328998,0.9965277777777778,0.0389052883009095,0.0526590338531881,0.0895970384743637,0.0436620854602454,0.0665336788467102,0.1205136116073536,0.04441120766917,0.0706813009538084,0.0712209040978021,0.0534275734177334,0.0537944142264004,0.1357432167535091,0.9881257037567817,0.9866935483870968,0.9881167392986699,0.9973018947602559,0.9884916471482224,0.8508410734922741
0.7999074716631969,0.5194042246206889,0.8084460903214471,0.8082916363242261,0.6220640569395017,0.8888317696954119,0.1049436253252385,0.01040763226366,0.8018433179723502,174.0,gan_leaks_cal_sDE,4,WGAN-GP,postmodel,0.9653,0.9788,0.9800812861456072,0.9656261117519797,0.9959290606394542,0.9769,0.992,0.9918679111146664,0.9768682563355904,0.9986234518073068,24.0,0.2376,0.0151216729944693,0.0159967948418645,-0.0002183343025316,0.9673024523160764,19.8782,23.363,0.1370002648337986,0.1700300839898421,0.0571248821154787,0.9170280427869326,0.00520381613183,12.171668112171147,0.9499855449551894,7.025267418328998,0.9965277777777778,0.0389052883009095,0.0526590338531881,0.0895970384743637,0.0436620854602454,0.0665336788467102,0.1205136116073536,0.04441120766917,0.0706813009538084,0.0712209040978021,0.0534275734177334,0.0537944142264004,0.1357432167535091,0.9881257037567817,0.9866935483870968,0.9881167392986699,0.9973018947602559,0.9884916471482224,0.8508410734922741
0.7999074716631969,0.5045980092191064,0.7986421589986015,0.7995432565999636,0.6188612099644129,0.8888317696954119,0.0942468921653657,0.0075166233015322,0.7741935483870968,168.0,gan_leaks_cal_dDE,4,WGAN-GP,postmodel,0.9653,0.9788,0.9800812861456072,0.9656261117519797,0.9959290606394542,0.9769,0.992,0.9918679111146664,0.9768682563355904,0.9986234518073068,24.0,0.2376,0.0151216729944693,0.0159967948418645,-0.0002183343025316,0.9673024523160764,19.8782,23.363,0.1370002648337986,0.1700300839898421,0.0571248821154787,0.9170280427869326,0.00520381613183,12.171668112171147,0.9499855449551894,7.025267418328998,0.9965277777777778,0.0389052883009095,0.0526590338531881,0.0895970384743637,0.0436620854602454,0.0665336788467102,0.1205136116073536,0.04441120766917,0.0706813009538084,0.0712209040978021,0.0534275734177334,0.0537944142264004,0.1357432167535091,0.9881257037567817,0.9866935483870968,0.9881167392986699,0.9973018947602559,0.9884916471482224,0.8508410734922741
0.8001387925052047,0.5093154733224117,0.7983859924117649,0.7981557009994524,0.6206405693950178,0.8889460154241645,0.0838392599017057,0.00520381613183,0.7511520737327189,163.0,LOGAN_D1_pca,4,WGAN-GP,postmodel,0.9653,0.9788,0.9800812861456072,0.9656261117519797,0.9959290606394542,0.9769,0.992,0.9918679111146664,0.9768682563355904,0.9986234518073068,24.0,0.2376,0.0151216729944693,0.0159967948418645,-0.0002183343025316,0.9673024523160764,19.8782,23.363,0.1370002648337986,0.1700300839898421,0.0571248821154787,0.9170280427869326,0.00520381613183,12.171668112171147,0.9499855449551894,7.025267418328998,0.9965277777777778,0.0389052883009095,0.0526590338531881,0.0895970384743637,0.0436620854602454,0.0665336788467102,0.1205136116073536,0.04441120766917,0.0706813009538084,0.0712209040978021,0.0534275734177334,0.0537944142264004,0.1357432167535091,0.9881257037567817,0.9866935483870968,0.9881167392986699,0.9973018947602559,0.9884916471482224,0.8508410734922741
0.8003701133472125,0.4949566281734177,0.7934144028306593,0.7932045025621545,0.6131672597864769,0.8890888060660583,0.0928013876843018,0.0057820179242555,0.8018433179723502,174.0,LOGAN_D1_vDE,4,WGAN-GP,postmodel,0.9653,0.9788,0.9800812861456072,0.9656261117519797,0.9959290606394542,0.9769,0.992,0.9918679111146664,0.9768682563355904,0.9986234518073068,24.0,0.2376,0.0151216729944693,0.0159967948418645,-0.0002183343025316,0.9673024523160764,19.8782,23.363,0.1370002648337986,0.1700300839898421,0.0571248821154787,0.9170280427869326,0.00520381613183,12.171668112171147,0.9499855449551894,7.025267418328998,0.9965277777777778,0.0389052883009095,0.0526590338531881,0.0895970384743637,0.0436620854602454,0.0665336788467102,0.1205136116073536,0.04441120766917,0.0706813009538084,0.0712209040978021,0.0534275734177334,0.0537944142264004,0.1357432167535091,0.9881257037567817,0.9866935483870968,0.9881167392986699,0.9973018947602559,0.9884916471482224,0.8508410734922741
0.7999074716631969,0.4897228646686583,0.7944444736645024,0.794309121580357,0.6113879003558719,0.8888317696954119,0.089910378722174,0.0112749349522983,0.7880184331797235,171.0,LOGAN_D1_sDE,4,WGAN-GP,postmodel,0.9653,0.9788,0.9800812861456072,0.9656261117519797,0.9959290606394542,0.9769,0.992,0.9918679111146664,0.9768682563355904,0.9986234518073068,24.0,0.2376,0.0151216729944693,0.0159967948418645,-0.0002183343025316,0.9673024523160764,19.8782,23.363,0.1370002648337986,0.1700300839898421,0.0571248821154787,0.9170280427869326,0.00520381613183,12.171668112171147,0.9499855449551894,7.025267418328998,0.9965277777777778,0.0389052883009095,0.0526590338531881,0.0895970384743637,0.0436620854602454,0.0665336788467102,0.1205136116073536,0.04441120766917,0.0706813009538084,0.0712209040978021,0.0534275734177334,0.0537944142264004,0.1357432167535091,0.9881257037567817,0.9866935483870968,0.9881167392986699,0.9973018947602559,0.9884916471482224,0.8508410734922741
0.8001387925052047,0.4968767734198495,0.7969357379872269,0.7967154004790933,0.6120996441281139,0.8889460154241645,0.0971379011274935,0.0069384215091066,0.7557603686635944,164.0,LOGAN_D1_dDE,4,WGAN-GP,postmodel,0.9653,0.9788,0.9800812861456072,0.9656261117519797,0.9959290606394542,0.9769,0.992,0.9918679111146664,0.9768682563355904,0.9986234518073068,24.0,0.2376,0.0151216729944693,0.0159967948418645,-0.0002183343025316,0.9673024523160764,19.8782,23.363,0.1370002648337986,0.1700300839898421,0.0571248821154787,0.9170280427869326,0.00520381613183,12.171668112171147,0.9499855449551894,7.025267418328998,0.9965277777777778,0.0389052883009095,0.0526590338531881,0.0895970384743637,0.0436620854602454,0.0665336788467102,0.1205136116073536,0.04441120766917,0.0706813009538084,0.0712209040978021,0.0534275734177334,0.0537944142264004,0.1357432167535091,0.9881257037567817,0.9866935483870968,0.9881167392986699,0.9973018947602559,0.9884916471482224,0.8508410734922741
0.2553782095766828,0.4926851365853495,0.798801094698195,0.7879059453326975,0.1727062451811873,0.1727062451811873,0.097165991902834,0.0106998264893001,0.7741935483870968,168.0,MC,3,WGAN-GP,postmodel,0.9584,0.9729,0.9791998260900154,0.9584314652741216,0.9951906543897032,0.9723,0.988,0.9883960411037792,0.972187420794746,0.997829695121548,24.0,0.24,0.0176328393685242,0.0181629118722405,-0.0002560159448946,0.9504566841959592,19.7762,23.3183,0.1519308820780683,0.1813720624860435,0.0514538111278603,0.9242336610757664,0.0101214574898785,15.142394447657606,0.9548872180451128,7.407403123192598,0.998843930635838,0.050828597103938,0.0491586537649513,0.0919569323713007,0.0483156154346886,0.0417934999727711,0.1110247238061508,0.0703439250772173,0.0783348563468985,0.1033697271669278,0.0228637527888708,0.0429205691259939,0.1232660646660096,0.9857040008227913,0.9847165991902834,0.990695819660008,0.9973552192876729,0.985850510687148,0.848097845897857
0.799676150821189,0.5089760862806193,0.7995086070449327,0.7993707189287684,0.6196832176543869,0.8886889460154241,0.0867553499132446,0.0106998264893001,0.7972350230414746,173.0,gan_leaks,3,WGAN-GP,postmodel,0.9584,0.9729,0.9791998260900154,0.9584314652741216,0.9951906543897032,0.9723,0.988,0.9883960411037792,0.972187420794746,0.997829695121548,24.0,0.24,0.0176328393685242,0.0181629118722405,-0.0002560159448946,0.9504566841959592,19.7762,23.3183,0.1519308820780683,0.1813720624860435,0.0514538111278603,0.9242336610757664,0.0101214574898785,15.142394447657606,0.9548872180451128,7.407403123192598,0.998843930635838,0.050828597103938,0.0491586537649513,0.0919569323713007,0.0483156154346886,0.0417934999727711,0.1110247238061508,0.0703439250772173,0.0783348563468985,0.1033697271669278,0.0228637527888708,0.0429205691259939,0.1232660646660096,0.9857040008227913,0.9847165991902834,0.990695819660008,0.9973552192876729,0.985850510687148,0.848097845897857
0.799676150821189,0.5091315438440477,0.7999851944197052,0.7996888402108309,0.6193272824345969,0.8886889460154241,0.1046847888953152,0.0037593984962406,0.7926267281105991,172.0,loss_lr,3,WGAN-GP,postmodel,0.9584,0.9729,0.9791998260900154,0.9584314652741216,0.9951906543897032,0.9723,0.988,0.9883960411037792,0.972187420794746,0.997829695121548,24.0,0.24,0.0176328393685242,0.0181629118722405,-0.0002560159448946,0.9504566841959592,19.7762,23.3183,0.1519308820780683,0.1813720624860435,0.0514538111278603,0.9242336610757664,0.0101214574898785,15.142394447657606,0.9548872180451128,7.407403123192598,0.998843930635838,0.050828597103938,0.0491586537649513,0.0919569323713007,0.0483156154346886,0.0417934999727711,0.1110247238061508,0.0703439250772173,0.0783348563468985,0.1033697271669278,0.0228637527888708,0.0429205691259939,0.1232660646660096,0.9857040008227913,0.9847165991902834,0.990695819660008,0.9973552192876729,0.985850510687148,0.848097845897857
0.8006014341892205,0.5143480644697559,0.8059152640482657,0.8056517612925758,0.6193272824345969,0.8891745950115711,0.1142278773857721,0.0083863504916136,0.8064516129032258,175.0,loss_rf,3,WGAN-GP,postmodel,0.9584,0.9729,0.9791998260900154,0.9584314652741216,0.9951906543897032,0.9723,0.988,0.9883960411037792,0.972187420794746,0.997829695121548,24.0,0.24,0.0176328393685242,0.0181629118722405,-0.0002560159448946,0.9504566841959592,19.7762,23.3183,0.1519308820780683,0.1813720624860435,0.0514538111278603,0.9242336610757664,0.0101214574898785,15.142394447657606,0.9548872180451128,7.407403123192598,0.998843930635838,0.050828597103938,0.0491586537649513,0.0919569323713007,0.0483156154346886,0.0417934999727711,0.1110247238061508,0.0703439250772173,0.0783348563468985,0.1033697271669278,0.0228637527888708,0.0429205691259939,0.1232660646660096,0.9857040008227913,0.9847165991902834,0.990695819660008,0.9973552192876729,0.985850510687148,0.848097845897857
0.799676150821189,0.4992502933634665,0.8003739331744946,0.8002002565803448,0.6143441893575369,0.8886889460154241,0.1035280508964719,0.0118565644881434,0.815668202764977,177.0,LOGAN_D1,3,WGAN-GP,postmodel,0.9584,0.9729,0.9791998260900154,0.9584314652741216,0.9951906543897032,0.9723,0.988,0.9883960411037792,0.972187420794746,0.997829695121548,24.0,0.24,0.0176328393685242,0.0181629118722405,-0.0002560159448946,0.9504566841959592,19.7762,23.3183,0.1519308820780683,0.1813720624860435,0.0514538111278603,0.9242336610757664,0.0101214574898785,15.142394447657606,0.9548872180451128,7.407403123192598,0.998843930635838,0.050828597103938,0.0491586537649513,0.0919569323713007,0.0483156154346886,0.0417934999727711,0.1110247238061508,0.0703439250772173,0.0783348563468985,0.1033697271669278,0.0228637527888708,0.0429205691259939,0.1232660646660096,0.9857040008227913,0.9847165991902834,0.990695819660008,0.9973552192876729,0.985850510687148,0.848097845897857
0.8001387925052047,0.5162866035698406,0.8061661477464093,0.8753883091057049,0.0,0.8888888888888888,0.7189126662810873,0.7189126662810873,0.783410138248848,170.0,gan_leaks_cal,3,WGAN-GP,postmodel,0.9584,0.9729,0.9791998260900154,0.9584314652741216,0.9951906543897032,0.9723,0.988,0.9883960411037792,0.972187420794746,0.997829695121548,24.0,0.24,0.0176328393685242,0.0181629118722405,-0.0002560159448946,0.9504566841959592,19.7762,23.3183,0.1519308820780683,0.1813720624860435,0.0514538111278603,0.9242336610757664,0.0101214574898785,15.142394447657606,0.9548872180451128,7.407403123192598,0.998843930635838,0.050828597103938,0.0491586537649513,0.0919569323713007,0.0483156154346886,0.0417934999727711,0.1110247238061508,0.0703439250772173,0.0783348563468985,0.1033697271669278,0.0228637527888708,0.0429205691259939,0.1232660646660096,0.9857040008227913,0.9847165991902834,0.990695819660008,0.9973552192876729,0.985850510687148,0.848097845897857
0.8001387925052047,0.5237331880167292,0.805758526383452,0.8056465828077299,0.6203950880939669,0.8889174595011571,0.0925390399074609,0.0147484094852515,0.7327188940092166,159.0,domias_kde_pca,3,WGAN-GP,postmodel,0.9584,0.9729,0.9791998260900154,0.9584314652741216,0.9951906543897032,0.9723,0.988,0.9883960411037792,0.972187420794746,0.997829695121548,24.0,0.24,0.0176328393685242,0.0181629118722405,-0.0002560159448946,0.9504566841959592,19.7762,23.3183,0.1519308820780683,0.1813720624860435,0.0514538111278603,0.9242336610757664,0.0101214574898785,15.142394447657606,0.9548872180451128,7.407403123192598,0.998843930635838,0.050828597103938,0.0491586537649513,0.0919569323713007,0.0483156154346886,0.0417934999727711,0.1110247238061508,0.0703439250772173,0.0783348563468985,0.1033697271669278,0.0228637527888708,0.0429205691259939,0.1232660646660096,0.9857040008227913,0.9847165991902834,0.990695819660008,0.9973552192876729,0.985850510687148,0.848097845897857
0.8006014341892205,0.5171137046707476,0.8047924527322271,0.8046653201866474,0.6200391528741769,0.8891175713918189,0.0989010989010989,0.0115673799884326,0.8064516129032258,175.0,domias_kde_vDE,3,WGAN-GP,postmodel,0.9584,0.9729,0.9791998260900154,0.9584314652741216,0.9951906543897032,0.9723,0.988,0.9883960411037792,0.972187420794746,0.997829695121548,24.0,0.24,0.0176328393685242,0.0181629118722405,-0.0002560159448946,0.9504566841959592,19.7762,23.3183,0.1519308820780683,0.1813720624860435,0.0514538111278603,0.9242336610757664,0.0101214574898785,15.142394447657606,0.9548872180451128,7.407403123192598,0.998843930635838,0.050828597103938,0.0491586537649513,0.0919569323713007,0.0483156154346886,0.0417934999727711,0.1110247238061508,0.0703439250772173,0.0783348563468985,0.1033697271669278,0.0228637527888708,0.0429205691259939,0.1232660646660096,0.9857040008227913,0.9847165991902834,0.990695819660008,0.9973552192876729,0.985850510687148,0.848097845897857
0.794587092297016,0.5191281338071725,0.8041249874707557,0.8039938763833039,0.6235985050720769,0.8848846253564947,0.0951417004048583,0.0115673799884326,0.7880184331797235,171.0,domias_kde_sDE,3,WGAN-GP,postmodel,0.9584,0.9729,0.9791998260900154,0.9584314652741216,0.9951906543897032,0.9723,0.988,0.9883960411037792,0.972187420794746,0.997829695121548,24.0,0.24,0.0176328393685242,0.0181629118722405,-0.0002560159448946,0.9504566841959592,19.7762,23.3183,0.1519308820780683,0.1813720624860435,0.0514538111278603,0.9242336610757664,0.0101214574898785,15.142394447657606,0.9548872180451128,7.407403123192598,0.998843930635838,0.050828597103938,0.0491586537649513,0.0919569323713007,0.0483156154346886,0.0417934999727711,0.1110247238061508,0.0703439250772173,0.0783348563468985,0.1033697271669278,0.0228637527888708,0.0429205691259939,0.1232660646660096,0.9857040008227913,0.9847165991902834,0.990695819660008,0.9973552192876729,0.985850510687148,0.848097845897857
0.7980569049271339,0.520775482503502,0.8043245400526884,0.8040754154126436,0.6250222459512369,0.8876013904982619,0.1009253903990746,0.0109890109890109,0.8018433179723502,174.0,domias_kde_dDE,3,WGAN-GP,postmodel,0.9584,0.9729,0.9791998260900154,0.9584314652741216,0.9951906543897032,0.9723,0.988,0.9883960411037792,0.972187420794746,0.997829695121548,24.0,0.24,0.0176328393685242,0.0181629118722405,-0.0002560159448946,0.9504566841959592,19.7762,23.3183,0.1519308820780683,0.1813720624860435,0.0514538111278603,0.9242336610757664,0.0101214574898785,15.142394447657606,0.9548872180451128,7.407403123192598,0.998843930635838,0.050828597103938,0.0491586537649513,0.0919569323713007,0.0483156154346886,0.0417934999727711,0.1110247238061508,0.0703439250772173,0.0783348563468985,0.1033697271669278,0.0228637527888708,0.0429205691259939,0.1232660646660096,0.9857040008227913,0.9847165991902834,0.990695819660008,0.9973552192876729,0.985850510687148,0.848097845897857
0.8001387925052047,0.5172039703527382,0.8064573153769197,0.8579575019475616,0.0,0.8889460154241645,0.5361480624638519,0.5361480624638519,0.7649769585253456,166.0,gan_leaks_cal_pca,3,WGAN-GP,postmodel,0.9584,0.9729,0.9791998260900154,0.9584314652741216,0.9951906543897032,0.9723,0.988,0.9883960411037792,0.972187420794746,0.997829695121548,24.0,0.24,0.0176328393685242,0.0181629118722405,-0.0002560159448946,0.9504566841959592,19.7762,23.3183,0.1519308820780683,0.1813720624860435,0.0514538111278603,0.9242336610757664,0.0101214574898785,15.142394447657606,0.9548872180451128,7.407403123192598,0.998843930635838,0.050828597103938,0.0491586537649513,0.0919569323713007,0.0483156154346886,0.0417934999727711,0.1110247238061508,0.0703439250772173,0.0783348563468985,0.1033697271669278,0.0228637527888708,0.0429205691259939,0.1232660646660096,0.9857040008227913,0.9847165991902834,0.990695819660008,0.9973552192876729,0.985850510687148,0.848097845897857
0.8006014341892205,0.5201660219913947,0.8080664047651918,0.8091535119828119,0.6264459868303969,0.8891745950115711,0.1029496818970503,0.0127241179872758,0.8064516129032258,175.0,gan_leaks_cal_vDE,3,WGAN-GP,postmodel,0.9584,0.9729,0.9791998260900154,0.9584314652741216,0.9951906543897032,0.9723,0.988,0.9883960411037792,0.972187420794746,0.997829695121548,24.0,0.24,0.0176328393685242,0.0181629118722405,-0.0002560159448946,0.9504566841959592,19.7762,23.3183,0.1519308820780683,0.1813720624860435,0.0514538111278603,0.9242336610757664,0.0101214574898785,15.142394447657606,0.9548872180451128,7.407403123192598,0.998843930635838,0.050828597103938,0.0491586537649513,0.0919569323713007,0.0483156154346886,0.0417934999727711,0.1110247238061508,0.0703439250772173,0.0783348563468985,0.1033697271669278,0.0228637527888708,0.0429205691259939,0.1232660646660096,0.9857040008227913,0.9847165991902834,0.990695819660008,0.9973552192876729,0.985850510687148,0.848097845897857
0.8003701133472125,0.5154531504394602,0.8112725749522985,0.8111479062900657,0.6196832176543869,0.8890602905257745,0.1122035858877964,0.0153267784846732,0.8433179723502304,183.0,gan_leaks_cal_sDE,3,WGAN-GP,postmodel,0.9584,0.9729,0.9791998260900154,0.9584314652741216,0.9951906543897032,0.9723,0.988,0.9883960411037792,0.972187420794746,0.997829695121548,24.0,0.24,0.0176328393685242,0.0181629118722405,-0.0002560159448946,0.9504566841959592,19.7762,23.3183,0.1519308820780683,0.1813720624860435,0.0514538111278603,0.9242336610757664,0.0101214574898785,15.142394447657606,0.9548872180451128,7.407403123192598,0.998843930635838,0.050828597103938,0.0491586537649513,0.0919569323713007,0.0483156154346886,0.0417934999727711,0.1110247238061508,0.0703439250772173,0.0783348563468985,0.1033697271669278,0.0228637527888708,0.0429205691259939,0.1232660646660096,0.9857040008227913,0.9847165991902834,0.990695819660008,0.9973552192876729,0.985850510687148,0.848097845897857
0.8006014341892205,0.5176222013459616,0.8143223739392501,0.8150890833574336,0.6147001245773269,0.8891175713918189,0.1275303643724696,0.0205320994794679,0.8571428571428571,186.0,gan_leaks_cal_dDE,3,WGAN-GP,postmodel,0.9584,0.9729,0.9791998260900154,0.9584314652741216,0.9951906543897032,0.9723,0.988,0.9883960411037792,0.972187420794746,0.997829695121548,24.0,0.24,0.0176328393685242,0.0181629118722405,-0.0002560159448946,0.9504566841959592,19.7762,23.3183,0.1519308820780683,0.1813720624860435,0.0514538111278603,0.9242336610757664,0.0101214574898785,15.142394447657606,0.9548872180451128,7.407403123192598,0.998843930635838,0.050828597103938,0.0491586537649513,0.0919569323713007,0.0483156154346886,0.0417934999727711,0.1110247238061508,0.0703439250772173,0.0783348563468985,0.1033697271669278,0.0228637527888708,0.0429205691259939,0.1232660646660096,0.9857040008227913,0.9847165991902834,0.990695819660008,0.9973552192876729,0.985850510687148,0.848097845897857
0.799676150821189,0.4865385451177967,0.7995026167092323,0.7993489467277948,0.612564513258587,0.8886889460154241,0.1043956043956044,0.0138808559861191,0.8064516129032258,175.0,LOGAN_D1_pca,3,WGAN-GP,postmodel,0.9584,0.9729,0.9791998260900154,0.9584314652741216,0.9951906543897032,0.9723,0.988,0.9883960411037792,0.972187420794746,0.997829695121548,24.0,0.24,0.0176328393685242,0.0181629118722405,-0.0002560159448946,0.9504566841959592,19.7762,23.3183,0.1519308820780683,0.1813720624860435,0.0514538111278603,0.9242336610757664,0.0101214574898785,15.142394447657606,0.9548872180451128,7.407403123192598,0.998843930635838,0.050828597103938,0.0491586537649513,0.0919569323713007,0.0483156154346886,0.0417934999727711,0.1110247238061508,0.0703439250772173,0.0783348563468985,0.1033697271669278,0.0228637527888708,0.0429205691259939,0.1232660646660096,0.9857040008227913,0.9847165991902834,0.990695819660008,0.9973552192876729,0.985850510687148,0.848097845897857
0.799676150821189,0.5050906501469324,0.8034568311088701,0.8031813056803431,0.6179035415554369,0.8886889460154241,0.1075766338924233,0.0089647194910352,0.8018433179723502,174.0,LOGAN_D1_vDE,3,WGAN-GP,postmodel,0.9584,0.9729,0.9791998260900154,0.9584314652741216,0.9951906543897032,0.9723,0.988,0.9883960411037792,0.972187420794746,0.997829695121548,24.0,0.24,0.0176328393685242,0.0181629118722405,-0.0002560159448946,0.9504566841959592,19.7762,23.3183,0.1519308820780683,0.1813720624860435,0.0514538111278603,0.9242336610757664,0.0101214574898785,15.142394447657606,0.9548872180451128,7.407403123192598,0.998843930635838,0.050828597103938,0.0491586537649513,0.0919569323713007,0.0483156154346886,0.0417934999727711,0.1110247238061508,0.0703439250772173,0.0783348563468985,0.1033697271669278,0.0228637527888708,0.0429205691259939,0.1232660646660096,0.9857040008227913,0.9847165991902834,0.990695819660008,0.9973552192876729,0.985850510687148,0.848097845897857
0.799676150821189,0.5022756981381867,0.8053432108103464,0.8052253972912468,0.6154119950169069,0.8886889460154241,0.108155002891845,0.0150375939849624,0.8433179723502304,183.0,LOGAN_D1_sDE,3,WGAN-GP,postmodel,0.9584,0.9729,0.9791998260900154,0.9584314652741216,0.9951906543897032,0.9723,0.988,0.9883960411037792,0.972187420794746,0.997829695121548,24.0,0.24,0.0176328393685242,0.0181629118722405,-0.0002560159448946,0.9504566841959592,19.7762,23.3183,0.1519308820780683,0.1813720624860435,0.0514538111278603,0.9242336610757664,0.0101214574898785,15.142394447657606,0.9548872180451128,7.407403123192598,0.998843930635838,0.050828597103938,0.0491586537649513,0.0919569323713007,0.0483156154346886,0.0417934999727711,0.1110247238061508,0.0703439250772173,0.0783348563468985,0.1033697271669278,0.0228637527888708,0.0429205691259939,0.1232660646660096,0.9857040008227913,0.9847165991902834,0.990695819660008,0.9973552192876729,0.985850510687148,0.848097845897857
0.799676150821189,0.4933437417465406,0.7956511440913534,0.7954719198431917,0.615767930236697,0.8886889460154241,0.0980335454019664,0.0060728744939271,0.7649769585253456,166.0,LOGAN_D1_dDE,3,WGAN-GP,postmodel,0.9584,0.9729,0.9791998260900154,0.9584314652741216,0.9951906543897032,0.9723,0.988,0.9883960411037792,0.972187420794746,0.997829695121548,24.0,0.24,0.0176328393685242,0.0181629118722405,-0.0002560159448946,0.9504566841959592,19.7762,23.3183,0.1519308820780683,0.1813720624860435,0.0514538111278603,0.9242336610757664,0.0101214574898785,15.142394447657606,0.9548872180451128,7.407403123192598,0.998843930635838,0.050828597103938,0.0491586537649513,0.0919569323713007,0.0483156154346886,0.0417934999727711,0.1110247238061508,0.0703439250772173,0.0783348563468985,0.1033697271669278,0.0228637527888708,0.0429205691259939,0.1232660646660096,0.9857040008227913,0.9847165991902834,0.990695819660008,0.9973552192876729,0.985850510687148,0.848097845897857
0.2588480222068008,0.4980669723640958,0.798684083886037,0.7959641568238508,0.1767728674203494,0.1767728674203494,0.0994507082971957,0.007805724197745,0.7880184331797235,171.0,MC,5,WGAN-GP,postmodel,0.9664,0.9922,0.9917071215653478,0.966476150897926,0.9974240656325548,0.9873,0.996,0.9959832862798534,0.9872851346114964,0.9986860328167556,23.0,0.2091,0.0142311489840901,0.0141620757072409,-0.0002990916531807,0.9480411225340372,19.9562,23.2716,0.1414026569752386,0.1683214708662985,0.0522715018468016,0.93755420641804,0.0069384215091066,14.03209019947962,0.9494073431627638,7.0836657993639776,0.9976851851851852,0.04441273820168,0.0685140782528465,0.0738013942073197,0.0376576026472985,0.0567663656938053,0.119453058733798,0.0437515516901175,0.0700820989663105,0.0951408942457096,0.0611498830012211,0.0604168662267283,0.1180797771072494,0.9788311556770992,0.9961847389558233,0.995706589886184,0.9987363724506675,0.9789230253914855,0.8575345055776139
0.7999074716631969,0.5024660574132965,0.799335786308572,0.7991831213188565,0.6149466192170818,0.8888317696954119,0.0974270020237062,0.0121422376409366,0.7603686635944701,165.0,gan_leaks,5,WGAN-GP,postmodel,0.9664,0.9922,0.9917071215653478,0.966476150897926,0.9974240656325548,0.9873,0.996,0.9959832862798534,0.9872851346114964,0.9986860328167556,23.0,0.2091,0.0142311489840901,0.0141620757072409,-0.0002990916531807,0.9480411225340372,19.9562,23.2716,0.1414026569752386,0.1683214708662985,0.0522715018468016,0.93755420641804,0.0069384215091066,14.03209019947962,0.9494073431627638,7.0836657993639776,0.9976851851851852,0.04441273820168,0.0685140782528465,0.0738013942073197,0.0376576026472985,0.0567663656938053,0.119453058733798,0.0437515516901175,0.0700820989663105,0.0951408942457096,0.0611498830012211,0.0604168662267283,0.1180797771072494,0.9788311556770992,0.9961847389558233,0.995706589886184,0.9987363724506675,0.9789230253914855,0.8575345055776139
0.7999074716631969,0.5048146675875066,0.8080361166516923,0.8078565340714254,0.6138790035587188,0.8888317696954119,0.1254697889563457,0.0069384215091066,0.8571428571428571,186.0,loss_lr,5,WGAN-GP,postmodel,0.9664,0.9922,0.9917071215653478,0.966476150897926,0.9974240656325548,0.9873,0.996,0.9959832862798534,0.9872851346114964,0.9986860328167556,23.0,0.2091,0.0142311489840901,0.0141620757072409,-0.0002990916531807,0.9480411225340372,19.9562,23.2716,0.1414026569752386,0.1683214708662985,0.0522715018468016,0.93755420641804,0.0069384215091066,14.03209019947962,0.9494073431627638,7.0836657993639776,0.9976851851851852,0.04441273820168,0.0685140782528465,0.0738013942073197,0.0376576026472985,0.0567663656938053,0.119453058733798,0.0437515516901175,0.0700820989663105,0.0951408942457096,0.0611498830012211,0.0604168662267283,0.1180797771072494,0.9788311556770992,0.9961847389558233,0.995706589886184,0.9987363724506675,0.9789230253914855,0.8575345055776139
0.7999074716631969,0.5050860342852248,0.8103071032762809,0.8101814665179489,0.6170818505338078,0.8888317696954119,0.1222896790980052,0.0161896501879155,0.847926267281106,184.0,loss_rf,5,WGAN-GP,postmodel,0.9664,0.9922,0.9917071215653478,0.966476150897926,0.9974240656325548,0.9873,0.996,0.9959832862798534,0.9872851346114964,0.9986860328167556,23.0,0.2091,0.0142311489840901,0.0141620757072409,-0.0002990916531807,0.9480411225340372,19.9562,23.2716,0.1414026569752386,0.1683214708662985,0.0522715018468016,0.93755420641804,0.0069384215091066,14.03209019947962,0.9494073431627638,7.0836657993639776,0.9976851851851852,0.04441273820168,0.0685140782528465,0.0738013942073197,0.0376576026472985,0.0567663656938053,0.119453058733798,0.0437515516901175,0.0700820989663105,0.0951408942457096,0.0611498830012211,0.0604168662267283,0.1180797771072494,0.9788311556770992,0.9961847389558233,0.995706589886184,0.9987363724506675,0.9789230253914855,0.8575345055776139
0.8003701133472125,0.5058228400415449,0.8027780544620747,0.8026525483415279,0.6202846975088968,0.8890602905257745,0.1026308181555362,0.0124313385371494,0.7788018433179723,169.0,LOGAN_D1,5,WGAN-GP,postmodel,0.9664,0.9922,0.9917071215653478,0.966476150897926,0.9974240656325548,0.9873,0.996,0.9959832862798534,0.9872851346114964,0.9986860328167556,23.0,0.2091,0.0142311489840901,0.0141620757072409,-0.0002990916531807,0.9480411225340372,19.9562,23.2716,0.1414026569752386,0.1683214708662985,0.0522715018468016,0.93755420641804,0.0069384215091066,14.03209019947962,0.9494073431627638,7.0836657993639776,0.9976851851851852,0.04441273820168,0.0685140782528465,0.0738013942073197,0.0376576026472985,0.0567663656938053,0.119453058733798,0.0437515516901175,0.0700820989663105,0.0951408942457096,0.0611498830012211,0.0604168662267283,0.1180797771072494,0.9788311556770992,0.9961847389558233,0.995706589886184,0.9987363724506675,0.9789230253914855,0.8575345055776139
0.7999074716631969,0.5120533993447047,0.8046667655541317,0.8735848026162168,0.0,0.8888317696954119,0.7085862966175195,0.7085862966175195,0.783410138248848,170.0,gan_leaks_cal,5,WGAN-GP,postmodel,0.9664,0.9922,0.9917071215653478,0.966476150897926,0.9974240656325548,0.9873,0.996,0.9959832862798534,0.9872851346114964,0.9986860328167556,23.0,0.2091,0.0142311489840901,0.0141620757072409,-0.0002990916531807,0.9480411225340372,19.9562,23.2716,0.1414026569752386,0.1683214708662985,0.0522715018468016,0.93755420641804,0.0069384215091066,14.03209019947962,0.9494073431627638,7.0836657993639776,0.9976851851851852,0.04441273820168,0.0685140782528465,0.0738013942073197,0.0376576026472985,0.0567663656938053,0.119453058733798,0.0437515516901175,0.0700820989663105,0.0951408942457096,0.0611498830012211,0.0604168662267283,0.1180797771072494,0.9788311556770992,0.9961847389558233,0.995706589886184,0.9987363724506675,0.9789230253914855,0.8575345055776139
0.8003701133472125,0.519773965928924,0.803753826568666,0.8035802866463524,0.6202846975088968,0.8890888060660583,0.0878866724486845,0.0095403295750216,0.7880184331797235,171.0,domias_kde_pca,5,WGAN-GP,postmodel,0.9664,0.9922,0.9917071215653478,0.966476150897926,0.9974240656325548,0.9873,0.996,0.9959832862798534,0.9872851346114964,0.9986860328167556,23.0,0.2091,0.0142311489840901,0.0141620757072409,-0.0002990916531807,0.9480411225340372,19.9562,23.2716,0.1414026569752386,0.1683214708662985,0.0522715018468016,0.93755420641804,0.0069384215091066,14.03209019947962,0.9494073431627638,7.0836657993639776,0.9976851851851852,0.04441273820168,0.0685140782528465,0.0738013942073197,0.0376576026472985,0.0567663656938053,0.119453058733798,0.0437515516901175,0.0700820989663105,0.0951408942457096,0.0611498830012211,0.0604168662267283,0.1180797771072494,0.9788311556770992,0.9961847389558233,0.995706589886184,0.9987363724506675,0.9789230253914855,0.8575345055776139
0.8003701133472125,0.5161804484811495,0.8047721576469848,0.8046225140986384,0.6149466192170818,0.8890602905257745,0.1141948540040474,0.0092512286788089,0.7926267281105991,172.0,domias_kde_vDE,5,WGAN-GP,postmodel,0.9664,0.9922,0.9917071215653478,0.966476150897926,0.9974240656325548,0.9873,0.996,0.9959832862798534,0.9872851346114964,0.9986860328167556,23.0,0.2091,0.0142311489840901,0.0141620757072409,-0.0002990916531807,0.9480411225340372,19.9562,23.2716,0.1414026569752386,0.1683214708662985,0.0522715018468016,0.93755420641804,0.0069384215091066,14.03209019947962,0.9494073431627638,7.0836657993639776,0.9976851851851852,0.04441273820168,0.0685140782528465,0.0738013942073197,0.0376576026472985,0.0567663656938053,0.119453058733798,0.0437515516901175,0.0700820989663105,0.0951408942457096,0.0611498830012211,0.0604168662267283,0.1180797771072494,0.9788311556770992,0.9961847389558233,0.995706589886184,0.9987363724506675,0.9789230253914855,0.8575345055776139
0.796206338191071,0.508248911856349,0.8035667383409099,0.8034490564246599,0.6177935943060499,0.8863665677802142,0.0945359930615784,0.0115640358485111,0.7880184331797235,171.0,domias_kde_sDE,5,WGAN-GP,postmodel,0.9664,0.9922,0.9917071215653478,0.966476150897926,0.9974240656325548,0.9873,0.996,0.9959832862798534,0.9872851346114964,0.9986860328167556,23.0,0.2091,0.0142311489840901,0.0141620757072409,-0.0002990916531807,0.9480411225340372,19.9562,23.2716,0.1414026569752386,0.1683214708662985,0.0522715018468016,0.93755420641804,0.0069384215091066,14.03209019947962,0.9494073431627638,7.0836657993639776,0.9976851851851852,0.04441273820168,0.0685140782528465,0.0738013942073197,0.0376576026472985,0.0567663656938053,0.119453058733798,0.0437515516901175,0.0700820989663105,0.0951408942457096,0.0611498830012211,0.0604168662267283,0.1180797771072494,0.9788311556770992,0.9961847389558233,0.995706589886184,0.9987363724506675,0.9789230253914855,0.8575345055776139
0.799676150821189,0.5146675205850545,0.8035288999300749,0.8033877146400129,0.6209964412811388,0.8886316872427984,0.1037872217403873,0.0138768430182133,0.783410138248848,170.0,domias_kde_dDE,5,WGAN-GP,postmodel,0.9664,0.9922,0.9917071215653478,0.966476150897926,0.9974240656325548,0.9873,0.996,0.9959832862798534,0.9872851346114964,0.9986860328167556,23.0,0.2091,0.0142311489840901,0.0141620757072409,-0.0002990916531807,0.9480411225340372,19.9562,23.2716,0.1414026569752386,0.1683214708662985,0.0522715018468016,0.93755420641804,0.0069384215091066,14.03209019947962,0.9494073431627638,7.0836657993639776,0.9976851851851852,0.04441273820168,0.0685140782528465,0.0738013942073197,0.0376576026472985,0.0567663656938053,0.119453058733798,0.0437515516901175,0.0700820989663105,0.0951408942457096,0.0611498830012211,0.0604168662267283,0.1180797771072494,0.9788311556770992,0.9961847389558233,0.995706589886184,0.9987363724506675,0.9789230253914855,0.8575345055776139
0.8003701133472125,0.5127095646890024,0.8059353309710175,0.8568700212984485,0.0,0.8890602905257745,0.531945649031512,0.531945649031512,0.8202764976958525,178.0,gan_leaks_cal_pca,5,WGAN-GP,postmodel,0.9664,0.9922,0.9917071215653478,0.966476150897926,0.9974240656325548,0.9873,0.996,0.9959832862798534,0.9872851346114964,0.9986860328167556,23.0,0.2091,0.0142311489840901,0.0141620757072409,-0.0002990916531807,0.9480411225340372,19.9562,23.2716,0.1414026569752386,0.1683214708662985,0.0522715018468016,0.93755420641804,0.0069384215091066,14.03209019947962,0.9494073431627638,7.0836657993639776,0.9976851851851852,0.04441273820168,0.0685140782528465,0.0738013942073197,0.0376576026472985,0.0567663656938053,0.119453058733798,0.0437515516901175,0.0700820989663105,0.0951408942457096,0.0611498830012211,0.0604168662267283,0.1180797771072494,0.9788311556770992,0.9961847389558233,0.995706589886184,0.9987363724506675,0.9789230253914855,0.8575345055776139
0.8003701133472125,0.5212019035152528,0.8109400478508841,0.8117385582254287,0.6241992882562277,0.8890888060660583,0.1037872217403873,0.0124313385371494,0.847926267281106,184.0,gan_leaks_cal_vDE,5,WGAN-GP,postmodel,0.9664,0.9922,0.9917071215653478,0.966476150897926,0.9974240656325548,0.9873,0.996,0.9959832862798534,0.9872851346114964,0.9986860328167556,23.0,0.2091,0.0142311489840901,0.0141620757072409,-0.0002990916531807,0.9480411225340372,19.9562,23.2716,0.1414026569752386,0.1683214708662985,0.0522715018468016,0.93755420641804,0.0069384215091066,14.03209019947962,0.9494073431627638,7.0836657993639776,0.9976851851851852,0.04441273820168,0.0685140782528465,0.0738013942073197,0.0376576026472985,0.0567663656938053,0.119453058733798,0.0437515516901175,0.0700820989663105,0.0951408942457096,0.0611498830012211,0.0604168662267283,0.1180797771072494,0.9788311556770992,0.9961847389558233,0.995706589886184,0.9987363724506675,0.9789230253914855,0.8575345055776139
0.7999074716631969,0.5137252658122129,0.8111479618580115,0.8110190953662078,0.6167259786476869,0.8888317696954119,0.1170858629661752,0.0159005492917028,0.8248847926267281,179.0,gan_leaks_cal_sDE,5,WGAN-GP,postmodel,0.9664,0.9922,0.9917071215653478,0.966476150897926,0.9974240656325548,0.9873,0.996,0.9959832862798534,0.9872851346114964,0.9986860328167556,23.0,0.2091,0.0142311489840901,0.0141620757072409,-0.0002990916531807,0.9480411225340372,19.9562,23.2716,0.1414026569752386,0.1683214708662985,0.0522715018468016,0.93755420641804,0.0069384215091066,14.03209019947962,0.9494073431627638,7.0836657993639776,0.9976851851851852,0.04441273820168,0.0685140782528465,0.0738013942073197,0.0376576026472985,0.0567663656938053,0.119453058733798,0.0437515516901175,0.0700820989663105,0.0951408942457096,0.0611498830012211,0.0604168662267283,0.1180797771072494,0.9788311556770992,0.9961847389558233,0.995706589886184,0.9987363724506675,0.9789230253914855,0.8575345055776139
0.8001387925052047,0.5230305336053023,0.814874536424939,0.8154222791809206,0.6266903914590747,0.8889460154241645,0.1150621566926857,0.0228389708008094,0.8248847926267281,179.0,gan_leaks_cal_dDE,5,WGAN-GP,postmodel,0.9664,0.9922,0.9917071215653478,0.966476150897926,0.9974240656325548,0.9873,0.996,0.9959832862798534,0.9872851346114964,0.9986860328167556,23.0,0.2091,0.0142311489840901,0.0141620757072409,-0.0002990916531807,0.9480411225340372,19.9562,23.2716,0.1414026569752386,0.1683214708662985,0.0522715018468016,0.93755420641804,0.0069384215091066,14.03209019947962,0.9494073431627638,7.0836657993639776,0.9976851851851852,0.04441273820168,0.0685140782528465,0.0738013942073197,0.0376576026472985,0.0567663656938053,0.119453058733798,0.0437515516901175,0.0700820989663105,0.0951408942457096,0.0611498830012211,0.0604168662267283,0.1180797771072494,0.9788311556770992,0.9961847389558233,0.995706589886184,0.9987363724506675,0.9789230253914855,0.8575345055776139
0.7999074716631969,0.4955664503763665,0.7937682757141156,0.7936003007504773,0.6120996441281139,0.8888317696954119,0.0829719572130673,0.007805724197745,0.7419354838709677,161.0,LOGAN_D1_pca,5,WGAN-GP,postmodel,0.9664,0.9922,0.9917071215653478,0.966476150897926,0.9974240656325548,0.9873,0.996,0.9959832862798534,0.9872851346114964,0.9986860328167556,23.0,0.2091,0.0142311489840901,0.0141620757072409,-0.0002990916531807,0.9480411225340372,19.9562,23.2716,0.1414026569752386,0.1683214708662985,0.0522715018468016,0.93755420641804,0.0069384215091066,14.03209019947962,0.9494073431627638,7.0836657993639776,0.9976851851851852,0.04441273820168,0.0685140782528465,0.0738013942073197,0.0376576026472985,0.0567663656938053,0.119453058733798,0.0437515516901175,0.0700820989663105,0.0951408942457096,0.0611498830012211,0.0604168662267283,0.1180797771072494,0.9788311556770992,0.9961847389558233,0.995706589886184,0.9987363724506675,0.9789230253914855,0.8575345055776139
0.7999074716631969,0.4984127892347393,0.8062530313918127,0.8061365951096562,0.6131672597864769,0.8888317696954119,0.1196877710320902,0.0153223474992772,0.8341013824884793,181.0,LOGAN_D1_vDE,5,WGAN-GP,postmodel,0.9664,0.9922,0.9917071215653478,0.966476150897926,0.9974240656325548,0.9873,0.996,0.9959832862798534,0.9872851346114964,0.9986860328167556,23.0,0.2091,0.0142311489840901,0.0141620757072409,-0.0002990916531807,0.9480411225340372,19.9562,23.2716,0.1414026569752386,0.1683214708662985,0.0522715018468016,0.93755420641804,0.0069384215091066,14.03209019947962,0.9494073431627638,7.0836657993639776,0.9976851851851852,0.04441273820168,0.0685140782528465,0.0738013942073197,0.0376576026472985,0.0567663656938053,0.119453058733798,0.0437515516901175,0.0700820989663105,0.0951408942457096,0.0611498830012211,0.0604168662267283,0.1180797771072494,0.9788311556770992,0.9961847389558233,0.995706589886184,0.9987363724506675,0.9789230253914855,0.8575345055776139
0.7999074716631969,0.5073131819301232,0.8039306973705952,0.8037151493346872,0.6153024911032029,0.8888317696954119,0.100318010985834,0.0106967331598727,0.815668202764977,177.0,LOGAN_D1_sDE,5,WGAN-GP,postmodel,0.9664,0.9922,0.9917071215653478,0.966476150897926,0.9974240656325548,0.9873,0.996,0.9959832862798534,0.9872851346114964,0.9986860328167556,23.0,0.2091,0.0142311489840901,0.0141620757072409,-0.0002990916531807,0.9480411225340372,19.9562,23.2716,0.1414026569752386,0.1683214708662985,0.0522715018468016,0.93755420641804,0.0069384215091066,14.03209019947962,0.9494073431627638,7.0836657993639776,0.9976851851851852,0.04441273820168,0.0685140782528465,0.0738013942073197,0.0376576026472985,0.0567663656938053,0.119453058733798,0.0437515516901175,0.0700820989663105,0.0951408942457096,0.0611498830012211,0.0604168662267283,0.1180797771072494,0.9788311556770992,0.9961847389558233,0.995706589886184,0.9987363724506675,0.9789230253914855,0.8575345055776139
0.7999074716631969,0.50172824783442,0.8002974641229721,0.8001349361026396,0.6167259786476869,0.8888317696954119,0.1011853136744724,0.0066493206128939,0.8110599078341014,176.0,LOGAN_D1_dDE,5,WGAN-GP,postmodel,0.9664,0.9922,0.9917071215653478,0.966476150897926,0.9974240656325548,0.9873,0.996,0.9959832862798534,0.9872851346114964,0.9986860328167556,23.0,0.2091,0.0142311489840901,0.0141620757072409,-0.0002990916531807,0.9480411225340372,19.9562,23.2716,0.1414026569752386,0.1683214708662985,0.0522715018468016,0.93755420641804,0.0069384215091066,14.03209019947962,0.9494073431627638,7.0836657993639776,0.9976851851851852,0.04441273820168,0.0685140782528465,0.0738013942073197,0.0376576026472985,0.0567663656938053,0.119453058733798,0.0437515516901175,0.0700820989663105,0.0951408942457096,0.0611498830012211,0.0604168662267283,0.1180797771072494,0.9788311556770992,0.9961847389558233,0.995706589886184,0.9987363724506675,0.9789230253914855,0.8575345055776139
0.2632431182049503,0.504536017678701,0.8004493298429786,0.8070596779612411,0.1814443587766641,0.1814443587766641,1.0,0.0095430884904569,0.7972350230414746,173.0,MC,3,CVAE-GMM,postmodel,0.9676,0.9763,0.977550672271578,0.967775185081798,0.994849401589415,0.9723,0.988,0.9883960411037792,0.972187420794746,0.997829695121548,38.0,0.3486,0.0296834847168901,0.0303063082064868,-0.0002560159448946,0.8135384615384615,15.905,23.3183,0.610864428633777,0.6653426104839695,0.0514538111278603,1.0,0.001445922498554,26.98652400231348,0.9997108155002892,10.218796992481202,1.0,0.096728113818301,0.078703966899466,0.0885910489861454,0.0568972288741844,0.0822971730581698,0.1808261605027155,0.1015731025807312,0.1063237047064554,0.121254886860561,0.0490703892580732,0.0641232382705818,0.1360368738091922,0.9951661009976345,0.988157894736842,0.9890273044597692,0.9970132242538945,0.9954615379518684,0.6820823130331113
0.7999074716631969,0.5394310587495863,0.8147547181121741,0.8146457836440149,0.6275137924897669,0.8887173549466101,0.1191440138808559,0.0147484094852515,0.8202764976958525,178.0,gan_leaks,3,CVAE-GMM,postmodel,0.9676,0.9763,0.977550672271578,0.967775185081798,0.994849401589415,0.9723,0.988,0.9883960411037792,0.972187420794746,0.997829695121548,38.0,0.3486,0.0296834847168901,0.0303063082064868,-0.0002560159448946,0.8135384615384615,15.905,23.3183,0.610864428633777,0.6653426104839695,0.0514538111278603,1.0,0.001445922498554,26.98652400231348,0.9997108155002892,10.218796992481202,1.0,0.096728113818301,0.078703966899466,0.0885910489861454,0.0568972288741844,0.0822971730581698,0.1808261605027155,0.1015731025807312,0.1063237047064554,0.121254886860561,0.0490703892580732,0.0641232382705818,0.1360368738091922,0.9951661009976345,0.988157894736842,0.9890273044597692,0.9970132242538945,0.9954615379518684,0.6820823130331113
0.799676150821189,0.505201643504047,0.8003937921362038,0.8001686288893359,0.6161238654564869,0.8886889460154241,0.1043956043956044,0.004626951995373,0.8018433179723502,174.0,loss_lr,3,CVAE-GMM,postmodel,0.9676,0.9763,0.977550672271578,0.967775185081798,0.994849401589415,0.9723,0.988,0.9883960411037792,0.972187420794746,0.997829695121548,38.0,0.3486,0.0296834847168901,0.0303063082064868,-0.0002560159448946,0.8135384615384615,15.905,23.3183,0.610864428633777,0.6653426104839695,0.0514538111278603,1.0,0.001445922498554,26.98652400231348,0.9997108155002892,10.218796992481202,1.0,0.096728113818301,0.078703966899466,0.0885910489861454,0.0568972288741844,0.0822971730581698,0.1808261605027155,0.1015731025807312,0.1063237047064554,0.121254886860561,0.0490703892580732,0.0641232382705818,0.1360368738091922,0.9951661009976345,0.988157894736842,0.9890273044597692,0.9970132242538945,0.9954615379518684,0.6820823130331113
0.8003701133472125,0.5102167379319797,0.80472706318697,0.8045540161703957,0.615767930236697,0.8890602905257745,0.1090225563909774,0.0080971659919028,0.7972350230414746,173.0,loss_rf,3,CVAE-GMM,postmodel,0.9676,0.9763,0.977550672271578,0.967775185081798,0.994849401589415,0.9723,0.988,0.9883960411037792,0.972187420794746,0.997829695121548,38.0,0.3486,0.0296834847168901,0.0303063082064868,-0.0002560159448946,0.8135384615384615,15.905,23.3183,0.610864428633777,0.6653426104839695,0.0514538111278603,1.0,0.001445922498554,26.98652400231348,0.9997108155002892,10.218796992481202,1.0,0.096728113818301,0.078703966899466,0.0885910489861454,0.0568972288741844,0.0822971730581698,0.1808261605027155,0.1015731025807312,0.1063237047064554,0.121254886860561,0.0490703892580732,0.0641232382705818,0.1360368738091922,0.9951661009976345,0.988157894736842,0.9890273044597692,0.9970132242538945,0.9954615379518684,0.6820823130331113
0.799676150821189,0.5014211830153418,0.8000644824086022,0.7997969990799871,0.615056059797117,0.8886889460154241,0.0974551764025448,0.0109890109890109,0.8018433179723502,174.0,LOGAN_D1,3,CVAE-GMM,postmodel,0.9676,0.9763,0.977550672271578,0.967775185081798,0.994849401589415,0.9723,0.988,0.9883960411037792,0.972187420794746,0.997829695121548,38.0,0.3486,0.0296834847168901,0.0303063082064868,-0.0002560159448946,0.8135384615384615,15.905,23.3183,0.610864428633777,0.6653426104839695,0.0514538111278603,1.0,0.001445922498554,26.98652400231348,0.9997108155002892,10.218796992481202,1.0,0.096728113818301,0.078703966899466,0.0885910489861454,0.0568972288741844,0.0822971730581698,0.1808261605027155,0.1015731025807312,0.1063237047064554,0.121254886860561,0.0490703892580732,0.0641232382705818,0.1360368738091922,0.9951661009976345,0.988157894736842,0.9890273044597692,0.9970132242538945,0.9954615379518684,0.6820823130331113
0.799676150821189,0.5182878271713076,0.8060049596842582,0.8933152310782649,0.0,0.8886889460154241,0.9010989010989012,0.9010989010989012,0.8387096774193549,182.0,gan_leaks_cal,3,CVAE-GMM,postmodel,0.9676,0.9763,0.977550672271578,0.967775185081798,0.994849401589415,0.9723,0.988,0.9883960411037792,0.972187420794746,0.997829695121548,38.0,0.3486,0.0296834847168901,0.0303063082064868,-0.0002560159448946,0.8135384615384615,15.905,23.3183,0.610864428633777,0.6653426104839695,0.0514538111278603,1.0,0.001445922498554,26.98652400231348,0.9997108155002892,10.218796992481202,1.0,0.096728113818301,0.078703966899466,0.0885910489861454,0.0568972288741844,0.0822971730581698,0.1808261605027155,0.1015731025807312,0.1063237047064554,0.121254886860561,0.0490703892580732,0.0641232382705818,0.1360368738091922,0.9951661009976345,0.988157894736842,0.9890273044597692,0.9970132242538945,0.9954615379518684,0.6820823130331113
0.3895442979412445,0.509744347529562,0.8044910386417055,0.8073453000242784,0.4469554300062774,0.4473298429319371,0.1084441873915558,0.0101214574898785,0.8064516129032258,175.0,domias_kde_pca,3,CVAE-GMM,postmodel,0.9676,0.9763,0.977550672271578,0.967775185081798,0.994849401589415,0.9723,0.988,0.9883960411037792,0.972187420794746,0.997829695121548,38.0,0.3486,0.0296834847168901,0.0303063082064868,-0.0002560159448946,0.8135384615384615,15.905,23.3183,0.610864428633777,0.6653426104839695,0.0514538111278603,1.0,0.001445922498554,26.98652400231348,0.9997108155002892,10.218796992481202,1.0,0.096728113818301,0.078703966899466,0.0885910489861454,0.0568972288741844,0.0822971730581698,0.1808261605027155,0.1015731025807312,0.1063237047064554,0.121254886860561,0.0490703892580732,0.0641232382705818,0.1360368738091922,0.9951661009976345,0.988157894736842,0.9890273044597692,0.9970132242538945,0.9954615379518684,0.6820823130331113
0.2947027527180199,0.499845211071253,0.8025387937616474,0.8017513579271669,0.2624456259062349,0.2626360338573156,0.1015037593984962,0.0144592249855407,0.8202764976958525,178.0,domias_kde_vDE,3,CVAE-GMM,postmodel,0.9676,0.9763,0.977550672271578,0.967775185081798,0.994849401589415,0.9723,0.988,0.9883960411037792,0.972187420794746,0.997829695121548,38.0,0.3486,0.0296834847168901,0.0303063082064868,-0.0002560159448946,0.8135384615384615,15.905,23.3183,0.610864428633777,0.6653426104839695,0.0514538111278603,1.0,0.001445922498554,26.98652400231348,0.9997108155002892,10.218796992481202,1.0,0.096728113818301,0.078703966899466,0.0885910489861454,0.0568972288741844,0.0822971730581698,0.1808261605027155,0.1015731025807312,0.1063237047064554,0.121254886860561,0.0490703892580732,0.0641232382705818,0.1360368738091922,0.9951661009976345,0.988157894736842,0.9890273044597692,0.9970132242538945,0.9954615379518684,0.6820823130331113
0.2401110340041637,0.5067182741201604,0.8012979923622594,0.8183902407756479,0.1157469717362045,0.1157469717362045,1.0,0.009253903990746,0.8248847926267281,179.0,domias_kde_sDE,3,CVAE-GMM,postmodel,0.9676,0.9763,0.977550672271578,0.967775185081798,0.994849401589415,0.9723,0.988,0.9883960411037792,0.972187420794746,0.997829695121548,38.0,0.3486,0.0296834847168901,0.0303063082064868,-0.0002560159448946,0.8135384615384615,15.905,23.3183,0.610864428633777,0.6653426104839695,0.0514538111278603,1.0,0.001445922498554,26.98652400231348,0.9997108155002892,10.218796992481202,1.0,0.096728113818301,0.078703966899466,0.0885910489861454,0.0568972288741844,0.0822971730581698,0.1808261605027155,0.1015731025807312,0.1063237047064554,0.121254886860561,0.0490703892580732,0.0641232382705818,0.1360368738091922,0.9951661009976345,0.988157894736842,0.9890273044597692,0.9970132242538945,0.9954615379518684,0.6820823130331113
0.3104325699745547,0.4948894579712956,0.8030054446773087,0.7979568219921892,0.304641940751108,0.304641940751108,0.1098901098901098,0.0098322729901677,0.8294930875576036,180.0,domias_kde_dDE,3,CVAE-GMM,postmodel,0.9676,0.9763,0.977550672271578,0.967775185081798,0.994849401589415,0.9723,0.988,0.9883960411037792,0.972187420794746,0.997829695121548,38.0,0.3486,0.0296834847168901,0.0303063082064868,-0.0002560159448946,0.8135384615384615,15.905,23.3183,0.610864428633777,0.6653426104839695,0.0514538111278603,1.0,0.001445922498554,26.98652400231348,0.9997108155002892,10.218796992481202,1.0,0.096728113818301,0.078703966899466,0.0885910489861454,0.0568972288741844,0.0822971730581698,0.1808261605027155,0.1015731025807312,0.1063237047064554,0.121254886860561,0.0490703892580732,0.0641232382705818,0.1360368738091922,0.9951661009976345,0.988157894736842,0.9890273044597692,0.9970132242538945,0.9954615379518684,0.6820823130331113
0.799676150821189,0.5426244579880115,0.815151993367201,0.8838729596023083,0.0,0.8886889460154241,0.7498554077501446,0.7498554077501446,0.8248847926267281,179.0,gan_leaks_cal_pca,3,CVAE-GMM,postmodel,0.9676,0.9763,0.977550672271578,0.967775185081798,0.994849401589415,0.9723,0.988,0.9883960411037792,0.972187420794746,0.997829695121548,38.0,0.3486,0.0296834847168901,0.0303063082064868,-0.0002560159448946,0.8135384615384615,15.905,23.3183,0.610864428633777,0.6653426104839695,0.0514538111278603,1.0,0.001445922498554,26.98652400231348,0.9997108155002892,10.218796992481202,1.0,0.096728113818301,0.078703966899466,0.0885910489861454,0.0568972288741844,0.0822971730581698,0.1808261605027155,0.1015731025807312,0.1063237047064554,0.121254886860561,0.0490703892580732,0.0641232382705818,0.1360368738091922,0.9951661009976345,0.988157894736842,0.9890273044597692,0.9970132242538945,0.9954615379518684,0.6820823130331113
0.8001387925052047,0.5679284360300485,0.8336530039913503,0.8389849250224031,0.6421071365011568,0.8889460154241645,0.1599190283400809,0.082995951417004,0.8617511520737328,187.0,gan_leaks_cal_vDE,3,CVAE-GMM,postmodel,0.9676,0.9763,0.977550672271578,0.967775185081798,0.994849401589415,0.9723,0.988,0.9883960411037792,0.972187420794746,0.997829695121548,38.0,0.3486,0.0296834847168901,0.0303063082064868,-0.0002560159448946,0.8135384615384615,15.905,23.3183,0.610864428633777,0.6653426104839695,0.0514538111278603,1.0,0.001445922498554,26.98652400231348,0.9997108155002892,10.218796992481202,1.0,0.096728113818301,0.078703966899466,0.0885910489861454,0.0568972288741844,0.0822971730581698,0.1808261605027155,0.1015731025807312,0.1063237047064554,0.121254886860561,0.0490703892580732,0.0641232382705818,0.1360368738091922,0.9951661009976345,0.988157894736842,0.9890273044597692,0.9970132242538945,0.9954615379518684,0.6820823130331113
0.8006014341892205,0.5492014830317233,0.8290110901826384,0.82996645923844,0.6321409503470369,0.8891460905349794,0.1469057258530942,0.0242914979757085,0.8663594470046083,188.0,gan_leaks_cal_sDE,3,CVAE-GMM,postmodel,0.9676,0.9763,0.977550672271578,0.967775185081798,0.994849401589415,0.9723,0.988,0.9883960411037792,0.972187420794746,0.997829695121548,38.0,0.3486,0.0296834847168901,0.0303063082064868,-0.0002560159448946,0.8135384615384615,15.905,23.3183,0.610864428633777,0.6653426104839695,0.0514538111278603,1.0,0.001445922498554,26.98652400231348,0.9997108155002892,10.218796992481202,1.0,0.096728113818301,0.078703966899466,0.0885910489861454,0.0568972288741844,0.0822971730581698,0.1808261605027155,0.1015731025807312,0.1063237047064554,0.121254886860561,0.0490703892580732,0.0641232382705818,0.1360368738091922,0.9951661009976345,0.988157894736842,0.9890273044597692,0.9970132242538945,0.9954615379518684,0.6820823130331113
0.8006014341892205,0.5617576065552944,0.8335079863498159,0.8382053306146644,0.6349884321053568,0.8891745950115711,0.1500867553499132,0.0795257374204742,0.9032258064516128,196.0,gan_leaks_cal_dDE,3,CVAE-GMM,postmodel,0.9676,0.9763,0.977550672271578,0.967775185081798,0.994849401589415,0.9723,0.988,0.9883960411037792,0.972187420794746,0.997829695121548,38.0,0.3486,0.0296834847168901,0.0303063082064868,-0.0002560159448946,0.8135384615384615,15.905,23.3183,0.610864428633777,0.6653426104839695,0.0514538111278603,1.0,0.001445922498554,26.98652400231348,0.9997108155002892,10.218796992481202,1.0,0.096728113818301,0.078703966899466,0.0885910489861454,0.0568972288741844,0.0822971730581698,0.1808261605027155,0.1015731025807312,0.1063237047064554,0.121254886860561,0.0490703892580732,0.0641232382705818,0.1360368738091922,0.9951661009976345,0.988157894736842,0.9890273044597692,0.9970132242538945,0.9954615379518684,0.6820823130331113
0.799676150821189,0.4933076354737444,0.8006202260505892,0.8004599195886466,0.6122085780387969,0.8886889460154241,0.1084441873915558,0.0135916714864083,0.8248847926267281,179.0,LOGAN_D1_pca,3,CVAE-GMM,postmodel,0.9676,0.9763,0.977550672271578,0.967775185081798,0.994849401589415,0.9723,0.988,0.9883960411037792,0.972187420794746,0.997829695121548,38.0,0.3486,0.0296834847168901,0.0303063082064868,-0.0002560159448946,0.8135384615384615,15.905,23.3183,0.610864428633777,0.6653426104839695,0.0514538111278603,1.0,0.001445922498554,26.98652400231348,0.9997108155002892,10.218796992481202,1.0,0.096728113818301,0.078703966899466,0.0885910489861454,0.0568972288741844,0.0822971730581698,0.1808261605027155,0.1015731025807312,0.1063237047064554,0.121254886860561,0.0490703892580732,0.0641232382705818,0.1360368738091922,0.9951661009976345,0.988157894736842,0.9890273044597692,0.9970132242538945,0.9954615379518684,0.6820823130331113
0.799676150821189,0.5058649291080078,0.8061152453078647,0.8059622052668693,0.6147001245773269,0.8886889460154241,0.1122035858877964,0.0127241179872758,0.8387096774193549,182.0,LOGAN_D1_vDE,3,CVAE-GMM,postmodel,0.9676,0.9763,0.977550672271578,0.967775185081798,0.994849401589415,0.9723,0.988,0.9883960411037792,0.972187420794746,0.997829695121548,38.0,0.3486,0.0296834847168901,0.0303063082064868,-0.0002560159448946,0.8135384615384615,15.905,23.3183,0.610864428633777,0.6653426104839695,0.0514538111278603,1.0,0.001445922498554,26.98652400231348,0.9997108155002892,10.218796992481202,1.0,0.096728113818301,0.078703966899466,0.0885910489861454,0.0568972288741844,0.0822971730581698,0.1808261605027155,0.1015731025807312,0.1063237047064554,0.121254886860561,0.0490703892580732,0.0641232382705818,0.1360368738091922,0.9951661009976345,0.988157894736842,0.9890273044597692,0.9970132242538945,0.9954615379518684,0.6820823130331113
0.799676150821189,0.517272505407583,0.8120655041422062,0.8119616437569082,0.6243103755116569,0.8886889460154241,0.1171197223828802,0.0141700404858299,0.8248847926267281,179.0,LOGAN_D1_sDE,3,CVAE-GMM,postmodel,0.9676,0.9763,0.977550672271578,0.967775185081798,0.994849401589415,0.9723,0.988,0.9883960411037792,0.972187420794746,0.997829695121548,38.0,0.3486,0.0296834847168901,0.0303063082064868,-0.0002560159448946,0.8135384615384615,15.905,23.3183,0.610864428633777,0.6653426104839695,0.0514538111278603,1.0,0.001445922498554,26.98652400231348,0.9997108155002892,10.218796992481202,1.0,0.096728113818301,0.078703966899466,0.0885910489861454,0.0568972288741844,0.0822971730581698,0.1808261605027155,0.1015731025807312,0.1063237047064554,0.121254886860561,0.0490703892580732,0.0641232382705818,0.1360368738091922,0.9951661009976345,0.988157894736842,0.9890273044597692,0.9970132242538945,0.9954615379518684,0.6820823130331113
0.799676150821189,0.506134388884617,0.8022859279928348,0.8021236986921751,0.6203950880939669,0.8886889460154241,0.0922498554077501,0.0115673799884326,0.7741935483870968,168.0,LOGAN_D1_dDE,3,CVAE-GMM,postmodel,0.9676,0.9763,0.977550672271578,0.967775185081798,0.994849401589415,0.9723,0.988,0.9883960411037792,0.972187420794746,0.997829695121548,38.0,0.3486,0.0296834847168901,0.0303063082064868,-0.0002560159448946,0.8135384615384615,15.905,23.3183,0.610864428633777,0.6653426104839695,0.0514538111278603,1.0,0.001445922498554,26.98652400231348,0.9997108155002892,10.218796992481202,1.0,0.096728113818301,0.078703966899466,0.0885910489861454,0.0568972288741844,0.0822971730581698,0.1808261605027155,0.1015731025807312,0.1063237047064554,0.121254886860561,0.0490703892580732,0.0641232382705818,0.1360368738091922,0.9951661009976345,0.988157894736842,0.9890273044597692,0.9970132242538945,0.9954615379518684,0.6820823130331113
0.2681008558871154,0.5130940287280631,0.8065561926490314,0.8247184405468667,0.1870503597122302,0.1870503597122302,1.0,0.0150332466030644,0.8663594470046083,188.0,MC,4,CVAE-GMM,postmodel,0.9734,0.9822,0.9834670812833832,0.9736785686612548,0.9945885654634536,0.9769,0.992,0.9918679111146664,0.9768682563355904,0.9986234518073068,46.0,0.4107,0.0285020543032643,0.0294194151260026,-0.0002183343025316,0.7708533077660594,16.1581,23.363,0.4714459524549402,0.5364586953064804,0.0571248821154787,1.0,0.0020237062734894,23.85111303845042,1.0,9.955478461983231,1.0,0.0711134047310285,0.0596934717643375,0.0799326735564573,0.0431283516462694,0.0620140144819305,0.1024990699500191,0.0877773883675868,0.0872299206693525,0.1151274191326868,0.0430254739459428,0.0483817666568888,0.0927891000846726,0.9964172382024773,0.9901209677419355,0.9915302937647793,0.995959551784458,0.9967347821431923,0.6916106664383855
0.8010640758732361,0.5436344934845224,0.822589891900606,0.8224333272795261,0.6298932384341637,0.8890895021924168,0.1324082104654524,0.0124313385371494,0.847926267281106,184.0,gan_leaks,4,CVAE-GMM,postmodel,0.9734,0.9822,0.9834670812833832,0.9736785686612548,0.9945885654634536,0.9769,0.992,0.9918679111146664,0.9768682563355904,0.9986234518073068,46.0,0.4107,0.0285020543032643,0.0294194151260026,-0.0002183343025316,0.7708533077660594,16.1581,23.363,0.4714459524549402,0.5364586953064804,0.0571248821154787,1.0,0.0020237062734894,23.85111303845042,1.0,9.955478461983231,1.0,0.0711134047310285,0.0596934717643375,0.0799326735564573,0.0431283516462694,0.0620140144819305,0.1024990699500191,0.0877773883675868,0.0872299206693525,0.1151274191326868,0.0430254739459428,0.0483817666568888,0.0927891000846726,0.9964172382024773,0.9901209677419355,0.9915302937647793,0.995959551784458,0.9967347821431923,0.6916106664383855
0.8003701133472125,0.5056796280235135,0.7999591312975836,0.7997632407614317,0.6185053380782918,0.8890602905257745,0.0907776814108123,0.0086730268863833,0.7926267281105991,172.0,loss_lr,4,CVAE-GMM,postmodel,0.9734,0.9822,0.9834670812833832,0.9736785686612548,0.9945885654634536,0.9769,0.992,0.9918679111146664,0.9768682563355904,0.9986234518073068,46.0,0.4107,0.0285020543032643,0.0294194151260026,-0.0002183343025316,0.7708533077660594,16.1581,23.363,0.4714459524549402,0.5364586953064804,0.0571248821154787,1.0,0.0020237062734894,23.85111303845042,1.0,9.955478461983231,1.0,0.0711134047310285,0.0596934717643375,0.0799326735564573,0.0431283516462694,0.0620140144819305,0.1024990699500191,0.0877773883675868,0.0872299206693525,0.1151274191326868,0.0430254739459428,0.0483817666568888,0.0927891000846726,0.9964172382024773,0.9901209677419355,0.9915302937647793,0.995959551784458,0.9967347821431923,0.6916106664383855
0.8003701133472125,0.511752587185335,0.8040719751923149,0.8039528501252999,0.6224199288256228,0.8890888060660583,0.095114194854004,0.0112749349522983,0.7972350230414746,173.0,loss_rf,4,CVAE-GMM,postmodel,0.9734,0.9822,0.9834670812833832,0.9736785686612548,0.9945885654634536,0.9769,0.992,0.9918679111146664,0.9768682563355904,0.9986234518073068,46.0,0.4107,0.0285020543032643,0.0294194151260026,-0.0002183343025316,0.7708533077660594,16.1581,23.363,0.4714459524549402,0.5364586953064804,0.0571248821154787,1.0,0.0020237062734894,23.85111303845042,1.0,9.955478461983231,1.0,0.0711134047310285,0.0596934717643375,0.0799326735564573,0.0431283516462694,0.0620140144819305,0.1024990699500191,0.0877773883675868,0.0872299206693525,0.1151274191326868,0.0430254739459428,0.0483817666568888,0.0927891000846726,0.9964172382024773,0.9901209677419355,0.9915302937647793,0.995959551784458,0.9967347821431923,0.6916106664383855
0.8001387925052047,0.4939583266411829,0.7920122407893218,0.7917773130952255,0.6149466192170818,0.8888603035760226,0.0855738652789823,0.0057820179242555,0.7788018433179723,169.0,LOGAN_D1,4,CVAE-GMM,postmodel,0.9734,0.9822,0.9834670812833832,0.9736785686612548,0.9945885654634536,0.9769,0.992,0.9918679111146664,0.9768682563355904,0.9986234518073068,46.0,0.4107,0.0285020543032643,0.0294194151260026,-0.0002183343025316,0.7708533077660594,16.1581,23.363,0.4714459524549402,0.5364586953064804,0.0571248821154787,1.0,0.0020237062734894,23.85111303845042,1.0,9.955478461983231,1.0,0.0711134047310285,0.0596934717643375,0.0799326735564573,0.0431283516462694,0.0620140144819305,0.1024990699500191,0.0877773883675868,0.0872299206693525,0.1151274191326868,0.0430254739459428,0.0483817666568888,0.0927891000846726,0.9964172382024773,0.9901209677419355,0.9915302937647793,0.995959551784458,0.9967347821431923,0.6916106664383855
0.8001387925052047,0.5088798143329799,0.8030455059253817,0.8959150939413616,0.0,0.8889460154241645,0.9433362243422956,0.9433362243422956,0.7603686635944701,165.0,gan_leaks_cal,4,CVAE-GMM,postmodel,0.9734,0.9822,0.9834670812833832,0.9736785686612548,0.9945885654634536,0.9769,0.992,0.9918679111146664,0.9768682563355904,0.9986234518073068,46.0,0.4107,0.0285020543032643,0.0294194151260026,-0.0002183343025316,0.7708533077660594,16.1581,23.363,0.4714459524549402,0.5364586953064804,0.0571248821154787,1.0,0.0020237062734894,23.85111303845042,1.0,9.955478461983231,1.0,0.0711134047310285,0.0596934717643375,0.0799326735564573,0.0431283516462694,0.0620140144819305,0.1024990699500191,0.0877773883675868,0.0872299206693525,0.1151274191326868,0.0430254739459428,0.0483817666568888,0.0927891000846726,0.9964172382024773,0.9901209677419355,0.9915302937647793,0.995959551784458,0.9967347821431923,0.6916106664383855
0.4415914873930141,0.5202527892882765,0.8148069488358658,0.8186623760246139,0.5292511700468019,0.5292511700468019,0.1240242844752818,0.0211043654235328,0.8617511520737328,187.0,domias_kde_pca,4,CVAE-GMM,postmodel,0.9734,0.9822,0.9834670812833832,0.9736785686612548,0.9945885654634536,0.9769,0.992,0.9918679111146664,0.9768682563355904,0.9986234518073068,46.0,0.4107,0.0285020543032643,0.0294194151260026,-0.0002183343025316,0.7708533077660594,16.1581,23.363,0.4714459524549402,0.5364586953064804,0.0571248821154787,1.0,0.0020237062734894,23.85111303845042,1.0,9.955478461983231,1.0,0.0711134047310285,0.0596934717643375,0.0799326735564573,0.0431283516462694,0.0620140144819305,0.1024990699500191,0.0877773883675868,0.0872299206693525,0.1151274191326868,0.0430254739459428,0.0483817666568888,0.0927891000846726,0.9964172382024773,0.9901209677419355,0.9915302937647793,0.995959551784458,0.9967347821431923,0.6916106664383855
0.4034235484617164,0.5285915432634138,0.814331461748405,0.8241941362888385,0.462148070907195,0.462148070907195,0.1243133853714946,0.0268863833477883,0.8617511520737328,187.0,domias_kde_vDE,4,CVAE-GMM,postmodel,0.9734,0.9822,0.9834670812833832,0.9736785686612548,0.9945885654634536,0.9769,0.992,0.9918679111146664,0.9768682563355904,0.9986234518073068,46.0,0.4107,0.0285020543032643,0.0294194151260026,-0.0002183343025316,0.7708533077660594,16.1581,23.363,0.4714459524549402,0.5364586953064804,0.0571248821154787,1.0,0.0020237062734894,23.85111303845042,1.0,9.955478461983231,1.0,0.0711134047310285,0.0596934717643375,0.0799326735564573,0.0431283516462694,0.0620140144819305,0.1024990699500191,0.0877773883675868,0.0872299206693525,0.1151274191326868,0.0430254739459428,0.0483817666568888,0.0927891000846726,0.9964172382024773,0.9901209677419355,0.9915302937647793,0.995959551784458,0.9967347821431923,0.6916106664383855
0.3289382373351839,0.514630044542953,0.8079831951633982,0.8163442205117197,0.3295585856251444,0.3295585856251444,0.121133275513154,0.0121422376409366,0.8617511520737328,187.0,domias_kde_sDE,4,CVAE-GMM,postmodel,0.9734,0.9822,0.9834670812833832,0.9736785686612548,0.9945885654634536,0.9769,0.992,0.9918679111146664,0.9768682563355904,0.9986234518073068,46.0,0.4107,0.0285020543032643,0.0294194151260026,-0.0002183343025316,0.7708533077660594,16.1581,23.363,0.4714459524549402,0.5364586953064804,0.0571248821154787,1.0,0.0020237062734894,23.85111303845042,1.0,9.955478461983231,1.0,0.0711134047310285,0.0596934717643375,0.0799326735564573,0.0431283516462694,0.0620140144819305,0.1024990699500191,0.0877773883675868,0.0872299206693525,0.1151274191326868,0.0430254739459428,0.0483817666568888,0.0927891000846726,0.9964172382024773,0.9901209677419355,0.9915302937647793,0.995959551784458,0.9967347821431923,0.6916106664383855
0.4105944945639602,0.5305439781354063,0.8140688461610455,0.8226476530442373,0.4750721054800165,0.4750721054800165,0.1436831454177508,0.0118531367447239,0.8617511520737328,187.0,domias_kde_dDE,4,CVAE-GMM,postmodel,0.9734,0.9822,0.9834670812833832,0.9736785686612548,0.9945885654634536,0.9769,0.992,0.9918679111146664,0.9768682563355904,0.9986234518073068,46.0,0.4107,0.0285020543032643,0.0294194151260026,-0.0002183343025316,0.7708533077660594,16.1581,23.363,0.4714459524549402,0.5364586953064804,0.0571248821154787,1.0,0.0020237062734894,23.85111303845042,1.0,9.955478461983231,1.0,0.0711134047310285,0.0596934717643375,0.0799326735564573,0.0431283516462694,0.0620140144819305,0.1024990699500191,0.0877773883675868,0.0872299206693525,0.1151274191326868,0.0430254739459428,0.0483817666568888,0.0927891000846726,0.9964172382024773,0.9901209677419355,0.9915302937647793,0.995959551784458,0.9967347821431923,0.6916106664383855
0.8003701133472125,0.5105802897433426,0.8037928554644515,0.881895444538497,0.0,0.8890602905257745,0.7973402717548425,0.7973402717548425,0.7741935483870968,168.0,gan_leaks_cal_pca,4,CVAE-GMM,postmodel,0.9734,0.9822,0.9834670812833832,0.9736785686612548,0.9945885654634536,0.9769,0.992,0.9918679111146664,0.9768682563355904,0.9986234518073068,46.0,0.4107,0.0285020543032643,0.0294194151260026,-0.0002183343025316,0.7708533077660594,16.1581,23.363,0.4714459524549402,0.5364586953064804,0.0571248821154787,1.0,0.0020237062734894,23.85111303845042,1.0,9.955478461983231,1.0,0.0711134047310285,0.0596934717643375,0.0799326735564573,0.0431283516462694,0.0620140144819305,0.1024990699500191,0.0877773883675868,0.0872299206693525,0.1151274191326868,0.0430254739459428,0.0483817666568888,0.0927891000846726,0.9964172382024773,0.9901209677419355,0.9915302937647793,0.995959551784458,0.9967347821431923,0.6916106664383855
0.8006014341892205,0.5503333360101934,0.8246270904144861,0.8313816127845226,0.6377224199288256,0.8891175713918189,0.1358774212200058,0.0855738652789823,0.8617511520737328,187.0,gan_leaks_cal_vDE,4,CVAE-GMM,postmodel,0.9734,0.9822,0.9834670812833832,0.9736785686612548,0.9945885654634536,0.9769,0.992,0.9918679111146664,0.9768682563355904,0.9986234518073068,46.0,0.4107,0.0285020543032643,0.0294194151260026,-0.0002183343025316,0.7708533077660594,16.1581,23.363,0.4714459524549402,0.5364586953064804,0.0571248821154787,1.0,0.0020237062734894,23.85111303845042,1.0,9.955478461983231,1.0,0.0711134047310285,0.0596934717643375,0.0799326735564573,0.0431283516462694,0.0620140144819305,0.1024990699500191,0.0877773883675868,0.0872299206693525,0.1151274191326868,0.0430254739459428,0.0483817666568888,0.0927891000846726,0.9964172382024773,0.9901209677419355,0.9915302937647793,0.995959551784458,0.9967347821431923,0.6916106664383855
0.7999074716631969,0.5538948984399259,0.8306695648638553,0.8315345318356999,0.6366548042704626,0.8888317696954119,0.1428158427291124,0.0205261636311072,0.8571428571428571,186.0,gan_leaks_cal_sDE,4,CVAE-GMM,postmodel,0.9734,0.9822,0.9834670812833832,0.9736785686612548,0.9945885654634536,0.9769,0.992,0.9918679111146664,0.9768682563355904,0.9986234518073068,46.0,0.4107,0.0285020543032643,0.0294194151260026,-0.0002183343025316,0.7708533077660594,16.1581,23.363,0.4714459524549402,0.5364586953064804,0.0571248821154787,1.0,0.0020237062734894,23.85111303845042,1.0,9.955478461983231,1.0,0.0711134047310285,0.0596934717643375,0.0799326735564573,0.0431283516462694,0.0620140144819305,0.1024990699500191,0.0877773883675868,0.0872299206693525,0.1151274191326868,0.0430254739459428,0.0483817666568888,0.0927891000846726,0.9964172382024773,0.9901209677419355,0.9915302937647793,0.995959551784458,0.9967347821431923,0.6916106664383855
0.8003701133472125,0.55369062054972,0.8294448514340715,0.8352281146454539,0.6330960854092527,0.8890888060660583,0.1540907776814108,0.0844174616941312,0.847926267281106,184.0,gan_leaks_cal_dDE,4,CVAE-GMM,postmodel,0.9734,0.9822,0.9834670812833832,0.9736785686612548,0.9945885654634536,0.9769,0.992,0.9918679111146664,0.9768682563355904,0.9986234518073068,46.0,0.4107,0.0285020543032643,0.0294194151260026,-0.0002183343025316,0.7708533077660594,16.1581,23.363,0.4714459524549402,0.5364586953064804,0.0571248821154787,1.0,0.0020237062734894,23.85111303845042,1.0,9.955478461983231,1.0,0.0711134047310285,0.0596934717643375,0.0799326735564573,0.0431283516462694,0.0620140144819305,0.1024990699500191,0.0877773883675868,0.0872299206693525,0.1151274191326868,0.0430254739459428,0.0483817666568888,0.0927891000846726,0.9964172382024773,0.9901209677419355,0.9915302937647793,0.995959551784458,0.9967347821431923,0.6916106664383855
0.8008327550312283,0.5092878682021136,0.7998296116554164,0.7996032183912997,0.6245551601423488,0.8892319567734466,0.0867302688638334,0.0049147152356172,0.7788018433179723,169.0,LOGAN_D1_pca,4,CVAE-GMM,postmodel,0.9734,0.9822,0.9834670812833832,0.9736785686612548,0.9945885654634536,0.9769,0.992,0.9918679111146664,0.9768682563355904,0.9986234518073068,46.0,0.4107,0.0285020543032643,0.0294194151260026,-0.0002183343025316,0.7708533077660594,16.1581,23.363,0.4714459524549402,0.5364586953064804,0.0571248821154787,1.0,0.0020237062734894,23.85111303845042,1.0,9.955478461983231,1.0,0.0711134047310285,0.0596934717643375,0.0799326735564573,0.0431283516462694,0.0620140144819305,0.1024990699500191,0.0877773883675868,0.0872299206693525,0.1151274191326868,0.0430254739459428,0.0483817666568888,0.0927891000846726,0.9964172382024773,0.9901209677419355,0.9915302937647793,0.995959551784458,0.9967347821431923,0.6916106664383855
0.8001387925052047,0.4947809592260662,0.7896505618987049,0.7894648825275237,0.6160142348754448,0.8889460154241645,0.0777681410812373,0.0054929170280427,0.7235023041474654,157.0,LOGAN_D1_vDE,4,CVAE-GMM,postmodel,0.9734,0.9822,0.9834670812833832,0.9736785686612548,0.9945885654634536,0.9769,0.992,0.9918679111146664,0.9768682563355904,0.9986234518073068,46.0,0.4107,0.0285020543032643,0.0294194151260026,-0.0002183343025316,0.7708533077660594,16.1581,23.363,0.4714459524549402,0.5364586953064804,0.0571248821154787,1.0,0.0020237062734894,23.85111303845042,1.0,9.955478461983231,1.0,0.0711134047310285,0.0596934717643375,0.0799326735564573,0.0431283516462694,0.0620140144819305,0.1024990699500191,0.0877773883675868,0.0872299206693525,0.1151274191326868,0.0430254739459428,0.0483817666568888,0.0927891000846726,0.9964172382024773,0.9901209677419355,0.9915302937647793,0.995959551784458,0.9967347821431923,0.6916106664383855
0.7999074716631969,0.498707578458771,0.7952933743336821,0.795003045139346,0.6149466192170818,0.8888317696954119,0.0896212778259612,0.0089621277825961,0.7465437788018433,162.0,LOGAN_D1_sDE,4,CVAE-GMM,postmodel,0.9734,0.9822,0.9834670812833832,0.9736785686612548,0.9945885654634536,0.9769,0.992,0.9918679111146664,0.9768682563355904,0.9986234518073068,46.0,0.4107,0.0285020543032643,0.0294194151260026,-0.0002183343025316,0.7708533077660594,16.1581,23.363,0.4714459524549402,0.5364586953064804,0.0571248821154787,1.0,0.0020237062734894,23.85111303845042,1.0,9.955478461983231,1.0,0.0711134047310285,0.0596934717643375,0.0799326735564573,0.0431283516462694,0.0620140144819305,0.1024990699500191,0.0877773883675868,0.0872299206693525,0.1151274191326868,0.0430254739459428,0.0483817666568888,0.0927891000846726,0.9964172382024773,0.9901209677419355,0.9915302937647793,0.995959551784458,0.9967347821431923,0.6916106664383855
0.8003701133472125,0.4896034097844592,0.7939871465486479,0.7936958975235267,0.6135231316725979,0.8890602905257745,0.0936686903729401,0.0066493206128939,0.7972350230414746,173.0,LOGAN_D1_dDE,4,CVAE-GMM,postmodel,0.9734,0.9822,0.9834670812833832,0.9736785686612548,0.9945885654634536,0.9769,0.992,0.9918679111146664,0.9768682563355904,0.9986234518073068,46.0,0.4107,0.0285020543032643,0.0294194151260026,-0.0002183343025316,0.7708533077660594,16.1581,23.363,0.4714459524549402,0.5364586953064804,0.0571248821154787,1.0,0.0020237062734894,23.85111303845042,1.0,9.955478461983231,1.0,0.0711134047310285,0.0596934717643375,0.0799326735564573,0.0431283516462694,0.0620140144819305,0.1024990699500191,0.0877773883675868,0.0872299206693525,0.1151274191326868,0.0430254739459428,0.0483817666568888,0.0927891000846726,0.9964172382024773,0.9901209677419355,0.9915302937647793,0.995959551784458,0.9967347821431923,0.6916106664383855
0.2643997224149896,0.5064719786279486,0.8010275013994363,0.8106019320995324,0.1829393627954779,0.1829393627954779,1.0,0.0083839259901705,0.8018433179723502,174.0,MC,5,CVAE-GMM,postmodel,0.9769,0.9892,0.99005404185372,0.9769168641408028,0.9969829122987314,0.9873,0.996,0.9959832862798534,0.9872851346114964,0.9986860328167556,36.0,0.3462,0.0254028966443398,0.0254911630682356,-0.0002990916531807,0.7754452926208651,16.1662,23.2716,0.4635577172918192,0.509816933073542,0.0522715018468016,1.0,0.0034692107545533,24.95281873373808,0.9994217982075744,9.712518068806013,1.0,0.0784482196150745,0.0739649750812785,0.0951259100769483,0.0489331932323484,0.0689770888196517,0.1157108169202421,0.0780060571673074,0.0988045138992216,0.1216117175200673,0.0499982459225125,0.0521683918885527,0.1257797317737935,0.9894662210067863,0.9931726907630521,0.9940468434482671,0.998294638693183,0.9894982005631295,0.6946750545729559
0.8008327550312283,0.5409044307389206,0.8163881340640563,0.8162070476377508,0.6274021352313167,0.889317392981103,0.1153512575888985,0.0121422376409366,0.8110599078341014,176.0,gan_leaks,5,CVAE-GMM,postmodel,0.9769,0.9892,0.99005404185372,0.9769168641408028,0.9969829122987314,0.9873,0.996,0.9959832862798534,0.9872851346114964,0.9986860328167556,36.0,0.3462,0.0254028966443398,0.0254911630682356,-0.0002990916531807,0.7754452926208651,16.1662,23.2716,0.4635577172918192,0.509816933073542,0.0522715018468016,1.0,0.0034692107545533,24.95281873373808,0.9994217982075744,9.712518068806013,1.0,0.0784482196150745,0.0739649750812785,0.0951259100769483,0.0489331932323484,0.0689770888196517,0.1157108169202421,0.0780060571673074,0.0988045138992216,0.1216117175200673,0.0499982459225125,0.0521683918885527,0.1257797317737935,0.9894662210067863,0.9931726907630521,0.9940468434482671,0.998294638693183,0.9894982005631295,0.6946750545729559
0.7999074716631969,0.5129570069491289,0.8068510454664898,0.8066606529607776,0.6192170818505338,0.8888317696954119,0.1306736050881757,0.007805724197745,0.8064516129032258,175.0,loss_lr,5,CVAE-GMM,postmodel,0.9769,0.9892,0.99005404185372,0.9769168641408028,0.9969829122987314,0.9873,0.996,0.9959832862798534,0.9872851346114964,0.9986860328167556,36.0,0.3462,0.0254028966443398,0.0254911630682356,-0.0002990916531807,0.7754452926208651,16.1662,23.2716,0.4635577172918192,0.509816933073542,0.0522715018468016,1.0,0.0034692107545533,24.95281873373808,0.9994217982075744,9.712518068806013,1.0,0.0784482196150745,0.0739649750812785,0.0951259100769483,0.0489331932323484,0.0689770888196517,0.1157108169202421,0.0780060571673074,0.0988045138992216,0.1216117175200673,0.0499982459225125,0.0521683918885527,0.1257797317737935,0.9894662210067863,0.9931726907630521,0.9940468434482671,0.998294638693183,0.9894982005631295,0.6946750545729559
0.7999074716631969,0.5140043284828627,0.810252950820773,0.8100826730037602,0.6185053380782918,0.8888317696954119,0.1274934952298352,0.0069384215091066,0.8433179723502304,183.0,loss_rf,5,CVAE-GMM,postmodel,0.9769,0.9892,0.99005404185372,0.9769168641408028,0.9969829122987314,0.9873,0.996,0.9959832862798534,0.9872851346114964,0.9986860328167556,36.0,0.3462,0.0254028966443398,0.0254911630682356,-0.0002990916531807,0.7754452926208651,16.1662,23.2716,0.4635577172918192,0.509816933073542,0.0522715018468016,1.0,0.0034692107545533,24.95281873373808,0.9994217982075744,9.712518068806013,1.0,0.0784482196150745,0.0739649750812785,0.0951259100769483,0.0489331932323484,0.0689770888196517,0.1157108169202421,0.0780060571673074,0.0988045138992216,0.1216117175200673,0.0499982459225125,0.0521683918885527,0.1257797317737935,0.9894662210067863,0.9931726907630521,0.9940468434482671,0.998294638693183,0.9894982005631295,0.6946750545729559
0.7999074716631969,0.509772379889285,0.8039996097901367,0.8037265558763308,0.6170818505338078,0.8888317696954119,0.0948250939577912,0.01040763226366,0.8064516129032258,175.0,LOGAN_D1,5,CVAE-GMM,postmodel,0.9769,0.9892,0.99005404185372,0.9769168641408028,0.9969829122987314,0.9873,0.996,0.9959832862798534,0.9872851346114964,0.9986860328167556,36.0,0.3462,0.0254028966443398,0.0254911630682356,-0.0002990916531807,0.7754452926208651,16.1662,23.2716,0.4635577172918192,0.509816933073542,0.0522715018468016,1.0,0.0034692107545533,24.95281873373808,0.9994217982075744,9.712518068806013,1.0,0.0784482196150745,0.0739649750812785,0.0951259100769483,0.0489331932323484,0.0689770888196517,0.1157108169202421,0.0780060571673074,0.0988045138992216,0.1216117175200673,0.0499982459225125,0.0521683918885527,0.1257797317737935,0.9894662210067863,0.9931726907630521,0.9940468434482671,0.998294638693183,0.9894982005631295,0.6946750545729559
0.7999074716631969,0.5185081456854368,0.8062997708671451,0.8958313433983769,0.0,0.8888317696954119,0.9254119687771032,0.9254119687771032,0.7788018433179723,169.0,gan_leaks_cal,5,CVAE-GMM,postmodel,0.9769,0.9892,0.99005404185372,0.9769168641408028,0.9969829122987314,0.9873,0.996,0.9959832862798534,0.9872851346114964,0.9986860328167556,36.0,0.3462,0.0254028966443398,0.0254911630682356,-0.0002990916531807,0.7754452926208651,16.1662,23.2716,0.4635577172918192,0.509816933073542,0.0522715018468016,1.0,0.0034692107545533,24.95281873373808,0.9994217982075744,9.712518068806013,1.0,0.0784482196150745,0.0739649750812785,0.0951259100769483,0.0489331932323484,0.0689770888196517,0.1157108169202421,0.0780060571673074,0.0988045138992216,0.1216117175200673,0.0499982459225125,0.0521683918885527,0.1257797317737935,0.9894662210067863,0.9931726907630521,0.9940468434482671,0.998294638693183,0.9894982005631295,0.6946750545729559
0.3839925977330558,0.5095599041148694,0.8046542394423591,0.80780108508749,0.4375527426160338,0.4375923970432946,0.1104365423532812,0.0095403295750216,0.8248847926267281,179.0,domias_kde_pca,5,CVAE-GMM,postmodel,0.9769,0.9892,0.99005404185372,0.9769168641408028,0.9969829122987314,0.9873,0.996,0.9959832862798534,0.9872851346114964,0.9986860328167556,36.0,0.3462,0.0254028966443398,0.0254911630682356,-0.0002990916531807,0.7754452926208651,16.1662,23.2716,0.4635577172918192,0.509816933073542,0.0522715018468016,1.0,0.0034692107545533,24.95281873373808,0.9994217982075744,9.712518068806013,1.0,0.0784482196150745,0.0739649750812785,0.0951259100769483,0.0489331932323484,0.0689770888196517,0.1157108169202421,0.0780060571673074,0.0988045138992216,0.1216117175200673,0.0499982459225125,0.0521683918885527,0.1257797317737935,0.9894662210067863,0.9931726907630521,0.9940468434482671,0.998294638693183,0.9894982005631295,0.6946750545729559
0.3002544529262086,0.504588640208581,0.8030379908855525,0.8059418406240442,0.2737094837935174,0.2737094837935174,0.1156403584851113,0.0066493206128939,0.8202764976958525,178.0,domias_kde_vDE,5,CVAE-GMM,postmodel,0.9769,0.9892,0.99005404185372,0.9769168641408028,0.9969829122987314,0.9873,0.996,0.9959832862798534,0.9872851346114964,0.9986860328167556,36.0,0.3462,0.0254028966443398,0.0254911630682356,-0.0002990916531807,0.7754452926208651,16.1662,23.2716,0.4635577172918192,0.509816933073542,0.0522715018468016,1.0,0.0034692107545533,24.95281873373808,0.9994217982075744,9.712518068806013,1.0,0.0784482196150745,0.0739649750812785,0.0951259100769483,0.0489331932323484,0.0689770888196517,0.1157108169202421,0.0780060571673074,0.0988045138992216,0.1216117175200673,0.0499982459225125,0.0521683918885527,0.1257797317737935,0.9894662210067863,0.9931726907630521,0.9940468434482671,0.998294638693183,0.9894982005631295,0.6946750545729559
0.2579227388387693,0.5024459809621706,0.8013734116841308,0.8050084717222346,0.1702017589239524,0.1702017589239524,1.0,0.0106967331598727,0.8202764976958525,178.0,domias_kde_sDE,5,CVAE-GMM,postmodel,0.9769,0.9892,0.99005404185372,0.9769168641408028,0.9969829122987314,0.9873,0.996,0.9959832862798534,0.9872851346114964,0.9986860328167556,36.0,0.3462,0.0254028966443398,0.0254911630682356,-0.0002990916531807,0.7754452926208651,16.1662,23.2716,0.4635577172918192,0.509816933073542,0.0522715018468016,1.0,0.0034692107545533,24.95281873373808,0.9994217982075744,9.712518068806013,1.0,0.0784482196150745,0.0739649750812785,0.0951259100769483,0.0489331932323484,0.0689770888196517,0.1157108169202421,0.0780060571673074,0.0988045138992216,0.1216117175200673,0.0499982459225125,0.0521683918885527,0.1257797317737935,0.9894662210067863,0.9931726907630521,0.9940468434482671,0.998294638693183,0.9894982005631295,0.6946750545729559
0.3296321998612075,0.5052503265769382,0.7981708186943878,0.8023323883926432,0.3353211009174311,0.3353211009174311,0.092512286788089,0.0141659439144261,0.7649769585253456,166.0,domias_kde_dDE,5,CVAE-GMM,postmodel,0.9769,0.9892,0.99005404185372,0.9769168641408028,0.9969829122987314,0.9873,0.996,0.9959832862798534,0.9872851346114964,0.9986860328167556,36.0,0.3462,0.0254028966443398,0.0254911630682356,-0.0002990916531807,0.7754452926208651,16.1662,23.2716,0.4635577172918192,0.509816933073542,0.0522715018468016,1.0,0.0034692107545533,24.95281873373808,0.9994217982075744,9.712518068806013,1.0,0.0784482196150745,0.0739649750812785,0.0951259100769483,0.0489331932323484,0.0689770888196517,0.1157108169202421,0.0780060571673074,0.0988045138992216,0.1216117175200673,0.0499982459225125,0.0521683918885527,0.1257797317737935,0.9894662210067863,0.9931726907630521,0.9940468434482671,0.998294638693183,0.9894982005631295,0.6946750545729559
0.7999074716631969,0.5343600095831593,0.8124545193633125,0.8862062087812205,0.0,0.8888317696954119,0.7921364556230124,0.7921364556230124,0.7880184331797235,171.0,gan_leaks_cal_pca,5,CVAE-GMM,postmodel,0.9769,0.9892,0.99005404185372,0.9769168641408028,0.9969829122987314,0.9873,0.996,0.9959832862798534,0.9872851346114964,0.9986860328167556,36.0,0.3462,0.0254028966443398,0.0254911630682356,-0.0002990916531807,0.7754452926208651,16.1662,23.2716,0.4635577172918192,0.509816933073542,0.0522715018468016,1.0,0.0034692107545533,24.95281873373808,0.9994217982075744,9.712518068806013,1.0,0.0784482196150745,0.0739649750812785,0.0951259100769483,0.0489331932323484,0.0689770888196517,0.1157108169202421,0.0780060571673074,0.0988045138992216,0.1216117175200673,0.0499982459225125,0.0521683918885527,0.1257797317737935,0.9894662210067863,0.9931726907630521,0.9940468434482671,0.998294638693183,0.9894982005631295,0.6946750545729559
0.7999074716631969,0.5768504799610249,0.8405920004193352,0.8449751115281094,0.6427046263345195,0.8888317696954119,0.1575599884359641,0.0832610581092801,0.8894009216589862,193.0,gan_leaks_cal_vDE,5,CVAE-GMM,postmodel,0.9769,0.9892,0.99005404185372,0.9769168641408028,0.9969829122987314,0.9873,0.996,0.9959832862798534,0.9872851346114964,0.9986860328167556,36.0,0.3462,0.0254028966443398,0.0254911630682356,-0.0002990916531807,0.7754452926208651,16.1662,23.2716,0.4635577172918192,0.509816933073542,0.0522715018468016,1.0,0.0034692107545533,24.95281873373808,0.9994217982075744,9.712518068806013,1.0,0.0784482196150745,0.0739649750812785,0.0951259100769483,0.0489331932323484,0.0689770888196517,0.1157108169202421,0.0780060571673074,0.0988045138992216,0.1216117175200673,0.0499982459225125,0.0521683918885527,0.1257797317737935,0.9894662210067863,0.9931726907630521,0.9940468434482671,0.998294638693183,0.9894982005631295,0.6946750545729559
0.7999074716631969,0.5554484811495508,0.8364940009327989,0.8367144376157808,0.6338078291814947,0.8888317696954119,0.1613183000867302,0.0355594102341717,0.9078341013824884,197.0,gan_leaks_cal_sDE,5,CVAE-GMM,postmodel,0.9769,0.9892,0.99005404185372,0.9769168641408028,0.9969829122987314,0.9873,0.996,0.9959832862798534,0.9872851346114964,0.9986860328167556,36.0,0.3462,0.0254028966443398,0.0254911630682356,-0.0002990916531807,0.7754452926208651,16.1662,23.2716,0.4635577172918192,0.509816933073542,0.0522715018468016,1.0,0.0034692107545533,24.95281873373808,0.9994217982075744,9.712518068806013,1.0,0.0784482196150745,0.0739649750812785,0.0951259100769483,0.0489331932323484,0.0689770888196517,0.1157108169202421,0.0780060571673074,0.0988045138992216,0.1216117175200673,0.0499982459225125,0.0521683918885527,0.1257797317737935,0.9894662210067863,0.9931726907630521,0.9940468434482671,0.998294638693183,0.9894982005631295,0.6946750545729559
0.8001387925052047,0.5778429258616813,0.8394097556734041,0.8447168189456624,0.6441281138790036,0.8889460154241645,0.1618965018791558,0.0896212778259612,0.8709677419354839,189.0,gan_leaks_cal_dDE,5,CVAE-GMM,postmodel,0.9769,0.9892,0.99005404185372,0.9769168641408028,0.9969829122987314,0.9873,0.996,0.9959832862798534,0.9872851346114964,0.9986860328167556,36.0,0.3462,0.0254028966443398,0.0254911630682356,-0.0002990916531807,0.7754452926208651,16.1662,23.2716,0.4635577172918192,0.509816933073542,0.0522715018468016,1.0,0.0034692107545533,24.95281873373808,0.9994217982075744,9.712518068806013,1.0,0.0784482196150745,0.0739649750812785,0.0951259100769483,0.0489331932323484,0.0689770888196517,0.1157108169202421,0.0780060571673074,0.0988045138992216,0.1216117175200673,0.0499982459225125,0.0521683918885527,0.1257797317737935,0.9894662210067863,0.9931726907630521,0.9940468434482671,0.998294638693183,0.9894982005631295,0.6946750545729559
0.7999074716631969,0.4985839409805873,0.7957146898978884,0.7955404262109727,0.6142348754448399,0.8888317696954119,0.0904885805145996,0.0080948250939577,0.7880184331797235,171.0,LOGAN_D1_pca,5,CVAE-GMM,postmodel,0.9769,0.9892,0.99005404185372,0.9769168641408028,0.9969829122987314,0.9873,0.996,0.9959832862798534,0.9872851346114964,0.9986860328167556,36.0,0.3462,0.0254028966443398,0.0254911630682356,-0.0002990916531807,0.7754452926208651,16.1662,23.2716,0.4635577172918192,0.509816933073542,0.0522715018468016,1.0,0.0034692107545533,24.95281873373808,0.9994217982075744,9.712518068806013,1.0,0.0784482196150745,0.0739649750812785,0.0951259100769483,0.0489331932323484,0.0689770888196517,0.1157108169202421,0.0780060571673074,0.0988045138992216,0.1216117175200673,0.0499982459225125,0.0521683918885527,0.1257797317737935,0.9894662210067863,0.9931726907630521,0.9940468434482671,0.998294638693183,0.9894982005631295,0.6946750545729559
0.8003701133472125,0.5092022086773099,0.8062825697166283,0.8060119363550231,0.6167259786476869,0.8890888060660583,0.108123735183579,0.0086730268863833,0.7972350230414746,173.0,LOGAN_D1_vDE,5,CVAE-GMM,postmodel,0.9769,0.9892,0.99005404185372,0.9769168641408028,0.9969829122987314,0.9873,0.996,0.9959832862798534,0.9872851346114964,0.9986860328167556,36.0,0.3462,0.0254028966443398,0.0254911630682356,-0.0002990916531807,0.7754452926208651,16.1662,23.2716,0.4635577172918192,0.509816933073542,0.0522715018468016,1.0,0.0034692107545533,24.95281873373808,0.9994217982075744,9.712518068806013,1.0,0.0784482196150745,0.0739649750812785,0.0951259100769483,0.0489331932323484,0.0689770888196517,0.1157108169202421,0.0780060571673074,0.0988045138992216,0.1216117175200673,0.0499982459225125,0.0521683918885527,0.1257797317737935,0.9894662210067863,0.9931726907630521,0.9940468434482671,0.998294638693183,0.9894982005631295,0.6946750545729559
0.8001387925052047,0.4963529453492232,0.8011955199079283,0.8010517971513047,0.6131672597864769,0.8889460154241645,0.110725643249494,0.0089621277825961,0.847926267281106,184.0,LOGAN_D1_sDE,5,CVAE-GMM,postmodel,0.9769,0.9892,0.99005404185372,0.9769168641408028,0.9969829122987314,0.9873,0.996,0.9959832862798534,0.9872851346114964,0.9986860328167556,36.0,0.3462,0.0254028966443398,0.0254911630682356,-0.0002990916531807,0.7754452926208651,16.1662,23.2716,0.4635577172918192,0.509816933073542,0.0522715018468016,1.0,0.0034692107545533,24.95281873373808,0.9994217982075744,9.712518068806013,1.0,0.0784482196150745,0.0739649750812785,0.0951259100769483,0.0489331932323484,0.0689770888196517,0.1157108169202421,0.0780060571673074,0.0988045138992216,0.1216117175200673,0.0499982459225125,0.0521683918885527,0.1257797317737935,0.9894662210067863,0.9931726907630521,0.9940468434482671,0.998294638693183,0.9894982005631295,0.6946750545729559
0.7999074716631969,0.5040119441499897,0.800041369481355,0.7998442272233435,0.6131672597864769,0.8888317696954119,0.0962705984388551,0.0054929170280427,0.7926267281105991,172.0,LOGAN_D1_dDE,5,CVAE-GMM,postmodel,0.9769,0.9892,0.99005404185372,0.9769168641408028,0.9969829122987314,0.9873,0.996,0.9959832862798534,0.9872851346114964,0.9986860328167556,36.0,0.3462,0.0254028966443398,0.0254911630682356,-0.0002990916531807,0.7754452926208651,16.1662,23.2716,0.4635577172918192,0.509816933073542,0.0522715018468016,1.0,0.0034692107545533,24.95281873373808,0.9994217982075744,9.712518068806013,1.0,0.0784482196150745,0.0739649750812785,0.0951259100769483,0.0489331932323484,0.0689770888196517,0.1157108169202421,0.0780060571673074,0.0988045138992216,0.1216117175200673,0.0499982459225125,0.0521683918885527,0.1257797317737935,0.9894662210067863,0.9931726907630521,0.9940468434482671,0.998294638693183,0.9894982005631295,0.6946750545729559
0.2655563266250289,0.5076871257735267,0.799440003895423,0.8110385845621171,0.1840143921870984,0.1840143921870984,1.0,0.0060728744939271,0.7880184331797235,171.0,MC,1,CVAE-GMM,postmodel,0.9746,0.9868,0.9872201394765776,0.9745866705013204,0.996135629150392,0.9803,0.9875,0.9910138580998532,0.9803028159095454,0.9984645675501927,41.0,0.3905,0.0284555367231876,0.0287544101071268,-0.0003290792573973,0.8068006182380216,16.0026,23.1698,0.5930734841873317,0.634003307690566,0.0511451725982389,1.0,0.0023134759976865,25.509832272990167,0.9982648930017352,10.213533834586467,1.0,0.0963307716442455,0.0768934418018547,0.1156596651128739,0.0627343666577977,0.087505471943873,0.1316506510066072,0.1009216091438099,0.1114234866520653,0.1247034308325836,0.0473067662019097,0.0653448666999612,0.1418220959655713,0.9941854534326228,0.9992911392405063,0.9961718813594095,0.9976674801735679,0.9941690003175994,0.6906662983711557
0.8001387925052047,0.5330007990184443,0.8110186874251708,0.8107434218360391,0.6246663107314468,0.8889460154241645,0.1104684788895315,0.0106998264893001,0.7972350230414746,173.0,gan_leaks,1,CVAE-GMM,postmodel,0.9746,0.9868,0.9872201394765776,0.9745866705013204,0.996135629150392,0.9803,0.9875,0.9910138580998532,0.9803028159095454,0.9984645675501927,41.0,0.3905,0.0284555367231876,0.0287544101071268,-0.0003290792573973,0.8068006182380216,16.0026,23.1698,0.5930734841873317,0.634003307690566,0.0511451725982389,1.0,0.0023134759976865,25.509832272990167,0.9982648930017352,10.213533834586467,1.0,0.0963307716442455,0.0768934418018547,0.1156596651128739,0.0627343666577977,0.087505471943873,0.1316506510066072,0.1009216091438099,0.1114234866520653,0.1247034308325836,0.0473067662019097,0.0653448666999612,0.1418220959655713,0.9941854534326228,0.9992911392405063,0.9961718813594095,0.9976674801735679,0.9941690003175994,0.6906662983711557
0.799676150821189,0.4999682398526329,0.8010595754312907,0.8008671474384129,0.616479800676277,0.8886889460154241,0.0899363794100636,0.0164835164835164,0.8064516129032258,175.0,loss_lr,1,CVAE-GMM,postmodel,0.9746,0.9868,0.9872201394765776,0.9745866705013204,0.996135629150392,0.9803,0.9875,0.9910138580998532,0.9803028159095454,0.9984645675501927,41.0,0.3905,0.0284555367231876,0.0287544101071268,-0.0003290792573973,0.8068006182380216,16.0026,23.1698,0.5930734841873317,0.634003307690566,0.0511451725982389,1.0,0.0023134759976865,25.509832272990167,0.9982648930017352,10.213533834586467,1.0,0.0963307716442455,0.0768934418018547,0.1156596651128739,0.0627343666577977,0.087505471943873,0.1316506510066072,0.1009216091438099,0.1114234866520653,0.1247034308325836,0.0473067662019097,0.0653448666999612,0.1418220959655713,0.9941854534326228,0.9992911392405063,0.9961718813594095,0.9976674801735679,0.9941690003175994,0.6906662983711557
0.7999074716631969,0.5043934313328898,0.8002442481909017,0.799966197055943,0.6193272824345969,0.8888031880704461,0.0913823019086177,0.0109890109890109,0.783410138248848,170.0,loss_rf,1,CVAE-GMM,postmodel,0.9746,0.9868,0.9872201394765776,0.9745866705013204,0.996135629150392,0.9803,0.9875,0.9910138580998532,0.9803028159095454,0.9984645675501927,41.0,0.3905,0.0284555367231876,0.0287544101071268,-0.0003290792573973,0.8068006182380216,16.0026,23.1698,0.5930734841873317,0.634003307690566,0.0511451725982389,1.0,0.0023134759976865,25.509832272990167,0.9982648930017352,10.213533834586467,1.0,0.0963307716442455,0.0768934418018547,0.1156596651128739,0.0627343666577977,0.087505471943873,0.1316506510066072,0.1009216091438099,0.1114234866520653,0.1247034308325836,0.0473067662019097,0.0653448666999612,0.1418220959655713,0.9941854534326228,0.9992911392405063,0.9961718813594095,0.9976674801735679,0.9941690003175994,0.6906662983711557
0.799676150821189,0.5173368614956689,0.8111882669146522,0.8110648355806445,0.6221747641929168,0.8886889460154241,0.1084441873915558,0.0190861769809138,0.8248847926267281,179.0,LOGAN_D1,1,CVAE-GMM,postmodel,0.9746,0.9868,0.9872201394765776,0.9745866705013204,0.996135629150392,0.9803,0.9875,0.9910138580998532,0.9803028159095454,0.9984645675501927,41.0,0.3905,0.0284555367231876,0.0287544101071268,-0.0003290792573973,0.8068006182380216,16.0026,23.1698,0.5930734841873317,0.634003307690566,0.0511451725982389,1.0,0.0023134759976865,25.509832272990167,0.9982648930017352,10.213533834586467,1.0,0.0963307716442455,0.0768934418018547,0.1156596651128739,0.0627343666577977,0.087505471943873,0.1316506510066072,0.1009216091438099,0.1114234866520653,0.1247034308325836,0.0473067662019097,0.0653448666999612,0.1418220959655713,0.9941854534326228,0.9992911392405063,0.9961718813594095,0.9976674801735679,0.9941690003175994,0.6906662983711557
0.8001387925052047,0.5247618824740821,0.8083369521470288,0.895457757862521,0.0,0.8889460154241645,0.9112203585887796,0.9112203585887796,0.7649769585253456,166.0,gan_leaks_cal,1,CVAE-GMM,postmodel,0.9746,0.9868,0.9872201394765776,0.9745866705013204,0.996135629150392,0.9803,0.9875,0.9910138580998532,0.9803028159095454,0.9984645675501927,41.0,0.3905,0.0284555367231876,0.0287544101071268,-0.0003290792573973,0.8068006182380216,16.0026,23.1698,0.5930734841873317,0.634003307690566,0.0511451725982389,1.0,0.0023134759976865,25.509832272990167,0.9982648930017352,10.213533834586467,1.0,0.0963307716442455,0.0768934418018547,0.1156596651128739,0.0627343666577977,0.087505471943873,0.1316506510066072,0.1009216091438099,0.1114234866520653,0.1247034308325836,0.0473067662019097,0.0653448666999612,0.1418220959655713,0.9941854534326228,0.9992911392405063,0.9961718813594095,0.9976674801735679,0.9941690003175994,0.6906662983711557
0.3684941013185288,0.511361106189217,0.8012776162751489,0.8066774272206841,0.4080659150043365,0.4080659150043365,0.1055523423944476,0.0138808559861191,0.7972350230414746,173.0,domias_kde_pca,1,CVAE-GMM,postmodel,0.9746,0.9868,0.9872201394765776,0.9745866705013204,0.996135629150392,0.9803,0.9875,0.9910138580998532,0.9803028159095454,0.9984645675501927,41.0,0.3905,0.0284555367231876,0.0287544101071268,-0.0003290792573973,0.8068006182380216,16.0026,23.1698,0.5930734841873317,0.634003307690566,0.0511451725982389,1.0,0.0023134759976865,25.509832272990167,0.9982648930017352,10.213533834586467,1.0,0.0963307716442455,0.0768934418018547,0.1156596651128739,0.0627343666577977,0.087505471943873,0.1316506510066072,0.1009216091438099,0.1114234866520653,0.1247034308325836,0.0473067662019097,0.0653448666999612,0.1418220959655713,0.9941854534326228,0.9992911392405063,0.9961718813594095,0.9976674801735679,0.9941690003175994,0.6906662983711557
0.2729585935692806,0.4990978446561044,0.7960932291032813,0.7959547053412954,0.210896309314587,0.210896309314587,0.0936957779063042,0.0104106419895893,0.7649769585253456,166.0,domias_kde_vDE,1,CVAE-GMM,postmodel,0.9746,0.9868,0.9872201394765776,0.9745866705013204,0.996135629150392,0.9803,0.9875,0.9910138580998532,0.9803028159095454,0.9984645675501927,41.0,0.3905,0.0284555367231876,0.0287544101071268,-0.0003290792573973,0.8068006182380216,16.0026,23.1698,0.5930734841873317,0.634003307690566,0.0511451725982389,1.0,0.0023134759976865,25.509832272990167,0.9982648930017352,10.213533834586467,1.0,0.0963307716442455,0.0768934418018547,0.1156596651128739,0.0627343666577977,0.087505471943873,0.1316506510066072,0.1009216091438099,0.1114234866520653,0.1247034308325836,0.0473067662019097,0.0653448666999612,0.1418220959655713,0.9941854534326228,0.9992911392405063,0.9961718813594095,0.9976674801735679,0.9941690003175994,0.6906662983711557
0.2317834836918806,0.4972353627510306,0.7984171087928768,0.7908777429325095,0.1021897810218978,0.1021897810218978,1.0,0.0086755349913244,0.7788018433179723,169.0,domias_kde_sDE,1,CVAE-GMM,postmodel,0.9746,0.9868,0.9872201394765776,0.9745866705013204,0.996135629150392,0.9803,0.9875,0.9910138580998532,0.9803028159095454,0.9984645675501927,41.0,0.3905,0.0284555367231876,0.0287544101071268,-0.0003290792573973,0.8068006182380216,16.0026,23.1698,0.5930734841873317,0.634003307690566,0.0511451725982389,1.0,0.0023134759976865,25.509832272990167,0.9982648930017352,10.213533834586467,1.0,0.0963307716442455,0.0768934418018547,0.1156596651128739,0.0627343666577977,0.087505471943873,0.1316506510066072,0.1009216091438099,0.1114234866520653,0.1247034308325836,0.0473067662019097,0.0653448666999612,0.1418220959655713,0.9941854534326228,0.9992911392405063,0.9961718813594095,0.9976674801735679,0.9941690003175994,0.6906662983711557
0.2988665278741614,0.5056792158252456,0.8032060635933026,0.8080626121475086,0.2684045377745594,0.2684045377745594,0.0962984384037015,0.0127241179872758,0.8110599078341014,176.0,domias_kde_dDE,1,CVAE-GMM,postmodel,0.9746,0.9868,0.9872201394765776,0.9745866705013204,0.996135629150392,0.9803,0.9875,0.9910138580998532,0.9803028159095454,0.9984645675501927,41.0,0.3905,0.0284555367231876,0.0287544101071268,-0.0003290792573973,0.8068006182380216,16.0026,23.1698,0.5930734841873317,0.634003307690566,0.0511451725982389,1.0,0.0023134759976865,25.509832272990167,0.9982648930017352,10.213533834586467,1.0,0.0963307716442455,0.0768934418018547,0.1156596651128739,0.0627343666577977,0.087505471943873,0.1316506510066072,0.1009216091438099,0.1114234866520653,0.1247034308325836,0.0473067662019097,0.0653448666999612,0.1418220959655713,0.9941854534326228,0.9992911392405063,0.9961718813594095,0.9976674801735679,0.9941690003175994,0.6906662983711557
0.799676150821189,0.5306876573380985,0.8111795566902742,0.8814454208464629,0.0,0.8886889460154241,0.7504337767495662,0.7504337767495662,0.8018433179723502,174.0,gan_leaks_cal_pca,1,CVAE-GMM,postmodel,0.9746,0.9868,0.9872201394765776,0.9745866705013204,0.996135629150392,0.9803,0.9875,0.9910138580998532,0.9803028159095454,0.9984645675501927,41.0,0.3905,0.0284555367231876,0.0287544101071268,-0.0003290792573973,0.8068006182380216,16.0026,23.1698,0.5930734841873317,0.634003307690566,0.0511451725982389,1.0,0.0023134759976865,25.509832272990167,0.9982648930017352,10.213533834586467,1.0,0.0963307716442455,0.0768934418018547,0.1156596651128739,0.0627343666577977,0.087505471943873,0.1316506510066072,0.1009216091438099,0.1114234866520653,0.1247034308325836,0.0473067662019097,0.0653448666999612,0.1418220959655713,0.9941854534326228,0.9992911392405063,0.9961718813594095,0.9976674801735679,0.9941690003175994,0.6906662983711557
0.8001387925052047,0.549942664576069,0.8258522283078621,0.830849528779963,0.6346324968855668,0.8889460154241645,0.1295546558704453,0.0757663389242336,0.8617511520737328,187.0,gan_leaks_cal_vDE,1,CVAE-GMM,postmodel,0.9746,0.9868,0.9872201394765776,0.9745866705013204,0.996135629150392,0.9803,0.9875,0.9910138580998532,0.9803028159095454,0.9984645675501927,41.0,0.3905,0.0284555367231876,0.0287544101071268,-0.0003290792573973,0.8068006182380216,16.0026,23.1698,0.5930734841873317,0.634003307690566,0.0511451725982389,1.0,0.0023134759976865,25.509832272990167,0.9982648930017352,10.213533834586467,1.0,0.0963307716442455,0.0768934418018547,0.1156596651128739,0.0627343666577977,0.087505471943873,0.1316506510066072,0.1009216091438099,0.1114234866520653,0.1247034308325836,0.0473067662019097,0.0653448666999612,0.1418220959655713,0.9941854534326228,0.9992911392405063,0.9961718813594095,0.9976674801735679,0.9941690003175994,0.6906662983711557
0.7999074716631969,0.5505168546087317,0.8259801772904705,0.8269716035566892,0.6271578572699769,0.8887745917448888,0.1492192018507808,0.0133024869866975,0.8571428571428571,186.0,gan_leaks_cal_sDE,1,CVAE-GMM,postmodel,0.9746,0.9868,0.9872201394765776,0.9745866705013204,0.996135629150392,0.9803,0.9875,0.9910138580998532,0.9803028159095454,0.9984645675501927,41.0,0.3905,0.0284555367231876,0.0287544101071268,-0.0003290792573973,0.8068006182380216,16.0026,23.1698,0.5930734841873317,0.634003307690566,0.0511451725982389,1.0,0.0023134759976865,25.509832272990167,0.9982648930017352,10.213533834586467,1.0,0.0963307716442455,0.0768934418018547,0.1156596651128739,0.0627343666577977,0.087505471943873,0.1316506510066072,0.1009216091438099,0.1114234866520653,0.1247034308325836,0.0473067662019097,0.0653448666999612,0.1418220959655713,0.9941854534326228,0.9992911392405063,0.9961718813594095,0.9976674801735679,0.9941690003175994,0.6906662983711557
0.8001387925052047,0.5539929191587238,0.8302596963986476,0.8352467619160189,0.6339206264459868,0.8889174595011571,0.1599190283400809,0.0766338924233661,0.8525345622119815,185.0,gan_leaks_cal_dDE,1,CVAE-GMM,postmodel,0.9746,0.9868,0.9872201394765776,0.9745866705013204,0.996135629150392,0.9803,0.9875,0.9910138580998532,0.9803028159095454,0.9984645675501927,41.0,0.3905,0.0284555367231876,0.0287544101071268,-0.0003290792573973,0.8068006182380216,16.0026,23.1698,0.5930734841873317,0.634003307690566,0.0511451725982389,1.0,0.0023134759976865,25.509832272990167,0.9982648930017352,10.213533834586467,1.0,0.0963307716442455,0.0768934418018547,0.1156596651128739,0.0627343666577977,0.087505471943873,0.1316506510066072,0.1009216091438099,0.1114234866520653,0.1247034308325836,0.0473067662019097,0.0653448666999612,0.1418220959655713,0.9941854534326228,0.9992911392405063,0.9961718813594095,0.9976674801735679,0.9941690003175994,0.6906662983711557
0.799676150821189,0.5074241851850614,0.8048146804418554,0.8045657263813414,0.6175476063356469,0.8886889460154241,0.1107576633892423,0.0106998264893001,0.815668202764977,177.0,LOGAN_D1_pca,1,CVAE-GMM,postmodel,0.9746,0.9868,0.9872201394765776,0.9745866705013204,0.996135629150392,0.9803,0.9875,0.9910138580998532,0.9803028159095454,0.9984645675501927,41.0,0.3905,0.0284555367231876,0.0287544101071268,-0.0003290792573973,0.8068006182380216,16.0026,23.1698,0.5930734841873317,0.634003307690566,0.0511451725982389,1.0,0.0023134759976865,25.509832272990167,0.9982648930017352,10.213533834586467,1.0,0.0963307716442455,0.0768934418018547,0.1156596651128739,0.0627343666577977,0.087505471943873,0.1316506510066072,0.1009216091438099,0.1114234866520653,0.1247034308325836,0.0473067662019097,0.0653448666999612,0.1418220959655713,0.9941854534326228,0.9992911392405063,0.9961718813594095,0.9976674801735679,0.9941690003175994,0.6906662983711557
0.799676150821189,0.5016491874417034,0.8051820635421663,0.8050266918558597,0.610428901939847,0.8886889460154241,0.1171197223828802,0.0173510699826489,0.8525345622119815,185.0,LOGAN_D1_vDE,1,CVAE-GMM,postmodel,0.9746,0.9868,0.9872201394765776,0.9745866705013204,0.996135629150392,0.9803,0.9875,0.9910138580998532,0.9803028159095454,0.9984645675501927,41.0,0.3905,0.0284555367231876,0.0287544101071268,-0.0003290792573973,0.8068006182380216,16.0026,23.1698,0.5930734841873317,0.634003307690566,0.0511451725982389,1.0,0.0023134759976865,25.509832272990167,0.9982648930017352,10.213533834586467,1.0,0.0963307716442455,0.0768934418018547,0.1156596651128739,0.0627343666577977,0.087505471943873,0.1316506510066072,0.1009216091438099,0.1114234866520653,0.1247034308325836,0.0473067662019097,0.0653448666999612,0.1418220959655713,0.9941854534326228,0.9992911392405063,0.9961718813594095,0.9976674801735679,0.9941690003175994,0.6906662983711557
0.799676150821189,0.5044457519967103,0.8008407382886793,0.800577014060002,0.6179035415554369,0.8886889460154241,0.0974551764025448,0.0121457489878542,0.7972350230414746,173.0,LOGAN_D1_sDE,1,CVAE-GMM,postmodel,0.9746,0.9868,0.9872201394765776,0.9745866705013204,0.996135629150392,0.9803,0.9875,0.9910138580998532,0.9803028159095454,0.9984645675501927,41.0,0.3905,0.0284555367231876,0.0287544101071268,-0.0003290792573973,0.8068006182380216,16.0026,23.1698,0.5930734841873317,0.634003307690566,0.0511451725982389,1.0,0.0023134759976865,25.509832272990167,0.9982648930017352,10.213533834586467,1.0,0.0963307716442455,0.0768934418018547,0.1156596651128739,0.0627343666577977,0.087505471943873,0.1316506510066072,0.1009216091438099,0.1114234866520653,0.1247034308325836,0.0473067662019097,0.0653448666999612,0.1418220959655713,0.9941854534326228,0.9992911392405063,0.9961718813594095,0.9976674801735679,0.9941690003175994,0.6906662983711557
0.7999074716631969,0.5107429534262513,0.8063964372565415,0.8062229350846037,0.6211069585335469,0.8888031880704461,0.0922498554077501,0.0135916714864083,0.847926267281106,184.0,LOGAN_D1_dDE,1,CVAE-GMM,postmodel,0.9746,0.9868,0.9872201394765776,0.9745866705013204,0.996135629150392,0.9803,0.9875,0.9910138580998532,0.9803028159095454,0.9984645675501927,41.0,0.3905,0.0284555367231876,0.0287544101071268,-0.0003290792573973,0.8068006182380216,16.0026,23.1698,0.5930734841873317,0.634003307690566,0.0511451725982389,1.0,0.0023134759976865,25.509832272990167,0.9982648930017352,10.213533834586467,1.0,0.0963307716442455,0.0768934418018547,0.1156596651128739,0.0627343666577977,0.087505471943873,0.1316506510066072,0.1009216091438099,0.1114234866520653,0.1247034308325836,0.0473067662019097,0.0653448666999612,0.1418220959655713,0.9941854534326228,0.9992911392405063,0.9961718813594095,0.9976674801735679,0.9941690003175994,0.6906662983711557
0.2701827434651862,0.5160489039405984,0.8068181027881512,0.8293482646085562,0.1891544590079671,0.1891544590079671,1.0,0.0222672064777327,0.8709677419354839,189.0,MC,2,CVAE-GMM,postmodel,0.963,0.9781,0.9796428570919312,0.9630350147967998,0.9950197459129396,0.978,0.9933,0.9940760462232364,0.978010199346212,0.999399642449856,36.0,0.3462,0.0175359217566967,0.0172387141134321,-0.0002804506456405,0.7825812559166929,16.6675,23.2381,0.3183225244571337,0.3461684860161079,0.0485196773835932,1.0,0.004626951995373,21.165297860034705,0.9997108155002892,8.67403123192597,1.0,0.0728781521955757,0.0655121411017322,0.0794672044036347,0.0357780588552881,0.0553075609809546,0.116765060915961,0.0832320254868359,0.0906376539687033,0.1009667474629593,0.0402688414252041,0.0447942731764354,0.1165099427594493,0.9846625766871165,0.9846974730695661,0.9854807997978215,0.9956174723795379,0.9846881100427961,0.7172488284326172
0.8001387925052047,0.5397449827325094,0.821488226316506,0.821374533962067,0.6282256629293469,0.8889460154241645,0.1252168883747831,0.0153267784846732,0.8847926267281107,192.0,gan_leaks,2,CVAE-GMM,postmodel,0.963,0.9781,0.9796428570919312,0.9630350147967998,0.9950197459129396,0.978,0.9933,0.9940760462232364,0.978010199346212,0.999399642449856,36.0,0.3462,0.0175359217566967,0.0172387141134321,-0.0002804506456405,0.7825812559166929,16.6675,23.2381,0.3183225244571337,0.3461684860161079,0.0485196773835932,1.0,0.004626951995373,21.165297860034705,0.9997108155002892,8.67403123192597,1.0,0.0728781521955757,0.0655121411017322,0.0794672044036347,0.0357780588552881,0.0553075609809546,0.116765060915961,0.0832320254868359,0.0906376539687033,0.1009667474629593,0.0402688414252041,0.0447942731764354,0.1165099427594493,0.9846625766871165,0.9846974730695661,0.9854807997978215,0.9956174723795379,0.9846881100427961,0.7172488284326172
0.799676150821189,0.5150319105901704,0.8029550861302546,0.8027775920221631,0.6193272824345969,0.8886889460154241,0.0942741469057258,0.0072296124927703,0.8018433179723502,174.0,loss_lr,2,CVAE-GMM,postmodel,0.963,0.9781,0.9796428570919312,0.9630350147967998,0.9950197459129396,0.978,0.9933,0.9940760462232364,0.978010199346212,0.999399642449856,36.0,0.3462,0.0175359217566967,0.0172387141134321,-0.0002804506456405,0.7825812559166929,16.6675,23.2381,0.3183225244571337,0.3461684860161079,0.0485196773835932,1.0,0.004626951995373,21.165297860034705,0.9997108155002892,8.67403123192597,1.0,0.0728781521955757,0.0655121411017322,0.0794672044036347,0.0357780588552881,0.0553075609809546,0.116765060915961,0.0832320254868359,0.0906376539687033,0.1009667474629593,0.0402688414252041,0.0447942731764354,0.1165099427594493,0.9846625766871165,0.9846974730695661,0.9854807997978215,0.9956174723795379,0.9846881100427961,0.7172488284326172
0.799676150821189,0.5131105888331322,0.8021009082840168,0.8019405713985812,0.615056059797117,0.8886889460154241,0.0991902834008097,0.0043377674956622,0.8018433179723502,174.0,loss_rf,2,CVAE-GMM,postmodel,0.963,0.9781,0.9796428570919312,0.9630350147967998,0.9950197459129396,0.978,0.9933,0.9940760462232364,0.978010199346212,0.999399642449856,36.0,0.3462,0.0175359217566967,0.0172387141134321,-0.0002804506456405,0.7825812559166929,16.6675,23.2381,0.3183225244571337,0.3461684860161079,0.0485196773835932,1.0,0.004626951995373,21.165297860034705,0.9997108155002892,8.67403123192597,1.0,0.0728781521955757,0.0655121411017322,0.0794672044036347,0.0357780588552881,0.0553075609809546,0.116765060915961,0.0832320254868359,0.0906376539687033,0.1009667474629593,0.0402688414252041,0.0447942731764354,0.1165099427594493,0.9846625766871165,0.9846974730695661,0.9854807997978215,0.9956174723795379,0.9846881100427961,0.7172488284326172
0.799676150821189,0.4964873277012005,0.8004955780707895,0.8003443094036069,0.613276383698167,0.8886889460154241,0.0928282244071717,0.0121457489878542,0.8018433179723502,174.0,LOGAN_D1,2,CVAE-GMM,postmodel,0.963,0.9781,0.9796428570919312,0.9630350147967998,0.9950197459129396,0.978,0.9933,0.9940760462232364,0.978010199346212,0.999399642449856,36.0,0.3462,0.0175359217566967,0.0172387141134321,-0.0002804506456405,0.7825812559166929,16.6675,23.2381,0.3183225244571337,0.3461684860161079,0.0485196773835932,1.0,0.004626951995373,21.165297860034705,0.9997108155002892,8.67403123192597,1.0,0.0728781521955757,0.0655121411017322,0.0794672044036347,0.0357780588552881,0.0553075609809546,0.116765060915961,0.0832320254868359,0.0906376539687033,0.1009667474629593,0.0402688414252041,0.0447942731764354,0.1165099427594493,0.9846625766871165,0.9846974730695661,0.9854807997978215,0.9956174723795379,0.9846881100427961,0.7172488284326172
0.8001387925052047,0.5112226988101646,0.8036561739745147,0.8948893829634148,0.0,0.8889460154241645,0.9300173510699826,0.9300173510699826,0.7926267281105991,172.0,gan_leaks_cal,2,CVAE-GMM,postmodel,0.963,0.9781,0.9796428570919312,0.9630350147967998,0.9950197459129396,0.978,0.9933,0.9940760462232364,0.978010199346212,0.999399642449856,36.0,0.3462,0.0175359217566967,0.0172387141134321,-0.0002804506456405,0.7825812559166929,16.6675,23.2381,0.3183225244571337,0.3461684860161079,0.0485196773835932,1.0,0.004626951995373,21.165297860034705,0.9997108155002892,8.67403123192597,1.0,0.0728781521955757,0.0655121411017322,0.0794672044036347,0.0357780588552881,0.0553075609809546,0.116765060915961,0.0832320254868359,0.0906376539687033,0.1009667474629593,0.0402688414252041,0.0447942731764354,0.1165099427594493,0.9846625766871165,0.9846974730695661,0.9854807997978215,0.9956174723795379,0.9846881100427961,0.7172488284326172
0.4450613000231321,0.5170232718300865,0.810016767708365,0.8134478655346773,0.5348070583672678,0.5348070583672678,0.1220358588779641,0.0109890109890109,0.8525345622119815,185.0,domias_kde_pca,2,CVAE-GMM,postmodel,0.963,0.9781,0.9796428570919312,0.9630350147967998,0.9950197459129396,0.978,0.9933,0.9940760462232364,0.978010199346212,0.999399642449856,36.0,0.3462,0.0175359217566967,0.0172387141134321,-0.0002804506456405,0.7825812559166929,16.6675,23.2381,0.3183225244571337,0.3461684860161079,0.0485196773835932,1.0,0.004626951995373,21.165297860034705,0.9997108155002892,8.67403123192597,1.0,0.0728781521955757,0.0655121411017322,0.0794672044036347,0.0357780588552881,0.0553075609809546,0.116765060915961,0.0832320254868359,0.0906376539687033,0.1009667474629593,0.0402688414252041,0.0447942731764354,0.1165099427594493,0.9846625766871165,0.9846974730695661,0.9854807997978215,0.9956174723795379,0.9846881100427961,0.7172488284326172
0.3777469349988434,0.516866309838625,0.811727831581986,0.816720166266635,0.4252136752136752,0.4252136752136752,0.1243493348756506,0.0170618854829381,0.8663594470046083,188.0,domias_kde_vDE,2,CVAE-GMM,postmodel,0.963,0.9781,0.9796428570919312,0.9630350147967998,0.9950197459129396,0.978,0.9933,0.9940760462232364,0.978010199346212,0.999399642449856,36.0,0.3462,0.0175359217566967,0.0172387141134321,-0.0002804506456405,0.7825812559166929,16.6675,23.2381,0.3183225244571337,0.3461684860161079,0.0485196773835932,1.0,0.004626951995373,21.165297860034705,0.9997108155002892,8.67403123192597,1.0,0.0728781521955757,0.0655121411017322,0.0794672044036347,0.0357780588552881,0.0553075609809546,0.116765060915961,0.0832320254868359,0.0906376539687033,0.1009667474629593,0.0402688414252041,0.0447942731764354,0.1165099427594493,0.9846625766871165,0.9846974730695661,0.9854807997978215,0.9956174723795379,0.9846881100427961,0.7172488284326172
0.315058986814712,0.519116599858918,0.8075353309211878,0.822002622050302,0.2948321028816384,0.2948321028816384,0.1203007518796992,0.0161943319838056,0.8525345622119815,185.0,domias_kde_sDE,2,CVAE-GMM,postmodel,0.963,0.9781,0.9796428570919312,0.9630350147967998,0.9950197459129396,0.978,0.9933,0.9940760462232364,0.978010199346212,0.999399642449856,36.0,0.3462,0.0175359217566967,0.0172387141134321,-0.0002804506456405,0.7825812559166929,16.6675,23.2381,0.3183225244571337,0.3461684860161079,0.0485196773835932,1.0,0.004626951995373,21.165297860034705,0.9997108155002892,8.67403123192597,1.0,0.0728781521955757,0.0655121411017322,0.0794672044036347,0.0357780588552881,0.0553075609809546,0.116765060915961,0.0832320254868359,0.0906376539687033,0.1009667474629593,0.0402688414252041,0.0447942731764354,0.1165099427594493,0.9846625766871165,0.9846974730695661,0.9854807997978215,0.9956174723795379,0.9846881100427961,0.7172488284326172
0.400647698357622,0.5245408987118753,0.8120269631701929,0.8195328019920094,0.4605454924005829,0.4605454924005829,0.1257952573742047,0.0118565644881434,0.8341013824884793,181.0,domias_kde_dDE,2,CVAE-GMM,postmodel,0.963,0.9781,0.9796428570919312,0.9630350147967998,0.9950197459129396,0.978,0.9933,0.9940760462232364,0.978010199346212,0.999399642449856,36.0,0.3462,0.0175359217566967,0.0172387141134321,-0.0002804506456405,0.7825812559166929,16.6675,23.2381,0.3183225244571337,0.3461684860161079,0.0485196773835932,1.0,0.004626951995373,21.165297860034705,0.9997108155002892,8.67403123192597,1.0,0.0728781521955757,0.0655121411017322,0.0794672044036347,0.0357780588552881,0.0553075609809546,0.116765060915961,0.0832320254868359,0.0906376539687033,0.1009667474629593,0.0402688414252041,0.0447942731764354,0.1165099427594493,0.9846625766871165,0.9846974730695661,0.9854807997978215,0.9956174723795379,0.9846881100427961,0.7172488284326172
0.8001387925052047,0.5146843877145063,0.805245663770576,0.8826210821019193,0.0,0.8889460154241645,0.7975708502024291,0.7975708502024291,0.8018433179723502,174.0,gan_leaks_cal_pca,2,CVAE-GMM,postmodel,0.963,0.9781,0.9796428570919312,0.9630350147967998,0.9950197459129396,0.978,0.9933,0.9940760462232364,0.978010199346212,0.999399642449856,36.0,0.3462,0.0175359217566967,0.0172387141134321,-0.0002804506456405,0.7825812559166929,16.6675,23.2381,0.3183225244571337,0.3461684860161079,0.0485196773835932,1.0,0.004626951995373,21.165297860034705,0.9997108155002892,8.67403123192597,1.0,0.0728781521955757,0.0655121411017322,0.0794672044036347,0.0357780588552881,0.0553075609809546,0.116765060915961,0.0832320254868359,0.0906376539687033,0.1009667474629593,0.0402688414252041,0.0447942731764354,0.1165099427594493,0.9846625766871165,0.9846974730695661,0.9854807997978215,0.9956174723795379,0.9846881100427961,0.7172488284326172
0.8006014341892205,0.5665373415753702,0.8386356301400875,0.8438181412964137,0.6392596547428369,0.8891460905349794,0.1775592828224407,0.0989010989010989,0.880184331797235,191.0,gan_leaks_cal_vDE,2,CVAE-GMM,postmodel,0.963,0.9781,0.9796428570919312,0.9630350147967998,0.9950197459129396,0.978,0.9933,0.9940760462232364,0.978010199346212,0.999399642449856,36.0,0.3462,0.0175359217566967,0.0172387141134321,-0.0002804506456405,0.7825812559166929,16.6675,23.2381,0.3183225244571337,0.3461684860161079,0.0485196773835932,1.0,0.004626951995373,21.165297860034705,0.9997108155002892,8.67403123192597,1.0,0.0728781521955757,0.0655121411017322,0.0794672044036347,0.0357780588552881,0.0553075609809546,0.116765060915961,0.0832320254868359,0.0906376539687033,0.1009667474629593,0.0402688414252041,0.0447942731764354,0.1165099427594493,0.9846625766871165,0.9846974730695661,0.9854807997978215,0.9956174723795379,0.9846881100427961,0.7172488284326172
0.7999074716631969,0.5583724763219744,0.8320491681246635,0.8335640214282936,0.6360562377647269,0.8888031880704461,0.1610757663389242,0.0213996529786003,0.8894009216589862,193.0,gan_leaks_cal_sDE,2,CVAE-GMM,postmodel,0.963,0.9781,0.9796428570919312,0.9630350147967998,0.9950197459129396,0.978,0.9933,0.9940760462232364,0.978010199346212,0.999399642449856,36.0,0.3462,0.0175359217566967,0.0172387141134321,-0.0002804506456405,0.7825812559166929,16.6675,23.2381,0.3183225244571337,0.3461684860161079,0.0485196773835932,1.0,0.004626951995373,21.165297860034705,0.9997108155002892,8.67403123192597,1.0,0.0728781521955757,0.0655121411017322,0.0794672044036347,0.0357780588552881,0.0553075609809546,0.116765060915961,0.0832320254868359,0.0906376539687033,0.1009667474629593,0.0402688414252041,0.0447942731764354,0.1165099427594493,0.9846625766871165,0.9846974730695661,0.9854807997978215,0.9956174723795379,0.9846881100427961,0.7172488284326172
0.7999074716631969,0.5680665090917602,0.8376235377426159,0.8432353092242739,0.6371240434240968,0.8888031880704461,0.1596298438403701,0.0983227299016772,0.8709677419354839,189.0,gan_leaks_cal_dDE,2,CVAE-GMM,postmodel,0.963,0.9781,0.9796428570919312,0.9630350147967998,0.9950197459129396,0.978,0.9933,0.9940760462232364,0.978010199346212,0.999399642449856,36.0,0.3462,0.0175359217566967,0.0172387141134321,-0.0002804506456405,0.7825812559166929,16.6675,23.2381,0.3183225244571337,0.3461684860161079,0.0485196773835932,1.0,0.004626951995373,21.165297860034705,0.9997108155002892,8.67403123192597,1.0,0.0728781521955757,0.0655121411017322,0.0794672044036347,0.0357780588552881,0.0553075609809546,0.116765060915961,0.0832320254868359,0.0906376539687033,0.1009667474629593,0.0402688414252041,0.0447942731764354,0.1165099427594493,0.9846625766871165,0.9846974730695661,0.9854807997978215,0.9956174723795379,0.9846881100427961,0.7172488284326172
0.799676150821189,0.5022763667728681,0.8034027931564065,0.8032606530573146,0.6154119950169069,0.8886889460154241,0.098611914401388,0.0109890109890109,0.8248847926267281,179.0,LOGAN_D1_pca,2,CVAE-GMM,postmodel,0.963,0.9781,0.9796428570919312,0.9630350147967998,0.9950197459129396,0.978,0.9933,0.9940760462232364,0.978010199346212,0.999399642449856,36.0,0.3462,0.0175359217566967,0.0172387141134321,-0.0002804506456405,0.7825812559166929,16.6675,23.2381,0.3183225244571337,0.3461684860161079,0.0485196773835932,1.0,0.004626951995373,21.165297860034705,0.9997108155002892,8.67403123192597,1.0,0.0728781521955757,0.0655121411017322,0.0794672044036347,0.0357780588552881,0.0553075609809546,0.116765060915961,0.0832320254868359,0.0906376539687033,0.1009667474629593,0.0402688414252041,0.0447942731764354,0.1165099427594493,0.9846625766871165,0.9846974730695661,0.9854807997978215,0.9956174723795379,0.9846881100427961,0.7172488284326172
0.8001387925052047,0.490180431068779,0.7955936851695382,0.7954323842480826,0.613276383698167,0.8889460154241645,0.098611914401388,0.0075187969924812,0.7788018433179723,169.0,LOGAN_D1_vDE,2,CVAE-GMM,postmodel,0.963,0.9781,0.9796428570919312,0.9630350147967998,0.9950197459129396,0.978,0.9933,0.9940760462232364,0.978010199346212,0.999399642449856,36.0,0.3462,0.0175359217566967,0.0172387141134321,-0.0002804506456405,0.7825812559166929,16.6675,23.2381,0.3183225244571337,0.3461684860161079,0.0485196773835932,1.0,0.004626951995373,21.165297860034705,0.9997108155002892,8.67403123192597,1.0,0.0728781521955757,0.0655121411017322,0.0794672044036347,0.0357780588552881,0.0553075609809546,0.116765060915961,0.0832320254868359,0.0906376539687033,0.1009667474629593,0.0402688414252041,0.0447942731764354,0.1165099427594493,0.9846625766871165,0.9846974730695661,0.9854807997978215,0.9956174723795379,0.9846881100427961,0.7172488284326172
0.8006014341892205,0.5073167021600243,0.8010751875254306,0.8008490429510471,0.615056059797117,0.8891175713918189,0.1084441873915558,0.004626951995373,0.815668202764977,177.0,LOGAN_D1_sDE,2,CVAE-GMM,postmodel,0.963,0.9781,0.9796428570919312,0.9630350147967998,0.9950197459129396,0.978,0.9933,0.9940760462232364,0.978010199346212,0.999399642449856,36.0,0.3462,0.0175359217566967,0.0172387141134321,-0.0002804506456405,0.7825812559166929,16.6675,23.2381,0.3183225244571337,0.3461684860161079,0.0485196773835932,1.0,0.004626951995373,21.165297860034705,0.9997108155002892,8.67403123192597,1.0,0.0728781521955757,0.0655121411017322,0.0794672044036347,0.0357780588552881,0.0553075609809546,0.116765060915961,0.0832320254868359,0.0906376539687033,0.1009667474629593,0.0402688414252041,0.0447942731764354,0.1165099427594493,0.9846625766871165,0.9846974730695661,0.9854807997978215,0.9956174723795379,0.9846881100427961,0.7172488284326172
0.799676150821189,0.5086280619289442,0.8070243808399442,0.8069020009789483,0.6182594767752269,0.8886889460154241,0.1064198958935801,0.0179294389820705,0.815668202764977,177.0,LOGAN_D1_dDE,2,CVAE-GMM,postmodel,0.963,0.9781,0.9796428570919312,0.9630350147967998,0.9950197459129396,0.978,0.9933,0.9940760462232364,0.978010199346212,0.999399642449856,36.0,0.3462,0.0175359217566967,0.0172387141134321,-0.0002804506456405,0.7825812559166929,16.6675,23.2381,0.3183225244571337,0.3461684860161079,0.0485196773835932,1.0,0.004626951995373,21.165297860034705,0.9997108155002892,8.67403123192597,1.0,0.0728781521955757,0.0655121411017322,0.0794672044036347,0.0357780588552881,0.0553075609809546,0.116765060915961,0.0832320254868359,0.0906376539687033,0.1009667474629593,0.0402688414252041,0.0447942731764354,0.1165099427594493,0.9846625766871165,0.9846974730695661,0.9854807997978215,0.9956174723795379,0.9846881100427961,0.7172488284326172
0.2711080268332176,0.5170792699846548,0.8056818876451226,0.829900732420818,0.1901824723721408,0.1901824723721408,1.0,0.0167727009832273,0.8294930875576036,180.0,MC,2,EMB-Diffusion,submission,0.9723,0.9888,0.9897913834983136,0.9724060935512556,0.9983581788413686,0.978,0.9933,0.9940760462232364,0.978010199346212,0.999399642449856,42.0,0.3784,0.0068550489283914,0.0068684947238761,-0.0002804506456405,0.7269076305220884,21.7169,23.2381,0.0616947937325891,0.0989475034566179,0.0485196773835932,0.8345864661654135,0.1951995373048004,3.200636205899364,0.967032967032967,2.531868131868132,0.9953757225433526,0.0123154337867174,0.0154448160661776,0.0430663532464135,0.0252882380280837,0.0368886152619127,0.0345003943949938,0.0277908511806671,0.0185522288613659,0.0172134037279535,0.0362259377683844,0.022609693605502,0.0858606642725252,0.9941717791411043,0.9954696466324374,0.9956898038724488,0.9989579107653727,0.9942698902335552,0.9345385380043979
0.8001387925052047,0.5131898220428796,0.8133063708565935,0.8131331193429716,0.6225306994127069,0.8889460154241645,0.1373626373626373,0.0228455754771544,0.8571428571428571,186.0,gan_leaks,2,EMB-Diffusion,submission,0.9723,0.9888,0.9897913834983136,0.9724060935512556,0.9983581788413686,0.978,0.9933,0.9940760462232364,0.978010199346212,0.999399642449856,42.0,0.3784,0.0068550489283914,0.0068684947238761,-0.0002804506456405,0.7269076305220884,21.7169,23.2381,0.0616947937325891,0.0989475034566179,0.0485196773835932,0.8345864661654135,0.1951995373048004,3.200636205899364,0.967032967032967,2.531868131868132,0.9953757225433526,0.0123154337867174,0.0154448160661776,0.0430663532464135,0.0252882380280837,0.0368886152619127,0.0345003943949938,0.0277908511806671,0.0185522288613659,0.0172134037279535,0.0362259377683844,0.022609693605502,0.0858606642725252,0.9941717791411043,0.9954696466324374,0.9956898038724488,0.9989579107653727,0.9942698902335552,0.9345385380043979
0.799676150821189,0.5082756914518399,0.8017606729734776,0.801595416853251,0.6139882541377469,0.8886889460154241,0.0936957779063042,0.009253903990746,0.8110599078341014,176.0,loss_lr,2,EMB-Diffusion,submission,0.9723,0.9888,0.9897913834983136,0.9724060935512556,0.9983581788413686,0.978,0.9933,0.9940760462232364,0.978010199346212,0.999399642449856,42.0,0.3784,0.0068550489283914,0.0068684947238761,-0.0002804506456405,0.7269076305220884,21.7169,23.2381,0.0616947937325891,0.0989475034566179,0.0485196773835932,0.8345864661654135,0.1951995373048004,3.200636205899364,0.967032967032967,2.531868131868132,0.9953757225433526,0.0123154337867174,0.0154448160661776,0.0430663532464135,0.0252882380280837,0.0368886152619127,0.0345003943949938,0.0277908511806671,0.0185522288613659,0.0172134037279535,0.0362259377683844,0.022609693605502,0.0858606642725252,0.9941717791411043,0.9954696466324374,0.9956898038724488,0.9989579107653727,0.9942698902335552,0.9345385380043979
0.799676150821189,0.5102668855330857,0.8036977639934096,0.803750816308282,0.6207510233137569,0.8886889460154241,0.0997686524002313,0.0069404279930595,0.815668202764977,177.0,loss_rf,2,EMB-Diffusion,submission,0.9723,0.9888,0.9897913834983136,0.9724060935512556,0.9983581788413686,0.978,0.9933,0.9940760462232364,0.978010199346212,0.999399642449856,42.0,0.3784,0.0068550489283914,0.0068684947238761,-0.0002804506456405,0.7269076305220884,21.7169,23.2381,0.0616947937325891,0.0989475034566179,0.0485196773835932,0.8345864661654135,0.1951995373048004,3.200636205899364,0.967032967032967,2.531868131868132,0.9953757225433526,0.0123154337867174,0.0154448160661776,0.0430663532464135,0.0252882380280837,0.0368886152619127,0.0345003943949938,0.0277908511806671,0.0185522288613659,0.0172134037279535,0.0362259377683844,0.022609693605502,0.0858606642725252,0.9941717791411043,0.9954696466324374,0.9956898038724488,0.9989579107653727,0.9942698902335552,0.9345385380043979
0.8003701133472125,0.4980753350695547,0.7983248026834511,0.7981859958280604,0.6136323189179569,0.8890602905257745,0.0916714864083285,0.0086755349913244,0.7880184331797235,171.0,LOGAN_D1,2,EMB-Diffusion,submission,0.9723,0.9888,0.9897913834983136,0.9724060935512556,0.9983581788413686,0.978,0.9933,0.9940760462232364,0.978010199346212,0.999399642449856,42.0,0.3784,0.0068550489283914,0.0068684947238761,-0.0002804506456405,0.7269076305220884,21.7169,23.2381,0.0616947937325891,0.0989475034566179,0.0485196773835932,0.8345864661654135,0.1951995373048004,3.200636205899364,0.967032967032967,2.531868131868132,0.9953757225433526,0.0123154337867174,0.0154448160661776,0.0430663532464135,0.0252882380280837,0.0368886152619127,0.0345003943949938,0.0277908511806671,0.0185522288613659,0.0172134037279535,0.0362259377683844,0.022609693605502,0.0858606642725252,0.9941717791411043,0.9954696466324374,0.9956898038724488,0.9989579107653727,0.9942698902335552,0.9345385380043979
0.799676150821189,0.5068240855584938,0.8022074876875834,0.8754028038887686,0.0,0.8886889460154241,0.7406015037593985,0.7406015037593985,0.8248847926267281,179.0,gan_leaks_cal,2,EMB-Diffusion,submission,0.9723,0.9888,0.9897913834983136,0.9724060935512556,0.9983581788413686,0.978,0.9933,0.9940760462232364,0.978010199346212,0.999399642449856,42.0,0.3784,0.0068550489283914,0.0068684947238761,-0.0002804506456405,0.7269076305220884,21.7169,23.2381,0.0616947937325891,0.0989475034566179,0.0485196773835932,0.8345864661654135,0.1951995373048004,3.200636205899364,0.967032967032967,2.531868131868132,0.9953757225433526,0.0123154337867174,0.0154448160661776,0.0430663532464135,0.0252882380280837,0.0368886152619127,0.0345003943949938,0.0277908511806671,0.0185522288613659,0.0172134037279535,0.0362259377683844,0.022609693605502,0.0858606642725252,0.9941717791411043,0.9954696466324374,0.9956898038724488,0.9989579107653727,0.9942698902335552,0.9345385380043979
0.7999074716631969,0.5142054781239448,0.8121573385521237,0.8119093184093068,0.6207510233137569,0.8888031880704461,0.1255060728744939,0.0205320994794679,0.8525345622119815,185.0,domias_kde_pca,2,EMB-Diffusion,submission,0.9723,0.9888,0.9897913834983136,0.9724060935512556,0.9983581788413686,0.978,0.9933,0.9940760462232364,0.978010199346212,0.999399642449856,42.0,0.3784,0.0068550489283914,0.0068684947238761,-0.0002804506456405,0.7269076305220884,21.7169,23.2381,0.0616947937325891,0.0989475034566179,0.0485196773835932,0.8345864661654135,0.1951995373048004,3.200636205899364,0.967032967032967,2.531868131868132,0.9953757225433526,0.0123154337867174,0.0154448160661776,0.0430663532464135,0.0252882380280837,0.0368886152619127,0.0345003943949938,0.0277908511806671,0.0185522288613659,0.0172134037279535,0.0362259377683844,0.022609693605502,0.0858606642725252,0.9941717791411043,0.9954696466324374,0.9956898038724488,0.9989579107653727,0.9942698902335552,0.9345385380043979
0.8001387925052047,0.5193492847280495,0.8146891850932799,0.8145224807329092,0.6228866346324969,0.8889460154241645,0.137941006362059,0.0115673799884326,0.8663594470046083,188.0,domias_kde_vDE,2,EMB-Diffusion,submission,0.9723,0.9888,0.9897913834983136,0.9724060935512556,0.9983581788413686,0.978,0.9933,0.9940760462232364,0.978010199346212,0.999399642449856,42.0,0.3784,0.0068550489283914,0.0068684947238761,-0.0002804506456405,0.7269076305220884,21.7169,23.2381,0.0616947937325891,0.0989475034566179,0.0485196773835932,0.8345864661654135,0.1951995373048004,3.200636205899364,0.967032967032967,2.531868131868132,0.9953757225433526,0.0123154337867174,0.0154448160661776,0.0430663532464135,0.0252882380280837,0.0368886152619127,0.0345003943949938,0.0277908511806671,0.0185522288613659,0.0172134037279535,0.0362259377683844,0.022609693605502,0.0858606642725252,0.9941717791411043,0.9954696466324374,0.9956898038724488,0.9989579107653727,0.9942698902335552,0.9345385380043979
0.8001387925052047,0.518221298020507,0.814424442180513,0.8142806008241185,0.6182594767752269,0.8889460154241645,0.1336032388663967,0.018796992481203,0.8433179723502304,183.0,domias_kde_sDE,2,EMB-Diffusion,submission,0.9723,0.9888,0.9897913834983136,0.9724060935512556,0.9983581788413686,0.978,0.9933,0.9940760462232364,0.978010199346212,0.999399642449856,42.0,0.3784,0.0068550489283914,0.0068684947238761,-0.0002804506456405,0.7269076305220884,21.7169,23.2381,0.0616947937325891,0.0989475034566179,0.0485196773835932,0.8345864661654135,0.1951995373048004,3.200636205899364,0.967032967032967,2.531868131868132,0.9953757225433526,0.0123154337867174,0.0154448160661776,0.0430663532464135,0.0252882380280837,0.0368886152619127,0.0345003943949938,0.0277908511806671,0.0185522288613659,0.0172134037279535,0.0362259377683844,0.022609693605502,0.0858606642725252,0.9941717791411043,0.9954696466324374,0.9956898038724488,0.9989579107653727,0.9942698902335552,0.9345385380043979
0.8001387925052047,0.5181089673940298,0.8160003070371543,0.8158268898570492,0.6221747641929168,0.8889460154241645,0.1385193753614806,0.0115673799884326,0.8617511520737328,187.0,domias_kde_dDE,2,EMB-Diffusion,submission,0.9723,0.9888,0.9897913834983136,0.9724060935512556,0.9983581788413686,0.978,0.9933,0.9940760462232364,0.978010199346212,0.999399642449856,42.0,0.3784,0.0068550489283914,0.0068684947238761,-0.0002804506456405,0.7269076305220884,21.7169,23.2381,0.0616947937325891,0.0989475034566179,0.0485196773835932,0.8345864661654135,0.1951995373048004,3.200636205899364,0.967032967032967,2.531868131868132,0.9953757225433526,0.0123154337867174,0.0154448160661776,0.0430663532464135,0.0252882380280837,0.0368886152619127,0.0345003943949938,0.0277908511806671,0.0185522288613659,0.0172134037279535,0.0362259377683844,0.022609693605502,0.0858606642725252,0.9941717791411043,0.9954696466324374,0.9956898038724488,0.9989579107653727,0.9942698902335552,0.9345385380043979
0.799676150821189,0.4997651420681539,0.7995814108477232,0.8662457092529907,0.0,0.8886889460154241,0.6639676113360324,0.6639676113360324,0.815668202764977,177.0,gan_leaks_cal_pca,2,EMB-Diffusion,submission,0.9723,0.9888,0.9897913834983136,0.9724060935512556,0.9983581788413686,0.978,0.9933,0.9940760462232364,0.978010199346212,0.999399642449856,42.0,0.3784,0.0068550489283914,0.0068684947238761,-0.0002804506456405,0.7269076305220884,21.7169,23.2381,0.0616947937325891,0.0989475034566179,0.0485196773835932,0.8345864661654135,0.1951995373048004,3.200636205899364,0.967032967032967,2.531868131868132,0.9953757225433526,0.0123154337867174,0.0154448160661776,0.0430663532464135,0.0252882380280837,0.0368886152619127,0.0345003943949938,0.0277908511806671,0.0185522288613659,0.0172134037279535,0.0362259377683844,0.022609693605502,0.0858606642725252,0.9941717791411043,0.9954696466324374,0.9956898038724488,0.9989579107653727,0.9942698902335552,0.9345385380043979
0.799676150821189,0.5323356746691095,0.8232368657645254,0.8239890777118609,0.6225306994127069,0.8886889460154241,0.1419895893580104,0.0196645459803354,0.8986175115207373,195.0,gan_leaks_cal_vDE,2,EMB-Diffusion,submission,0.9723,0.9888,0.9897913834983136,0.9724060935512556,0.9983581788413686,0.978,0.9933,0.9940760462232364,0.978010199346212,0.999399642449856,42.0,0.3784,0.0068550489283914,0.0068684947238761,-0.0002804506456405,0.7269076305220884,21.7169,23.2381,0.0616947937325891,0.0989475034566179,0.0485196773835932,0.8345864661654135,0.1951995373048004,3.200636205899364,0.967032967032967,2.531868131868132,0.9953757225433526,0.0123154337867174,0.0154448160661776,0.0430663532464135,0.0252882380280837,0.0368886152619127,0.0345003943949938,0.0277908511806671,0.0185522288613659,0.0172134037279535,0.0362259377683844,0.022609693605502,0.0858606642725252,0.9941717791411043,0.9954696466324374,0.9956898038724488,0.9989579107653727,0.9942698902335552,0.9345385380043979
0.799676150821189,0.5210312352691422,0.8107409402970791,0.8108727319633227,0.6193272824345969,0.8886889460154241,0.1376518218623481,0.0057836899942163,0.8248847926267281,179.0,gan_leaks_cal_sDE,2,EMB-Diffusion,submission,0.9723,0.9888,0.9897913834983136,0.9724060935512556,0.9983581788413686,0.978,0.9933,0.9940760462232364,0.978010199346212,0.999399642449856,42.0,0.3784,0.0068550489283914,0.0068684947238761,-0.0002804506456405,0.7269076305220884,21.7169,23.2381,0.0616947937325891,0.0989475034566179,0.0485196773835932,0.8345864661654135,0.1951995373048004,3.200636205899364,0.967032967032967,2.531868131868132,0.9953757225433526,0.0123154337867174,0.0154448160661776,0.0430663532464135,0.0252882380280837,0.0368886152619127,0.0345003943949938,0.0277908511806671,0.0185522288613659,0.0172134037279535,0.0362259377683844,0.022609693605502,0.0858606642725252,0.9941717791411043,0.9954696466324374,0.9956898038724488,0.9989579107653727,0.9942698902335552,0.9345385380043979
0.799676150821189,0.5378788233366877,0.8198569919377143,0.8214843122040927,0.6289375333689269,0.8886889460154241,0.1463273568536726,0.0161943319838056,0.847926267281106,184.0,gan_leaks_cal_dDE,2,EMB-Diffusion,submission,0.9723,0.9888,0.9897913834983136,0.9724060935512556,0.9983581788413686,0.978,0.9933,0.9940760462232364,0.978010199346212,0.999399642449856,42.0,0.3784,0.0068550489283914,0.0068684947238761,-0.0002804506456405,0.7269076305220884,21.7169,23.2381,0.0616947937325891,0.0989475034566179,0.0485196773835932,0.8345864661654135,0.1951995373048004,3.200636205899364,0.967032967032967,2.531868131868132,0.9953757225433526,0.0123154337867174,0.0154448160661776,0.0430663532464135,0.0252882380280837,0.0368886152619127,0.0345003943949938,0.0277908511806671,0.0185522288613659,0.0172134037279535,0.0362259377683844,0.022609693605502,0.0858606642725252,0.9941717791411043,0.9954696466324374,0.9956898038724488,0.9989579107653727,0.9942698902335552,0.9345385380043979
0.799676150821189,0.5034682080924856,0.8026501268997822,0.8025112823598599,0.6154119950169069,0.8886889460154241,0.0997686524002313,0.0141700404858299,0.8202764976958525,178.0,LOGAN_D1_pca,2,EMB-Diffusion,submission,0.9723,0.9888,0.9897913834983136,0.9724060935512556,0.9983581788413686,0.978,0.9933,0.9940760462232364,0.978010199346212,0.999399642449856,42.0,0.3784,0.0068550489283914,0.0068684947238761,-0.0002804506456405,0.7269076305220884,21.7169,23.2381,0.0616947937325891,0.0989475034566179,0.0485196773835932,0.8345864661654135,0.1951995373048004,3.200636205899364,0.967032967032967,2.531868131868132,0.9953757225433526,0.0123154337867174,0.0154448160661776,0.0430663532464135,0.0252882380280837,0.0368886152619127,0.0345003943949938,0.0277908511806671,0.0185522288613659,0.0172134037279535,0.0362259377683844,0.022609693605502,0.0858606642725252,0.9941717791411043,0.9954696466324374,0.9956898038724488,0.9989579107653727,0.9942698902335552,0.9345385380043979
0.799676150821189,0.5063359822410628,0.8011428708779456,0.800867952251335,0.6207510233137569,0.8886889460154241,0.0896471949103528,0.012434933487565,0.8248847926267281,179.0,LOGAN_D1_vDE,2,EMB-Diffusion,submission,0.9723,0.9888,0.9897913834983136,0.9724060935512556,0.9983581788413686,0.978,0.9933,0.9940760462232364,0.978010199346212,0.999399642449856,42.0,0.3784,0.0068550489283914,0.0068684947238761,-0.0002804506456405,0.7269076305220884,21.7169,23.2381,0.0616947937325891,0.0989475034566179,0.0485196773835932,0.8345864661654135,0.1951995373048004,3.200636205899364,0.967032967032967,2.531868131868132,0.9953757225433526,0.0123154337867174,0.0154448160661776,0.0430663532464135,0.0252882380280837,0.0368886152619127,0.0345003943949938,0.0277908511806671,0.0185522288613659,0.0172134037279535,0.0362259377683844,0.022609693605502,0.0858606642725252,0.9941717791411043,0.9954696466324374,0.9956898038724488,0.9989579107653727,0.9942698902335552,0.9345385380043979
0.8001387925052047,0.5046637269028507,0.79856761155221,0.7984038529978646,0.6175476063356469,0.8889460154241645,0.0795257374204742,0.0101214574898785,0.7695852534562212,167.0,LOGAN_D1_sDE,2,EMB-Diffusion,submission,0.9723,0.9888,0.9897913834983136,0.9724060935512556,0.9983581788413686,0.978,0.9933,0.9940760462232364,0.978010199346212,0.999399642449856,42.0,0.3784,0.0068550489283914,0.0068684947238761,-0.0002804506456405,0.7269076305220884,21.7169,23.2381,0.0616947937325891,0.0989475034566179,0.0485196773835932,0.8345864661654135,0.1951995373048004,3.200636205899364,0.967032967032967,2.531868131868132,0.9953757225433526,0.0123154337867174,0.0154448160661776,0.0430663532464135,0.0252882380280837,0.0368886152619127,0.0345003943949938,0.0277908511806671,0.0185522288613659,0.0172134037279535,0.0362259377683844,0.022609693605502,0.0858606642725252,0.9941717791411043,0.9954696466324374,0.9956898038724488,0.9989579107653727,0.9942698902335552,0.9345385380043979
0.799676150821189,0.5197471223634899,0.8073151342253743,0.8071762405907001,0.6218188289731269,0.8886889460154241,0.1104684788895315,0.0066512434933487,0.8110599078341014,176.0,LOGAN_D1_dDE,2,EMB-Diffusion,submission,0.9723,0.9888,0.9897913834983136,0.9724060935512556,0.9983581788413686,0.978,0.9933,0.9940760462232364,0.978010199346212,0.999399642449856,42.0,0.3784,0.0068550489283914,0.0068684947238761,-0.0002804506456405,0.7269076305220884,21.7169,23.2381,0.0616947937325891,0.0989475034566179,0.0485196773835932,0.8345864661654135,0.1951995373048004,3.200636205899364,0.967032967032967,2.531868131868132,0.9953757225433526,0.0123154337867174,0.0154448160661776,0.0430663532464135,0.0252882380280837,0.0368886152619127,0.0345003943949938,0.0277908511806671,0.0185522288613659,0.0172134037279535,0.0362259377683844,0.022609693605502,0.0858606642725252,0.9941717791411043,0.9954696466324374,0.9956898038724488,0.9989579107653727,0.9942698902335552,0.9345385380043979
0.2627804765209345,0.5041523885302407,0.8022219329221708,0.8080965380541566,0.1809303520945772,0.1809303520945772,1.0,0.0121457489878542,0.8202764976958525,178.0,MC,3,EMB-Diffusion,submission,0.9653,0.9823,0.98345478574677,0.9655035385320752,0.9967400490396257,0.9723,0.988,0.9883960411037792,0.972187420794746,0.997829695121548,40.0,0.3704,0.0064304366549582,0.0066510544672305,-0.0002560159448946,0.7052056370434282,21.6179,23.3183,0.0626662658284282,0.1044809819101694,0.0514538111278603,0.8565644881434356,0.2076344707923655,3.1643146327356853,0.9519953730480046,2.4436668594563336,0.9953757225433526,0.0142784329920905,0.0155675351076621,0.0621608556555618,0.0174395872638317,0.0170069256066246,0.0316427665996878,0.0285459565290864,0.0253347394402443,0.0271022277228771,0.0300171064402183,0.0191817372583253,0.0859248772428867,0.9928005759539237,0.9942307692307691,0.9950007333583701,0.9989079839102307,0.9931249035734212,0.9270787321545738
0.7999074716631969,0.5173163009792155,0.8091223505270302,0.8090155223779896,0.6221747641929168,0.8887173549466101,0.1075766338924233,0.0130133024869866,0.8387096774193549,182.0,gan_leaks,3,EMB-Diffusion,submission,0.9653,0.9823,0.98345478574677,0.9655035385320752,0.9967400490396257,0.9723,0.988,0.9883960411037792,0.972187420794746,0.997829695121548,40.0,0.3704,0.0064304366549582,0.0066510544672305,-0.0002560159448946,0.7052056370434282,21.6179,23.3183,0.0626662658284282,0.1044809819101694,0.0514538111278603,0.8565644881434356,0.2076344707923655,3.1643146327356853,0.9519953730480046,2.4436668594563336,0.9953757225433526,0.0142784329920905,0.0155675351076621,0.0621608556555618,0.0174395872638317,0.0170069256066246,0.0316427665996878,0.0285459565290864,0.0253347394402443,0.0271022277228771,0.0300171064402183,0.0191817372583253,0.0859248772428867,0.9928005759539237,0.9942307692307691,0.9950007333583701,0.9989079839102307,0.9931249035734212,0.9270787321545738
0.7999074716631969,0.5126819940023469,0.8044539307005998,0.8041744991401005,0.6168357358960669,0.8888031880704461,0.1003470213996529,0.0080971659919028,0.7926267281105991,172.0,loss_lr,3,EMB-Diffusion,submission,0.9653,0.9823,0.98345478574677,0.9655035385320752,0.9967400490396257,0.9723,0.988,0.9883960411037792,0.972187420794746,0.997829695121548,40.0,0.3704,0.0064304366549582,0.0066510544672305,-0.0002560159448946,0.7052056370434282,21.6179,23.3183,0.0626662658284282,0.1044809819101694,0.0514538111278603,0.8565644881434356,0.2076344707923655,3.1643146327356853,0.9519953730480046,2.4436668594563336,0.9953757225433526,0.0142784329920905,0.0155675351076621,0.0621608556555618,0.0174395872638317,0.0170069256066246,0.0316427665996878,0.0285459565290864,0.0253347394402443,0.0271022277228771,0.0300171064402183,0.0191817372583253,0.0859248772428867,0.9928005759539237,0.9942307692307691,0.9950007333583701,0.9989079839102307,0.9931249035734212,0.9270787321545738
0.799676150821189,0.5184984470959524,0.8071454376119799,0.8070135060106327,0.6211069585335469,0.8886889460154241,0.1136495083863504,0.0086755349913244,0.8064516129032258,175.0,loss_rf,3,EMB-Diffusion,submission,0.9653,0.9823,0.98345478574677,0.9655035385320752,0.9967400490396257,0.9723,0.988,0.9883960411037792,0.972187420794746,0.997829695121548,40.0,0.3704,0.0064304366549582,0.0066510544672305,-0.0002560159448946,0.7052056370434282,21.6179,23.3183,0.0626662658284282,0.1044809819101694,0.0514538111278603,0.8565644881434356,0.2076344707923655,3.1643146327356853,0.9519953730480046,2.4436668594563336,0.9953757225433526,0.0142784329920905,0.0155675351076621,0.0621608556555618,0.0174395872638317,0.0170069256066246,0.0316427665996878,0.0285459565290864,0.0253347394402443,0.0271022277228771,0.0300171064402183,0.0191817372583253,0.0859248772428867,0.9928005759539237,0.9942307692307691,0.9950007333583701,0.9989079839102307,0.9931249035734212,0.9270787321545738
0.799676150821189,0.5089062139564117,0.8039169087501086,0.8037447376478718,0.6200391528741769,0.8886889460154241,0.101792943898207,0.0121457489878542,0.8110599078341014,176.0,LOGAN_D1,3,EMB-Diffusion,submission,0.9653,0.9823,0.98345478574677,0.9655035385320752,0.9967400490396257,0.9723,0.988,0.9883960411037792,0.972187420794746,0.997829695121548,40.0,0.3704,0.0064304366549582,0.0066510544672305,-0.0002560159448946,0.7052056370434282,21.6179,23.3183,0.0626662658284282,0.1044809819101694,0.0514538111278603,0.8565644881434356,0.2076344707923655,3.1643146327356853,0.9519953730480046,2.4436668594563336,0.9953757225433526,0.0142784329920905,0.0155675351076621,0.0621608556555618,0.0174395872638317,0.0170069256066246,0.0316427665996878,0.0285459565290864,0.0253347394402443,0.0271022277228771,0.0300171064402183,0.0191817372583253,0.0859248772428867,0.9928005759539237,0.9942307692307691,0.9950007333583701,0.9989079839102307,0.9931249035734212,0.9270787321545738
0.8003701133472125,0.5280184676899007,0.8110140963703224,0.8758319766472701,0.0,0.8890317603188891,0.6957779063042221,0.6957779063042221,0.7695852534562212,167.0,gan_leaks_cal,3,EMB-Diffusion,submission,0.9653,0.9823,0.98345478574677,0.9655035385320752,0.9967400490396257,0.9723,0.988,0.9883960411037792,0.972187420794746,0.997829695121548,40.0,0.3704,0.0064304366549582,0.0066510544672305,-0.0002560159448946,0.7052056370434282,21.6179,23.3183,0.0626662658284282,0.1044809819101694,0.0514538111278603,0.8565644881434356,0.2076344707923655,3.1643146327356853,0.9519953730480046,2.4436668594563336,0.9953757225433526,0.0142784329920905,0.0155675351076621,0.0621608556555618,0.0174395872638317,0.0170069256066246,0.0316427665996878,0.0285459565290864,0.0253347394402443,0.0271022277228771,0.0300171064402183,0.0191817372583253,0.0859248772428867,0.9928005759539237,0.9942307692307691,0.9950007333583701,0.9989079839102307,0.9931249035734212,0.9270787321545738
0.8001387925052047,0.5271081215711577,0.8116681053006015,0.8115620811160965,0.6239544402918669,0.8889460154241645,0.1038172353961827,0.0199537304800462,0.8294930875576036,180.0,domias_kde_pca,3,EMB-Diffusion,submission,0.9653,0.9823,0.98345478574677,0.9655035385320752,0.9967400490396257,0.9723,0.988,0.9883960411037792,0.972187420794746,0.997829695121548,40.0,0.3704,0.0064304366549582,0.0066510544672305,-0.0002560159448946,0.7052056370434282,21.6179,23.3183,0.0626662658284282,0.1044809819101694,0.0514538111278603,0.8565644881434356,0.2076344707923655,3.1643146327356853,0.9519953730480046,2.4436668594563336,0.9953757225433526,0.0142784329920905,0.0155675351076621,0.0621608556555618,0.0174395872638317,0.0170069256066246,0.0316427665996878,0.0285459565290864,0.0253347394402443,0.0271022277228771,0.0300171064402183,0.0191817372583253,0.0859248772428867,0.9928005759539237,0.9942307692307691,0.9950007333583701,0.9989079839102307,0.9931249035734212,0.9270787321545738
0.8008327550312283,0.5193155186766383,0.8097353713287732,0.8096178914902863,0.6235985050720769,0.8892034487195986,0.1032388663967611,0.0133024869866975,0.8248847926267281,179.0,domias_kde_vDE,3,EMB-Diffusion,submission,0.9653,0.9823,0.98345478574677,0.9655035385320752,0.9967400490396257,0.9723,0.988,0.9883960411037792,0.972187420794746,0.997829695121548,40.0,0.3704,0.0064304366549582,0.0066510544672305,-0.0002560159448946,0.7052056370434282,21.6179,23.3183,0.0626662658284282,0.1044809819101694,0.0514538111278603,0.8565644881434356,0.2076344707923655,3.1643146327356853,0.9519953730480046,2.4436668594563336,0.9953757225433526,0.0142784329920905,0.0155675351076621,0.0621608556555618,0.0174395872638317,0.0170069256066246,0.0316427665996878,0.0285459565290864,0.0253347394402443,0.0271022277228771,0.0300171064402183,0.0191817372583253,0.0859248772428867,0.9928005759539237,0.9942307692307691,0.9950007333583701,0.9989079839102307,0.9931249035734212,0.9270787321545738
0.8001387925052047,0.5243302787872304,0.8118430651372301,0.8117281460075307,0.6268019220501868,0.8889460154241645,0.1148062463851937,0.0144592249855407,0.8341013824884793,181.0,domias_kde_sDE,3,EMB-Diffusion,submission,0.9653,0.9823,0.98345478574677,0.9655035385320752,0.9967400490396257,0.9723,0.988,0.9883960411037792,0.972187420794746,0.997829695121548,40.0,0.3704,0.0064304366549582,0.0066510544672305,-0.0002560159448946,0.7052056370434282,21.6179,23.3183,0.0626662658284282,0.1044809819101694,0.0514538111278603,0.8565644881434356,0.2076344707923655,3.1643146327356853,0.9519953730480046,2.4436668594563336,0.9953757225433526,0.0142784329920905,0.0155675351076621,0.0621608556555618,0.0174395872638317,0.0170069256066246,0.0316427665996878,0.0285459565290864,0.0253347394402443,0.0271022277228771,0.0300171064402183,0.0191817372583253,0.0859248772428867,0.9928005759539237,0.9942307692307691,0.9950007333583701,0.9989079839102307,0.9931249035734212,0.9270787321545738
0.799676150821189,0.5206581371169141,0.8099020336848962,0.809788407630588,0.6214628937533369,0.8886889460154241,0.1107576633892423,0.0167727009832273,0.8433179723502304,183.0,domias_kde_dDE,3,EMB-Diffusion,submission,0.9653,0.9823,0.98345478574677,0.9655035385320752,0.9967400490396257,0.9723,0.988,0.9883960411037792,0.972187420794746,0.997829695121548,40.0,0.3704,0.0064304366549582,0.0066510544672305,-0.0002560159448946,0.7052056370434282,21.6179,23.3183,0.0626662658284282,0.1044809819101694,0.0514538111278603,0.8565644881434356,0.2076344707923655,3.1643146327356853,0.9519953730480046,2.4436668594563336,0.9953757225433526,0.0142784329920905,0.0155675351076621,0.0621608556555618,0.0174395872638317,0.0170069256066246,0.0316427665996878,0.0285459565290864,0.0253347394402443,0.0271022277228771,0.0300171064402183,0.0191817372583253,0.0859248772428867,0.9928005759539237,0.9942307692307691,0.9950007333583701,0.9989079839102307,0.9931249035734212,0.9270787321545738
0.8006014341892205,0.5350829274163622,0.813479658454711,0.8730775622872877,0.0,0.8891460905349794,0.64893001735107,0.64893001735107,0.7695852534562212,167.0,gan_leaks_cal_pca,3,EMB-Diffusion,submission,0.9653,0.9823,0.98345478574677,0.9655035385320752,0.9967400490396257,0.9723,0.988,0.9883960411037792,0.972187420794746,0.997829695121548,40.0,0.3704,0.0064304366549582,0.0066510544672305,-0.0002560159448946,0.7052056370434282,21.6179,23.3183,0.0626662658284282,0.1044809819101694,0.0514538111278603,0.8565644881434356,0.2076344707923655,3.1643146327356853,0.9519953730480046,2.4436668594563336,0.9953757225433526,0.0142784329920905,0.0155675351076621,0.0621608556555618,0.0174395872638317,0.0170069256066246,0.0316427665996878,0.0285459565290864,0.0253347394402443,0.0271022277228771,0.0300171064402183,0.0191817372583253,0.0859248772428867,0.9928005759539237,0.9942307692307691,0.9950007333583701,0.9989079839102307,0.9931249035734212,0.9270787321545738
0.8003701133472125,0.5347034772346607,0.8140341732014138,0.8153301467501842,0.6317850151272468,0.8890032154340836,0.1171197223828802,0.0141700404858299,0.8110599078341014,176.0,gan_leaks_cal_vDE,3,EMB-Diffusion,submission,0.9653,0.9823,0.98345478574677,0.9655035385320752,0.9967400490396257,0.9723,0.988,0.9883960411037792,0.972187420794746,0.997829695121548,40.0,0.3704,0.0064304366549582,0.0066510544672305,-0.0002560159448946,0.7052056370434282,21.6179,23.3183,0.0626662658284282,0.1044809819101694,0.0514538111278603,0.8565644881434356,0.2076344707923655,3.1643146327356853,0.9519953730480046,2.4436668594563336,0.9953757225433526,0.0142784329920905,0.0155675351076621,0.0621608556555618,0.0174395872638317,0.0170069256066246,0.0316427665996878,0.0285459565290864,0.0253347394402443,0.0271022277228771,0.0300171064402183,0.0191817372583253,0.0859248772428867,0.9928005759539237,0.9942307692307691,0.9950007333583701,0.9989079839102307,0.9931249035734212,0.9270787321545738
0.8001387925052047,0.5369464122734582,0.8221460129634548,0.8220810030127703,0.6278697277095568,0.8888888888888888,0.1344707923655292,0.0176402544823597,0.880184331797235,191.0,gan_leaks_cal_sDE,3,EMB-Diffusion,submission,0.9653,0.9823,0.98345478574677,0.9655035385320752,0.9967400490396257,0.9723,0.988,0.9883960411037792,0.972187420794746,0.997829695121548,40.0,0.3704,0.0064304366549582,0.0066510544672305,-0.0002560159448946,0.7052056370434282,21.6179,23.3183,0.0626662658284282,0.1044809819101694,0.0514538111278603,0.8565644881434356,0.2076344707923655,3.1643146327356853,0.9519953730480046,2.4436668594563336,0.9953757225433526,0.0142784329920905,0.0155675351076621,0.0621608556555618,0.0174395872638317,0.0170069256066246,0.0316427665996878,0.0285459565290864,0.0253347394402443,0.0271022277228771,0.0300171064402183,0.0191817372583253,0.0859248772428867,0.9928005759539237,0.9942307692307691,0.9950007333583701,0.9989079839102307,0.9931249035734212,0.9270787321545738
0.8003701133472125,0.5314241584396742,0.8194918559942377,0.8199692885552253,0.6257341163908169,0.8890317603188891,0.1243493348756506,0.0231347599768652,0.8617511520737328,187.0,gan_leaks_cal_dDE,3,EMB-Diffusion,submission,0.9653,0.9823,0.98345478574677,0.9655035385320752,0.9967400490396257,0.9723,0.988,0.9883960411037792,0.972187420794746,0.997829695121548,40.0,0.3704,0.0064304366549582,0.0066510544672305,-0.0002560159448946,0.7052056370434282,21.6179,23.3183,0.0626662658284282,0.1044809819101694,0.0514538111278603,0.8565644881434356,0.2076344707923655,3.1643146327356853,0.9519953730480046,2.4436668594563336,0.9953757225433526,0.0142784329920905,0.0155675351076621,0.0621608556555618,0.0174395872638317,0.0170069256066246,0.0316427665996878,0.0285459565290864,0.0253347394402443,0.0271022277228771,0.0300171064402183,0.0191817372583253,0.0859248772428867,0.9928005759539237,0.9942307692307691,0.9950007333583701,0.9989079839102307,0.9931249035734212,0.9270787321545738
0.799676150821189,0.4949227225466958,0.8012784309430219,0.8011278778259797,0.6139882541377469,0.8886889460154241,0.1046847888953152,0.0098322729901677,0.8341013824884793,181.0,LOGAN_D1_pca,3,EMB-Diffusion,submission,0.9653,0.9823,0.98345478574677,0.9655035385320752,0.9967400490396257,0.9723,0.988,0.9883960411037792,0.972187420794746,0.997829695121548,40.0,0.3704,0.0064304366549582,0.0066510544672305,-0.0002560159448946,0.7052056370434282,21.6179,23.3183,0.0626662658284282,0.1044809819101694,0.0514538111278603,0.8565644881434356,0.2076344707923655,3.1643146327356853,0.9519953730480046,2.4436668594563336,0.9953757225433526,0.0142784329920905,0.0155675351076621,0.0621608556555618,0.0174395872638317,0.0170069256066246,0.0316427665996878,0.0285459565290864,0.0253347394402443,0.0271022277228771,0.0300171064402183,0.0191817372583253,0.0859248772428867,0.9928005759539237,0.9942307692307691,0.9950007333583701,0.9989079839102307,0.9931249035734212,0.9270787321545738
0.7999074716631969,0.5112166810980319,0.8073528097596961,0.8071523678430206,0.6182594767752269,0.8888031880704461,0.108155002891845,0.0150375939849624,0.8248847926267281,179.0,LOGAN_D1_vDE,3,EMB-Diffusion,submission,0.9653,0.9823,0.98345478574677,0.9655035385320752,0.9967400490396257,0.9723,0.988,0.9883960411037792,0.972187420794746,0.997829695121548,40.0,0.3704,0.0064304366549582,0.0066510544672305,-0.0002560159448946,0.7052056370434282,21.6179,23.3183,0.0626662658284282,0.1044809819101694,0.0514538111278603,0.8565644881434356,0.2076344707923655,3.1643146327356853,0.9519953730480046,2.4436668594563336,0.9953757225433526,0.0142784329920905,0.0155675351076621,0.0621608556555618,0.0174395872638317,0.0170069256066246,0.0316427665996878,0.0285459565290864,0.0253347394402443,0.0271022277228771,0.0300171064402183,0.0191817372583253,0.0859248772428867,0.9928005759539237,0.9942307692307691,0.9950007333583701,0.9989079839102307,0.9931249035734212,0.9270787321545738
0.799676150821189,0.5058686065987557,0.8036170457187657,0.8034860991446197,0.6175476063356469,0.8886889460154241,0.0962984384037015,0.0104106419895893,0.7788018433179723,169.0,LOGAN_D1_sDE,3,EMB-Diffusion,submission,0.9653,0.9823,0.98345478574677,0.9655035385320752,0.9967400490396257,0.9723,0.988,0.9883960411037792,0.972187420794746,0.997829695121548,40.0,0.3704,0.0064304366549582,0.0066510544672305,-0.0002560159448946,0.7052056370434282,21.6179,23.3183,0.0626662658284282,0.1044809819101694,0.0514538111278603,0.8565644881434356,0.2076344707923655,3.1643146327356853,0.9519953730480046,2.4436668594563336,0.9953757225433526,0.0142784329920905,0.0155675351076621,0.0621608556555618,0.0174395872638317,0.0170069256066246,0.0316427665996878,0.0285459565290864,0.0253347394402443,0.0271022277228771,0.0300171064402183,0.0191817372583253,0.0859248772428867,0.9928005759539237,0.9942307692307691,0.9950007333583701,0.9989079839102307,0.9931249035734212,0.9270787321545738
0.799676150821189,0.4985788169846581,0.7994423475029923,0.799262956541156,0.615056059797117,0.8886889460154241,0.098611914401388,0.0080971659919028,0.8018433179723502,174.0,LOGAN_D1_dDE,3,EMB-Diffusion,submission,0.9653,0.9823,0.98345478574677,0.9655035385320752,0.9967400490396257,0.9723,0.988,0.9883960411037792,0.972187420794746,0.997829695121548,40.0,0.3704,0.0064304366549582,0.0066510544672305,-0.0002560159448946,0.7052056370434282,21.6179,23.3183,0.0626662658284282,0.1044809819101694,0.0514538111278603,0.8565644881434356,0.2076344707923655,3.1643146327356853,0.9519953730480046,2.4436668594563336,0.9953757225433526,0.0142784329920905,0.0155675351076621,0.0621608556555618,0.0174395872638317,0.0170069256066246,0.0316427665996878,0.0285459565290864,0.0253347394402443,0.0271022277228771,0.0300171064402183,0.0191817372583253,0.0859248772428867,0.9928005759539237,0.9942307692307691,0.9950007333583701,0.9989079839102307,0.9931249035734212,0.9270787321545738
0.2600046264168401,0.4995453284166396,0.798033760801508,0.7974620477840832,0.177846312002056,0.177846312002056,0.1000578368999421,0.0052053209947946,0.783410138248848,170.0,MC,1,EMB-Diffusion,submission,0.9688,0.9831,0.9834779019389774,0.9687483436639012,0.9957487427337196,0.9803,0.9875,0.9910138580998532,0.9803028159095454,0.9984645675501927,48.0,0.4364,0.0059201500647135,0.006160845279521,-0.0003290792573973,0.7032332563510393,22.067,23.1698,0.0599606822403323,0.0998831283900969,0.0511451725982389,0.8111625216888375,0.2371312897628687,2.5113938692886064,0.9386928860613072,2.089647194910353,0.9953757225433526,0.0154362877079807,0.014323927523431,0.0474673463908855,0.0164146221811017,0.0261314170024302,0.0191146590075553,0.0217746858495769,0.0156449260977519,0.019264212891197,0.033734330631548,0.0156151075369207,0.0742533277367877,0.988268897276344,0.9955443037974683,0.9923957106156668,0.9972799988054292,0.9882133642195817,0.9524035598062996
0.7999074716631969,0.5098426368277296,0.8048511517833978,0.8047318261134411,0.6182594767752269,0.8888031880704461,0.0991902834008097,0.0115673799884326,0.7926267281105991,172.0,gan_leaks,1,EMB-Diffusion,submission,0.9688,0.9831,0.9834779019389774,0.9687483436639012,0.9957487427337196,0.9803,0.9875,0.9910138580998532,0.9803028159095454,0.9984645675501927,48.0,0.4364,0.0059201500647135,0.006160845279521,-0.0003290792573973,0.7032332563510393,22.067,23.1698,0.0599606822403323,0.0998831283900969,0.0511451725982389,0.8111625216888375,0.2371312897628687,2.5113938692886064,0.9386928860613072,2.089647194910353,0.9953757225433526,0.0154362877079807,0.014323927523431,0.0474673463908855,0.0164146221811017,0.0261314170024302,0.0191146590075553,0.0217746858495769,0.0156449260977519,0.019264212891197,0.033734330631548,0.0156151075369207,0.0742533277367877,0.988268897276344,0.9955443037974683,0.9923957106156668,0.9972799988054292,0.9882133642195817,0.9524035598062996
0.8001387925052047,0.508991130560951,0.803723921532949,0.8035817868840458,0.616479800676277,0.8889460154241645,0.0925390399074609,0.0159051474840948,0.8248847926267281,179.0,loss_lr,1,EMB-Diffusion,submission,0.9688,0.9831,0.9834779019389774,0.9687483436639012,0.9957487427337196,0.9803,0.9875,0.9910138580998532,0.9803028159095454,0.9984645675501927,48.0,0.4364,0.0059201500647135,0.006160845279521,-0.0003290792573973,0.7032332563510393,22.067,23.1698,0.0599606822403323,0.0998831283900969,0.0511451725982389,0.8111625216888375,0.2371312897628687,2.5113938692886064,0.9386928860613072,2.089647194910353,0.9953757225433526,0.0154362877079807,0.014323927523431,0.0474673463908855,0.0164146221811017,0.0261314170024302,0.0191146590075553,0.0217746858495769,0.0156449260977519,0.019264212891197,0.033734330631548,0.0156151075369207,0.0742533277367877,0.988268897276344,0.9955443037974683,0.9923957106156668,0.9972799988054292,0.9882133642195817,0.9524035598062996
0.799676150821189,0.5039782091957328,0.7998119516072043,0.799676110184386,0.618971347214807,0.8886889460154241,0.0913823019086177,0.0115673799884326,0.7926267281105991,172.0,loss_rf,1,EMB-Diffusion,submission,0.9688,0.9831,0.9834779019389774,0.9687483436639012,0.9957487427337196,0.9803,0.9875,0.9910138580998532,0.9803028159095454,0.9984645675501927,48.0,0.4364,0.0059201500647135,0.006160845279521,-0.0003290792573973,0.7032332563510393,22.067,23.1698,0.0599606822403323,0.0998831283900969,0.0511451725982389,0.8111625216888375,0.2371312897628687,2.5113938692886064,0.9386928860613072,2.089647194910353,0.9953757225433526,0.0154362877079807,0.014323927523431,0.0474673463908855,0.0164146221811017,0.0261314170024302,0.0191146590075553,0.0217746858495769,0.0156449260977519,0.019264212891197,0.033734330631548,0.0156151075369207,0.0742533277367877,0.988268897276344,0.9955443037974683,0.9923957106156668,0.9972799988054292,0.9882133642195817,0.9524035598062996
0.799676150821189,0.5048790272702655,0.8043912771189652,0.8041291610449923,0.611852642819007,0.8886889460154241,0.1067090803932909,0.0138808559861191,0.8064516129032258,175.0,LOGAN_D1,1,EMB-Diffusion,submission,0.9688,0.9831,0.9834779019389774,0.9687483436639012,0.9957487427337196,0.9803,0.9875,0.9910138580998532,0.9803028159095454,0.9984645675501927,48.0,0.4364,0.0059201500647135,0.006160845279521,-0.0003290792573973,0.7032332563510393,22.067,23.1698,0.0599606822403323,0.0998831283900969,0.0511451725982389,0.8111625216888375,0.2371312897628687,2.5113938692886064,0.9386928860613072,2.089647194910353,0.9953757225433526,0.0154362877079807,0.014323927523431,0.0474673463908855,0.0164146221811017,0.0261314170024302,0.0191146590075553,0.0217746858495769,0.0156449260977519,0.019264212891197,0.033734330631548,0.0156151075369207,0.0742533277367877,0.988268897276344,0.9955443037974683,0.9923957106156668,0.9972799988054292,0.9882133642195817,0.9524035598062996
0.8001387925052047,0.519024662590224,0.8068870178375,0.8698280133380287,0.0,0.8888603035760226,0.6550028918449972,0.6550028918449972,0.8202764976958525,178.0,gan_leaks_cal,1,EMB-Diffusion,submission,0.9688,0.9831,0.9834779019389774,0.9687483436639012,0.9957487427337196,0.9803,0.9875,0.9910138580998532,0.9803028159095454,0.9984645675501927,48.0,0.4364,0.0059201500647135,0.006160845279521,-0.0003290792573973,0.7032332563510393,22.067,23.1698,0.0599606822403323,0.0998831283900969,0.0511451725982389,0.8111625216888375,0.2371312897628687,2.5113938692886064,0.9386928860613072,2.089647194910353,0.9953757225433526,0.0154362877079807,0.014323927523431,0.0474673463908855,0.0164146221811017,0.0261314170024302,0.0191146590075553,0.0217746858495769,0.0156449260977519,0.019264212891197,0.033734330631548,0.0156151075369207,0.0742533277367877,0.988268897276344,0.9955443037974683,0.9923957106156668,0.9972799988054292,0.9882133642195817,0.9524035598062996
0.799676150821189,0.5155343895532518,0.8061083541007384,0.8059836171492496,0.6203950880939669,0.8886889460154241,0.1058415268941584,0.0095430884904569,0.7926267281105991,172.0,domias_kde_pca,1,EMB-Diffusion,submission,0.9688,0.9831,0.9834779019389774,0.9687483436639012,0.9957487427337196,0.9803,0.9875,0.9910138580998532,0.9803028159095454,0.9984645675501927,48.0,0.4364,0.0059201500647135,0.006160845279521,-0.0003290792573973,0.7032332563510393,22.067,23.1698,0.0599606822403323,0.0998831283900969,0.0511451725982389,0.8111625216888375,0.2371312897628687,2.5113938692886064,0.9386928860613072,2.089647194910353,0.9953757225433526,0.0154362877079807,0.014323927523431,0.0474673463908855,0.0164146221811017,0.0261314170024302,0.0191146590075553,0.0217746858495769,0.0156449260977519,0.019264212891197,0.033734330631548,0.0156151075369207,0.0742533277367877,0.988268897276344,0.9955443037974683,0.9923957106156668,0.9972799988054292,0.9882133642195817,0.9524035598062996
0.799676150821189,0.5160682943463595,0.8065944723463255,0.8064618473820133,0.6221747641929168,0.8886889460154241,0.1046847888953152,0.0098322729901677,0.7649769585253456,166.0,domias_kde_vDE,1,EMB-Diffusion,submission,0.9688,0.9831,0.9834779019389774,0.9687483436639012,0.9957487427337196,0.9803,0.9875,0.9910138580998532,0.9803028159095454,0.9984645675501927,48.0,0.4364,0.0059201500647135,0.006160845279521,-0.0003290792573973,0.7032332563510393,22.067,23.1698,0.0599606822403323,0.0998831283900969,0.0511451725982389,0.8111625216888375,0.2371312897628687,2.5113938692886064,0.9386928860613072,2.089647194910353,0.9953757225433526,0.0154362877079807,0.014323927523431,0.0474673463908855,0.0164146221811017,0.0261314170024302,0.0191146590075553,0.0217746858495769,0.0156449260977519,0.019264212891197,0.033734330631548,0.0156151075369207,0.0742533277367877,0.988268897276344,0.9955443037974683,0.9923957106156668,0.9972799988054292,0.9882133642195817,0.9524035598062996
0.8003701133472125,0.51158977925026,0.80508006974128,0.8049490950400002,0.6175476063356469,0.88891749259879,0.1061307113938692,0.009253903990746,0.7741935483870968,168.0,domias_kde_sDE,1,EMB-Diffusion,submission,0.9688,0.9831,0.9834779019389774,0.9687483436639012,0.9957487427337196,0.9803,0.9875,0.9910138580998532,0.9803028159095454,0.9984645675501927,48.0,0.4364,0.0059201500647135,0.006160845279521,-0.0003290792573973,0.7032332563510393,22.067,23.1698,0.0599606822403323,0.0998831283900969,0.0511451725982389,0.8111625216888375,0.2371312897628687,2.5113938692886064,0.9386928860613072,2.089647194910353,0.9953757225433526,0.0154362877079807,0.014323927523431,0.0474673463908855,0.0164146221811017,0.0261314170024302,0.0191146590075553,0.0217746858495769,0.0156449260977519,0.019264212891197,0.033734330631548,0.0156151075369207,0.0742533277367877,0.988268897276344,0.9955443037974683,0.9923957106156668,0.9972799988054292,0.9882133642195817,0.9524035598062996
0.799676150821189,0.5137825666879515,0.8076053751523155,0.8074856304573947,0.6193272824345969,0.8886889460154241,0.0989010989010989,0.0141700404858299,0.8294930875576036,180.0,domias_kde_dDE,1,EMB-Diffusion,submission,0.9688,0.9831,0.9834779019389774,0.9687483436639012,0.9957487427337196,0.9803,0.9875,0.9910138580998532,0.9803028159095454,0.9984645675501927,48.0,0.4364,0.0059201500647135,0.006160845279521,-0.0003290792573973,0.7032332563510393,22.067,23.1698,0.0599606822403323,0.0998831283900969,0.0511451725982389,0.8111625216888375,0.2371312897628687,2.5113938692886064,0.9386928860613072,2.089647194910353,0.9953757225433526,0.0154362877079807,0.014323927523431,0.0474673463908855,0.0164146221811017,0.0261314170024302,0.0191146590075553,0.0217746858495769,0.0156449260977519,0.019264212891197,0.033734330631548,0.0156151075369207,0.0742533277367877,0.988268897276344,0.9955443037974683,0.9923957106156668,0.9972799988054292,0.9882133642195817,0.9524035598062996
0.8001387925052047,0.5092468833265913,0.8032460181133041,0.8631954935388948,0.0,0.8889460154241645,0.6107576633892423,0.6107576633892423,0.7788018433179723,169.0,gan_leaks_cal_pca,1,EMB-Diffusion,submission,0.9688,0.9831,0.9834779019389774,0.9687483436639012,0.9957487427337196,0.9803,0.9875,0.9910138580998532,0.9803028159095454,0.9984645675501927,48.0,0.4364,0.0059201500647135,0.006160845279521,-0.0003290792573973,0.7032332563510393,22.067,23.1698,0.0599606822403323,0.0998831283900969,0.0511451725982389,0.8111625216888375,0.2371312897628687,2.5113938692886064,0.9386928860613072,2.089647194910353,0.9953757225433526,0.0154362877079807,0.014323927523431,0.0474673463908855,0.0164146221811017,0.0261314170024302,0.0191146590075553,0.0217746858495769,0.0156449260977519,0.019264212891197,0.033734330631548,0.0156151075369207,0.0742533277367877,0.988268897276344,0.9955443037974683,0.9923957106156668,0.9972799988054292,0.9882133642195817,0.9524035598062996
0.7999074716631969,0.5287665027397306,0.8183243549172463,0.8191698512364661,0.6221747641929168,0.8888031880704461,0.1419895893580104,0.0185078079814921,0.847926267281106,184.0,gan_leaks_cal_vDE,1,EMB-Diffusion,submission,0.9688,0.9831,0.9834779019389774,0.9687483436639012,0.9957487427337196,0.9803,0.9875,0.9910138580998532,0.9803028159095454,0.9984645675501927,48.0,0.4364,0.0059201500647135,0.006160845279521,-0.0003290792573973,0.7032332563510393,22.067,23.1698,0.0599606822403323,0.0998831283900969,0.0511451725982389,0.8111625216888375,0.2371312897628687,2.5113938692886064,0.9386928860613072,2.089647194910353,0.9953757225433526,0.0154362877079807,0.014323927523431,0.0474673463908855,0.0164146221811017,0.0261314170024302,0.0191146590075553,0.0217746858495769,0.0156449260977519,0.019264212891197,0.033734330631548,0.0156151075369207,0.0742533277367877,0.988268897276344,0.9955443037974683,0.9923957106156668,0.9972799988054292,0.9882133642195817,0.9524035598062996
0.8001387925052047,0.5208485308424462,0.8146627883037582,0.8147643202382865,0.6232425698522869,0.8889460154241645,0.1200115673799884,0.0141700404858299,0.847926267281106,184.0,gan_leaks_cal_sDE,1,EMB-Diffusion,submission,0.9688,0.9831,0.9834779019389774,0.9687483436639012,0.9957487427337196,0.9803,0.9875,0.9910138580998532,0.9803028159095454,0.9984645675501927,48.0,0.4364,0.0059201500647135,0.006160845279521,-0.0003290792573973,0.7032332563510393,22.067,23.1698,0.0599606822403323,0.0998831283900969,0.0511451725982389,0.8111625216888375,0.2371312897628687,2.5113938692886064,0.9386928860613072,2.089647194910353,0.9953757225433526,0.0154362877079807,0.014323927523431,0.0474673463908855,0.0164146221811017,0.0261314170024302,0.0191146590075553,0.0217746858495769,0.0156449260977519,0.019264212891197,0.033734330631548,0.0156151075369207,0.0742533277367877,0.988268897276344,0.9955443037974683,0.9923957106156668,0.9972799988054292,0.9882133642195817,0.9524035598062996
0.8001387925052047,0.5200908005897358,0.8116490479356167,0.8130115178335533,0.6232425698522869,0.8889460154241645,0.1176980913823019,0.0176402544823597,0.8525345622119815,185.0,gan_leaks_cal_dDE,1,EMB-Diffusion,submission,0.9688,0.9831,0.9834779019389774,0.9687483436639012,0.9957487427337196,0.9803,0.9875,0.9910138580998532,0.9803028159095454,0.9984645675501927,48.0,0.4364,0.0059201500647135,0.006160845279521,-0.0003290792573973,0.7032332563510393,22.067,23.1698,0.0599606822403323,0.0998831283900969,0.0511451725982389,0.8111625216888375,0.2371312897628687,2.5113938692886064,0.9386928860613072,2.089647194910353,0.9953757225433526,0.0154362877079807,0.014323927523431,0.0474673463908855,0.0164146221811017,0.0261314170024302,0.0191146590075553,0.0217746858495769,0.0156449260977519,0.019264212891197,0.033734330631548,0.0156151075369207,0.0742533277367877,0.988268897276344,0.9955443037974683,0.9923957106156668,0.9972799988054292,0.9882133642195817,0.9524035598062996
0.8001387925052047,0.5045124483061812,0.8054974880246535,0.8052547422496061,0.6161238654564869,0.8888888888888888,0.1153846153846153,0.0135916714864083,0.815668202764977,177.0,LOGAN_D1_pca,1,EMB-Diffusion,submission,0.9688,0.9831,0.9834779019389774,0.9687483436639012,0.9957487427337196,0.9803,0.9875,0.9910138580998532,0.9803028159095454,0.9984645675501927,48.0,0.4364,0.0059201500647135,0.006160845279521,-0.0003290792573973,0.7032332563510393,22.067,23.1698,0.0599606822403323,0.0998831283900969,0.0511451725982389,0.8111625216888375,0.2371312897628687,2.5113938692886064,0.9386928860613072,2.089647194910353,0.9953757225433526,0.0154362877079807,0.014323927523431,0.0474673463908855,0.0164146221811017,0.0261314170024302,0.0191146590075553,0.0217746858495769,0.0156449260977519,0.019264212891197,0.033734330631548,0.0156151075369207,0.0742533277367877,0.988268897276344,0.9955443037974683,0.9923957106156668,0.9972799988054292,0.9882133642195817,0.9524035598062996
0.799676150821189,0.5003483586690158,0.8019932415956237,0.8018079546005338,0.6168357358960669,0.8886889460154241,0.1084441873915558,0.0161943319838056,0.8064516129032258,175.0,LOGAN_D1_vDE,1,EMB-Diffusion,submission,0.9688,0.9831,0.9834779019389774,0.9687483436639012,0.9957487427337196,0.9803,0.9875,0.9910138580998532,0.9803028159095454,0.9984645675501927,48.0,0.4364,0.0059201500647135,0.006160845279521,-0.0003290792573973,0.7032332563510393,22.067,23.1698,0.0599606822403323,0.0998831283900969,0.0511451725982389,0.8111625216888375,0.2371312897628687,2.5113938692886064,0.9386928860613072,2.089647194910353,0.9953757225433526,0.0154362877079807,0.014323927523431,0.0474673463908855,0.0164146221811017,0.0261314170024302,0.0191146590075553,0.0217746858495769,0.0156449260977519,0.019264212891197,0.033734330631548,0.0156151075369207,0.0742533277367877,0.988268897276344,0.9955443037974683,0.9923957106156668,0.9972799988054292,0.9882133642195817,0.9524035598062996
0.799676150821189,0.5037289756182364,0.8028412304233228,0.8026915750343544,0.6214628937533369,0.8886889460154241,0.1087333718912666,0.0104106419895893,0.8110599078341014,176.0,LOGAN_D1_sDE,1,EMB-Diffusion,submission,0.9688,0.9831,0.9834779019389774,0.9687483436639012,0.9957487427337196,0.9803,0.9875,0.9910138580998532,0.9803028159095454,0.9984645675501927,48.0,0.4364,0.0059201500647135,0.006160845279521,-0.0003290792573973,0.7032332563510393,22.067,23.1698,0.0599606822403323,0.0998831283900969,0.0511451725982389,0.8111625216888375,0.2371312897628687,2.5113938692886064,0.9386928860613072,2.089647194910353,0.9953757225433526,0.0154362877079807,0.014323927523431,0.0474673463908855,0.0164146221811017,0.0261314170024302,0.0191146590075553,0.0217746858495769,0.0156449260977519,0.019264212891197,0.033734330631548,0.0156151075369207,0.0742533277367877,0.988268897276344,0.9955443037974683,0.9923957106156668,0.9972799988054292,0.9882133642195817,0.9524035598062996
0.799676150821189,0.4966800616481176,0.8025483964464639,0.8023705924500577,0.6186154119950169,0.8886889460154241,0.1035280508964719,0.0141700404858299,0.7972350230414746,173.0,LOGAN_D1_dDE,1,EMB-Diffusion,submission,0.9688,0.9831,0.9834779019389774,0.9687483436639012,0.9957487427337196,0.9803,0.9875,0.9910138580998532,0.9803028159095454,0.9984645675501927,48.0,0.4364,0.0059201500647135,0.006160845279521,-0.0003290792573973,0.7032332563510393,22.067,23.1698,0.0599606822403323,0.0998831283900969,0.0511451725982389,0.8111625216888375,0.2371312897628687,2.5113938692886064,0.9386928860613072,2.089647194910353,0.9953757225433526,0.0154362877079807,0.014323927523431,0.0474673463908855,0.0164146221811017,0.0261314170024302,0.0191146590075553,0.0217746858495769,0.0156449260977519,0.019264212891197,0.033734330631548,0.0156151075369207,0.0742533277367877,0.988268897276344,0.9955443037974683,0.9923957106156668,0.9972799988054292,0.9882133642195817,0.9524035598062996
0.2667129308350682,0.5107748640155043,0.8056179820451562,0.8207344814186109,0.1855087358684481,0.1855087358684481,1.0,0.0196588609424689,0.8571428571428571,186.0,MC,4,EMB-Diffusion,submission,0.9722,0.9831,0.9825862075244052,0.9724678182795644,0.9981837652255544,0.9769,0.992,0.9918679111146664,0.9768682563355904,0.9986234518073068,36.0,0.3273,0.0061088024541636,0.0063017645963703,-0.0002183343025316,0.7215551743853631,22.1804,23.363,0.0551873380586835,0.1017059768013882,0.0571248821154787,0.8094825093957791,0.1861809771610292,2.704943625325239,0.9442035270309338,2.294362532523851,1.0,0.0140379056586026,0.0210407647913934,0.0531569023138349,0.0202410828390632,0.0222904511892297,0.0231503476615755,0.0225844390612777,0.0178881619429238,0.0168831919468211,0.0328764728502295,0.0206174975531193,0.0176217119823604,0.9951888627290408,0.9910282258064516,0.9906421979315467,0.9995597073341742,0.9954953618080161,0.9493815006634422
0.7999074716631969,0.5185764056192649,0.8158904559570783,0.8157820767778451,0.6217081850533808,0.8888317696954119,0.1274934952298352,0.0196588609424689,0.847926267281106,184.0,gan_leaks,4,EMB-Diffusion,submission,0.9722,0.9831,0.9825862075244052,0.9724678182795644,0.9981837652255544,0.9769,0.992,0.9918679111146664,0.9768682563355904,0.9986234518073068,36.0,0.3273,0.0061088024541636,0.0063017645963703,-0.0002183343025316,0.7215551743853631,22.1804,23.363,0.0551873380586835,0.1017059768013882,0.0571248821154787,0.8094825093957791,0.1861809771610292,2.704943625325239,0.9442035270309338,2.294362532523851,1.0,0.0140379056586026,0.0210407647913934,0.0531569023138349,0.0202410828390632,0.0222904511892297,0.0231503476615755,0.0225844390612777,0.0178881619429238,0.0168831919468211,0.0328764728502295,0.0206174975531193,0.0176217119823604,0.9951888627290408,0.9910282258064516,0.9906421979315467,0.9995597073341742,0.9954953618080161,0.9493815006634422
0.7999074716631969,0.500527676057092,0.7997323109264414,0.7996069594574976,0.6167259786476869,0.8888317696954119,0.0980052038161318,0.0138768430182133,0.8018433179723502,174.0,loss_lr,4,EMB-Diffusion,submission,0.9722,0.9831,0.9825862075244052,0.9724678182795644,0.9981837652255544,0.9769,0.992,0.9918679111146664,0.9768682563355904,0.9986234518073068,36.0,0.3273,0.0061088024541636,0.0063017645963703,-0.0002183343025316,0.7215551743853631,22.1804,23.363,0.0551873380586835,0.1017059768013882,0.0571248821154787,0.8094825093957791,0.1861809771610292,2.704943625325239,0.9442035270309338,2.294362532523851,1.0,0.0140379056586026,0.0210407647913934,0.0531569023138349,0.0202410828390632,0.0222904511892297,0.0231503476615755,0.0225844390612777,0.0178881619429238,0.0168831919468211,0.0328764728502295,0.0206174975531193,0.0176217119823604,0.9951888627290408,0.9910282258064516,0.9906421979315467,0.9995597073341742,0.9954953618080161,0.9493815006634422
0.8003701133472125,0.5033397176447914,0.7999115374749288,0.7998807663016901,0.6199288256227758,0.8890888060660583,0.1006071118820468,0.0101185313674472,0.7972350230414746,173.0,loss_rf,4,EMB-Diffusion,submission,0.9722,0.9831,0.9825862075244052,0.9724678182795644,0.9981837652255544,0.9769,0.992,0.9918679111146664,0.9768682563355904,0.9986234518073068,36.0,0.3273,0.0061088024541636,0.0063017645963703,-0.0002183343025316,0.7215551743853631,22.1804,23.363,0.0551873380586835,0.1017059768013882,0.0571248821154787,0.8094825093957791,0.1861809771610292,2.704943625325239,0.9442035270309338,2.294362532523851,1.0,0.0140379056586026,0.0210407647913934,0.0531569023138349,0.0202410828390632,0.0222904511892297,0.0231503476615755,0.0225844390612777,0.0178881619429238,0.0168831919468211,0.0328764728502295,0.0206174975531193,0.0176217119823604,0.9951888627290408,0.9910282258064516,0.9906421979315467,0.9995597073341742,0.9954953618080161,0.9493815006634422
0.7999074716631969,0.4931703259344918,0.7942074084353059,0.7939084642464651,0.6081850533807829,0.8888317696954119,0.0910667823070251,0.0023128071697022,0.783410138248848,170.0,LOGAN_D1,4,EMB-Diffusion,submission,0.9722,0.9831,0.9825862075244052,0.9724678182795644,0.9981837652255544,0.9769,0.992,0.9918679111146664,0.9768682563355904,0.9986234518073068,36.0,0.3273,0.0061088024541636,0.0063017645963703,-0.0002183343025316,0.7215551743853631,22.1804,23.363,0.0551873380586835,0.1017059768013882,0.0571248821154787,0.8094825093957791,0.1861809771610292,2.704943625325239,0.9442035270309338,2.294362532523851,1.0,0.0140379056586026,0.0210407647913934,0.0531569023138349,0.0202410828390632,0.0222904511892297,0.0231503476615755,0.0225844390612777,0.0178881619429238,0.0168831919468211,0.0328764728502295,0.0206174975531193,0.0176217119823604,0.9951888627290408,0.9910282258064516,0.9906421979315467,0.9995597073341742,0.9954953618080161,0.9493815006634422
0.7999074716631969,0.5210091695844443,0.8083007130293591,0.8769075636732815,0.0,0.8888317696954119,0.7221740387395201,0.7221740387395201,0.8525345622119815,185.0,gan_leaks_cal,4,EMB-Diffusion,submission,0.9722,0.9831,0.9825862075244052,0.9724678182795644,0.9981837652255544,0.9769,0.992,0.9918679111146664,0.9768682563355904,0.9986234518073068,36.0,0.3273,0.0061088024541636,0.0063017645963703,-0.0002183343025316,0.7215551743853631,22.1804,23.363,0.0551873380586835,0.1017059768013882,0.0571248821154787,0.8094825093957791,0.1861809771610292,2.704943625325239,0.9442035270309338,2.294362532523851,1.0,0.0140379056586026,0.0210407647913934,0.0531569023138349,0.0202410828390632,0.0222904511892297,0.0231503476615755,0.0225844390612777,0.0178881619429238,0.0168831919468211,0.0328764728502295,0.0206174975531193,0.0176217119823604,0.9951888627290408,0.9910282258064516,0.9906421979315467,0.9995597073341742,0.9954953618080161,0.9493815006634422
0.7999074716631969,0.5224026425963402,0.8177722766798837,0.8176721653927863,0.6241992882562277,0.8888317696954119,0.1260479907487713,0.0199479618386817,0.8709677419354839,189.0,domias_kde_pca,4,EMB-Diffusion,submission,0.9722,0.9831,0.9825862075244052,0.9724678182795644,0.9981837652255544,0.9769,0.992,0.9918679111146664,0.9768682563355904,0.9986234518073068,36.0,0.3273,0.0061088024541636,0.0063017645963703,-0.0002183343025316,0.7215551743853631,22.1804,23.363,0.0551873380586835,0.1017059768013882,0.0571248821154787,0.8094825093957791,0.1861809771610292,2.704943625325239,0.9442035270309338,2.294362532523851,1.0,0.0140379056586026,0.0210407647913934,0.0531569023138349,0.0202410828390632,0.0222904511892297,0.0231503476615755,0.0225844390612777,0.0178881619429238,0.0168831919468211,0.0328764728502295,0.0206174975531193,0.0176217119823604,0.9951888627290408,0.9910282258064516,0.9906421979315467,0.9995597073341742,0.9954953618080161,0.9493815006634422
0.8001387925052047,0.526992119323718,0.8211361001999959,0.8210532918833948,0.6238434163701068,0.8889460154241645,0.1274934952298352,0.0257299797629372,0.8663594470046083,188.0,domias_kde_vDE,4,EMB-Diffusion,submission,0.9722,0.9831,0.9825862075244052,0.9724678182795644,0.9981837652255544,0.9769,0.992,0.9918679111146664,0.9768682563355904,0.9986234518073068,36.0,0.3273,0.0061088024541636,0.0063017645963703,-0.0002183343025316,0.7215551743853631,22.1804,23.363,0.0551873380586835,0.1017059768013882,0.0571248821154787,0.8094825093957791,0.1861809771610292,2.704943625325239,0.9442035270309338,2.294362532523851,1.0,0.0140379056586026,0.0210407647913934,0.0531569023138349,0.0202410828390632,0.0222904511892297,0.0231503476615755,0.0225844390612777,0.0178881619429238,0.0168831919468211,0.0328764728502295,0.0206174975531193,0.0176217119823604,0.9951888627290408,0.9910282258064516,0.9906421979315467,0.9995597073341742,0.9954953618080161,0.9493815006634422
0.7999074716631969,0.529874428490358,0.8197941000069554,0.8196822375217905,0.6234875444839858,0.8888317696954119,0.1350101185313674,0.0170569528765539,0.8525345622119815,185.0,domias_kde_sDE,4,EMB-Diffusion,submission,0.9722,0.9831,0.9825862075244052,0.9724678182795644,0.9981837652255544,0.9769,0.992,0.9918679111146664,0.9768682563355904,0.9986234518073068,36.0,0.3273,0.0061088024541636,0.0063017645963703,-0.0002183343025316,0.7215551743853631,22.1804,23.363,0.0551873380586835,0.1017059768013882,0.0571248821154787,0.8094825093957791,0.1861809771610292,2.704943625325239,0.9442035270309338,2.294362532523851,1.0,0.0140379056586026,0.0210407647913934,0.0531569023138349,0.0202410828390632,0.0222904511892297,0.0231503476615755,0.0225844390612777,0.0178881619429238,0.0168831919468211,0.0328764728502295,0.0206174975531193,0.0176217119823604,0.9951888627290408,0.9910282258064516,0.9906421979315467,0.9995597073341742,0.9954953618080161,0.9493815006634422
0.7999074716631969,0.5310432125534033,0.8204271137387164,0.820258549840095,0.6281138790035588,0.8888317696954119,0.1410812373518357,0.0245735761780861,0.847926267281106,184.0,domias_kde_dDE,4,EMB-Diffusion,submission,0.9722,0.9831,0.9825862075244052,0.9724678182795644,0.9981837652255544,0.9769,0.992,0.9918679111146664,0.9768682563355904,0.9986234518073068,36.0,0.3273,0.0061088024541636,0.0063017645963703,-0.0002183343025316,0.7215551743853631,22.1804,23.363,0.0551873380586835,0.1017059768013882,0.0571248821154787,0.8094825093957791,0.1861809771610292,2.704943625325239,0.9442035270309338,2.294362532523851,1.0,0.0140379056586026,0.0210407647913934,0.0531569023138349,0.0202410828390632,0.0222904511892297,0.0231503476615755,0.0225844390612777,0.0178881619429238,0.0168831919468211,0.0328764728502295,0.0206174975531193,0.0176217119823604,0.9951888627290408,0.9910282258064516,0.9906421979315467,0.9995597073341742,0.9954953618080161,0.9493815006634422
0.7999074716631969,0.5141453655520221,0.8056083964030927,0.8698430442783112,0.0,0.8888317696954119,0.6646429603931773,0.6646429603931773,0.8617511520737328,187.0,gan_leaks_cal_pca,4,EMB-Diffusion,submission,0.9722,0.9831,0.9825862075244052,0.9724678182795644,0.9981837652255544,0.9769,0.992,0.9918679111146664,0.9768682563355904,0.9986234518073068,36.0,0.3273,0.0061088024541636,0.0063017645963703,-0.0002183343025316,0.7215551743853631,22.1804,23.363,0.0551873380586835,0.1017059768013882,0.0571248821154787,0.8094825093957791,0.1861809771610292,2.704943625325239,0.9442035270309338,2.294362532523851,1.0,0.0140379056586026,0.0210407647913934,0.0531569023138349,0.0202410828390632,0.0222904511892297,0.0231503476615755,0.0225844390612777,0.0178881619429238,0.0168831919468211,0.0328764728502295,0.0206174975531193,0.0176217119823604,0.9951888627290408,0.9910282258064516,0.9906421979315467,0.9995597073341742,0.9954953618080161,0.9493815006634422
0.7999074716631969,0.507214138104569,0.8061461672755457,0.807362681774044,0.6188612099644129,0.8888317696954119,0.1069673315987279,0.0144550448106389,0.8202764976958525,178.0,gan_leaks_cal_vDE,4,EMB-Diffusion,submission,0.9722,0.9831,0.9825862075244052,0.9724678182795644,0.9981837652255544,0.9769,0.992,0.9918679111146664,0.9768682563355904,0.9986234518073068,36.0,0.3273,0.0061088024541636,0.0063017645963703,-0.0002183343025316,0.7215551743853631,22.1804,23.363,0.0551873380586835,0.1017059768013882,0.0571248821154787,0.8094825093957791,0.1861809771610292,2.704943625325239,0.9442035270309338,2.294362532523851,1.0,0.0140379056586026,0.0210407647913934,0.0531569023138349,0.0202410828390632,0.0222904511892297,0.0231503476615755,0.0225844390612777,0.0178881619429238,0.0168831919468211,0.0328764728502295,0.0206174975531193,0.0176217119823604,0.9951888627290408,0.9910282258064516,0.9906421979315467,0.9995597073341742,0.9954953618080161,0.9493815006634422
0.7999074716631969,0.5280779207221098,0.8175165388064536,0.8173816812652408,0.6202846975088968,0.8888317696954119,0.1393466319745591,0.013009540329575,0.8294930875576036,180.0,gan_leaks_cal_sDE,4,EMB-Diffusion,submission,0.9722,0.9831,0.9825862075244052,0.9724678182795644,0.9981837652255544,0.9769,0.992,0.9918679111146664,0.9768682563355904,0.9986234518073068,36.0,0.3273,0.0061088024541636,0.0063017645963703,-0.0002183343025316,0.7215551743853631,22.1804,23.363,0.0551873380586835,0.1017059768013882,0.0571248821154787,0.8094825093957791,0.1861809771610292,2.704943625325239,0.9442035270309338,2.294362532523851,1.0,0.0140379056586026,0.0210407647913934,0.0531569023138349,0.0202410828390632,0.0222904511892297,0.0231503476615755,0.0225844390612777,0.0178881619429238,0.0168831919468211,0.0328764728502295,0.0206174975531193,0.0176217119823604,0.9951888627290408,0.9910282258064516,0.9906421979315467,0.9995597073341742,0.9954953618080161,0.9493815006634422
0.7999074716631969,0.5199285546025934,0.8063963438705521,0.8077244317734066,0.6234875444839858,0.8888317696954119,0.097716102919919,0.0132986412257878,0.7926267281105991,172.0,gan_leaks_cal_dDE,4,EMB-Diffusion,submission,0.9722,0.9831,0.9825862075244052,0.9724678182795644,0.9981837652255544,0.9769,0.992,0.9918679111146664,0.9768682563355904,0.9986234518073068,36.0,0.3273,0.0061088024541636,0.0063017645963703,-0.0002183343025316,0.7215551743853631,22.1804,23.363,0.0551873380586835,0.1017059768013882,0.0571248821154787,0.8094825093957791,0.1861809771610292,2.704943625325239,0.9442035270309338,2.294362532523851,1.0,0.0140379056586026,0.0210407647913934,0.0531569023138349,0.0202410828390632,0.0222904511892297,0.0231503476615755,0.0225844390612777,0.0178881619429238,0.0168831919468211,0.0328764728502295,0.0206174975531193,0.0176217119823604,0.9951888627290408,0.9910282258064516,0.9906421979315467,0.9995597073341742,0.9954953618080161,0.9493815006634422
0.8003701133472125,0.4989008143008576,0.7973699127751669,0.7971464134355651,0.6149466192170818,0.8890888060660583,0.1023417172593235,0.0118531367447239,0.7972350230414746,173.0,LOGAN_D1_pca,4,EMB-Diffusion,submission,0.9722,0.9831,0.9825862075244052,0.9724678182795644,0.9981837652255544,0.9769,0.992,0.9918679111146664,0.9768682563355904,0.9986234518073068,36.0,0.3273,0.0061088024541636,0.0063017645963703,-0.0002183343025316,0.7215551743853631,22.1804,23.363,0.0551873380586835,0.1017059768013882,0.0571248821154787,0.8094825093957791,0.1861809771610292,2.704943625325239,0.9442035270309338,2.294362532523851,1.0,0.0140379056586026,0.0210407647913934,0.0531569023138349,0.0202410828390632,0.0222904511892297,0.0231503476615755,0.0225844390612777,0.0178881619429238,0.0168831919468211,0.0328764728502295,0.0206174975531193,0.0176217119823604,0.9951888627290408,0.9910282258064516,0.9906421979315467,0.9995597073341742,0.9954953618080161,0.9493815006634422
0.7999074716631969,0.4951538793057295,0.798149714883099,0.7979553311045912,0.6110320284697509,0.8888317696954119,0.0928013876843018,0.013009540329575,0.7926267281105991,172.0,LOGAN_D1_vDE,4,EMB-Diffusion,submission,0.9722,0.9831,0.9825862075244052,0.9724678182795644,0.9981837652255544,0.9769,0.992,0.9918679111146664,0.9768682563355904,0.9986234518073068,36.0,0.3273,0.0061088024541636,0.0063017645963703,-0.0002183343025316,0.7215551743853631,22.1804,23.363,0.0551873380586835,0.1017059768013882,0.0571248821154787,0.8094825093957791,0.1861809771610292,2.704943625325239,0.9442035270309338,2.294362532523851,1.0,0.0140379056586026,0.0210407647913934,0.0531569023138349,0.0202410828390632,0.0222904511892297,0.0231503476615755,0.0225844390612777,0.0178881619429238,0.0168831919468211,0.0328764728502295,0.0206174975531193,0.0176217119823604,0.9951888627290408,0.9910282258064516,0.9906421979315467,0.9995597073341742,0.9954953618080161,0.9493815006634422
0.8003701133472125,0.4943441291103188,0.7972887920581275,0.7970804465711825,0.6128113879003558,0.8890888060660583,0.0968488002312807,0.007805724197745,0.7972350230414746,173.0,LOGAN_D1_sDE,4,EMB-Diffusion,submission,0.9722,0.9831,0.9825862075244052,0.9724678182795644,0.9981837652255544,0.9769,0.992,0.9918679111146664,0.9768682563355904,0.9986234518073068,36.0,0.3273,0.0061088024541636,0.0063017645963703,-0.0002183343025316,0.7215551743853631,22.1804,23.363,0.0551873380586835,0.1017059768013882,0.0571248821154787,0.8094825093957791,0.1861809771610292,2.704943625325239,0.9442035270309338,2.294362532523851,1.0,0.0140379056586026,0.0210407647913934,0.0531569023138349,0.0202410828390632,0.0222904511892297,0.0231503476615755,0.0225844390612777,0.0178881619429238,0.0168831919468211,0.0328764728502295,0.0206174975531193,0.0176217119823604,0.9951888627290408,0.9910282258064516,0.9906421979315467,0.9995597073341742,0.9954953618080161,0.9493815006634422
0.7999074716631969,0.4899825201032197,0.7929724760190544,0.7926829776710651,0.61067615658363,0.8888317696954119,0.0954032957502168,0.0060711188204683,0.7649769585253456,166.0,LOGAN_D1_dDE,4,EMB-Diffusion,submission,0.9722,0.9831,0.9825862075244052,0.9724678182795644,0.9981837652255544,0.9769,0.992,0.9918679111146664,0.9768682563355904,0.9986234518073068,36.0,0.3273,0.0061088024541636,0.0063017645963703,-0.0002183343025316,0.7215551743853631,22.1804,23.363,0.0551873380586835,0.1017059768013882,0.0571248821154787,0.8094825093957791,0.1861809771610292,2.704943625325239,0.9442035270309338,2.294362532523851,1.0,0.0140379056586026,0.0210407647913934,0.0531569023138349,0.0202410828390632,0.0222904511892297,0.0231503476615755,0.0225844390612777,0.0178881619429238,0.0168831919468211,0.0328764728502295,0.0206174975531193,0.0176217119823604,0.9951888627290408,0.9910282258064516,0.9906421979315467,0.9995597073341742,0.9954953618080161,0.9493815006634422
0.2620865139949109,0.5028625673230328,0.8002712190007029,0.8047491898455905,0.1803699897225077,0.1803699897225077,1.0,0.0098294304712344,0.7880184331797235,171.0,MC,5,EMB-Diffusion,submission,0.9803,0.9939,0.9942268521620286,0.980414632553608,0.9980843177321508,0.9873,0.996,0.9959832862798534,0.9872851346114964,0.9986860328167556,38.0,0.3363,0.0053446436366839,0.0057368291460469,-0.0002990916531807,0.7564029595902105,22.9049,23.2716,0.054853679498919,0.0955858456877681,0.0522715018468016,0.7612026597282452,0.2350390286209887,2.242035270309338,0.93235039028621,1.8885805145995955,0.9942129629629628,0.0129350159962315,0.0190086235592059,0.0536750045892669,0.0237601659172755,0.0233297882921893,0.013947251176706,0.0184478068801714,0.0200991383978004,0.0158200164756502,0.0361294917110199,0.0211269514459331,0.1090370624489257,0.9929099564468753,0.9978915662650603,0.9982364823365807,0.9993974932412866,0.993041015389549,0.9842425961257499
0.7999074716631969,0.5133300943325516,0.8074488753519458,0.8073338813560897,0.6177935943060499,0.8888317696954119,0.108123735183579,0.0135877421220005,0.8064516129032258,175.0,gan_leaks,5,EMB-Diffusion,submission,0.9803,0.9939,0.9942268521620286,0.980414632553608,0.9980843177321508,0.9873,0.996,0.9959832862798534,0.9872851346114964,0.9986860328167556,38.0,0.3363,0.0053446436366839,0.0057368291460469,-0.0002990916531807,0.7564029595902105,22.9049,23.2716,0.054853679498919,0.0955858456877681,0.0522715018468016,0.7612026597282452,0.2350390286209887,2.242035270309338,0.93235039028621,1.8885805145995955,0.9942129629629628,0.0129350159962315,0.0190086235592059,0.0536750045892669,0.0237601659172755,0.0233297882921893,0.013947251176706,0.0184478068801714,0.0200991383978004,0.0158200164756502,0.0361294917110199,0.0211269514459331,0.1090370624489257,0.9929099564468753,0.9978915662650603,0.9982364823365807,0.9993974932412866,0.993041015389549,0.9842425961257499
0.8006014341892205,0.5058549623633463,0.8045663803961193,0.8042765770892619,0.6170818505338078,0.8892030848329049,0.1196877710320902,0.0075166233015322,0.815668202764977,177.0,loss_lr,5,EMB-Diffusion,submission,0.9803,0.9939,0.9942268521620286,0.980414632553608,0.9980843177321508,0.9873,0.996,0.9959832862798534,0.9872851346114964,0.9986860328167556,38.0,0.3363,0.0053446436366839,0.0057368291460469,-0.0002990916531807,0.7564029595902105,22.9049,23.2716,0.054853679498919,0.0955858456877681,0.0522715018468016,0.7612026597282452,0.2350390286209887,2.242035270309338,0.93235039028621,1.8885805145995955,0.9942129629629628,0.0129350159962315,0.0190086235592059,0.0536750045892669,0.0237601659172755,0.0233297882921893,0.013947251176706,0.0184478068801714,0.0200991383978004,0.0158200164756502,0.0361294917110199,0.0211269514459331,0.1090370624489257,0.9929099564468753,0.9978915662650603,0.9982364823365807,0.9993974932412866,0.993041015389549,0.9842425961257499
0.7999074716631969,0.5073847879391389,0.8073318657800882,0.8072383676547454,0.6174377224199288,0.8888317696954119,0.100318010985834,0.0150332466030644,0.8294930875576036,180.0,loss_rf,5,EMB-Diffusion,submission,0.9803,0.9939,0.9942268521620286,0.980414632553608,0.9980843177321508,0.9873,0.996,0.9959832862798534,0.9872851346114964,0.9986860328167556,38.0,0.3363,0.0053446436366839,0.0057368291460469,-0.0002990916531807,0.7564029595902105,22.9049,23.2716,0.054853679498919,0.0955858456877681,0.0522715018468016,0.7612026597282452,0.2350390286209887,2.242035270309338,0.93235039028621,1.8885805145995955,0.9942129629629628,0.0129350159962315,0.0190086235592059,0.0536750045892669,0.0237601659172755,0.0233297882921893,0.013947251176706,0.0184478068801714,0.0200991383978004,0.0158200164756502,0.0361294917110199,0.0211269514459331,0.1090370624489257,0.9929099564468753,0.9978915662650603,0.9982364823365807,0.9993974932412866,0.993041015389549,0.9842425961257499
0.7999074716631969,0.5031115153169937,0.8023954652241418,0.8022466694150219,0.6170818505338078,0.8888317696954119,0.1092801387684301,0.0083839259901705,0.8294930875576036,180.0,LOGAN_D1,5,EMB-Diffusion,submission,0.9803,0.9939,0.9942268521620286,0.980414632553608,0.9980843177321508,0.9873,0.996,0.9959832862798534,0.9872851346114964,0.9986860328167556,38.0,0.3363,0.0053446436366839,0.0057368291460469,-0.0002990916531807,0.7564029595902105,22.9049,23.2716,0.054853679498919,0.0955858456877681,0.0522715018468016,0.7612026597282452,0.2350390286209887,2.242035270309338,0.93235039028621,1.8885805145995955,0.9942129629629628,0.0129350159962315,0.0190086235592059,0.0536750045892669,0.0237601659172755,0.0233297882921893,0.013947251176706,0.0184478068801714,0.0200991383978004,0.0158200164756502,0.0361294917110199,0.0211269514459331,0.1090370624489257,0.9929099564468753,0.9978915662650603,0.9982364823365807,0.9993974932412866,0.993041015389549,0.9842425961257499
0.7999074716631969,0.5341468645937062,0.8130944087996789,0.878379623970904,0.0,0.8888317696954119,0.7071407921364556,0.7071407921364556,0.8663594470046083,188.0,gan_leaks_cal,5,EMB-Diffusion,submission,0.9803,0.9939,0.9942268521620286,0.980414632553608,0.9980843177321508,0.9873,0.996,0.9959832862798534,0.9872851346114964,0.9986860328167556,38.0,0.3363,0.0053446436366839,0.0057368291460469,-0.0002990916531807,0.7564029595902105,22.9049,23.2716,0.054853679498919,0.0955858456877681,0.0522715018468016,0.7612026597282452,0.2350390286209887,2.242035270309338,0.93235039028621,1.8885805145995955,0.9942129629629628,0.0129350159962315,0.0190086235592059,0.0536750045892669,0.0237601659172755,0.0233297882921893,0.013947251176706,0.0184478068801714,0.0200991383978004,0.0158200164756502,0.0361294917110199,0.0211269514459331,0.1090370624489257,0.9929099564468753,0.9978915662650603,0.9982364823365807,0.9993974932412866,0.993041015389549,0.9842425961257499
0.8001387925052047,0.5201373496943026,0.8082621594769022,0.8081315931798049,0.6202846975088968,0.8889460154241645,0.102919919051749,0.0170569528765539,0.7972350230414746,173.0,domias_kde_pca,5,EMB-Diffusion,submission,0.9803,0.9939,0.9942268521620286,0.980414632553608,0.9980843177321508,0.9873,0.996,0.9959832862798534,0.9872851346114964,0.9986860328167556,38.0,0.3363,0.0053446436366839,0.0057368291460469,-0.0002990916531807,0.7564029595902105,22.9049,23.2716,0.054853679498919,0.0955858456877681,0.0522715018468016,0.7612026597282452,0.2350390286209887,2.242035270309338,0.93235039028621,1.8885805145995955,0.9942129629629628,0.0129350159962315,0.0190086235592059,0.0536750045892669,0.0237601659172755,0.0233297882921893,0.013947251176706,0.0184478068801714,0.0200991383978004,0.0158200164756502,0.0361294917110199,0.0211269514459331,0.1090370624489257,0.9929099564468753,0.9978915662650603,0.9982364823365807,0.9993974932412866,0.993041015389549,0.9842425961257499
0.7999074716631969,0.5198857248401914,0.8103975330840316,0.8102876700300289,0.6188612099644129,0.8888317696954119,0.1130384504191963,0.013009540329575,0.815668202764977,177.0,domias_kde_vDE,5,EMB-Diffusion,submission,0.9803,0.9939,0.9942268521620286,0.980414632553608,0.9980843177321508,0.9873,0.996,0.9959832862798534,0.9872851346114964,0.9986860328167556,38.0,0.3363,0.0053446436366839,0.0057368291460469,-0.0002990916531807,0.7564029595902105,22.9049,23.2716,0.054853679498919,0.0955858456877681,0.0522715018468016,0.7612026597282452,0.2350390286209887,2.242035270309338,0.93235039028621,1.8885805145995955,0.9942129629629628,0.0129350159962315,0.0190086235592059,0.0536750045892669,0.0237601659172755,0.0233297882921893,0.013947251176706,0.0184478068801714,0.0200991383978004,0.0158200164756502,0.0361294917110199,0.0211269514459331,0.1090370624489257,0.9929099564468753,0.9978915662650603,0.9982364823365807,0.9993974932412866,0.993041015389549,0.9842425961257499
0.7999074716631969,0.5121516066514621,0.809231163970771,0.8091215878944664,0.6202846975088968,0.8888317696954119,0.1139057531078346,0.02081526452732,0.8294930875576036,180.0,domias_kde_sDE,5,EMB-Diffusion,submission,0.9803,0.9939,0.9942268521620286,0.980414632553608,0.9980843177321508,0.9873,0.996,0.9959832862798534,0.9872851346114964,0.9986860328167556,38.0,0.3363,0.0053446436366839,0.0057368291460469,-0.0002990916531807,0.7564029595902105,22.9049,23.2716,0.054853679498919,0.0955858456877681,0.0522715018468016,0.7612026597282452,0.2350390286209887,2.242035270309338,0.93235039028621,1.8885805145995955,0.9942129629629628,0.0129350159962315,0.0190086235592059,0.0536750045892669,0.0237601659172755,0.0233297882921893,0.013947251176706,0.0184478068801714,0.0200991383978004,0.0158200164756502,0.0361294917110199,0.0211269514459331,0.1090370624489257,0.9929099564468753,0.9978915662650603,0.9982364823365807,0.9993974932412866,0.993041015389549,0.9842425961257499
0.8001387925052047,0.5150272236677267,0.8073609671236373,0.807252261205796,0.6195729537366548,0.8889460154241645,0.1000289100896212,0.0144550448106389,0.8064516129032258,175.0,domias_kde_dDE,5,EMB-Diffusion,submission,0.9803,0.9939,0.9942268521620286,0.980414632553608,0.9980843177321508,0.9873,0.996,0.9959832862798534,0.9872851346114964,0.9986860328167556,38.0,0.3363,0.0053446436366839,0.0057368291460469,-0.0002990916531807,0.7564029595902105,22.9049,23.2716,0.054853679498919,0.0955858456877681,0.0522715018468016,0.7612026597282452,0.2350390286209887,2.242035270309338,0.93235039028621,1.8885805145995955,0.9942129629629628,0.0129350159962315,0.0190086235592059,0.0536750045892669,0.0237601659172755,0.0233297882921893,0.013947251176706,0.0184478068801714,0.0200991383978004,0.0158200164756502,0.0361294917110199,0.0211269514459331,0.1090370624489257,0.9929099564468753,0.9978915662650603,0.9982364823365807,0.9993974932412866,0.993041015389549,0.9842425961257499
0.7999074716631969,0.5242359571916525,0.8095856178185452,0.870927037601711,0.0,0.8888317696954119,0.6510552182711766,0.6510552182711766,0.7972350230414746,173.0,gan_leaks_cal_pca,5,EMB-Diffusion,submission,0.9803,0.9939,0.9942268521620286,0.980414632553608,0.9980843177321508,0.9873,0.996,0.9959832862798534,0.9872851346114964,0.9986860328167556,38.0,0.3363,0.0053446436366839,0.0057368291460469,-0.0002990916531807,0.7564029595902105,22.9049,23.2716,0.054853679498919,0.0955858456877681,0.0522715018468016,0.7612026597282452,0.2350390286209887,2.242035270309338,0.93235039028621,1.8885805145995955,0.9942129629629628,0.0129350159962315,0.0190086235592059,0.0536750045892669,0.0237601659172755,0.0233297882921893,0.013947251176706,0.0184478068801714,0.0200991383978004,0.0158200164756502,0.0361294917110199,0.0211269514459331,0.1090370624489257,0.9929099564468753,0.9978915662650603,0.9982364823365807,0.9993974932412866,0.993041015389549,0.9842425961257499
0.7999074716631969,0.5360099592581885,0.8210859363179291,0.8220146726731308,0.6259786476868328,0.8888317696954119,0.1350101185313674,0.018213356461405,0.8525345622119815,185.0,gan_leaks_cal_vDE,5,EMB-Diffusion,submission,0.9803,0.9939,0.9942268521620286,0.980414632553608,0.9980843177321508,0.9873,0.996,0.9959832862798534,0.9872851346114964,0.9986860328167556,38.0,0.3363,0.0053446436366839,0.0057368291460469,-0.0002990916531807,0.7564029595902105,22.9049,23.2716,0.054853679498919,0.0955858456877681,0.0522715018468016,0.7612026597282452,0.2350390286209887,2.242035270309338,0.93235039028621,1.8885805145995955,0.9942129629629628,0.0129350159962315,0.0190086235592059,0.0536750045892669,0.0237601659172755,0.0233297882921893,0.013947251176706,0.0184478068801714,0.0200991383978004,0.0158200164756502,0.0361294917110199,0.0211269514459331,0.1090370624489257,0.9929099564468753,0.9978915662650603,0.9982364823365807,0.9993974932412866,0.993041015389549,0.9842425961257499
0.7999074716631969,0.518546290942576,0.8127034163702149,0.812819133679844,0.6192170818505338,0.8888317696954119,0.1127493495229835,0.0161896501879155,0.8387096774193549,182.0,gan_leaks_cal_sDE,5,EMB-Diffusion,submission,0.9803,0.9939,0.9942268521620286,0.980414632553608,0.9980843177321508,0.9873,0.996,0.9959832862798534,0.9872851346114964,0.9986860328167556,38.0,0.3363,0.0053446436366839,0.0057368291460469,-0.0002990916531807,0.7564029595902105,22.9049,23.2716,0.054853679498919,0.0955858456877681,0.0522715018468016,0.7612026597282452,0.2350390286209887,2.242035270309338,0.93235039028621,1.8885805145995955,0.9942129629629628,0.0129350159962315,0.0190086235592059,0.0536750045892669,0.0237601659172755,0.0233297882921893,0.013947251176706,0.0184478068801714,0.0200991383978004,0.0158200164756502,0.0361294917110199,0.0211269514459331,0.1090370624489257,0.9929099564468753,0.9978915662650603,0.9982364823365807,0.9993974932412866,0.993041015389549,0.9842425961257499
0.7999074716631969,0.5446712748814151,0.8235676144709017,0.8248641450507832,0.6309608540925267,0.8888317696954119,0.1231569817866435,0.0199479618386817,0.8709677419354839,189.0,gan_leaks_cal_dDE,5,EMB-Diffusion,submission,0.9803,0.9939,0.9942268521620286,0.980414632553608,0.9980843177321508,0.9873,0.996,0.9959832862798534,0.9872851346114964,0.9986860328167556,38.0,0.3363,0.0053446436366839,0.0057368291460469,-0.0002990916531807,0.7564029595902105,22.9049,23.2716,0.054853679498919,0.0955858456877681,0.0522715018468016,0.7612026597282452,0.2350390286209887,2.242035270309338,0.93235039028621,1.8885805145995955,0.9942129629629628,0.0129350159962315,0.0190086235592059,0.0536750045892669,0.0237601659172755,0.0233297882921893,0.013947251176706,0.0184478068801714,0.0200991383978004,0.0158200164756502,0.0361294917110199,0.0211269514459331,0.1090370624489257,0.9929099564468753,0.9978915662650603,0.9982364823365807,0.9993974932412866,0.993041015389549,0.9842425961257499
0.7999074716631969,0.5022259765185828,0.7972477325643392,0.7970662701651637,0.6128113879003558,0.8888317696954119,0.0959814975426423,0.0057820179242555,0.7788018433179723,169.0,LOGAN_D1_pca,5,EMB-Diffusion,submission,0.9803,0.9939,0.9942268521620286,0.980414632553608,0.9980843177321508,0.9873,0.996,0.9959832862798534,0.9872851346114964,0.9986860328167556,38.0,0.3363,0.0053446436366839,0.0057368291460469,-0.0002990916531807,0.7564029595902105,22.9049,23.2716,0.054853679498919,0.0955858456877681,0.0522715018468016,0.7612026597282452,0.2350390286209887,2.242035270309338,0.93235039028621,1.8885805145995955,0.9942129629629628,0.0129350159962315,0.0190086235592059,0.0536750045892669,0.0237601659172755,0.0233297882921893,0.013947251176706,0.0184478068801714,0.0200991383978004,0.0158200164756502,0.0361294917110199,0.0211269514459331,0.1090370624489257,0.9929099564468753,0.9978915662650603,0.9982364823365807,0.9993974932412866,0.993041015389549,0.9842425961257499
0.8001387925052047,0.4964437912905678,0.8008930133485483,0.8007711573925443,0.6117437722419928,0.8889460154241645,0.1061000289100896,0.0121422376409366,0.815668202764977,177.0,LOGAN_D1_vDE,5,EMB-Diffusion,submission,0.9803,0.9939,0.9942268521620286,0.980414632553608,0.9980843177321508,0.9873,0.996,0.9959832862798534,0.9872851346114964,0.9986860328167556,38.0,0.3363,0.0053446436366839,0.0057368291460469,-0.0002990916531807,0.7564029595902105,22.9049,23.2716,0.054853679498919,0.0955858456877681,0.0522715018468016,0.7612026597282452,0.2350390286209887,2.242035270309338,0.93235039028621,1.8885805145995955,0.9942129629629628,0.0129350159962315,0.0190086235592059,0.0536750045892669,0.0237601659172755,0.0233297882921893,0.013947251176706,0.0184478068801714,0.0200991383978004,0.0158200164756502,0.0361294917110199,0.0211269514459331,0.1090370624489257,0.9929099564468753,0.9978915662650603,0.9982364823365807,0.9993974932412866,0.993041015389549,0.9842425961257499
0.8001387925052047,0.5001323372736715,0.8015764431647093,0.80139179555838,0.6170818505338078,0.8889460154241645,0.0997398091934085,0.0135877421220005,0.8387096774193549,182.0,LOGAN_D1_sDE,5,EMB-Diffusion,submission,0.9803,0.9939,0.9942268521620286,0.980414632553608,0.9980843177321508,0.9873,0.996,0.9959832862798534,0.9872851346114964,0.9986860328167556,38.0,0.3363,0.0053446436366839,0.0057368291460469,-0.0002990916531807,0.7564029595902105,22.9049,23.2716,0.054853679498919,0.0955858456877681,0.0522715018468016,0.7612026597282452,0.2350390286209887,2.242035270309338,0.93235039028621,1.8885805145995955,0.9942129629629628,0.0129350159962315,0.0190086235592059,0.0536750045892669,0.0237601659172755,0.0233297882921893,0.013947251176706,0.0184478068801714,0.0200991383978004,0.0158200164756502,0.0361294917110199,0.0211269514459331,0.1090370624489257,0.9929099564468753,0.9978915662650603,0.9982364823365807,0.9993974932412866,0.993041015389549,0.9842425961257499
0.7999074716631969,0.5020083143276263,0.8000148299033967,0.7998447450164001,0.6145907473309609,0.8888317696954119,0.0994507082971957,0.01040763226366,0.815668202764977,177.0,LOGAN_D1_dDE,5,EMB-Diffusion,submission,0.9803,0.9939,0.9942268521620286,0.980414632553608,0.9980843177321508,0.9873,0.996,0.9959832862798534,0.9872851346114964,0.9986860328167556,38.0,0.3363,0.0053446436366839,0.0057368291460469,-0.0002990916531807,0.7564029595902105,22.9049,23.2716,0.054853679498919,0.0955858456877681,0.0522715018468016,0.7612026597282452,0.2350390286209887,2.242035270309338,0.93235039028621,1.8885805145995955,0.9942129629629628,0.0129350159962315,0.0190086235592059,0.0536750045892669,0.0237601659172755,0.0233297882921893,0.013947251176706,0.0184478068801714,0.0200991383978004,0.0158200164756502,0.0361294917110199,0.0211269514459331,0.1090370624489257,0.9929099564468753,0.9978915662650603,0.9982364823365807,0.9993974932412866,0.993041015389549,0.9842425961257499
0.2632431182049503,0.5044830283801991,0.798871851885423,0.8062245743078699,0.1814443587766641,0.1814443587766641,1.0,0.0069404279930595,0.7972350230414746,173.0,MC,1,NMF,submission,0.8832,0.886,0.9128193017048172,0.8788504053980135,0.9806383725842996,0.9803,0.9875,0.9910138580998532,0.9803028159095454,0.9984645675501927,17.0,0.1478,0.0019401519075024,0.0019434110100485,-0.0003290792573973,0.6469631236442517,28.7258,23.1698,0.053485473946012,0.0748914704195377,0.0511451725982389,0.0,0.6700404858299596,0.0,0.0,0.0002891844997108,0.0046242774566473,0.0086006276096715,0.0152648061106305,0.0614075769098616,0.0056557639461255,0.0150849621389779,0.0089087938504061,0.009612355250401,0.0175745105145289,0.0035813223281507,0.0574617310102664,0.008518380497745,0.0066472114926848,0.9009486891767826,0.8972151898734176,0.921096404701177,0.982146392025076,0.8965091103840171,1.2397949054372503
0.8001387925052047,0.5024110966611728,0.8002442277297508,0.8000156138554846,0.6207510233137569,0.8889460154241645,0.1061307113938692,0.0031810294968189,0.8110599078341014,176.0,gan_leaks,1,NMF,submission,0.8832,0.886,0.9128193017048172,0.8788504053980135,0.9806383725842996,0.9803,0.9875,0.9910138580998532,0.9803028159095454,0.9984645675501927,17.0,0.1478,0.0019401519075024,0.0019434110100485,-0.0003290792573973,0.6469631236442517,28.7258,23.1698,0.053485473946012,0.0748914704195377,0.0511451725982389,0.0,0.6700404858299596,0.0,0.0,0.0002891844997108,0.0046242774566473,0.0086006276096715,0.0152648061106305,0.0614075769098616,0.0056557639461255,0.0150849621389779,0.0089087938504061,0.009612355250401,0.0175745105145289,0.0035813223281507,0.0574617310102664,0.008518380497745,0.0066472114926848,0.9009486891767826,0.8972151898734176,0.921096404701177,0.982146392025076,0.8965091103840171,1.2397949054372503
0.799676150821189,0.4962282317621532,0.8013532114506685,0.8012232524721974,0.6136323189179569,0.8886889460154241,0.1052631578947368,0.0173510699826489,0.8110599078341014,176.0,loss_lr,1,NMF,submission,0.8832,0.886,0.9128193017048172,0.8788504053980135,0.9806383725842996,0.9803,0.9875,0.9910138580998532,0.9803028159095454,0.9984645675501927,17.0,0.1478,0.0019401519075024,0.0019434110100485,-0.0003290792573973,0.6469631236442517,28.7258,23.1698,0.053485473946012,0.0748914704195377,0.0511451725982389,0.0,0.6700404858299596,0.0,0.0,0.0002891844997108,0.0046242774566473,0.0086006276096715,0.0152648061106305,0.0614075769098616,0.0056557639461255,0.0150849621389779,0.0089087938504061,0.009612355250401,0.0175745105145289,0.0035813223281507,0.0574617310102664,0.008518380497745,0.0066472114926848,0.9009486891767826,0.8972151898734176,0.921096404701177,0.982146392025076,0.8965091103840171,1.2397949054372503
0.799676150821189,0.4995102250958655,0.7993262059699704,0.7995090273951657,0.6114967075992169,0.8886889460154241,0.1009253903990746,0.0063620589936379,0.7972350230414746,173.0,loss_rf,1,NMF,submission,0.8832,0.886,0.9128193017048172,0.8788504053980135,0.9806383725842996,0.9803,0.9875,0.9910138580998532,0.9803028159095454,0.9984645675501927,17.0,0.1478,0.0019401519075024,0.0019434110100485,-0.0003290792573973,0.6469631236442517,28.7258,23.1698,0.053485473946012,0.0748914704195377,0.0511451725982389,0.0,0.6700404858299596,0.0,0.0,0.0002891844997108,0.0046242774566473,0.0086006276096715,0.0152648061106305,0.0614075769098616,0.0056557639461255,0.0150849621389779,0.0089087938504061,0.009612355250401,0.0175745105145289,0.0035813223281507,0.0574617310102664,0.008518380497745,0.0066472114926848,0.9009486891767826,0.8972151898734176,0.921096404701177,0.982146392025076,0.8965091103840171,1.2397949054372503
0.799676150821189,0.5170189257046574,0.8102344198784848,0.8101131389924761,0.6264459868303969,0.8886889460154241,0.1075766338924233,0.0135916714864083,0.8202764976958525,178.0,LOGAN_D1,1,NMF,submission,0.8832,0.886,0.9128193017048172,0.8788504053980135,0.9806383725842996,0.9803,0.9875,0.9910138580998532,0.9803028159095454,0.9984645675501927,17.0,0.1478,0.0019401519075024,0.0019434110100485,-0.0003290792573973,0.6469631236442517,28.7258,23.1698,0.053485473946012,0.0748914704195377,0.0511451725982389,0.0,0.6700404858299596,0.0,0.0,0.0002891844997108,0.0046242774566473,0.0086006276096715,0.0152648061106305,0.0614075769098616,0.0056557639461255,0.0150849621389779,0.0089087938504061,0.009612355250401,0.0175745105145289,0.0035813223281507,0.0574617310102664,0.008518380497745,0.0066472114926848,0.9009486891767826,0.8972151898734176,0.921096404701177,0.982146392025076,0.8965091103840171,1.2397949054372503
0.7665972704140643,0.5091719962422732,0.8047045700797142,0.8045368227350617,0.6203950880939669,0.8659848585469518,0.1035280508964719,0.0109890109890109,0.7926267281105991,172.0,gan_leaks_cal,1,NMF,submission,0.8832,0.886,0.9128193017048172,0.8788504053980135,0.9806383725842996,0.9803,0.9875,0.9910138580998532,0.9803028159095454,0.9984645675501927,17.0,0.1478,0.0019401519075024,0.0019434110100485,-0.0003290792573973,0.6469631236442517,28.7258,23.1698,0.053485473946012,0.0748914704195377,0.0511451725982389,0.0,0.6700404858299596,0.0,0.0,0.0002891844997108,0.0046242774566473,0.0086006276096715,0.0152648061106305,0.0614075769098616,0.0056557639461255,0.0150849621389779,0.0089087938504061,0.009612355250401,0.0175745105145289,0.0035813223281507,0.0574617310102664,0.008518380497745,0.0066472114926848,0.9009486891767826,0.8972151898734176,0.921096404701177,0.982146392025076,0.8965091103840171,1.2397949054372503
0.7841776544066621,0.49829565019708,0.8008720453422931,0.8006549943992232,0.6147001245773269,0.8784047960380555,0.1052631578947368,0.0063620589936379,0.8018433179723502,174.0,domias_kde_pca,1,NMF,submission,0.8832,0.886,0.9128193017048172,0.8788504053980135,0.9806383725842996,0.9803,0.9875,0.9910138580998532,0.9803028159095454,0.9984645675501927,17.0,0.1478,0.0019401519075024,0.0019434110100485,-0.0003290792573973,0.6469631236442517,28.7258,23.1698,0.053485473946012,0.0748914704195377,0.0511451725982389,0.0,0.6700404858299596,0.0,0.0,0.0002891844997108,0.0046242774566473,0.0086006276096715,0.0152648061106305,0.0614075769098616,0.0056557639461255,0.0150849621389779,0.0089087938504061,0.009612355250401,0.0175745105145289,0.0035813223281507,0.0574617310102664,0.008518380497745,0.0066472114926848,0.9009486891767826,0.8972151898734176,0.921096404701177,0.982146392025076,0.8965091103840171,1.2397949054372503
0.8001387925052047,0.5057241815075706,0.8019988854086029,0.8018235523952173,0.6211069585335469,0.8889460154241645,0.0994794679005205,0.007807981492192,0.7972350230414746,173.0,domias_kde_vDE,1,NMF,submission,0.8832,0.886,0.9128193017048172,0.8788504053980135,0.9806383725842996,0.9803,0.9875,0.9910138580998532,0.9803028159095454,0.9984645675501927,17.0,0.1478,0.0019401519075024,0.0019434110100485,-0.0003290792573973,0.6469631236442517,28.7258,23.1698,0.053485473946012,0.0748914704195377,0.0511451725982389,0.0,0.6700404858299596,0.0,0.0,0.0002891844997108,0.0046242774566473,0.0086006276096715,0.0152648061106305,0.0614075769098616,0.0056557639461255,0.0150849621389779,0.0089087938504061,0.009612355250401,0.0175745105145289,0.0035813223281507,0.0574617310102664,0.008518380497745,0.0066472114926848,0.9009486891767826,0.8972151898734176,0.921096404701177,0.982146392025076,0.8965091103840171,1.2397949054372503
0.799676150821189,0.5028520612335641,0.8007972822668634,0.8005782499348925,0.6200391528741769,0.8886889460154241,0.0936957779063042,0.0080971659919028,0.8018433179723502,174.0,domias_kde_sDE,1,NMF,submission,0.8832,0.886,0.9128193017048172,0.8788504053980135,0.9806383725842996,0.9803,0.9875,0.9910138580998532,0.9803028159095454,0.9984645675501927,17.0,0.1478,0.0019401519075024,0.0019434110100485,-0.0003290792573973,0.6469631236442517,28.7258,23.1698,0.053485473946012,0.0748914704195377,0.0511451725982389,0.0,0.6700404858299596,0.0,0.0,0.0002891844997108,0.0046242774566473,0.0086006276096715,0.0152648061106305,0.0614075769098616,0.0056557639461255,0.0150849621389779,0.0089087938504061,0.009612355250401,0.0175745105145289,0.0035813223281507,0.0574617310102664,0.008518380497745,0.0066472114926848,0.9009486891767826,0.8972151898734176,0.921096404701177,0.982146392025076,0.8965091103840171,1.2397949054372503
0.8001387925052047,0.5039496250631024,0.8014873191871463,0.8012798864495958,0.6182594767752269,0.8889460154241645,0.0960092539039907,0.0095430884904569,0.7972350230414746,173.0,domias_kde_dDE,1,NMF,submission,0.8832,0.886,0.9128193017048172,0.8788504053980135,0.9806383725842996,0.9803,0.9875,0.9910138580998532,0.9803028159095454,0.9984645675501927,17.0,0.1478,0.0019401519075024,0.0019434110100485,-0.0003290792573973,0.6469631236442517,28.7258,23.1698,0.053485473946012,0.0748914704195377,0.0511451725982389,0.0,0.6700404858299596,0.0,0.0,0.0002891844997108,0.0046242774566473,0.0086006276096715,0.0152648061106305,0.0614075769098616,0.0056557639461255,0.0150849621389779,0.0089087938504061,0.009612355250401,0.0175745105145289,0.0035813223281507,0.0574617310102664,0.008518380497745,0.0066472114926848,0.9009486891767826,0.8972151898734176,0.921096404701177,0.982146392025076,0.8965091103840171,1.2397949054372503
0.7925052047189451,0.4952587114741055,0.7974484922293842,0.8301923760891563,0.6147001245773269,0.8839135498899962,0.3204164256795835,0.3204164256795835,0.7972350230414746,173.0,gan_leaks_cal_pca,1,NMF,submission,0.8832,0.886,0.9128193017048172,0.8788504053980135,0.9806383725842996,0.9803,0.9875,0.9910138580998532,0.9803028159095454,0.9984645675501927,17.0,0.1478,0.0019401519075024,0.0019434110100485,-0.0003290792573973,0.6469631236442517,28.7258,23.1698,0.053485473946012,0.0748914704195377,0.0511451725982389,0.0,0.6700404858299596,0.0,0.0,0.0002891844997108,0.0046242774566473,0.0086006276096715,0.0152648061106305,0.0614075769098616,0.0056557639461255,0.0150849621389779,0.0089087938504061,0.009612355250401,0.0175745105145289,0.0035813223281507,0.0574617310102664,0.008518380497745,0.0066472114926848,0.9009486891767826,0.8972151898734176,0.921096404701177,0.982146392025076,0.8965091103840171,1.2397949054372503
0.7999074716631969,0.5161903201757172,0.809089293237852,0.8088339476002157,0.6214628937533369,0.8888031880704461,0.1165413533834586,0.0101214574898785,0.8248847926267281,179.0,gan_leaks_cal_vDE,1,NMF,submission,0.8832,0.886,0.9128193017048172,0.8788504053980135,0.9806383725842996,0.9803,0.9875,0.9910138580998532,0.9803028159095454,0.9984645675501927,17.0,0.1478,0.0019401519075024,0.0019434110100485,-0.0003290792573973,0.6469631236442517,28.7258,23.1698,0.053485473946012,0.0748914704195377,0.0511451725982389,0.0,0.6700404858299596,0.0,0.0,0.0002891844997108,0.0046242774566473,0.0086006276096715,0.0152648061106305,0.0614075769098616,0.0056557639461255,0.0150849621389779,0.0089087938504061,0.009612355250401,0.0175745105145289,0.0035813223281507,0.0574617310102664,0.008518380497745,0.0066472114926848,0.9009486891767826,0.8972151898734176,0.921096404701177,0.982146392025076,0.8965091103840171,1.2397949054372503
0.799676150821189,0.5200282832470238,0.8060238180125872,0.8057389516682928,0.6214628937533369,0.8886889460154241,0.1023713128976286,0.007807981492192,0.8110599078341014,176.0,gan_leaks_cal_sDE,1,NMF,submission,0.8832,0.886,0.9128193017048172,0.8788504053980135,0.9806383725842996,0.9803,0.9875,0.9910138580998532,0.9803028159095454,0.9984645675501927,17.0,0.1478,0.0019401519075024,0.0019434110100485,-0.0003290792573973,0.6469631236442517,28.7258,23.1698,0.053485473946012,0.0748914704195377,0.0511451725982389,0.0,0.6700404858299596,0.0,0.0,0.0002891844997108,0.0046242774566473,0.0086006276096715,0.0152648061106305,0.0614075769098616,0.0056557639461255,0.0150849621389779,0.0089087938504061,0.009612355250401,0.0175745105145289,0.0035813223281507,0.0574617310102664,0.008518380497745,0.0066472114926848,0.9009486891767826,0.8972151898734176,0.921096404701177,0.982146392025076,0.8965091103840171,1.2397949054372503
0.799676150821189,0.504894405867938,0.8002052469605944,0.8000639398669069,0.615056059797117,0.8886889460154241,0.0977443609022556,0.0104106419895893,0.783410138248848,170.0,gan_leaks_cal_dDE,1,NMF,submission,0.8832,0.886,0.9128193017048172,0.8788504053980135,0.9806383725842996,0.9803,0.9875,0.9910138580998532,0.9803028159095454,0.9984645675501927,17.0,0.1478,0.0019401519075024,0.0019434110100485,-0.0003290792573973,0.6469631236442517,28.7258,23.1698,0.053485473946012,0.0748914704195377,0.0511451725982389,0.0,0.6700404858299596,0.0,0.0,0.0002891844997108,0.0046242774566473,0.0086006276096715,0.0152648061106305,0.0614075769098616,0.0056557639461255,0.0150849621389779,0.0089087938504061,0.009612355250401,0.0175745105145289,0.0035813223281507,0.0574617310102664,0.008518380497745,0.0066472114926848,0.9009486891767826,0.8972151898734176,0.921096404701177,0.982146392025076,0.8965091103840171,1.2397949054372503
0.799676150821189,0.5063028848243329,0.8044659757507908,0.8042159050826843,0.6175476063356469,0.8886889460154241,0.1124927703875072,0.0115673799884326,0.8294930875576036,180.0,LOGAN_D1_pca,1,NMF,submission,0.8832,0.886,0.9128193017048172,0.8788504053980135,0.9806383725842996,0.9803,0.9875,0.9910138580998532,0.9803028159095454,0.9984645675501927,17.0,0.1478,0.0019401519075024,0.0019434110100485,-0.0003290792573973,0.6469631236442517,28.7258,23.1698,0.053485473946012,0.0748914704195377,0.0511451725982389,0.0,0.6700404858299596,0.0,0.0,0.0002891844997108,0.0046242774566473,0.0086006276096715,0.0152648061106305,0.0614075769098616,0.0056557639461255,0.0150849621389779,0.0089087938504061,0.009612355250401,0.0175745105145289,0.0035813223281507,0.0574617310102664,0.008518380497745,0.0066472114926848,0.9009486891767826,0.8972151898734176,0.921096404701177,0.982146392025076,0.8965091103840171,1.2397949054372503
0.799676150821189,0.5157675758983943,0.8085609346373976,0.8084038981196412,0.6179035415554369,0.8886889460154241,0.1113360323886639,0.0089647194910352,0.7972350230414746,173.0,LOGAN_D1_vDE,1,NMF,submission,0.8832,0.886,0.9128193017048172,0.8788504053980135,0.9806383725842996,0.9803,0.9875,0.9910138580998532,0.9803028159095454,0.9984645675501927,17.0,0.1478,0.0019401519075024,0.0019434110100485,-0.0003290792573973,0.6469631236442517,28.7258,23.1698,0.053485473946012,0.0748914704195377,0.0511451725982389,0.0,0.6700404858299596,0.0,0.0,0.0002891844997108,0.0046242774566473,0.0086006276096715,0.0152648061106305,0.0614075769098616,0.0056557639461255,0.0150849621389779,0.0089087938504061,0.009612355250401,0.0175745105145289,0.0035813223281507,0.0574617310102664,0.008518380497745,0.0066472114926848,0.9009486891767826,0.8972151898734176,0.921096404701177,0.982146392025076,0.8965091103840171,1.2397949054372503
0.7999074716631969,0.5073021593557037,0.8058839114780323,0.8056977176386447,0.6214628937533369,0.8888031880704461,0.1020821283979178,0.0133024869866975,0.8202764976958525,178.0,LOGAN_D1_sDE,1,NMF,submission,0.8832,0.886,0.9128193017048172,0.8788504053980135,0.9806383725842996,0.9803,0.9875,0.9910138580998532,0.9803028159095454,0.9984645675501927,17.0,0.1478,0.0019401519075024,0.0019434110100485,-0.0003290792573973,0.6469631236442517,28.7258,23.1698,0.053485473946012,0.0748914704195377,0.0511451725982389,0.0,0.6700404858299596,0.0,0.0,0.0002891844997108,0.0046242774566473,0.0086006276096715,0.0152648061106305,0.0614075769098616,0.0056557639461255,0.0150849621389779,0.0089087938504061,0.009612355250401,0.0175745105145289,0.0035813223281507,0.0574617310102664,0.008518380497745,0.0066472114926848,0.9009486891767826,0.8972151898734176,0.921096404701177,0.982146392025076,0.8965091103840171,1.2397949054372503
0.799676150821189,0.5120815600584387,0.8071622617431187,0.8069132172614608,0.6196832176543869,0.8886889460154241,0.1015037593984962,0.0185078079814921,0.8294930875576036,180.0,LOGAN_D1_dDE,1,NMF,submission,0.8832,0.886,0.9128193017048172,0.8788504053980135,0.9806383725842996,0.9803,0.9875,0.9910138580998532,0.9803028159095454,0.9984645675501927,17.0,0.1478,0.0019401519075024,0.0019434110100485,-0.0003290792573973,0.6469631236442517,28.7258,23.1698,0.053485473946012,0.0748914704195377,0.0511451725982389,0.0,0.6700404858299596,0.0,0.0,0.0002891844997108,0.0046242774566473,0.0086006276096715,0.0152648061106305,0.0614075769098616,0.0056557639461255,0.0150849621389779,0.0089087938504061,0.009612355250401,0.0175745105145289,0.0035813223281507,0.0574617310102664,0.008518380497745,0.0066472114926848,0.9009486891767826,0.8972151898734176,0.921096404701177,0.982146392025076,0.8965091103840171,1.2397949054372503
0.2641684015729817,0.5063859626834984,0.8026274601580696,0.8120341669266,0.1824723721408378,0.1824723721408378,1.0,0.0133024869866975,0.8248847926267281,179.0,MC,2,NMF,submission,0.8636,0.8277,0.8917962231739687,0.8619451537813912,0.9786871192398324,0.978,0.9933,0.9940760462232364,0.978010199346212,0.999399642449856,13.0,0.115,0.0018376243849711,0.0018815505707319,-0.0002804506456405,0.6448825276802592,28.6366,23.2381,0.0531787574165692,0.0707060681658679,0.0485196773835932,0.0,0.683342972816657,0.0,0.0,0.0,0.0,0.0063113696483335,0.010614574171286,0.0626856400890172,0.0070608233364658,0.0147120793035614,0.0086952351105519,0.0066857638646703,0.0120128057763395,0.0038667215739279,0.0714234522381417,0.007301490509714,0.1240123254520285,0.8830265848670757,0.8332829960736938,0.897110665287775,0.9792750344004022,0.8813253219215823,1.2323124523949893
0.7999074716631969,0.5013192162264264,0.805784052708822,0.8055124805155117,0.6129204484783769,0.8887745917448888,0.1191440138808559,0.0133024869866975,0.8341013824884793,181.0,gan_leaks,2,NMF,submission,0.8636,0.8277,0.8917962231739687,0.8619451537813912,0.9786871192398324,0.978,0.9933,0.9940760462232364,0.978010199346212,0.999399642449856,13.0,0.115,0.0018376243849711,0.0018815505707319,-0.0002804506456405,0.6448825276802592,28.6366,23.2381,0.0531787574165692,0.0707060681658679,0.0485196773835932,0.0,0.683342972816657,0.0,0.0,0.0,0.0,0.0063113696483335,0.010614574171286,0.0626856400890172,0.0070608233364658,0.0147120793035614,0.0086952351105519,0.0066857638646703,0.0120128057763395,0.0038667215739279,0.0714234522381417,0.007301490509714,0.1240123254520285,0.8830265848670757,0.8332829960736938,0.897110665287775,0.9792750344004022,0.8813253219215823,1.2323124523949893
0.8001387925052047,0.5105493836859825,0.8034225796079171,0.8032173631411978,0.6225306994127069,0.8889460154241645,0.1046847888953152,0.0104106419895893,0.8064516129032258,175.0,loss_lr,2,NMF,submission,0.8636,0.8277,0.8917962231739687,0.8619451537813912,0.9786871192398324,0.978,0.9933,0.9940760462232364,0.978010199346212,0.999399642449856,13.0,0.115,0.0018376243849711,0.0018815505707319,-0.0002804506456405,0.6448825276802592,28.6366,23.2381,0.0531787574165692,0.0707060681658679,0.0485196773835932,0.0,0.683342972816657,0.0,0.0,0.0,0.0,0.0063113696483335,0.010614574171286,0.0626856400890172,0.0070608233364658,0.0147120793035614,0.0086952351105519,0.0066857638646703,0.0120128057763395,0.0038667215739279,0.0714234522381417,0.007301490509714,0.1240123254520285,0.8830265848670757,0.8332829960736938,0.897110665287775,0.9792750344004022,0.8813253219215823,1.2323124523949893
0.799676150821189,0.508206654920984,0.8048753175136701,0.8047495809209144,0.6168357358960669,0.8886889460154241,0.1119144013880856,0.0115673799884326,0.8248847926267281,179.0,loss_rf,2,NMF,submission,0.8636,0.8277,0.8917962231739687,0.8619451537813912,0.9786871192398324,0.978,0.9933,0.9940760462232364,0.978010199346212,0.999399642449856,13.0,0.115,0.0018376243849711,0.0018815505707319,-0.0002804506456405,0.6448825276802592,28.6366,23.2381,0.0531787574165692,0.0707060681658679,0.0485196773835932,0.0,0.683342972816657,0.0,0.0,0.0,0.0,0.0063113696483335,0.010614574171286,0.0626856400890172,0.0070608233364658,0.0147120793035614,0.0086952351105519,0.0066857638646703,0.0120128057763395,0.0038667215739279,0.0714234522381417,0.007301490509714,0.1240123254520285,0.8830265848670757,0.8332829960736938,0.897110665287775,0.9792750344004022,0.8813253219215823,1.2323124523949893
0.7999074716631969,0.4946967240243784,0.797063690158041,0.796885516668407,0.6143441893575369,0.8888031880704461,0.1000578368999421,0.0089647194910352,0.8064516129032258,175.0,LOGAN_D1,2,NMF,submission,0.8636,0.8277,0.8917962231739687,0.8619451537813912,0.9786871192398324,0.978,0.9933,0.9940760462232364,0.978010199346212,0.999399642449856,13.0,0.115,0.0018376243849711,0.0018815505707319,-0.0002804506456405,0.6448825276802592,28.6366,23.2381,0.0531787574165692,0.0707060681658679,0.0485196773835932,0.0,0.683342972816657,0.0,0.0,0.0,0.0,0.0063113696483335,0.010614574171286,0.0626856400890172,0.0070608233364658,0.0147120793035614,0.0086952351105519,0.0066857638646703,0.0120128057763395,0.0038667215739279,0.0714234522381417,0.007301490509714,0.1240123254520285,0.8830265848670757,0.8332829960736938,0.897110665287775,0.9792750344004022,0.8813253219215823,1.2323124523949893
0.7543372657876475,0.5091375615561804,0.8102103171022015,0.8100072143575233,0.618971347214807,0.8580213903743316,0.1101792943898207,0.023423944476576,0.815668202764977,177.0,gan_leaks_cal,2,NMF,submission,0.8636,0.8277,0.8917962231739687,0.8619451537813912,0.9786871192398324,0.978,0.9933,0.9940760462232364,0.978010199346212,0.999399642449856,13.0,0.115,0.0018376243849711,0.0018815505707319,-0.0002804506456405,0.6448825276802592,28.6366,23.2381,0.0531787574165692,0.0707060681658679,0.0485196773835932,0.0,0.683342972816657,0.0,0.0,0.0,0.0,0.0063113696483335,0.010614574171286,0.0626856400890172,0.0070608233364658,0.0147120793035614,0.0086952351105519,0.0066857638646703,0.0120128057763395,0.0038667215739279,0.0714234522381417,0.007301490509714,0.1240123254520285,0.8830265848670757,0.8332829960736938,0.897110665287775,0.9792750344004022,0.8813253219215823,1.2323124523949893
0.7788572750404812,0.4975541343353938,0.8020432270320945,0.8017396143698075,0.6122085780387969,0.8751306165099269,0.1122035858877964,0.012434933487565,0.8202764976958525,178.0,domias_kde_pca,2,NMF,submission,0.8636,0.8277,0.8917962231739687,0.8619451537813912,0.9786871192398324,0.978,0.9933,0.9940760462232364,0.978010199346212,0.999399642449856,13.0,0.115,0.0018376243849711,0.0018815505707319,-0.0002804506456405,0.6448825276802592,28.6366,23.2381,0.0531787574165692,0.0707060681658679,0.0485196773835932,0.0,0.683342972816657,0.0,0.0,0.0,0.0,0.0063113696483335,0.010614574171286,0.0626856400890172,0.0070608233364658,0.0147120793035614,0.0086952351105519,0.0066857638646703,0.0120128057763395,0.0038667215739279,0.0714234522381417,0.007301490509714,0.1240123254520285,0.8830265848670757,0.8332829960736938,0.897110665287775,0.9792750344004022,0.8813253219215823,1.2323124523949893
0.8001387925052047,0.500674652393545,0.8076316751719446,0.8075126626513012,0.613276383698167,0.8889460154241645,0.1182764603817235,0.0141700404858299,0.8755760368663594,190.0,domias_kde_vDE,2,NMF,submission,0.8636,0.8277,0.8917962231739687,0.8619451537813912,0.9786871192398324,0.978,0.9933,0.9940760462232364,0.978010199346212,0.999399642449856,13.0,0.115,0.0018376243849711,0.0018815505707319,-0.0002804506456405,0.6448825276802592,28.6366,23.2381,0.0531787574165692,0.0707060681658679,0.0485196773835932,0.0,0.683342972816657,0.0,0.0,0.0,0.0,0.0063113696483335,0.010614574171286,0.0626856400890172,0.0070608233364658,0.0147120793035614,0.0086952351105519,0.0066857638646703,0.0120128057763395,0.0038667215739279,0.0714234522381417,0.007301490509714,0.1240123254520285,0.8830265848670757,0.8332829960736938,0.897110665287775,0.9792750344004022,0.8813253219215823,1.2323124523949893
0.8001387925052047,0.4983364369126462,0.8042441062252099,0.804064717790034,0.615767930236697,0.8889460154241645,0.1179872758820127,0.0095430884904569,0.7972350230414746,173.0,domias_kde_sDE,2,NMF,submission,0.8636,0.8277,0.8917962231739687,0.8619451537813912,0.9786871192398324,0.978,0.9933,0.9940760462232364,0.978010199346212,0.999399642449856,13.0,0.115,0.0018376243849711,0.0018815505707319,-0.0002804506456405,0.6448825276802592,28.6366,23.2381,0.0531787574165692,0.0707060681658679,0.0485196773835932,0.0,0.683342972816657,0.0,0.0,0.0,0.0,0.0063113696483335,0.010614574171286,0.0626856400890172,0.0070608233364658,0.0147120793035614,0.0086952351105519,0.0066857638646703,0.0120128057763395,0.0038667215739279,0.0714234522381417,0.007301490509714,0.1240123254520285,0.8830265848670757,0.8332829960736938,0.897110665287775,0.9792750344004022,0.8813253219215823,1.2323124523949893
0.7999074716631969,0.4977443609022556,0.8022448962201124,0.8019541152776548,0.6139882541377469,0.8888031880704461,0.1061307113938692,0.0089647194910352,0.8110599078341014,176.0,domias_kde_dDE,2,NMF,submission,0.8636,0.8277,0.8917962231739687,0.8619451537813912,0.9786871192398324,0.978,0.9933,0.9940760462232364,0.978010199346212,0.999399642449856,13.0,0.115,0.0018376243849711,0.0018815505707319,-0.0002804506456405,0.6448825276802592,28.6366,23.2381,0.0531787574165692,0.0707060681658679,0.0485196773835932,0.0,0.683342972816657,0.0,0.0,0.0,0.0,0.0063113696483335,0.010614574171286,0.0626856400890172,0.0070608233364658,0.0147120793035614,0.0086952351105519,0.0066857638646703,0.0120128057763395,0.0038667215739279,0.0714234522381417,0.007301490509714,0.1240123254520285,0.8830265848670757,0.8332829960736938,0.897110665287775,0.9792750344004022,0.8813253219215823,1.2323124523949893
0.7904233171408744,0.5058660992187004,0.80331490765067,0.8347553936454697,0.6207510233137569,0.8826728826728827,0.3247541931752458,0.3247541931752458,0.7972350230414746,173.0,gan_leaks_cal_pca,2,NMF,submission,0.8636,0.8277,0.8917962231739687,0.8619451537813912,0.9786871192398324,0.978,0.9933,0.9940760462232364,0.978010199346212,0.999399642449856,13.0,0.115,0.0018376243849711,0.0018815505707319,-0.0002804506456405,0.6448825276802592,28.6366,23.2381,0.0531787574165692,0.0707060681658679,0.0485196773835932,0.0,0.683342972816657,0.0,0.0,0.0,0.0,0.0063113696483335,0.010614574171286,0.0626856400890172,0.0070608233364658,0.0147120793035614,0.0086952351105519,0.0066857638646703,0.0120128057763395,0.0038667215739279,0.0714234522381417,0.007301490509714,0.1240123254520285,0.8830265848670757,0.8332829960736938,0.897110665287775,0.9792750344004022,0.8813253219215823,1.2323124523949893
0.8001387925052047,0.5188544950638045,0.811239529144556,0.8110517143626561,0.6207510233137569,0.8889460154241645,0.108155002891845,0.0213996529786003,0.8387096774193549,182.0,gan_leaks_cal_vDE,2,NMF,submission,0.8636,0.8277,0.8917962231739687,0.8619451537813912,0.9786871192398324,0.978,0.9933,0.9940760462232364,0.978010199346212,0.999399642449856,13.0,0.115,0.0018376243849711,0.0018815505707319,-0.0002804506456405,0.6448825276802592,28.6366,23.2381,0.0531787574165692,0.0707060681658679,0.0485196773835932,0.0,0.683342972816657,0.0,0.0,0.0,0.0,0.0063113696483335,0.010614574171286,0.0626856400890172,0.0070608233364658,0.0147120793035614,0.0086952351105519,0.0066857638646703,0.0120128057763395,0.0038667215739279,0.0714234522381417,0.007301490509714,0.1240123254520285,0.8830265848670757,0.8332829960736938,0.897110665287775,0.9792750344004022,0.8813253219215823,1.2323124523949893
0.799676150821189,0.505967230214264,0.8094303637958206,0.8093081932870447,0.6139882541377469,0.8886889460154241,0.109600925390399,0.0138808559861191,0.8571428571428571,186.0,gan_leaks_cal_sDE,2,NMF,submission,0.8636,0.8277,0.8917962231739687,0.8619451537813912,0.9786871192398324,0.978,0.9933,0.9940760462232364,0.978010199346212,0.999399642449856,13.0,0.115,0.0018376243849711,0.0018815505707319,-0.0002804506456405,0.6448825276802592,28.6366,23.2381,0.0531787574165692,0.0707060681658679,0.0485196773835932,0.0,0.683342972816657,0.0,0.0,0.0,0.0,0.0063113696483335,0.010614574171286,0.0626856400890172,0.0070608233364658,0.0147120793035614,0.0086952351105519,0.0066857638646703,0.0120128057763395,0.0038667215739279,0.0714234522381417,0.007301490509714,0.1240123254520285,0.8830265848670757,0.8332829960736938,0.897110665287775,0.9792750344004022,0.8813253219215823,1.2323124523949893
0.799676150821189,0.508064068575173,0.8042675618002593,0.8039756409297656,0.6211069585335469,0.8886889460154241,0.101792943898207,0.0080971659919028,0.8018433179723502,174.0,gan_leaks_cal_dDE,2,NMF,submission,0.8636,0.8277,0.8917962231739687,0.8619451537813912,0.9786871192398324,0.978,0.9933,0.9940760462232364,0.978010199346212,0.999399642449856,13.0,0.115,0.0018376243849711,0.0018815505707319,-0.0002804506456405,0.6448825276802592,28.6366,23.2381,0.0531787574165692,0.0707060681658679,0.0485196773835932,0.0,0.683342972816657,0.0,0.0,0.0,0.0,0.0063113696483335,0.010614574171286,0.0626856400890172,0.0070608233364658,0.0147120793035614,0.0086952351105519,0.0066857638646703,0.0120128057763395,0.0038667215739279,0.0714234522381417,0.007301490509714,0.1240123254520285,0.8830265848670757,0.8332829960736938,0.897110665287775,0.9792750344004022,0.8813253219215823,1.2323124523949893
0.799676150821189,0.506619149028641,0.8051832214380197,0.8050463962943466,0.6179035415554369,0.8886889460154241,0.1101792943898207,0.0101214574898785,0.8018433179723502,174.0,LOGAN_D1_pca,2,NMF,submission,0.8636,0.8277,0.8917962231739687,0.8619451537813912,0.9786871192398324,0.978,0.9933,0.9940760462232364,0.978010199346212,0.999399642449856,13.0,0.115,0.0018376243849711,0.0018815505707319,-0.0002804506456405,0.6448825276802592,28.6366,23.2381,0.0531787574165692,0.0707060681658679,0.0485196773835932,0.0,0.683342972816657,0.0,0.0,0.0,0.0,0.0063113696483335,0.010614574171286,0.0626856400890172,0.0070608233364658,0.0147120793035614,0.0086952351105519,0.0066857638646703,0.0120128057763395,0.0038667215739279,0.0714234522381417,0.007301490509714,0.1240123254520285,0.8830265848670757,0.8332829960736938,0.897110665287775,0.9792750344004022,0.8813253219215823,1.2323124523949893
0.8001387925052047,0.4941046480139878,0.7964607523334096,0.7962973732552363,0.6139882541377469,0.8889460154241645,0.0902255639097744,0.0098322729901677,0.7695852534562212,167.0,LOGAN_D1_vDE,2,NMF,submission,0.8636,0.8277,0.8917962231739687,0.8619451537813912,0.9786871192398324,0.978,0.9933,0.9940760462232364,0.978010199346212,0.999399642449856,13.0,0.115,0.0018376243849711,0.0018815505707319,-0.0002804506456405,0.6448825276802592,28.6366,23.2381,0.0531787574165692,0.0707060681658679,0.0485196773835932,0.0,0.683342972816657,0.0,0.0,0.0,0.0,0.0063113696483335,0.010614574171286,0.0626856400890172,0.0070608233364658,0.0147120793035614,0.0086952351105519,0.0066857638646703,0.0120128057763395,0.0038667215739279,0.0714234522381417,0.007301490509714,0.1240123254520285,0.8830265848670757,0.8332829960736938,0.897110665287775,0.9792750344004022,0.8813253219215823,1.2323124523949893
0.8001387925052047,0.495046419962757,0.7929998988973332,0.7926934000122194,0.6143441893575369,0.8889460154241645,0.0922498554077501,0.0052053209947946,0.7511520737327189,163.0,LOGAN_D1_sDE,2,NMF,submission,0.8636,0.8277,0.8917962231739687,0.8619451537813912,0.9786871192398324,0.978,0.9933,0.9940760462232364,0.978010199346212,0.999399642449856,13.0,0.115,0.0018376243849711,0.0018815505707319,-0.0002804506456405,0.6448825276802592,28.6366,23.2381,0.0531787574165692,0.0707060681658679,0.0485196773835932,0.0,0.683342972816657,0.0,0.0,0.0,0.0,0.0063113696483335,0.010614574171286,0.0626856400890172,0.0070608233364658,0.0147120793035614,0.0086952351105519,0.0066857638646703,0.0120128057763395,0.0038667215739279,0.0714234522381417,0.007301490509714,0.1240123254520285,0.8830265848670757,0.8332829960736938,0.897110665287775,0.9792750344004022,0.8813253219215823,1.2323124523949893
0.799676150821189,0.5101545549066084,0.8056694854620422,0.8055363852162105,0.6179035415554369,0.8886889460154241,0.0997686524002313,0.012434933487565,0.8294930875576036,180.0,LOGAN_D1_dDE,2,NMF,submission,0.8636,0.8277,0.8917962231739687,0.8619451537813912,0.9786871192398324,0.978,0.9933,0.9940760462232364,0.978010199346212,0.999399642449856,13.0,0.115,0.0018376243849711,0.0018815505707319,-0.0002804506456405,0.6448825276802592,28.6366,23.2381,0.0531787574165692,0.0707060681658679,0.0485196773835932,0.0,0.683342972816657,0.0,0.0,0.0,0.0,0.0063113696483335,0.010614574171286,0.0626856400890172,0.0070608233364658,0.0147120793035614,0.0086952351105519,0.0066857638646703,0.0120128057763395,0.0038667215739279,0.0714234522381417,0.007301490509714,0.1240123254520285,0.8830265848670757,0.8332829960736938,0.897110665287775,0.9792750344004022,0.8813253219215823,1.2323124523949893
0.2616238723108952,0.5029917258252761,0.8037789442806987,0.8078645375465671,0.1798561151079136,0.1798561151079136,1.0,0.0132986412257878,0.8387096774193549,182.0,MC,4,NMF,submission,0.8773,0.8643,0.9094076024932992,0.8712127833224228,0.9812064270405444,0.9769,0.992,0.9918679111146664,0.9768682563355904,0.9986234518073068,28.0,0.2393,0.0019043519412223,0.0017169004596362,-0.0002183343025316,0.6393041587387878,28.4977,23.363,0.0533729112821063,0.083015601293827,0.0571248821154787,0.0,0.67013587742122,0.0,0.0,0.0015033246603064,0.0104166666666666,0.0066310119222744,0.0077311361042877,0.0514811609180488,0.0067341549996597,0.0142502396730476,0.0083937729774866,0.009633294955643,0.0184632151197453,0.0038445896388249,0.0736559062220789,0.0080375811125643,0.0049710746191361,0.8980448357047804,0.8712701612903225,0.9168636189382335,0.9825589668105219,0.89184265910175,1.2197791379531737
0.8001387925052047,0.5057298191513282,0.8063536575846398,0.8062398839668278,0.6163701067615658,0.8889460154241645,0.1084128360797918,0.013009540329575,0.8341013824884793,181.0,gan_leaks,4,NMF,submission,0.8773,0.8643,0.9094076024932992,0.8712127833224228,0.9812064270405444,0.9769,0.992,0.9918679111146664,0.9768682563355904,0.9986234518073068,28.0,0.2393,0.0019043519412223,0.0017169004596362,-0.0002183343025316,0.6393041587387878,28.4977,23.363,0.0533729112821063,0.083015601293827,0.0571248821154787,0.0,0.67013587742122,0.0,0.0,0.0015033246603064,0.0104166666666666,0.0066310119222744,0.0077311361042877,0.0514811609180488,0.0067341549996597,0.0142502396730476,0.0083937729774866,0.009633294955643,0.0184632151197453,0.0038445896388249,0.0736559062220789,0.0080375811125643,0.0049710746191361,0.8980448357047804,0.8712701612903225,0.9168636189382335,0.9825589668105219,0.89184265910175,1.2197791379531737
0.7999074716631969,0.5042431579454563,0.7984280307433524,0.7982610644231731,0.6188612099644129,0.8888317696954119,0.0904885805145996,0.0069384215091066,0.7880184331797235,171.0,loss_lr,4,NMF,submission,0.8773,0.8643,0.9094076024932992,0.8712127833224228,0.9812064270405444,0.9769,0.992,0.9918679111146664,0.9768682563355904,0.9986234518073068,28.0,0.2393,0.0019043519412223,0.0017169004596362,-0.0002183343025316,0.6393041587387878,28.4977,23.363,0.0533729112821063,0.083015601293827,0.0571248821154787,0.0,0.67013587742122,0.0,0.0,0.0015033246603064,0.0104166666666666,0.0066310119222744,0.0077311361042877,0.0514811609180488,0.0067341549996597,0.0142502396730476,0.0083937729774866,0.009633294955643,0.0184632151197453,0.0038445896388249,0.0736559062220789,0.0080375811125643,0.0049710746191361,0.8980448357047804,0.8712701612903225,0.9168636189382335,0.9825589668105219,0.89184265910175,1.2197791379531737
0.7999074716631969,0.5043718145364213,0.8043744894364555,0.8044348951699145,0.6217081850533808,0.8888317696954119,0.0974270020237062,0.0167678519803411,0.8202764976958525,178.0,loss_rf,4,NMF,submission,0.8773,0.8643,0.9094076024932992,0.8712127833224228,0.9812064270405444,0.9769,0.992,0.9918679111146664,0.9768682563355904,0.9986234518073068,28.0,0.2393,0.0019043519412223,0.0017169004596362,-0.0002183343025316,0.6393041587387878,28.4977,23.363,0.0533729112821063,0.083015601293827,0.0571248821154787,0.0,0.67013587742122,0.0,0.0,0.0015033246603064,0.0104166666666666,0.0066310119222744,0.0077311361042877,0.0514811609180488,0.0067341549996597,0.0142502396730476,0.0083937729774866,0.009633294955643,0.0184632151197453,0.0038445896388249,0.0736559062220789,0.0080375811125643,0.0049710746191361,0.8980448357047804,0.8712701612903225,0.9168636189382335,0.9825589668105219,0.89184265910175,1.2197791379531737
0.8003701133472125,0.4865556371997901,0.7920514285096989,0.7918280943018463,0.6092526690391459,0.8890888060660583,0.0826828563168545,0.0138768430182133,0.7926267281105991,172.0,LOGAN_D1,4,NMF,submission,0.8773,0.8643,0.9094076024932992,0.8712127833224228,0.9812064270405444,0.9769,0.992,0.9918679111146664,0.9768682563355904,0.9986234518073068,28.0,0.2393,0.0019043519412223,0.0017169004596362,-0.0002183343025316,0.6393041587387878,28.4977,23.363,0.0533729112821063,0.083015601293827,0.0571248821154787,0.0,0.67013587742122,0.0,0.0,0.0015033246603064,0.0104166666666666,0.0066310119222744,0.0077311361042877,0.0514811609180488,0.0067341549996597,0.0142502396730476,0.0083937729774866,0.009633294955643,0.0184632151197453,0.0038445896388249,0.0736559062220789,0.0080375811125643,0.0049710746191361,0.8980448357047804,0.8712701612903225,0.9168636189382335,0.9825589668105219,0.89184265910175,1.2197791379531737
0.7677538746241036,0.5115978312079064,0.8084507252574038,0.8083166752972646,0.6174377224199288,0.8669493771534588,0.1217114773055796,0.0101185313674472,0.815668202764977,177.0,gan_leaks_cal,4,NMF,submission,0.8773,0.8643,0.9094076024932992,0.8712127833224228,0.9812064270405444,0.9769,0.992,0.9918679111146664,0.9768682563355904,0.9986234518073068,28.0,0.2393,0.0019043519412223,0.0017169004596362,-0.0002183343025316,0.6393041587387878,28.4977,23.363,0.0533729112821063,0.083015601293827,0.0571248821154787,0.0,0.67013587742122,0.0,0.0,0.0015033246603064,0.0104166666666666,0.0066310119222744,0.0077311361042877,0.0514811609180488,0.0067341549996597,0.0142502396730476,0.0083937729774866,0.009633294955643,0.0184632151197453,0.0038445896388249,0.0736559062220789,0.0080375811125643,0.0049710746191361,0.8980448357047804,0.8712701612903225,0.9168636189382335,0.9825589668105219,0.89184265910175,1.2197791379531737
0.7869535045107564,0.5092495556412151,0.8045767490736927,0.8044361998034449,0.6206405693950178,0.88,0.1032090199479618,0.0150332466030644,0.8018433179723502,174.0,domias_kde_pca,4,NMF,submission,0.8773,0.8643,0.9094076024932992,0.8712127833224228,0.9812064270405444,0.9769,0.992,0.9918679111146664,0.9768682563355904,0.9986234518073068,28.0,0.2393,0.0019043519412223,0.0017169004596362,-0.0002183343025316,0.6393041587387878,28.4977,23.363,0.0533729112821063,0.083015601293827,0.0571248821154787,0.0,0.67013587742122,0.0,0.0,0.0015033246603064,0.0104166666666666,0.0066310119222744,0.0077311361042877,0.0514811609180488,0.0067341549996597,0.0142502396730476,0.0083937729774866,0.009633294955643,0.0184632151197453,0.0038445896388249,0.0736559062220789,0.0080375811125643,0.0049710746191361,0.8980448357047804,0.8712701612903225,0.9168636189382335,0.9825589668105219,0.89184265910175,1.2197791379531737
0.7999074716631969,0.5060192546550598,0.8069520977491584,0.8068298189962599,0.6153024911032029,0.8888317696954119,0.1089910378722174,0.013009540329575,0.8248847926267281,179.0,domias_kde_vDE,4,NMF,submission,0.8773,0.8643,0.9094076024932992,0.8712127833224228,0.9812064270405444,0.9769,0.992,0.9918679111146664,0.9768682563355904,0.9986234518073068,28.0,0.2393,0.0019043519412223,0.0017169004596362,-0.0002183343025316,0.6393041587387878,28.4977,23.363,0.0533729112821063,0.083015601293827,0.0571248821154787,0.0,0.67013587742122,0.0,0.0,0.0015033246603064,0.0104166666666666,0.0066310119222744,0.0077311361042877,0.0514811609180488,0.0067341549996597,0.0142502396730476,0.0083937729774866,0.009633294955643,0.0184632151197453,0.0038445896388249,0.0736559062220789,0.0080375811125643,0.0049710746191361,0.8980448357047804,0.8712701612903225,0.9168636189382335,0.9825589668105219,0.89184265910175,1.2197791379531737
0.7999074716631969,0.5112662351568105,0.8074108073619879,0.8072844648450086,0.6185053380782918,0.8888317696954119,0.1110147441457068,0.013009540329575,0.815668202764977,177.0,domias_kde_sDE,4,NMF,submission,0.8773,0.8643,0.9094076024932992,0.8712127833224228,0.9812064270405444,0.9769,0.992,0.9918679111146664,0.9768682563355904,0.9986234518073068,28.0,0.2393,0.0019043519412223,0.0017169004596362,-0.0002183343025316,0.6393041587387878,28.4977,23.363,0.0533729112821063,0.083015601293827,0.0571248821154787,0.0,0.67013587742122,0.0,0.0,0.0015033246603064,0.0104166666666666,0.0066310119222744,0.0077311361042877,0.0514811609180488,0.0067341549996597,0.0142502396730476,0.0083937729774866,0.009633294955643,0.0184632151197453,0.0038445896388249,0.0736559062220789,0.0080375811125643,0.0049710746191361,0.8980448357047804,0.8712701612903225,0.9168636189382335,0.9825589668105219,0.89184265910175,1.2197791379531737
0.7999074716631969,0.5098120308802586,0.8081953030839335,0.8080688106814535,0.6199288256227758,0.8888317696954119,0.1098583405608557,0.0202370627348944,0.8341013824884793,181.0,domias_kde_dDE,4,NMF,submission,0.8773,0.8643,0.9094076024932992,0.8712127833224228,0.9812064270405444,0.9769,0.992,0.9918679111146664,0.9768682563355904,0.9986234518073068,28.0,0.2393,0.0019043519412223,0.0017169004596362,-0.0002183343025316,0.6393041587387878,28.4977,23.363,0.0533729112821063,0.083015601293827,0.0571248821154787,0.0,0.67013587742122,0.0,0.0,0.0015033246603064,0.0104166666666666,0.0066310119222744,0.0077311361042877,0.0514811609180488,0.0067341549996597,0.0142502396730476,0.0083937729774866,0.009633294955643,0.0184632151197453,0.0038445896388249,0.0736559062220789,0.0080375811125643,0.0049710746191361,0.8980448357047804,0.8712701612903225,0.9168636189382335,0.9825589668105219,0.89184265910175,1.2197791379531737
0.7936618089289845,0.5164071450751127,0.8078487028204714,0.8387651311502783,0.6167259786476869,0.8846054333764554,0.332466030644695,0.332466030644695,0.7926267281105991,172.0,gan_leaks_cal_pca,4,NMF,submission,0.8773,0.8643,0.9094076024932992,0.8712127833224228,0.9812064270405444,0.9769,0.992,0.9918679111146664,0.9768682563355904,0.9986234518073068,28.0,0.2393,0.0019043519412223,0.0017169004596362,-0.0002183343025316,0.6393041587387878,28.4977,23.363,0.0533729112821063,0.083015601293827,0.0571248821154787,0.0,0.67013587742122,0.0,0.0,0.0015033246603064,0.0104166666666666,0.0066310119222744,0.0077311361042877,0.0514811609180488,0.0067341549996597,0.0142502396730476,0.0083937729774866,0.009633294955643,0.0184632151197453,0.0038445896388249,0.0736559062220789,0.0080375811125643,0.0049710746191361,0.8980448357047804,0.8712701612903225,0.9168636189382335,0.9825589668105219,0.89184265910175,1.2197791379531737
0.7999074716631969,0.4981529664964184,0.8004816361403322,0.8003681230846191,0.6131672597864769,0.8888317696954119,0.100318010985834,0.0132986412257878,0.8064516129032258,175.0,gan_leaks_cal_vDE,4,NMF,submission,0.8773,0.8643,0.9094076024932992,0.8712127833224228,0.9812064270405444,0.9769,0.992,0.9918679111146664,0.9768682563355904,0.9986234518073068,28.0,0.2393,0.0019043519412223,0.0017169004596362,-0.0002183343025316,0.6393041587387878,28.4977,23.363,0.0533729112821063,0.083015601293827,0.0571248821154787,0.0,0.67013587742122,0.0,0.0,0.0015033246603064,0.0104166666666666,0.0066310119222744,0.0077311361042877,0.0514811609180488,0.0067341549996597,0.0142502396730476,0.0083937729774866,0.009633294955643,0.0184632151197453,0.0038445896388249,0.0736559062220789,0.0080375811125643,0.0049710746191361,0.8980448357047804,0.8712701612903225,0.9168636189382335,0.9825589668105219,0.89184265910175,1.2197791379531737
0.8003701133472125,0.5104551465313247,0.8013316921016226,0.8011078917947501,0.6217081850533808,0.8890888060660583,0.0988725065047701,0.0049147152356172,0.7649769585253456,166.0,gan_leaks_cal_sDE,4,NMF,submission,0.8773,0.8643,0.9094076024932992,0.8712127833224228,0.9812064270405444,0.9769,0.992,0.9918679111146664,0.9768682563355904,0.9986234518073068,28.0,0.2393,0.0019043519412223,0.0017169004596362,-0.0002183343025316,0.6393041587387878,28.4977,23.363,0.0533729112821063,0.083015601293827,0.0571248821154787,0.0,0.67013587742122,0.0,0.0,0.0015033246603064,0.0104166666666666,0.0066310119222744,0.0077311361042877,0.0514811609180488,0.0067341549996597,0.0142502396730476,0.0083937729774866,0.009633294955643,0.0184632151197453,0.0038445896388249,0.0736559062220789,0.0080375811125643,0.0049710746191361,0.8980448357047804,0.8712701612903225,0.9168636189382335,0.9825589668105219,0.89184265910175,1.2197791379531737
0.7999074716631969,0.4953118140545865,0.7956326086100763,0.7953460538622747,0.6156583629893239,0.8888317696954119,0.0910667823070251,0.007805724197745,0.7695852534562212,167.0,gan_leaks_cal_dDE,4,NMF,submission,0.8773,0.8643,0.9094076024932992,0.8712127833224228,0.9812064270405444,0.9769,0.992,0.9918679111146664,0.9768682563355904,0.9986234518073068,28.0,0.2393,0.0019043519412223,0.0017169004596362,-0.0002183343025316,0.6393041587387878,28.4977,23.363,0.0533729112821063,0.083015601293827,0.0571248821154787,0.0,0.67013587742122,0.0,0.0,0.0015033246603064,0.0104166666666666,0.0066310119222744,0.0077311361042877,0.0514811609180488,0.0067341549996597,0.0142502396730476,0.0083937729774866,0.009633294955643,0.0184632151197453,0.0038445896388249,0.0736559062220789,0.0080375811125643,0.0049710746191361,0.8980448357047804,0.8712701612903225,0.9168636189382335,0.9825589668105219,0.89184265910175,1.2197791379531737
0.8010640758732361,0.5087938202006574,0.8009825893993345,0.8007564899868895,0.6209964412811388,0.88940329218107,0.097716102919919,0.0060711188204683,0.7649769585253456,166.0,LOGAN_D1_pca,4,NMF,submission,0.8773,0.8643,0.9094076024932992,0.8712127833224228,0.9812064270405444,0.9769,0.992,0.9918679111146664,0.9768682563355904,0.9986234518073068,28.0,0.2393,0.0019043519412223,0.0017169004596362,-0.0002183343025316,0.6393041587387878,28.4977,23.363,0.0533729112821063,0.083015601293827,0.0571248821154787,0.0,0.67013587742122,0.0,0.0,0.0015033246603064,0.0104166666666666,0.0066310119222744,0.0077311361042877,0.0514811609180488,0.0067341549996597,0.0142502396730476,0.0083937729774866,0.009633294955643,0.0184632151197453,0.0038445896388249,0.0736559062220789,0.0080375811125643,0.0049710746191361,0.8980448357047804,0.8712701612903225,0.9168636189382335,0.9825589668105219,0.89184265910175,1.2197791379531737
0.8003701133472125,0.4906467160279678,0.7907469095956118,0.7905143557491379,0.6156583629893239,0.8890888060660583,0.0855738652789823,0.0072275224053194,0.7695852534562212,167.0,LOGAN_D1_vDE,4,NMF,submission,0.8773,0.8643,0.9094076024932992,0.8712127833224228,0.9812064270405444,0.9769,0.992,0.9918679111146664,0.9768682563355904,0.9986234518073068,28.0,0.2393,0.0019043519412223,0.0017169004596362,-0.0002183343025316,0.6393041587387878,28.4977,23.363,0.0533729112821063,0.083015601293827,0.0571248821154787,0.0,0.67013587742122,0.0,0.0,0.0015033246603064,0.0104166666666666,0.0066310119222744,0.0077311361042877,0.0514811609180488,0.0067341549996597,0.0142502396730476,0.0083937729774866,0.009633294955643,0.0184632151197453,0.0038445896388249,0.0736559062220789,0.0080375811125643,0.0049710746191361,0.8980448357047804,0.8712701612903225,0.9168636189382335,0.9825589668105219,0.89184265910175,1.2197791379531737
0.7999074716631969,0.4916087126444166,0.798092432860554,0.7979584896801493,0.6110320284697509,0.8888317696954119,0.1017635154668979,0.0121422376409366,0.8064516129032258,175.0,LOGAN_D1_sDE,4,NMF,submission,0.8773,0.8643,0.9094076024932992,0.8712127833224228,0.9812064270405444,0.9769,0.992,0.9918679111146664,0.9768682563355904,0.9986234518073068,28.0,0.2393,0.0019043519412223,0.0017169004596362,-0.0002183343025316,0.6393041587387878,28.4977,23.363,0.0533729112821063,0.083015601293827,0.0571248821154787,0.0,0.67013587742122,0.0,0.0,0.0015033246603064,0.0104166666666666,0.0066310119222744,0.0077311361042877,0.0514811609180488,0.0067341549996597,0.0142502396730476,0.0083937729774866,0.009633294955643,0.0184632151197453,0.0038445896388249,0.0736559062220789,0.0080375811125643,0.0049710746191361,0.8980448357047804,0.8712701612903225,0.9168636189382335,0.9825589668105219,0.89184265910175,1.2197791379531737
0.7999074716631969,0.4861586253787757,0.7928076514427251,0.7925897864999847,0.6113879003558719,0.8888317696954119,0.1043654235328129,0.0083839259901705,0.7649769585253456,166.0,LOGAN_D1_dDE,4,NMF,submission,0.8773,0.8643,0.9094076024932992,0.8712127833224228,0.9812064270405444,0.9769,0.992,0.9918679111146664,0.9768682563355904,0.9986234518073068,28.0,0.2393,0.0019043519412223,0.0017169004596362,-0.0002183343025316,0.6393041587387878,28.4977,23.363,0.0533729112821063,0.083015601293827,0.0571248821154787,0.0,0.67013587742122,0.0,0.0,0.0015033246603064,0.0104166666666666,0.0066310119222744,0.0077311361042877,0.0514811609180488,0.0067341549996597,0.0142502396730476,0.0083937729774866,0.009633294955643,0.0184632151197453,0.0038445896388249,0.0736559062220789,0.0080375811125643,0.0049710746191361,0.8980448357047804,0.8712701612903225,0.9168636189382335,0.9825589668105219,0.89184265910175,1.2197791379531737
0.2563034929447143,0.4940031827010835,0.7988650715263285,0.7905736215844558,0.1737342585453611,0.1737342585453611,0.0899363794100636,0.0112781954887218,0.7926267281105991,172.0,MC,3,NMF,submission,0.8104,0.7628,0.8284516673219502,0.8112295599530855,0.9533604136570352,0.9723,0.988,0.9883960411037792,0.972187420794746,0.997829695121548,18.0,0.1565,0.001880536918387,0.0019893285775912,-0.0002560159448946,0.6260631001371743,28.6944,23.3183,0.0537256328011237,0.0771783574147204,0.0514538111278603,0.0,0.6839213418160787,0.0,0.0,0.00213996529786,0.0034682080924855,0.0085514717643117,0.0128236655883905,0.0566769530132535,0.0052478332479677,0.0177121500273058,0.008320130426309,0.019704437277027,0.015743552555276,0.0040198859555838,0.1086608539276685,0.0078871224687588,0.134466176288892,0.8334876067057492,0.7720647773279352,0.8381778486251188,0.955433996721158,0.8344374166967926,1.2305528276075015
0.799676150821189,0.5064222361149651,0.8002345326275739,0.80009360345358,0.6168357358960669,0.8886889460154241,0.0832851359167148,0.0109890109890109,0.7926267281105991,172.0,gan_leaks,3,NMF,submission,0.8104,0.7628,0.8284516673219502,0.8112295599530855,0.9533604136570352,0.9723,0.988,0.9883960411037792,0.972187420794746,0.997829695121548,18.0,0.1565,0.001880536918387,0.0019893285775912,-0.0002560159448946,0.6260631001371743,28.6944,23.3183,0.0537256328011237,0.0771783574147204,0.0514538111278603,0.0,0.6839213418160787,0.0,0.0,0.00213996529786,0.0034682080924855,0.0085514717643117,0.0128236655883905,0.0566769530132535,0.0052478332479677,0.0177121500273058,0.008320130426309,0.019704437277027,0.015743552555276,0.0040198859555838,0.1086608539276685,0.0078871224687588,0.134466176288892,0.8334876067057492,0.7720647773279352,0.8381778486251188,0.955433996721158,0.8344374166967926,1.2305528276075015
0.8001387925052047,0.5131650825596673,0.8071575299249707,0.8069582152774164,0.6203950880939669,0.8889460154241645,0.1046847888953152,0.0112781954887218,0.8294930875576036,180.0,loss_lr,3,NMF,submission,0.8104,0.7628,0.8284516673219502,0.8112295599530855,0.9533604136570352,0.9723,0.988,0.9883960411037792,0.972187420794746,0.997829695121548,18.0,0.1565,0.001880536918387,0.0019893285775912,-0.0002560159448946,0.6260631001371743,28.6944,23.3183,0.0537256328011237,0.0771783574147204,0.0514538111278603,0.0,0.6839213418160787,0.0,0.0,0.00213996529786,0.0034682080924855,0.0085514717643117,0.0128236655883905,0.0566769530132535,0.0052478332479677,0.0177121500273058,0.008320130426309,0.019704437277027,0.015743552555276,0.0040198859555838,0.1086608539276685,0.0078871224687588,0.134466176288892,0.8334876067057492,0.7720647773279352,0.8381778486251188,0.955433996721158,0.8344374166967926,1.2305528276075015
0.8003701133472125,0.5118092585844335,0.8041438982681378,0.8037061553286433,0.615056059797117,0.8890602905257745,0.1116252168883747,0.0115673799884326,0.8110599078341014,176.0,loss_rf,3,NMF,submission,0.8104,0.7628,0.8284516673219502,0.8112295599530855,0.9533604136570352,0.9723,0.988,0.9883960411037792,0.972187420794746,0.997829695121548,18.0,0.1565,0.001880536918387,0.0019893285775912,-0.0002560159448946,0.6260631001371743,28.6944,23.3183,0.0537256328011237,0.0771783574147204,0.0514538111278603,0.0,0.6839213418160787,0.0,0.0,0.00213996529786,0.0034682080924855,0.0085514717643117,0.0128236655883905,0.0566769530132535,0.0052478332479677,0.0177121500273058,0.008320130426309,0.019704437277027,0.015743552555276,0.0040198859555838,0.1086608539276685,0.0078871224687588,0.134466176288892,0.8334876067057492,0.7720647773279352,0.8381778486251188,0.955433996721158,0.8344374166967926,1.2305528276075015
0.799676150821189,0.4988482767612673,0.7981382759361806,0.7978608062111181,0.6168357358960669,0.8886889460154241,0.0989010989010989,0.0095430884904569,0.8110599078341014,176.0,LOGAN_D1,3,NMF,submission,0.8104,0.7628,0.8284516673219502,0.8112295599530855,0.9533604136570352,0.9723,0.988,0.9883960411037792,0.972187420794746,0.997829695121548,18.0,0.1565,0.001880536918387,0.0019893285775912,-0.0002560159448946,0.6260631001371743,28.6944,23.3183,0.0537256328011237,0.0771783574147204,0.0514538111278603,0.0,0.6839213418160787,0.0,0.0,0.00213996529786,0.0034682080924855,0.0085514717643117,0.0128236655883905,0.0566769530132535,0.0052478332479677,0.0177121500273058,0.008320130426309,0.019704437277027,0.015743552555276,0.0040198859555838,0.1086608539276685,0.0078871224687588,0.134466176288892,0.8334876067057492,0.7720647773279352,0.8381778486251188,0.955433996721158,0.8344374166967926,1.2305528276075015
0.760351607679852,0.5062570833486563,0.800091111281563,0.7999519743686512,0.6186154119950169,0.8617929562433297,0.0910931174089068,0.0130133024869866,0.7788018433179723,169.0,gan_leaks_cal,3,NMF,submission,0.8104,0.7628,0.8284516673219502,0.8112295599530855,0.9533604136570352,0.9723,0.988,0.9883960411037792,0.972187420794746,0.997829695121548,18.0,0.1565,0.001880536918387,0.0019893285775912,-0.0002560159448946,0.6260631001371743,28.6944,23.3183,0.0537256328011237,0.0771783574147204,0.0514538111278603,0.0,0.6839213418160787,0.0,0.0,0.00213996529786,0.0034682080924855,0.0085514717643117,0.0128236655883905,0.0566769530132535,0.0052478332479677,0.0177121500273058,0.008320130426309,0.019704437277027,0.015743552555276,0.0040198859555838,0.1086608539276685,0.0078871224687588,0.134466176288892,0.8334876067057492,0.7720647773279352,0.8381778486251188,0.955433996721158,0.8344374166967926,1.2305528276075015
0.7920425630349295,0.5068448132336176,0.7990167484061286,0.7988767479364252,0.6228866346324969,0.8835341365461847,0.0905147484094852,0.012434933487565,0.783410138248848,170.0,domias_kde_pca,3,NMF,submission,0.8104,0.7628,0.8284516673219502,0.8112295599530855,0.9533604136570352,0.9723,0.988,0.9883960411037792,0.972187420794746,0.997829695121548,18.0,0.1565,0.001880536918387,0.0019893285775912,-0.0002560159448946,0.6260631001371743,28.6944,23.3183,0.0537256328011237,0.0771783574147204,0.0514538111278603,0.0,0.6839213418160787,0.0,0.0,0.00213996529786,0.0034682080924855,0.0085514717643117,0.0128236655883905,0.0566769530132535,0.0052478332479677,0.0177121500273058,0.008320130426309,0.019704437277027,0.015743552555276,0.0040198859555838,0.1086608539276685,0.0078871224687588,0.134466176288892,0.8334876067057492,0.7720647773279352,0.8381778486251188,0.955433996721158,0.8344374166967926,1.2305528276075015
0.799676150821189,0.499291247237703,0.794067204531372,0.7938564959721485,0.6168357358960669,0.8886889460154241,0.0824175824175824,0.007807981492192,0.7419354838709677,161.0,domias_kde_vDE,3,NMF,submission,0.8104,0.7628,0.8284516673219502,0.8112295599530855,0.9533604136570352,0.9723,0.988,0.9883960411037792,0.972187420794746,0.997829695121548,18.0,0.1565,0.001880536918387,0.0019893285775912,-0.0002560159448946,0.6260631001371743,28.6944,23.3183,0.0537256328011237,0.0771783574147204,0.0514538111278603,0.0,0.6839213418160787,0.0,0.0,0.00213996529786,0.0034682080924855,0.0085514717643117,0.0128236655883905,0.0566769530132535,0.0052478332479677,0.0177121500273058,0.008320130426309,0.019704437277027,0.015743552555276,0.0040198859555838,0.1086608539276685,0.0078871224687588,0.134466176288892,0.8334876067057492,0.7720647773279352,0.8381778486251188,0.955433996721158,0.8344374166967926,1.2305528276075015
0.8003701133472125,0.5102421460498734,0.8020901529033283,0.8018461978401289,0.6232425698522869,0.8890317603188891,0.0962984384037015,0.018796992481203,0.7788018433179723,169.0,domias_kde_sDE,3,NMF,submission,0.8104,0.7628,0.8284516673219502,0.8112295599530855,0.9533604136570352,0.9723,0.988,0.9883960411037792,0.972187420794746,0.997829695121548,18.0,0.1565,0.001880536918387,0.0019893285775912,-0.0002560159448946,0.6260631001371743,28.6944,23.3183,0.0537256328011237,0.0771783574147204,0.0514538111278603,0.0,0.6839213418160787,0.0,0.0,0.00213996529786,0.0034682080924855,0.0085514717643117,0.0128236655883905,0.0566769530132535,0.0052478332479677,0.0177121500273058,0.008320130426309,0.019704437277027,0.015743552555276,0.0040198859555838,0.1086608539276685,0.0078871224687588,0.134466176288892,0.8334876067057492,0.7720647773279352,0.8381778486251188,0.955433996721158,0.8344374166967926,1.2305528276075015
0.799676150821189,0.5019066117940472,0.7978006045129746,0.7976439131213526,0.616479800676277,0.8886889460154241,0.0867553499132446,0.009253903990746,0.8064516129032258,175.0,domias_kde_dDE,3,NMF,submission,0.8104,0.7628,0.8284516673219502,0.8112295599530855,0.9533604136570352,0.9723,0.988,0.9883960411037792,0.972187420794746,0.997829695121548,18.0,0.1565,0.001880536918387,0.0019893285775912,-0.0002560159448946,0.6260631001371743,28.6944,23.3183,0.0537256328011237,0.0771783574147204,0.0514538111278603,0.0,0.6839213418160787,0.0,0.0,0.00213996529786,0.0034682080924855,0.0085514717643117,0.0128236655883905,0.0566769530132535,0.0052478332479677,0.0177121500273058,0.008320130426309,0.019704437277027,0.015743552555276,0.0040198859555838,0.1086608539276685,0.0078871224687588,0.134466176288892,0.8334876067057492,0.7720647773279352,0.8381778486251188,0.955433996721158,0.8344374166967926,1.2305528276075015
0.7941244506130002,0.5164572725722711,0.8077848678542562,0.8365523661945733,0.6221747641929168,0.8850129198966409,0.3076923076923077,0.3076923076923077,0.8248847926267281,179.0,gan_leaks_cal_pca,3,NMF,submission,0.8104,0.7628,0.8284516673219502,0.8112295599530855,0.9533604136570352,0.9723,0.988,0.9883960411037792,0.972187420794746,0.997829695121548,18.0,0.1565,0.001880536918387,0.0019893285775912,-0.0002560159448946,0.6260631001371743,28.6944,23.3183,0.0537256328011237,0.0771783574147204,0.0514538111278603,0.0,0.6839213418160787,0.0,0.0,0.00213996529786,0.0034682080924855,0.0085514717643117,0.0128236655883905,0.0566769530132535,0.0052478332479677,0.0177121500273058,0.008320130426309,0.019704437277027,0.015743552555276,0.0040198859555838,0.1086608539276685,0.0078871224687588,0.134466176288892,0.8334876067057492,0.7720647773279352,0.8381778486251188,0.955433996721158,0.8344374166967926,1.2305528276075015
0.799676150821189,0.5105410257524647,0.803931451975907,0.8037249997270998,0.6203950880939669,0.8886889460154241,0.0951417004048583,0.0115673799884326,0.8110599078341014,176.0,gan_leaks_cal_vDE,3,NMF,submission,0.8104,0.7628,0.8284516673219502,0.8112295599530855,0.9533604136570352,0.9723,0.988,0.9883960411037792,0.972187420794746,0.997829695121548,18.0,0.1565,0.001880536918387,0.0019893285775912,-0.0002560159448946,0.6260631001371743,28.6944,23.3183,0.0537256328011237,0.0771783574147204,0.0514538111278603,0.0,0.6839213418160787,0.0,0.0,0.00213996529786,0.0034682080924855,0.0085514717643117,0.0128236655883905,0.0566769530132535,0.0052478332479677,0.0177121500273058,0.008320130426309,0.019704437277027,0.015743552555276,0.0040198859555838,0.1086608539276685,0.0078871224687588,0.134466176288892,0.8334876067057492,0.7720647773279352,0.8381778486251188,0.955433996721158,0.8344374166967926,1.2305528276075015
0.7999074716631969,0.5234195983511469,0.8137195497437981,0.813619134331297,0.6218188289731269,0.8887173549466101,0.1208791208791208,0.0161943319838056,0.8341013824884793,181.0,gan_leaks_cal_sDE,3,NMF,submission,0.8104,0.7628,0.8284516673219502,0.8112295599530855,0.9533604136570352,0.9723,0.988,0.9883960411037792,0.972187420794746,0.997829695121548,18.0,0.1565,0.001880536918387,0.0019893285775912,-0.0002560159448946,0.6260631001371743,28.6944,23.3183,0.0537256328011237,0.0771783574147204,0.0514538111278603,0.0,0.6839213418160787,0.0,0.0,0.00213996529786,0.0034682080924855,0.0085514717643117,0.0128236655883905,0.0566769530132535,0.0052478332479677,0.0177121500273058,0.008320130426309,0.019704437277027,0.015743552555276,0.0040198859555838,0.1086608539276685,0.0078871224687588,0.134466176288892,0.8334876067057492,0.7720647773279352,0.8381778486251188,0.955433996721158,0.8344374166967926,1.2305528276075015
0.8001387925052047,0.5129835482436638,0.8098922765260874,0.8097878595108403,0.6168357358960669,0.8889460154241645,0.1098901098901098,0.0130133024869866,0.815668202764977,177.0,gan_leaks_cal_dDE,3,NMF,submission,0.8104,0.7628,0.8284516673219502,0.8112295599530855,0.9533604136570352,0.9723,0.988,0.9883960411037792,0.972187420794746,0.997829695121548,18.0,0.1565,0.001880536918387,0.0019893285775912,-0.0002560159448946,0.6260631001371743,28.6944,23.3183,0.0537256328011237,0.0771783574147204,0.0514538111278603,0.0,0.6839213418160787,0.0,0.0,0.00213996529786,0.0034682080924855,0.0085514717643117,0.0128236655883905,0.0566769530132535,0.0052478332479677,0.0177121500273058,0.008320130426309,0.019704437277027,0.015743552555276,0.0040198859555838,0.1086608539276685,0.0078871224687588,0.134466176288892,0.8334876067057492,0.7720647773279352,0.8381778486251188,0.955433996721158,0.8344374166967926,1.2305528276075015
0.799676150821189,0.4931449900874908,0.7994617925695802,0.7992888622864514,0.612564513258587,0.8886889460154241,0.1032388663967611,0.0118565644881434,0.8341013824884793,181.0,LOGAN_D1_pca,3,NMF,submission,0.8104,0.7628,0.8284516673219502,0.8112295599530855,0.9533604136570352,0.9723,0.988,0.9883960411037792,0.972187420794746,0.997829695121548,18.0,0.1565,0.001880536918387,0.0019893285775912,-0.0002560159448946,0.6260631001371743,28.6944,23.3183,0.0537256328011237,0.0771783574147204,0.0514538111278603,0.0,0.6839213418160787,0.0,0.0,0.00213996529786,0.0034682080924855,0.0085514717643117,0.0128236655883905,0.0566769530132535,0.0052478332479677,0.0177121500273058,0.008320130426309,0.019704437277027,0.015743552555276,0.0040198859555838,0.1086608539276685,0.0078871224687588,0.134466176288892,0.8334876067057492,0.7720647773279352,0.8381778486251188,0.955433996721158,0.8344374166967926,1.2305528276075015
0.799676150821189,0.5102586947582384,0.8062085650909094,0.8059415571232981,0.6143441893575369,0.8886889460154241,0.1217466743782533,0.0086755349913244,0.8248847926267281,179.0,LOGAN_D1_vDE,3,NMF,submission,0.8104,0.7628,0.8284516673219502,0.8112295599530855,0.9533604136570352,0.9723,0.988,0.9883960411037792,0.972187420794746,0.997829695121548,18.0,0.1565,0.001880536918387,0.0019893285775912,-0.0002560159448946,0.6260631001371743,28.6944,23.3183,0.0537256328011237,0.0771783574147204,0.0514538111278603,0.0,0.6839213418160787,0.0,0.0,0.00213996529786,0.0034682080924855,0.0085514717643117,0.0128236655883905,0.0566769530132535,0.0052478332479677,0.0177121500273058,0.008320130426309,0.019704437277027,0.015743552555276,0.0040198859555838,0.1086608539276685,0.0078871224687588,0.134466176288892,0.8334876067057492,0.7720647773279352,0.8381778486251188,0.955433996721158,0.8344374166967926,1.2305528276075015
0.799676150821189,0.5027541062527372,0.8027519008792876,0.8026279073402409,0.6139882541377469,0.8886889460154241,0.1148062463851937,0.0106998264893001,0.8064516129032258,175.0,LOGAN_D1_sDE,3,NMF,submission,0.8104,0.7628,0.8284516673219502,0.8112295599530855,0.9533604136570352,0.9723,0.988,0.9883960411037792,0.972187420794746,0.997829695121548,18.0,0.1565,0.001880536918387,0.0019893285775912,-0.0002560159448946,0.6260631001371743,28.6944,23.3183,0.0537256328011237,0.0771783574147204,0.0514538111278603,0.0,0.6839213418160787,0.0,0.0,0.00213996529786,0.0034682080924855,0.0085514717643117,0.0128236655883905,0.0566769530132535,0.0052478332479677,0.0177121500273058,0.008320130426309,0.019704437277027,0.015743552555276,0.0040198859555838,0.1086608539276685,0.0078871224687588,0.134466176288892,0.8334876067057492,0.7720647773279352,0.8381778486251188,0.955433996721158,0.8344374166967926,1.2305528276075015
0.799676150821189,0.4911945827218112,0.7976468911638221,0.7974833339494677,0.615767930236697,0.8886889460154241,0.1043956043956044,0.0118565644881434,0.7741935483870968,168.0,LOGAN_D1_dDE,3,NMF,submission,0.8104,0.7628,0.8284516673219502,0.8112295599530855,0.9533604136570352,0.9723,0.988,0.9883960411037792,0.972187420794746,0.997829695121548,18.0,0.1565,0.001880536918387,0.0019893285775912,-0.0002560159448946,0.6260631001371743,28.6944,23.3183,0.0537256328011237,0.0771783574147204,0.0514538111278603,0.0,0.6839213418160787,0.0,0.0,0.00213996529786,0.0034682080924855,0.0085514717643117,0.0128236655883905,0.0566769530132535,0.0052478332479677,0.0177121500273058,0.008320130426309,0.019704437277027,0.015743552555276,0.0040198859555838,0.1086608539276685,0.0078871224687588,0.134466176288892,0.8334876067057492,0.7720647773279352,0.8381778486251188,0.955433996721158,0.8344374166967926,1.2305528276075015
0.2648623640990053,0.5069929625346653,0.7989434147727874,0.8128231355728807,0.1834532374100719,0.1834532374100719,1.0,0.0237062734894478,0.7926267281105991,172.0,MC,5,NMF,submission,0.7558,0.725,0.7792924660888398,0.7541132610345053,0.9504659733814168,0.9873,0.996,0.9959832862798534,0.9872851346114964,0.9986860328167556,19.0,0.1652,0.0023298758159611,0.0026437339522364,-0.0002990916531807,0.6476500950828579,29.1696,23.2716,0.0538778175817044,0.0788205999048026,0.0522715018468016,0.0,0.6692685747325817,0.0,0.0,0.0004047412546978,0.0046296296296296,0.0074080246105705,0.0108466328947419,0.0494872979507799,0.0799679810517156,0.1304361651177273,0.0086623954991915,0.0205203724687297,0.0131625851413597,0.0040743776316657,0.0999695023321733,0.0087268490182026,0.0048541885567059,0.7655221310645195,0.7279116465863453,0.7824352846317469,0.951716497627051,0.7638251955766093,1.2534419635951117
0.7999074716631969,0.5056679167603568,0.8021070765838847,0.801948464317281,0.6149466192170818,0.8888317696954119,0.110725643249494,0.0075166233015322,0.8064516129032258,175.0,gan_leaks,5,NMF,submission,0.7558,0.725,0.7792924660888398,0.7541132610345053,0.9504659733814168,0.9873,0.996,0.9959832862798534,0.9872851346114964,0.9986860328167556,19.0,0.1652,0.0023298758159611,0.0026437339522364,-0.0002990916531807,0.6476500950828579,29.1696,23.2716,0.0538778175817044,0.0788205999048026,0.0522715018468016,0.0,0.6692685747325817,0.0,0.0,0.0004047412546978,0.0046296296296296,0.0074080246105705,0.0108466328947419,0.0494872979507799,0.0799679810517156,0.1304361651177273,0.0086623954991915,0.0205203724687297,0.0131625851413597,0.0040743776316657,0.0999695023321733,0.0087268490182026,0.0048541885567059,0.7655221310645195,0.7279116465863453,0.7824352846317469,0.951716497627051,0.7638251955766093,1.2534419635951117
0.7999074716631969,0.5112006520831326,0.8084209317146586,0.8082244185157343,0.6170818505338078,0.8888317696954119,0.1188204683434518,0.0095403295750216,0.847926267281106,184.0,loss_lr,5,NMF,submission,0.7558,0.725,0.7792924660888398,0.7541132610345053,0.9504659733814168,0.9873,0.996,0.9959832862798534,0.9872851346114964,0.9986860328167556,19.0,0.1652,0.0023298758159611,0.0026437339522364,-0.0002990916531807,0.6476500950828579,29.1696,23.2716,0.0538778175817044,0.0788205999048026,0.0522715018468016,0.0,0.6692685747325817,0.0,0.0,0.0004047412546978,0.0046296296296296,0.0074080246105705,0.0108466328947419,0.0494872979507799,0.0799679810517156,0.1304361651177273,0.0086623954991915,0.0205203724687297,0.0131625851413597,0.0040743776316657,0.0999695023321733,0.0087268490182026,0.0048541885567059,0.7655221310645195,0.7279116465863453,0.7824352846317469,0.951716497627051,0.7638251955766093,1.2534419635951117
0.7999074716631969,0.5068653097662565,0.8059765840911274,0.8063425173509868,0.6206405693950178,0.8888317696954119,0.1144839549002601,0.0098294304712344,0.8294930875576036,180.0,loss_rf,5,NMF,submission,0.7558,0.725,0.7792924660888398,0.7541132610345053,0.9504659733814168,0.9873,0.996,0.9959832862798534,0.9872851346114964,0.9986860328167556,19.0,0.1652,0.0023298758159611,0.0026437339522364,-0.0002990916531807,0.6476500950828579,29.1696,23.2716,0.0538778175817044,0.0788205999048026,0.0522715018468016,0.0,0.6692685747325817,0.0,0.0,0.0004047412546978,0.0046296296296296,0.0074080246105705,0.0108466328947419,0.0494872979507799,0.0799679810517156,0.1304361651177273,0.0086623954991915,0.0205203724687297,0.0131625851413597,0.0040743776316657,0.0999695023321733,0.0087268490182026,0.0048541885567059,0.7655221310645195,0.7279116465863453,0.7824352846317469,0.951716497627051,0.7638251955766093,1.2534419635951117
0.8001387925052047,0.5113445333162014,0.8083189812188141,0.8082002941570272,0.6167259786476869,0.8888888888888888,0.1280716970222607,0.0106967331598727,0.8202764976958525,178.0,LOGAN_D1,5,NMF,submission,0.7558,0.725,0.7792924660888398,0.7541132610345053,0.9504659733814168,0.9873,0.996,0.9959832862798534,0.9872851346114964,0.9986860328167556,19.0,0.1652,0.0023298758159611,0.0026437339522364,-0.0002990916531807,0.6476500950828579,29.1696,23.2716,0.0538778175817044,0.0788205999048026,0.0522715018468016,0.0,0.6692685747325817,0.0,0.0,0.0004047412546978,0.0046296296296296,0.0074080246105705,0.0108466328947419,0.0494872979507799,0.0799679810517156,0.1304361651177273,0.0086623954991915,0.0205203724687297,0.0131625851413597,0.0040743776316657,0.0999695023321733,0.0087268490182026,0.0048541885567059,0.7655221310645195,0.7279116465863453,0.7824352846317469,0.951716497627051,0.7638251955766093,1.2534419635951117
0.7529493407356003,0.5201820197980577,0.8118757987454287,0.8118317216744899,0.6249110320284698,0.8560646900269542,0.1115929459381324,0.0167678519803411,0.8248847926267281,179.0,gan_leaks_cal,5,NMF,submission,0.7558,0.725,0.7792924660888398,0.7541132610345053,0.9504659733814168,0.9873,0.996,0.9959832862798534,0.9872851346114964,0.9986860328167556,19.0,0.1652,0.0023298758159611,0.0026437339522364,-0.0002990916531807,0.6476500950828579,29.1696,23.2716,0.0538778175817044,0.0788205999048026,0.0522715018468016,0.0,0.6692685747325817,0.0,0.0,0.0004047412546978,0.0046296296296296,0.0074080246105705,0.0108466328947419,0.0494872979507799,0.0799679810517156,0.1304361651177273,0.0086623954991915,0.0205203724687297,0.0131625851413597,0.0040743776316657,0.0999695023321733,0.0087268490182026,0.0048541885567059,0.7655221310645195,0.7279116465863453,0.7824352846317469,0.951716497627051,0.7638251955766093,1.2534419635951117
0.7913486005089059,0.5077630617391025,0.8025034986118366,0.802346430528541,0.6145907473309609,0.8830090791180285,0.1069673315987279,0.0089621277825961,0.8018433179723502,174.0,domias_kde_pca,5,NMF,submission,0.7558,0.725,0.7792924660888398,0.7541132610345053,0.9504659733814168,0.9873,0.996,0.9959832862798534,0.9872851346114964,0.9986860328167556,19.0,0.1652,0.0023298758159611,0.0026437339522364,-0.0002990916531807,0.6476500950828579,29.1696,23.2716,0.0538778175817044,0.0788205999048026,0.0522715018468016,0.0,0.6692685747325817,0.0,0.0,0.0004047412546978,0.0046296296296296,0.0074080246105705,0.0108466328947419,0.0494872979507799,0.0799679810517156,0.1304361651177273,0.0086623954991915,0.0205203724687297,0.0131625851413597,0.0040743776316657,0.0999695023321733,0.0087268490182026,0.0048541885567059,0.7655221310645195,0.7279116465863453,0.7824352846317469,0.951716497627051,0.7638251955766093,1.2534419635951117
0.7999074716631969,0.5024730841711905,0.7996634773434982,0.7994824249825818,0.6135231316725979,0.8888317696954119,0.0997398091934085,0.01040763226366,0.7972350230414746,173.0,domias_kde_vDE,5,NMF,submission,0.7558,0.725,0.7792924660888398,0.7541132610345053,0.9504659733814168,0.9873,0.996,0.9959832862798534,0.9872851346114964,0.9986860328167556,19.0,0.1652,0.0023298758159611,0.0026437339522364,-0.0002990916531807,0.6476500950828579,29.1696,23.2716,0.0538778175817044,0.0788205999048026,0.0522715018468016,0.0,0.6692685747325817,0.0,0.0,0.0004047412546978,0.0046296296296296,0.0074080246105705,0.0108466328947419,0.0494872979507799,0.0799679810517156,0.1304361651177273,0.0086623954991915,0.0205203724687297,0.0131625851413597,0.0040743776316657,0.0999695023321733,0.0087268490182026,0.0048541885567059,0.7655221310645195,0.7279116465863453,0.7824352846317469,0.951716497627051,0.7638251955766093,1.2534419635951117
0.7999074716631969,0.4995295418286167,0.8003890797507176,0.8002276336799482,0.61067615658363,0.8888317696954119,0.1072564324949407,0.0080948250939577,0.8064516129032258,175.0,domias_kde_sDE,5,NMF,submission,0.7558,0.725,0.7792924660888398,0.7541132610345053,0.9504659733814168,0.9873,0.996,0.9959832862798534,0.9872851346114964,0.9986860328167556,19.0,0.1652,0.0023298758159611,0.0026437339522364,-0.0002990916531807,0.6476500950828579,29.1696,23.2716,0.0538778175817044,0.0788205999048026,0.0522715018468016,0.0,0.6692685747325817,0.0,0.0,0.0004047412546978,0.0046296296296296,0.0074080246105705,0.0108466328947419,0.0494872979507799,0.0799679810517156,0.1304361651177273,0.0086623954991915,0.0205203724687297,0.0131625851413597,0.0040743776316657,0.0999695023321733,0.0087268490182026,0.0048541885567059,0.7655221310645195,0.7279116465863453,0.7824352846317469,0.951716497627051,0.7638251955766093,1.2534419635951117
0.7999074716631969,0.5008318342916492,0.7976049978932556,0.7974584962567914,0.6160142348754448,0.8888317696954119,0.0954032957502168,0.0075166233015322,0.8110599078341014,176.0,domias_kde_dDE,5,NMF,submission,0.7558,0.725,0.7792924660888398,0.7541132610345053,0.9504659733814168,0.9873,0.996,0.9959832862798534,0.9872851346114964,0.9986860328167556,19.0,0.1652,0.0023298758159611,0.0026437339522364,-0.0002990916531807,0.6476500950828579,29.1696,23.2716,0.0538778175817044,0.0788205999048026,0.0522715018468016,0.0,0.6692685747325817,0.0,0.0,0.0004047412546978,0.0046296296296296,0.0074080246105705,0.0108466328947419,0.0494872979507799,0.0799679810517156,0.1304361651177273,0.0086623954991915,0.0205203724687297,0.0131625851413597,0.0040743776316657,0.0999695023321733,0.0087268490182026,0.0048541885567059,0.7655221310645195,0.7279116465863453,0.7824352846317469,0.951716497627051,0.7638251955766093,1.2534419635951117
0.7948184131390238,0.5096077529900527,0.8041211052340275,0.8354372556539009,0.6167259786476869,0.8852671064545337,0.3229257010696733,0.3229257010696733,0.815668202764977,177.0,gan_leaks_cal_pca,5,NMF,submission,0.7558,0.725,0.7792924660888398,0.7541132610345053,0.9504659733814168,0.9873,0.996,0.9959832862798534,0.9872851346114964,0.9986860328167556,19.0,0.1652,0.0023298758159611,0.0026437339522364,-0.0002990916531807,0.6476500950828579,29.1696,23.2716,0.0538778175817044,0.0788205999048026,0.0522715018468016,0.0,0.6692685747325817,0.0,0.0,0.0004047412546978,0.0046296296296296,0.0074080246105705,0.0108466328947419,0.0494872979507799,0.0799679810517156,0.1304361651177273,0.0086623954991915,0.0205203724687297,0.0131625851413597,0.0040743776316657,0.0999695023321733,0.0087268490182026,0.0048541885567059,0.7655221310645195,0.7279116465863453,0.7824352846317469,0.951716497627051,0.7638251955766093,1.2534419635951117
0.8003701133472125,0.5169341519171673,0.8057066966557294,0.8055629836701317,0.6263345195729537,0.8890888060660583,0.0916449840994507,0.0106967331598727,0.7695852534562212,167.0,gan_leaks_cal_vDE,5,NMF,submission,0.7558,0.725,0.7792924660888398,0.7541132610345053,0.9504659733814168,0.9873,0.996,0.9959832862798534,0.9872851346114964,0.9986860328167556,19.0,0.1652,0.0023298758159611,0.0026437339522364,-0.0002990916531807,0.6476500950828579,29.1696,23.2716,0.0538778175817044,0.0788205999048026,0.0522715018468016,0.0,0.6692685747325817,0.0,0.0,0.0004047412546978,0.0046296296296296,0.0074080246105705,0.0108466328947419,0.0494872979507799,0.0799679810517156,0.1304361651177273,0.0086623954991915,0.0205203724687297,0.0131625851413597,0.0040743776316657,0.0999695023321733,0.0087268490182026,0.0048541885567059,0.7655221310645195,0.7279116465863453,0.7824352846317469,0.951716497627051,0.7638251955766093,1.2534419635951117
0.7999074716631969,0.5089233133104194,0.8122752074003918,0.8121110402201528,0.6170818505338078,0.8888317696954119,0.1153512575888985,0.0216825672159583,0.8755760368663594,190.0,gan_leaks_cal_sDE,5,NMF,submission,0.7558,0.725,0.7792924660888398,0.7541132610345053,0.9504659733814168,0.9873,0.996,0.9959832862798534,0.9872851346114964,0.9986860328167556,19.0,0.1652,0.0023298758159611,0.0026437339522364,-0.0002990916531807,0.6476500950828579,29.1696,23.2716,0.0538778175817044,0.0788205999048026,0.0522715018468016,0.0,0.6692685747325817,0.0,0.0,0.0004047412546978,0.0046296296296296,0.0074080246105705,0.0108466328947419,0.0494872979507799,0.0799679810517156,0.1304361651177273,0.0086623954991915,0.0205203724687297,0.0131625851413597,0.0040743776316657,0.0999695023321733,0.0087268490182026,0.0048541885567059,0.7655221310645195,0.7279116465863453,0.7824352846317469,0.951716497627051,0.7638251955766093,1.2534419635951117
0.7999074716631969,0.5208340025483709,0.8114003342147869,0.811264932144607,0.6249110320284698,0.8888317696954119,0.1046545244290257,0.0118531367447239,0.8387096774193549,182.0,gan_leaks_cal_dDE,5,NMF,submission,0.7558,0.725,0.7792924660888398,0.7541132610345053,0.9504659733814168,0.9873,0.996,0.9959832862798534,0.9872851346114964,0.9986860328167556,19.0,0.1652,0.0023298758159611,0.0026437339522364,-0.0002990916531807,0.6476500950828579,29.1696,23.2716,0.0538778175817044,0.0788205999048026,0.0522715018468016,0.0,0.6692685747325817,0.0,0.0,0.0004047412546978,0.0046296296296296,0.0074080246105705,0.0108466328947419,0.0494872979507799,0.0799679810517156,0.1304361651177273,0.0086623954991915,0.0205203724687297,0.0131625851413597,0.0040743776316657,0.0999695023321733,0.0087268490182026,0.0048541885567059,0.7655221310645195,0.7279116465863453,0.7824352846317469,0.951716497627051,0.7638251955766093,1.2534419635951117
0.7999074716631969,0.5065725281873374,0.7993443789625416,0.7991782526416573,0.616479800676277,0.8888317696954119,0.0910667823070251,0.0075166233015322,0.7649769585253456,166.0,LOGAN_D1_pca,5,NMF,submission,0.7558,0.725,0.7792924660888398,0.7541132610345053,0.9504659733814168,0.9873,0.996,0.9959832862798534,0.9872851346114964,0.9986860328167556,19.0,0.1652,0.0023298758159611,0.0026437339522364,-0.0002990916531807,0.6476500950828579,29.1696,23.2716,0.0538778175817044,0.0788205999048026,0.0522715018468016,0.0,0.6692685747325817,0.0,0.0,0.0004047412546978,0.0046296296296296,0.0074080246105705,0.0108466328947419,0.0494872979507799,0.0799679810517156,0.1304361651177273,0.0086623954991915,0.0205203724687297,0.0131625851413597,0.0040743776316657,0.0999695023321733,0.0087268490182026,0.0048541885567059,0.7655221310645195,0.7279116465863453,0.7824352846317469,0.951716497627051,0.7638251955766093,1.2534419635951117
0.8003701133472125,0.5110487402696133,0.8044525241830403,0.8042894807501351,0.6238434163701068,0.8890888060660583,0.0965596993350679,0.0098294304712344,0.7741935483870968,168.0,LOGAN_D1_vDE,5,NMF,submission,0.7558,0.725,0.7792924660888398,0.7541132610345053,0.9504659733814168,0.9873,0.996,0.9959832862798534,0.9872851346114964,0.9986860328167556,19.0,0.1652,0.0023298758159611,0.0026437339522364,-0.0002990916531807,0.6476500950828579,29.1696,23.2716,0.0538778175817044,0.0788205999048026,0.0522715018468016,0.0,0.6692685747325817,0.0,0.0,0.0004047412546978,0.0046296296296296,0.0074080246105705,0.0108466328947419,0.0494872979507799,0.0799679810517156,0.1304361651177273,0.0086623954991915,0.0205203724687297,0.0131625851413597,0.0040743776316657,0.0999695023321733,0.0087268490182026,0.0048541885567059,0.7655221310645195,0.7279116465863453,0.7824352846317469,0.951716497627051,0.7638251955766093,1.2534419635951117
0.7999074716631969,0.5178760720824901,0.8096224373763834,0.8094573797784635,0.6234875444839858,0.8888317696954119,0.1078346342873663,0.0112749349522983,0.8294930875576036,180.0,LOGAN_D1_sDE,5,NMF,submission,0.7558,0.725,0.7792924660888398,0.7541132610345053,0.9504659733814168,0.9873,0.996,0.9959832862798534,0.9872851346114964,0.9986860328167556,19.0,0.1652,0.0023298758159611,0.0026437339522364,-0.0002990916531807,0.6476500950828579,29.1696,23.2716,0.0538778175817044,0.0788205999048026,0.0522715018468016,0.0,0.6692685747325817,0.0,0.0,0.0004047412546978,0.0046296296296296,0.0074080246105705,0.0108466328947419,0.0494872979507799,0.0799679810517156,0.1304361651177273,0.0086623954991915,0.0205203724687297,0.0131625851413597,0.0040743776316657,0.0999695023321733,0.0087268490182026,0.0048541885567059,0.7655221310645195,0.7279116465863453,0.7824352846317469,0.951716497627051,0.7638251955766093,1.2534419635951117
0.8006014341892205,0.5034872795605667,0.8005756697025783,0.8003994960477503,0.6149466192170818,0.8891745950115711,0.1014744145706851,0.0072275224053194,0.7972350230414746,173.0,LOGAN_D1_dDE,5,NMF,submission,0.7558,0.725,0.7792924660888398,0.7541132610345053,0.9504659733814168,0.9873,0.996,0.9959832862798534,0.9872851346114964,0.9986860328167556,19.0,0.1652,0.0023298758159611,0.0026437339522364,-0.0002990916531807,0.6476500950828579,29.1696,23.2716,0.0538778175817044,0.0788205999048026,0.0522715018468016,0.0,0.6692685747325817,0.0,0.0,0.0004047412546978,0.0046296296296296,0.0074080246105705,0.0108466328947419,0.0494872979507799,0.0799679810517156,0.1304361651177273,0.0086623954991915,0.0205203724687297,0.0131625851413597,0.0040743776316657,0.0999695023321733,0.0087268490182026,0.0048541885567059,0.7655221310645195,0.7279116465863453,0.7824352846317469,0.951716497627051,0.7638251955766093,1.2534419635951117
0.2632431182049503,0.5053562652741235,0.8048656793688731,0.8123350116613691,0.1814443587766641,0.1814443587766641,1.0,0.0436668594563331,0.8433179723502304,183.0,MC,2,P-NMF,submission,0.2971,0.2511,0.2832744779764425,0.303279235384058,0.725977232277866,0.978,0.9933,0.9940760462232364,0.978010199346212,0.999399642449856,18.0,0.1552,0.1417587313091874,0.1426971616752689,-0.0002804506456405,1.0,83.8383,23.2381,0.6824680091772065,0.6962143952098966,0.0485196773835932,0.0,0.0,0.0,0.0,0.0,0.0,0.3201724703490545,0.4897883554309154,0.2930883550851238,0.5060500859929568,0.460158488151738,0.2958980319590572,0.3567893629705469,0.4067370269638902,0.4386369091346922,0.4991682071650776,0.5536532508982897,0.3247727172402301,0.3037832310838446,0.252793717909997,0.28496258314711315,0.7264133400110669,0.3100982337268021,3.6077949574190664
0.799676150821189,0.5016842907624776,0.8055016197966614,0.8053543572681481,0.615056059797117,0.8886889460154241,0.1090225563909774,0.0106998264893001,0.8433179723502304,183.0,gan_leaks,2,P-NMF,submission,0.2971,0.2511,0.2832744779764425,0.303279235384058,0.725977232277866,0.978,0.9933,0.9940760462232364,0.978010199346212,0.999399642449856,18.0,0.1552,0.1417587313091874,0.1426971616752689,-0.0002804506456405,1.0,83.8383,23.2381,0.6824680091772065,0.6962143952098966,0.0485196773835932,0.0,0.0,0.0,0.0,0.0,0.0,0.3201724703490545,0.4897883554309154,0.2930883550851238,0.5060500859929568,0.460158488151738,0.2958980319590572,0.3567893629705469,0.4067370269638902,0.4386369091346922,0.4991682071650776,0.5536532508982897,0.3247727172402301,0.3037832310838446,0.252793717909997,0.28496258314711315,0.7264133400110669,0.3100982337268021,3.6077949574190664
0.8003701133472125,0.4967959026066723,0.7988561229807942,0.7987099234243679,0.615056059797117,0.8890602905257745,0.0954308849045691,0.0057836899942163,0.7926267281105991,172.0,loss_lr,2,P-NMF,submission,0.2971,0.2511,0.2832744779764425,0.303279235384058,0.725977232277866,0.978,0.9933,0.9940760462232364,0.978010199346212,0.999399642449856,18.0,0.1552,0.1417587313091874,0.1426971616752689,-0.0002804506456405,1.0,83.8383,23.2381,0.6824680091772065,0.6962143952098966,0.0485196773835932,0.0,0.0,0.0,0.0,0.0,0.0,0.3201724703490545,0.4897883554309154,0.2930883550851238,0.5060500859929568,0.460158488151738,0.2958980319590572,0.3567893629705469,0.4067370269638902,0.4386369091346922,0.4991682071650776,0.5536532508982897,0.3247727172402301,0.3037832310838446,0.252793717909997,0.28496258314711315,0.7264133400110669,0.3100982337268021,3.6077949574190664
0.799676150821189,0.5022459438948639,0.8016891585741202,0.8014120712988695,0.6143441893575369,0.8886889460154241,0.1139386928860613,0.0095430884904569,0.7926267281105991,172.0,loss_rf,2,P-NMF,submission,0.2971,0.2511,0.2832744779764425,0.303279235384058,0.725977232277866,0.978,0.9933,0.9940760462232364,0.978010199346212,0.999399642449856,18.0,0.1552,0.1417587313091874,0.1426971616752689,-0.0002804506456405,1.0,83.8383,23.2381,0.6824680091772065,0.6962143952098966,0.0485196773835932,0.0,0.0,0.0,0.0,0.0,0.0,0.3201724703490545,0.4897883554309154,0.2930883550851238,0.5060500859929568,0.460158488151738,0.2958980319590572,0.3567893629705469,0.4067370269638902,0.4386369091346922,0.4991682071650776,0.5536532508982897,0.3247727172402301,0.3037832310838446,0.252793717909997,0.28496258314711315,0.7264133400110669,0.3100982337268021,3.6077949574190664
0.8001387925052047,0.5053243379680861,0.8018412972015126,0.8016989467837405,0.618971347214807,0.8889460154241645,0.104973973395026,0.0080971659919028,0.7972350230414746,173.0,LOGAN_D1,2,P-NMF,submission,0.2971,0.2511,0.2832744779764425,0.303279235384058,0.725977232277866,0.978,0.9933,0.9940760462232364,0.978010199346212,0.999399642449856,18.0,0.1552,0.1417587313091874,0.1426971616752689,-0.0002804506456405,1.0,83.8383,23.2381,0.6824680091772065,0.6962143952098966,0.0485196773835932,0.0,0.0,0.0,0.0,0.0,0.0,0.3201724703490545,0.4897883554309154,0.2930883550851238,0.5060500859929568,0.460158488151738,0.2958980319590572,0.3567893629705469,0.4067370269638902,0.4386369091346922,0.4991682071650776,0.5536532508982897,0.3247727172402301,0.3037832310838446,0.252793717909997,0.28496258314711315,0.7264133400110669,0.3100982337268021,3.6077949574190664
0.695119130233634,0.4987125439209406,0.7986331569949537,0.7985074667348415,0.6129204484783769,0.8123041868413557,0.0928282244071717,0.009253903990746,0.7972350230414746,173.0,gan_leaks_cal,2,P-NMF,submission,0.2971,0.2511,0.2832744779764425,0.303279235384058,0.725977232277866,0.978,0.9933,0.9940760462232364,0.978010199346212,0.999399642449856,18.0,0.1552,0.1417587313091874,0.1426971616752689,-0.0002804506456405,1.0,83.8383,23.2381,0.6824680091772065,0.6962143952098966,0.0485196773835932,0.0,0.0,0.0,0.0,0.0,0.0,0.3201724703490545,0.4897883554309154,0.2930883550851238,0.5060500859929568,0.460158488151738,0.2958980319590572,0.3567893629705469,0.4067370269638902,0.4386369091346922,0.4991682071650776,0.5536532508982897,0.3247727172402301,0.3037832310838446,0.252793717909997,0.28496258314711315,0.7264133400110669,0.3100982337268021,3.6077949574190664
0.2000925283368031,0.5,0.7999074716631969,0.8999537358315984,0.0,0.0,1.0,1.0,0.8064516129032258,175.0,domias_kde_pca,2,P-NMF,submission,0.2971,0.2511,0.2832744779764425,0.303279235384058,0.725977232277866,0.978,0.9933,0.9940760462232364,0.978010199346212,0.999399642449856,18.0,0.1552,0.1417587313091874,0.1426971616752689,-0.0002804506456405,1.0,83.8383,23.2381,0.6824680091772065,0.6962143952098966,0.0485196773835932,0.0,0.0,0.0,0.0,0.0,0.0,0.3201724703490545,0.4897883554309154,0.2930883550851238,0.5060500859929568,0.460158488151738,0.2958980319590572,0.3567893629705469,0.4067370269638902,0.4386369091346922,0.4991682071650776,0.5536532508982897,0.3247727172402301,0.3037832310838446,0.252793717909997,0.28496258314711315,0.7264133400110669,0.3100982337268021,3.6077949574190664
0.7069164931760351,0.5041405202646456,0.8075110383110073,0.8071452111700017,0.6171916711158569,0.822921034241789,0.104973973395026,0.0167727009832273,0.8248847926267281,179.0,domias_kde_vDE,2,P-NMF,submission,0.2971,0.2511,0.2832744779764425,0.303279235384058,0.725977232277866,0.978,0.9933,0.9940760462232364,0.978010199346212,0.999399642449856,18.0,0.1552,0.1417587313091874,0.1426971616752689,-0.0002804506456405,1.0,83.8383,23.2381,0.6824680091772065,0.6962143952098966,0.0485196773835932,0.0,0.0,0.0,0.0,0.0,0.0,0.3201724703490545,0.4897883554309154,0.2930883550851238,0.5060500859929568,0.460158488151738,0.2958980319590572,0.3567893629705469,0.4067370269638902,0.4386369091346922,0.4991682071650776,0.5536532508982897,0.3247727172402301,0.3037832310838446,0.252793717909997,0.28496258314711315,0.7264133400110669,0.3100982337268021,3.6077949574190664
0.5685866296553319,0.4972781553706408,0.8041244161493363,0.8028591611789766,0.6097170315002669,0.6976819581779867,0.1179872758820127,0.0121457489878542,0.7972350230414746,173.0,domias_kde_sDE,2,P-NMF,submission,0.2971,0.2511,0.2832744779764425,0.303279235384058,0.725977232277866,0.978,0.9933,0.9940760462232364,0.978010199346212,0.999399642449856,18.0,0.1552,0.1417587313091874,0.1426971616752689,-0.0002804506456405,1.0,83.8383,23.2381,0.6824680091772065,0.6962143952098966,0.0485196773835932,0.0,0.0,0.0,0.0,0.0,0.0,0.3201724703490545,0.4897883554309154,0.2930883550851238,0.5060500859929568,0.460158488151738,0.2958980319590572,0.3567893629705469,0.4067370269638902,0.4386369091346922,0.4991682071650776,0.5536532508982897,0.3247727172402301,0.3037832310838446,0.252793717909997,0.28496258314711315,0.7264133400110669,0.3100982337268021,3.6077949574190664
0.6463104325699746,0.4932798871344658,0.8034246202050527,0.8027529360935187,0.612564513258587,0.7725040916530278,0.1067090803932909,0.0130133024869866,0.8341013824884793,181.0,domias_kde_dDE,2,P-NMF,submission,0.2971,0.2511,0.2832744779764425,0.303279235384058,0.725977232277866,0.978,0.9933,0.9940760462232364,0.978010199346212,0.999399642449856,18.0,0.1552,0.1417587313091874,0.1426971616752689,-0.0002804506456405,1.0,83.8383,23.2381,0.6824680091772065,0.6962143952098966,0.0485196773835932,0.0,0.0,0.0,0.0,0.0,0.0,0.3201724703490545,0.4897883554309154,0.2930883550851238,0.5060500859929568,0.460158488151738,0.2958980319590572,0.3567893629705469,0.4067370269638902,0.4386369091346922,0.4991682071650776,0.5536532508982897,0.3247727172402301,0.3037832310838446,0.252793717909997,0.28496258314711315,0.7264133400110669,0.3100982337268021,3.6077949574190664
0.7760814249363868,0.4945529675678747,0.795792278333425,0.7999387941058347,0.6182594767752269,0.8730658274324679,0.0841526894158473,0.0410641989589358,0.7972350230414746,173.0,gan_leaks_cal_pca,2,P-NMF,submission,0.2971,0.2511,0.2832744779764425,0.303279235384058,0.725977232277866,0.978,0.9933,0.9940760462232364,0.978010199346212,0.999399642449856,18.0,0.1552,0.1417587313091874,0.1426971616752689,-0.0002804506456405,1.0,83.8383,23.2381,0.6824680091772065,0.6962143952098966,0.0485196773835932,0.0,0.0,0.0,0.0,0.0,0.0,0.3201724703490545,0.4897883554309154,0.2930883550851238,0.5060500859929568,0.460158488151738,0.2958980319590572,0.3567893629705469,0.4067370269638902,0.4386369091346922,0.4991682071650776,0.5536532508982897,0.3247727172402301,0.3037832310838446,0.252793717909997,0.28496258314711315,0.7264133400110669,0.3100982337268021,3.6077949574190664
0.8003701133472125,0.5045838250584219,0.8048200943986459,0.804677774562174,0.6186154119950169,0.8890602905257745,0.1055523423944476,0.0098322729901677,0.8110599078341014,176.0,gan_leaks_cal_vDE,2,P-NMF,submission,0.2971,0.2511,0.2832744779764425,0.303279235384058,0.725977232277866,0.978,0.9933,0.9940760462232364,0.978010199346212,0.999399642449856,18.0,0.1552,0.1417587313091874,0.1426971616752689,-0.0002804506456405,1.0,83.8383,23.2381,0.6824680091772065,0.6962143952098966,0.0485196773835932,0.0,0.0,0.0,0.0,0.0,0.0,0.3201724703490545,0.4897883554309154,0.2930883550851238,0.5060500859929568,0.460158488151738,0.2958980319590572,0.3567893629705469,0.4067370269638902,0.4386369091346922,0.4991682071650776,0.5536532508982897,0.3247727172402301,0.3037832310838446,0.252793717909997,0.28496258314711315,0.7264133400110669,0.3100982337268021,3.6077949574190664
0.7999074716631969,0.5008006900309913,0.8001630639665348,0.7999771800307719,0.6182594767752269,0.8887745917448888,0.1058415268941584,0.0069404279930595,0.8248847926267281,179.0,gan_leaks_cal_sDE,2,P-NMF,submission,0.2971,0.2511,0.2832744779764425,0.303279235384058,0.725977232277866,0.978,0.9933,0.9940760462232364,0.978010199346212,0.999399642449856,18.0,0.1552,0.1417587313091874,0.1426971616752689,-0.0002804506456405,1.0,83.8383,23.2381,0.6824680091772065,0.6962143952098966,0.0485196773835932,0.0,0.0,0.0,0.0,0.0,0.0,0.3201724703490545,0.4897883554309154,0.2930883550851238,0.5060500859929568,0.460158488151738,0.2958980319590572,0.3567893629705469,0.4067370269638902,0.4386369091346922,0.4991682071650776,0.5536532508982897,0.3247727172402301,0.3037832310838446,0.252793717909997,0.28496258314711315,0.7264133400110669,0.3100982337268021,3.6077949574190664
0.799676150821189,0.4873444170675689,0.788599396711231,0.7883867408997756,0.6147001245773269,0.8886889460154241,0.0812608444187391,0.0080971659919028,0.7142857142857143,155.0,gan_leaks_cal_dDE,2,P-NMF,submission,0.2971,0.2511,0.2832744779764425,0.303279235384058,0.725977232277866,0.978,0.9933,0.9940760462232364,0.978010199346212,0.999399642449856,18.0,0.1552,0.1417587313091874,0.1426971616752689,-0.0002804506456405,1.0,83.8383,23.2381,0.6824680091772065,0.6962143952098966,0.0485196773835932,0.0,0.0,0.0,0.0,0.0,0.0,0.3201724703490545,0.4897883554309154,0.2930883550851238,0.5060500859929568,0.460158488151738,0.2958980319590572,0.3567893629705469,0.4067370269638902,0.4386369091346922,0.4991682071650776,0.5536532508982897,0.3247727172402301,0.3037832310838446,0.252793717909997,0.28496258314711315,0.7264133400110669,0.3100982337268021,3.6077949574190664
0.799676150821189,0.5063419999531956,0.8030480358614895,0.8029125762286912,0.6161238654564869,0.8886889460154241,0.1052631578947368,0.0147484094852515,0.7880184331797235,171.0,LOGAN_D1_pca,2,P-NMF,submission,0.2971,0.2511,0.2832744779764425,0.303279235384058,0.725977232277866,0.978,0.9933,0.9940760462232364,0.978010199346212,0.999399642449856,18.0,0.1552,0.1417587313091874,0.1426971616752689,-0.0002804506456405,1.0,83.8383,23.2381,0.6824680091772065,0.6962143952098966,0.0485196773835932,0.0,0.0,0.0,0.0,0.0,0.0,0.3201724703490545,0.4897883554309154,0.2930883550851238,0.5060500859929568,0.460158488151738,0.2958980319590572,0.3567893629705469,0.4067370269638902,0.4386369091346922,0.4991682071650776,0.5536532508982897,0.3247727172402301,0.3037832310838446,0.252793717909997,0.28496258314711315,0.7264133400110669,0.3100982337268021,3.6077949574190664
0.799676150821189,0.5027377247030427,0.8040558044349078,0.803780831201817,0.615767930236697,0.8886889460154241,0.1069982648930017,0.007807981492192,0.8248847926267281,179.0,LOGAN_D1_vDE,2,P-NMF,submission,0.2971,0.2511,0.2832744779764425,0.303279235384058,0.725977232277866,0.978,0.9933,0.9940760462232364,0.978010199346212,0.999399642449856,18.0,0.1552,0.1417587313091874,0.1426971616752689,-0.0002804506456405,1.0,83.8383,23.2381,0.6824680091772065,0.6962143952098966,0.0485196773835932,0.0,0.0,0.0,0.0,0.0,0.0,0.3201724703490545,0.4897883554309154,0.2930883550851238,0.5060500859929568,0.460158488151738,0.2958980319590572,0.3567893629705469,0.4067370269638902,0.4386369091346922,0.4991682071650776,0.5536532508982897,0.3247727172402301,0.3037832310838446,0.252793717909997,0.28496258314711315,0.7264133400110669,0.3100982337268021,3.6077949574190664
0.7999074716631969,0.5135065877231986,0.8045134631337031,0.8042251437597613,0.6203950880939669,0.8887459807073955,0.1032388663967611,0.0054945054945054,0.7926267281105991,172.0,LOGAN_D1_sDE,2,P-NMF,submission,0.2971,0.2511,0.2832744779764425,0.303279235384058,0.725977232277866,0.978,0.9933,0.9940760462232364,0.978010199346212,0.999399642449856,18.0,0.1552,0.1417587313091874,0.1426971616752689,-0.0002804506456405,1.0,83.8383,23.2381,0.6824680091772065,0.6962143952098966,0.0485196773835932,0.0,0.0,0.0,0.0,0.0,0.0,0.3201724703490545,0.4897883554309154,0.2930883550851238,0.5060500859929568,0.460158488151738,0.2958980319590572,0.3567893629705469,0.4067370269638902,0.4386369091346922,0.4991682071650776,0.5536532508982897,0.3247727172402301,0.3037832310838446,0.252793717909997,0.28496258314711315,0.7264133400110669,0.3100982337268021,3.6077949574190664
0.799676150821189,0.509256244212131,0.8079622077503879,0.8078250696323517,0.6196832176543869,0.8886889460154241,0.1246385193753614,0.0133024869866975,0.8202764976958525,178.0,LOGAN_D1_dDE,2,P-NMF,submission,0.2971,0.2511,0.2832744779764425,0.303279235384058,0.725977232277866,0.978,0.9933,0.9940760462232364,0.978010199346212,0.999399642449856,18.0,0.1552,0.1417587313091874,0.1426971616752689,-0.0002804506456405,1.0,83.8383,23.2381,0.6824680091772065,0.6962143952098966,0.0485196773835932,0.0,0.0,0.0,0.0,0.0,0.0,0.3201724703490545,0.4897883554309154,0.2930883550851238,0.5060500859929568,0.460158488151738,0.2958980319590572,0.3567893629705469,0.4067370269638902,0.4386369091346922,0.4991682071650776,0.5536532508982897,0.3247727172402301,0.3037832310838446,0.252793717909997,0.28496258314711315,0.7264133400110669,0.3100982337268021,3.6077949574190664
0.2563034929447143,0.4941094956154281,0.7986754413324082,0.7898539165828616,0.1737342585453611,0.1737342585453611,0.0896471949103528,0.0098322729901677,0.783410138248848,170.0,MC,1,P-NMF,submission,0.3746,0.2522,0.2963374542260233,0.3679342441021639,0.7498215704484511,0.9803,0.9875,0.9910138580998532,0.9803028159095454,0.9984645675501927,11.0,0.0957,0.1452367036956388,0.1446142021203659,-0.0003290792573973,1.0,83.3757,23.1698,0.7360523762498068,0.7473469104125985,0.0511451725982389,0.0,0.0,0.0,0.0,0.0,0.0,0.3366988418004701,0.4866083190398206,0.270270784751947,0.4789550778027074,0.4247873137070505,0.289577377172509,0.3363110184255327,0.3552291307076242,0.4189348316169689,0.4781670941022179,0.5433651105549343,0.2220575701267758,0.3821279200244823,0.2553924050632911,0.2990245310940594,0.7509746412816574,0.37532713170959003,3.598464380357189
0.8001387925052047,0.4987794073890819,0.7988883302035358,0.7986185936772705,0.6175476063356469,0.8889460154241645,0.0896471949103528,0.0127241179872758,0.7926267281105991,172.0,gan_leaks,1,P-NMF,submission,0.3746,0.2522,0.2963374542260233,0.3679342441021639,0.7498215704484511,0.9803,0.9875,0.9910138580998532,0.9803028159095454,0.9984645675501927,11.0,0.0957,0.1452367036956388,0.1446142021203659,-0.0003290792573973,1.0,83.3757,23.1698,0.7360523762498068,0.7473469104125985,0.0511451725982389,0.0,0.0,0.0,0.0,0.0,0.0,0.3366988418004701,0.4866083190398206,0.270270784751947,0.4789550778027074,0.4247873137070505,0.289577377172509,0.3363110184255327,0.3552291307076242,0.4189348316169689,0.4781670941022179,0.5433651105549343,0.2220575701267758,0.3821279200244823,0.2553924050632911,0.2990245310940594,0.7509746412816574,0.37532713170959003,3.598464380357189
0.8003701133472125,0.491427434749613,0.7944734269078668,0.7943348335272727,0.6147001245773269,0.8890602905257745,0.0916714864083285,0.0063620589936379,0.8110599078341014,176.0,loss_lr,1,P-NMF,submission,0.3746,0.2522,0.2963374542260233,0.3679342441021639,0.7498215704484511,0.9803,0.9875,0.9910138580998532,0.9803028159095454,0.9984645675501927,11.0,0.0957,0.1452367036956388,0.1446142021203659,-0.0003290792573973,1.0,83.3757,23.1698,0.7360523762498068,0.7473469104125985,0.0511451725982389,0.0,0.0,0.0,0.0,0.0,0.0,0.3366988418004701,0.4866083190398206,0.270270784751947,0.4789550778027074,0.4247873137070505,0.289577377172509,0.3363110184255327,0.3552291307076242,0.4189348316169689,0.4781670941022179,0.5433651105549343,0.2220575701267758,0.3821279200244823,0.2553924050632911,0.2990245310940594,0.7509746412816574,0.37532713170959003,3.598464380357189
0.799676150821189,0.5008765800673315,0.8015883956937142,0.8013347317444787,0.6175476063356469,0.8886889460154241,0.1067090803932909,0.012434933487565,0.8018433179723502,174.0,loss_rf,1,P-NMF,submission,0.3746,0.2522,0.2963374542260233,0.3679342441021639,0.7498215704484511,0.9803,0.9875,0.9910138580998532,0.9803028159095454,0.9984645675501927,11.0,0.0957,0.1452367036956388,0.1446142021203659,-0.0003290792573973,1.0,83.3757,23.1698,0.7360523762498068,0.7473469104125985,0.0511451725982389,0.0,0.0,0.0,0.0,0.0,0.0,0.3366988418004701,0.4866083190398206,0.270270784751947,0.4789550778027074,0.4247873137070505,0.289577377172509,0.3363110184255327,0.3552291307076242,0.4189348316169689,0.4781670941022179,0.5433651105549343,0.2220575701267758,0.3821279200244823,0.2553924050632911,0.2990245310940594,0.7509746412816574,0.37532713170959003,3.598464380357189
0.799676150821189,0.4990237933651381,0.8008951236389648,0.8006157544294668,0.6136323189179569,0.8886889460154241,0.1098901098901098,0.0089647194910352,0.8064516129032258,175.0,LOGAN_D1,1,P-NMF,submission,0.3746,0.2522,0.2963374542260233,0.3679342441021639,0.7498215704484511,0.9803,0.9875,0.9910138580998532,0.9803028159095454,0.9984645675501927,11.0,0.0957,0.1452367036956388,0.1446142021203659,-0.0003290792573973,1.0,83.3757,23.1698,0.7360523762498068,0.7473469104125985,0.0511451725982389,0.0,0.0,0.0,0.0,0.0,0.0,0.3366988418004701,0.4866083190398206,0.270270784751947,0.4789550778027074,0.4247873137070505,0.289577377172509,0.3363110184255327,0.3552291307076242,0.4189348316169689,0.4781670941022179,0.5433651105549343,0.2220575701267758,0.3821279200244823,0.2553924050632911,0.2990245310940594,0.7509746412816574,0.37532713170959003,3.598464380357189
0.6423779782558409,0.4948571963479173,0.8000527279785379,0.7998233192373666,0.610428901939847,0.767308850090307,0.097165991902834,0.0170618854829381,0.8110599078341014,176.0,gan_leaks_cal,1,P-NMF,submission,0.3746,0.2522,0.2963374542260233,0.3679342441021639,0.7498215704484511,0.9803,0.9875,0.9910138580998532,0.9803028159095454,0.9984645675501927,11.0,0.0957,0.1452367036956388,0.1446142021203659,-0.0003290792573973,1.0,83.3757,23.1698,0.7360523762498068,0.7473469104125985,0.0511451725982389,0.0,0.0,0.0,0.0,0.0,0.0,0.3366988418004701,0.4866083190398206,0.270270784751947,0.4789550778027074,0.4247873137070505,0.289577377172509,0.3363110184255327,0.3552291307076242,0.4189348316169689,0.4781670941022179,0.5433651105549343,0.2220575701267758,0.3821279200244823,0.2553924050632911,0.2990245310940594,0.7509746412816574,0.37532713170959003,3.598464380357189
0.2049502660189683,0.500420404055938,0.7992471828313471,0.8082085767813338,0.0154683471784588,0.0154683471784588,1.0,1.0,0.783410138248848,170.0,domias_kde_pca,1,P-NMF,submission,0.3746,0.2522,0.2963374542260233,0.3679342441021639,0.7498215704484511,0.9803,0.9875,0.9910138580998532,0.9803028159095454,0.9984645675501927,11.0,0.0957,0.1452367036956388,0.1446142021203659,-0.0003290792573973,1.0,83.3757,23.1698,0.7360523762498068,0.7473469104125985,0.0511451725982389,0.0,0.0,0.0,0.0,0.0,0.0,0.3366988418004701,0.4866083190398206,0.270270784751947,0.4789550778027074,0.4247873137070505,0.289577377172509,0.3363110184255327,0.3552291307076242,0.4189348316169689,0.4781670941022179,0.5433651105549343,0.2220575701267758,0.3821279200244823,0.2553924050632911,0.2990245310940594,0.7509746412816574,0.37532713170959003,3.598464380357189
0.732824427480916,0.4993912081225741,0.8018849505163466,0.8018392073174874,0.6175476063356469,0.841324357741448,0.1046847888953152,0.012434933487565,0.8018433179723502,174.0,domias_kde_vDE,1,P-NMF,submission,0.3746,0.2522,0.2963374542260233,0.3679342441021639,0.7498215704484511,0.9803,0.9875,0.9910138580998532,0.9803028159095454,0.9984645675501927,11.0,0.0957,0.1452367036956388,0.1446142021203659,-0.0003290792573973,1.0,83.3757,23.1698,0.7360523762498068,0.7473469104125985,0.0511451725982389,0.0,0.0,0.0,0.0,0.0,0.0,0.3366988418004701,0.4866083190398206,0.270270784751947,0.4789550778027074,0.4247873137070505,0.289577377172509,0.3363110184255327,0.3552291307076242,0.4189348316169689,0.4781670941022179,0.5433651105549343,0.2220575701267758,0.3821279200244823,0.2553924050632911,0.2990245310940594,0.7509746412816574,0.37532713170959003,3.598464380357189
0.6458477908859588,0.5069534663693471,0.8036002115270611,0.803605328642499,0.6139882541377469,0.7699474079639369,0.1069982648930017,0.0057836899942163,0.8433179723502304,183.0,domias_kde_sDE,1,P-NMF,submission,0.3746,0.2522,0.2963374542260233,0.3679342441021639,0.7498215704484511,0.9803,0.9875,0.9910138580998532,0.9803028159095454,0.9984645675501927,11.0,0.0957,0.1452367036956388,0.1446142021203659,-0.0003290792573973,1.0,83.3757,23.1698,0.7360523762498068,0.7473469104125985,0.0511451725982389,0.0,0.0,0.0,0.0,0.0,0.0,0.3366988418004701,0.4866083190398206,0.270270784751947,0.4789550778027074,0.4247873137070505,0.289577377172509,0.3363110184255327,0.3552291307076242,0.4189348316169689,0.4781670941022179,0.5433651105549343,0.2220575701267758,0.3821279200244823,0.2553924050632911,0.2990245310940594,0.7509746412816574,0.37532713170959003,3.598464380357189
0.6925746009715475,0.4992584841383137,0.8009724109068429,0.8007743402260652,0.6175476063356469,0.8106028217186833,0.0980335454019664,0.012434933487565,0.7926267281105991,172.0,domias_kde_dDE,1,P-NMF,submission,0.3746,0.2522,0.2963374542260233,0.3679342441021639,0.7498215704484511,0.9803,0.9875,0.9910138580998532,0.9803028159095454,0.9984645675501927,11.0,0.0957,0.1452367036956388,0.1446142021203659,-0.0003290792573973,1.0,83.3757,23.1698,0.7360523762498068,0.7473469104125985,0.0511451725982389,0.0,0.0,0.0,0.0,0.0,0.0,0.3366988418004701,0.4866083190398206,0.270270784751947,0.4789550778027074,0.4247873137070505,0.289577377172509,0.3363110184255327,0.3552291307076242,0.4189348316169689,0.4781670941022179,0.5433651105549343,0.2220575701267758,0.3821279200244823,0.2553924050632911,0.2990245310940594,0.7509746412816574,0.37532713170959003,3.598464380357189
0.7800138792505205,0.4929174871371403,0.797509981744581,0.8009167405172237,0.6122085780387969,0.8755072653488677,0.0916714864083285,0.0355696934644303,0.7972350230414746,173.0,gan_leaks_cal_pca,1,P-NMF,submission,0.3746,0.2522,0.2963374542260233,0.3679342441021639,0.7498215704484511,0.9803,0.9875,0.9910138580998532,0.9803028159095454,0.9984645675501927,11.0,0.0957,0.1452367036956388,0.1446142021203659,-0.0003290792573973,1.0,83.3757,23.1698,0.7360523762498068,0.7473469104125985,0.0511451725982389,0.0,0.0,0.0,0.0,0.0,0.0,0.3366988418004701,0.4866083190398206,0.270270784751947,0.4789550778027074,0.4247873137070505,0.289577377172509,0.3363110184255327,0.3552291307076242,0.4189348316169689,0.4781670941022179,0.5433651105549343,0.2220575701267758,0.3821279200244823,0.2553924050632911,0.2990245310940594,0.7509746412816574,0.37532713170959003,3.598464380357189
0.799676150821189,0.4966611727183677,0.7956796092251556,0.7954995929161987,0.6168357358960669,0.8886889460154241,0.0913823019086177,0.0057836899942163,0.7972350230414746,173.0,gan_leaks_cal_vDE,1,P-NMF,submission,0.3746,0.2522,0.2963374542260233,0.3679342441021639,0.7498215704484511,0.9803,0.9875,0.9910138580998532,0.9803028159095454,0.9984645675501927,11.0,0.0957,0.1452367036956388,0.1446142021203659,-0.0003290792573973,1.0,83.3757,23.1698,0.7360523762498068,0.7473469104125985,0.0511451725982389,0.0,0.0,0.0,0.0,0.0,0.0,0.3366988418004701,0.4866083190398206,0.270270784751947,0.4789550778027074,0.4247873137070505,0.289577377172509,0.3363110184255327,0.3552291307076242,0.4189348316169689,0.4781670941022179,0.5433651105549343,0.2220575701267758,0.3821279200244823,0.2553924050632911,0.2990245310940594,0.7509746412816574,0.37532713170959003,3.598464380357189
0.799676150821189,0.5085227519666218,0.8063636470582016,0.8062450074050405,0.6161238654564869,0.8886889460154241,0.1110468478889531,0.0159051474840948,0.7972350230414746,173.0,gan_leaks_cal_sDE,1,P-NMF,submission,0.3746,0.2522,0.2963374542260233,0.3679342441021639,0.7498215704484511,0.9803,0.9875,0.9910138580998532,0.9803028159095454,0.9984645675501927,11.0,0.0957,0.1452367036956388,0.1446142021203659,-0.0003290792573973,1.0,83.3757,23.1698,0.7360523762498068,0.7473469104125985,0.0511451725982389,0.0,0.0,0.0,0.0,0.0,0.0,0.3366988418004701,0.4866083190398206,0.270270784751947,0.4789550778027074,0.4247873137070505,0.289577377172509,0.3363110184255327,0.3552291307076242,0.4189348316169689,0.4781670941022179,0.5433651105549343,0.2220575701267758,0.3821279200244823,0.2553924050632911,0.2990245310940594,0.7509746412816574,0.37532713170959003,3.598464380357189
0.799676150821189,0.4966347616484519,0.802113257893248,0.8019341371003161,0.6114967075992169,0.8886889460154241,0.1038172353961827,0.0141700404858299,0.815668202764977,177.0,gan_leaks_cal_dDE,1,P-NMF,submission,0.3746,0.2522,0.2963374542260233,0.3679342441021639,0.7498215704484511,0.9803,0.9875,0.9910138580998532,0.9803028159095454,0.9984645675501927,11.0,0.0957,0.1452367036956388,0.1446142021203659,-0.0003290792573973,1.0,83.3757,23.1698,0.7360523762498068,0.7473469104125985,0.0511451725982389,0.0,0.0,0.0,0.0,0.0,0.0,0.3366988418004701,0.4866083190398206,0.270270784751947,0.4789550778027074,0.4247873137070505,0.289577377172509,0.3363110184255327,0.3552291307076242,0.4189348316169689,0.4781670941022179,0.5433651105549343,0.2220575701267758,0.3821279200244823,0.2553924050632911,0.2990245310940594,0.7509746412816574,0.37532713170959003,3.598464380357189
0.799676150821189,0.5052089984855425,0.8042757897328322,0.8040241217669111,0.6161238654564869,0.8886889460154241,0.1023713128976286,0.0098322729901677,0.8294930875576036,180.0,LOGAN_D1_pca,1,P-NMF,submission,0.3746,0.2522,0.2963374542260233,0.3679342441021639,0.7498215704484511,0.9803,0.9875,0.9910138580998532,0.9803028159095454,0.9984645675501927,11.0,0.0957,0.1452367036956388,0.1446142021203659,-0.0003290792573973,1.0,83.3757,23.1698,0.7360523762498068,0.7473469104125985,0.0511451725982389,0.0,0.0,0.0,0.0,0.0,0.0,0.3366988418004701,0.4866083190398206,0.270270784751947,0.4789550778027074,0.4247873137070505,0.289577377172509,0.3363110184255327,0.3552291307076242,0.4189348316169689,0.4781670941022179,0.5433651105549343,0.2220575701267758,0.3821279200244823,0.2553924050632911,0.2990245310940594,0.7509746412816574,0.37532713170959003,3.598464380357189
0.8003701133472125,0.4975915778775529,0.8011975824653393,0.8010116303430357,0.612564513258587,0.8890602905257745,0.1043956043956044,0.0133024869866975,0.8018433179723502,174.0,LOGAN_D1_vDE,1,P-NMF,submission,0.3746,0.2522,0.2963374542260233,0.3679342441021639,0.7498215704484511,0.9803,0.9875,0.9910138580998532,0.9803028159095454,0.9984645675501927,11.0,0.0957,0.1452367036956388,0.1446142021203659,-0.0003290792573973,1.0,83.3757,23.1698,0.7360523762498068,0.7473469104125985,0.0511451725982389,0.0,0.0,0.0,0.0,0.0,0.0,0.3366988418004701,0.4866083190398206,0.270270784751947,0.4789550778027074,0.4247873137070505,0.289577377172509,0.3363110184255327,0.3552291307076242,0.4189348316169689,0.4781670941022179,0.5433651105549343,0.2220575701267758,0.3821279200244823,0.2553924050632911,0.2990245310940594,0.7509746412816574,0.37532713170959003,3.598464380357189
0.799676150821189,0.497388981569085,0.8022532393217054,0.8021466420104701,0.6143441893575369,0.8886889460154241,0.1078658183921341,0.0167727009832273,0.7972350230414746,173.0,LOGAN_D1_sDE,1,P-NMF,submission,0.3746,0.2522,0.2963374542260233,0.3679342441021639,0.7498215704484511,0.9803,0.9875,0.9910138580998532,0.9803028159095454,0.9984645675501927,11.0,0.0957,0.1452367036956388,0.1446142021203659,-0.0003290792573973,1.0,83.3757,23.1698,0.7360523762498068,0.7473469104125985,0.0511451725982389,0.0,0.0,0.0,0.0,0.0,0.0,0.3366988418004701,0.4866083190398206,0.270270784751947,0.4789550778027074,0.4247873137070505,0.289577377172509,0.3363110184255327,0.3552291307076242,0.4189348316169689,0.4781670941022179,0.5433651105549343,0.2220575701267758,0.3821279200244823,0.2553924050632911,0.2990245310940594,0.7509746412816574,0.37532713170959003,3.598464380357189
0.799676150821189,0.5037328202676544,0.8032081784328258,0.8029513029559031,0.6143441893575369,0.8886889460154241,0.1012145748987854,0.0153267784846732,0.8064516129032258,175.0,LOGAN_D1_dDE,1,P-NMF,submission,0.3746,0.2522,0.2963374542260233,0.3679342441021639,0.7498215704484511,0.9803,0.9875,0.9910138580998532,0.9803028159095454,0.9984645675501927,11.0,0.0957,0.1452367036956388,0.1446142021203659,-0.0003290792573973,1.0,83.3757,23.1698,0.7360523762498068,0.7473469104125985,0.0511451725982389,0.0,0.0,0.0,0.0,0.0,0.0,0.3366988418004701,0.4866083190398206,0.270270784751947,0.4789550778027074,0.4247873137070505,0.289577377172509,0.3363110184255327,0.3552291307076242,0.4189348316169689,0.4781670941022179,0.5433651105549343,0.2220575701267758,0.3821279200244823,0.2553924050632911,0.2990245310940594,0.7509746412816574,0.37532713170959003,3.598464380357189
0.2558408512606986,0.4930131018965823,0.7982748439949917,0.7884988604746477,0.1732202518632742,0.1732202518632742,0.0902255639097744,0.009253903990746,0.7649769585253456,166.0,MC,3,P-NMF,submission,0.3572,0.2319,0.3084452857058192,0.3564435652365745,0.7575637298064559,0.9723,0.988,0.9883960411037792,0.972187420794746,0.997829695121548,10.0,0.087,0.1430923171562644,0.1427348046430789,-0.0002560159448946,1.0,83.427,23.3183,0.6927029063444881,0.7029918244412138,0.0514538111278603,0.0,0.0,0.0,0.0,0.0,0.0,0.3251590899249613,0.4379179906088373,0.2793372901148754,0.4807492930474282,0.4179327791296265,0.2880553036085854,0.3538947786149691,0.3490343784969134,0.4611799682279004,0.5194310707898947,0.5704161212660641,0.3328196756645907,0.3673763241797799,0.2347165991902834,0.3120664924571801,0.7592114501204289,0.36664079128403887,3.5777479490357362
0.799676150821189,0.5014546147494124,0.7958483807762191,0.7955510570866897,0.6179035415554369,0.8886889460154241,0.0853094274146905,0.0083863504916136,0.7649769585253456,166.0,gan_leaks,3,P-NMF,submission,0.3572,0.2319,0.3084452857058192,0.3564435652365745,0.7575637298064559,0.9723,0.988,0.9883960411037792,0.972187420794746,0.997829695121548,10.0,0.087,0.1430923171562644,0.1427348046430789,-0.0002560159448946,1.0,83.427,23.3183,0.6927029063444881,0.7029918244412138,0.0514538111278603,0.0,0.0,0.0,0.0,0.0,0.0,0.3251590899249613,0.4379179906088373,0.2793372901148754,0.4807492930474282,0.4179327791296265,0.2880553036085854,0.3538947786149691,0.3490343784969134,0.4611799682279004,0.5194310707898947,0.5704161212660641,0.3328196756645907,0.3673763241797799,0.2347165991902834,0.3120664924571801,0.7592114501204289,0.36664079128403887,3.5777479490357362
0.799676150821189,0.515057318708064,0.8134391299598381,0.8132700098336385,0.6211069585335469,0.8886889460154241,0.1367842683632157,0.0182186234817813,0.8433179723502304,183.0,loss_lr,3,P-NMF,submission,0.3572,0.2319,0.3084452857058192,0.3564435652365745,0.7575637298064559,0.9723,0.988,0.9883960411037792,0.972187420794746,0.997829695121548,10.0,0.087,0.1430923171562644,0.1427348046430789,-0.0002560159448946,1.0,83.427,23.3183,0.6927029063444881,0.7029918244412138,0.0514538111278603,0.0,0.0,0.0,0.0,0.0,0.0,0.3251590899249613,0.4379179906088373,0.2793372901148754,0.4807492930474282,0.4179327791296265,0.2880553036085854,0.3538947786149691,0.3490343784969134,0.4611799682279004,0.5194310707898947,0.5704161212660641,0.3328196756645907,0.3673763241797799,0.2347165991902834,0.3120664924571801,0.7592114501204289,0.36664079128403887,3.5777479490357362
0.799676150821189,0.5030900951801469,0.801763635943868,0.8016367721041249,0.613276383698167,0.8886889460154241,0.0968768074031232,0.0118565644881434,0.783410138248848,170.0,loss_rf,3,P-NMF,submission,0.3572,0.2319,0.3084452857058192,0.3564435652365745,0.7575637298064559,0.9723,0.988,0.9883960411037792,0.972187420794746,0.997829695121548,10.0,0.087,0.1430923171562644,0.1427348046430789,-0.0002560159448946,1.0,83.427,23.3183,0.6927029063444881,0.7029918244412138,0.0514538111278603,0.0,0.0,0.0,0.0,0.0,0.0,0.3251590899249613,0.4379179906088373,0.2793372901148754,0.4807492930474282,0.4179327791296265,0.2880553036085854,0.3538947786149691,0.3490343784969134,0.4611799682279004,0.5194310707898947,0.5704161212660641,0.3328196756645907,0.3673763241797799,0.2347165991902834,0.3120664924571801,0.7592114501204289,0.36664079128403887,3.5777479490357362
0.7999074716631969,0.4962609948615425,0.7979716602776046,0.7977546529037107,0.6154119950169069,0.8888031880704461,0.086176980913823,0.0069404279930595,0.8294930875576036,180.0,LOGAN_D1,3,P-NMF,submission,0.3572,0.2319,0.3084452857058192,0.3564435652365745,0.7575637298064559,0.9723,0.988,0.9883960411037792,0.972187420794746,0.997829695121548,10.0,0.087,0.1430923171562644,0.1427348046430789,-0.0002560159448946,1.0,83.427,23.3183,0.6927029063444881,0.7029918244412138,0.0514538111278603,0.0,0.0,0.0,0.0,0.0,0.0,0.3251590899249613,0.4379179906088373,0.2793372901148754,0.4807492930474282,0.4179327791296265,0.2880553036085854,0.3538947786149691,0.3490343784969134,0.4611799682279004,0.5194310707898947,0.5704161212660641,0.3328196756645907,0.3673763241797799,0.2347165991902834,0.3120664924571801,0.7592114501204289,0.36664079128403887,3.5777479490357362
0.7002081887578071,0.5020249601326571,0.8025930651775766,0.8025475510683355,0.6136323189179569,0.8162223482699943,0.1032388663967611,0.0101214574898785,0.7972350230414746,173.0,gan_leaks_cal,3,P-NMF,submission,0.3572,0.2319,0.3084452857058192,0.3564435652365745,0.7575637298064559,0.9723,0.988,0.9883960411037792,0.972187420794746,0.997829695121548,10.0,0.087,0.1430923171562644,0.1427348046430789,-0.0002560159448946,1.0,83.427,23.3183,0.6927029063444881,0.7029918244412138,0.0514538111278603,0.0,0.0,0.0,0.0,0.0,0.0,0.3251590899249613,0.4379179906088373,0.2793372901148754,0.4807492930474282,0.4179327791296265,0.2880553036085854,0.3538947786149691,0.3490343784969134,0.4611799682279004,0.5194310707898947,0.5704161212660641,0.3328196756645907,0.3673763241797799,0.2347165991902834,0.3120664924571801,0.7592114501204289,0.36664079128403887,3.5777479490357362
0.2000925283368031,0.4995663904091041,0.7998207430710444,0.6498380754105945,0.0005780346820809,0.0005780346820809,1.0,1.0,0.7788018433179723,169.0,domias_kde_pca,3,P-NMF,submission,0.3572,0.2319,0.3084452857058192,0.3564435652365745,0.7575637298064559,0.9723,0.988,0.9883960411037792,0.972187420794746,0.997829695121548,10.0,0.087,0.1430923171562644,0.1427348046430789,-0.0002560159448946,1.0,83.427,23.3183,0.6927029063444881,0.7029918244412138,0.0514538111278603,0.0,0.0,0.0,0.0,0.0,0.0,0.3251590899249613,0.4379179906088373,0.2793372901148754,0.4807492930474282,0.4179327791296265,0.2880553036085854,0.3538947786149691,0.3490343784969134,0.4611799682279004,0.5194310707898947,0.5704161212660641,0.3328196756645907,0.3673763241797799,0.2347165991902834,0.3120664924571801,0.7592114501204289,0.36664079128403887,3.5777479490357362
0.7150127226463104,0.4896931635446998,0.7906946464406011,0.7904450938883991,0.6097170315002669,0.8283166109253066,0.0945633314054366,0.0052053209947946,0.7741935483870968,168.0,domias_kde_vDE,3,P-NMF,submission,0.3572,0.2319,0.3084452857058192,0.3564435652365745,0.7575637298064559,0.9723,0.988,0.9883960411037792,0.972187420794746,0.997829695121548,10.0,0.087,0.1430923171562644,0.1427348046430789,-0.0002560159448946,1.0,83.427,23.3183,0.6927029063444881,0.7029918244412138,0.0514538111278603,0.0,0.0,0.0,0.0,0.0,0.0,0.3251590899249613,0.4379179906088373,0.2793372901148754,0.4807492930474282,0.4179327791296265,0.2880553036085854,0.3538947786149691,0.3490343784969134,0.4611799682279004,0.5194310707898947,0.5704161212660641,0.3328196756645907,0.3673763241797799,0.2347165991902834,0.3120664924571801,0.7592114501204289,0.36664079128403887,3.5777479490357362
0.6308119361554476,0.4949935978229255,0.7958497345717312,0.7953533196371335,0.6168357358960669,0.7577413479052824,0.0855986119144013,0.0063620589936379,0.7511520737327189,163.0,domias_kde_sDE,3,P-NMF,submission,0.3572,0.2319,0.3084452857058192,0.3564435652365745,0.7575637298064559,0.9723,0.988,0.9883960411037792,0.972187420794746,0.997829695121548,10.0,0.087,0.1430923171562644,0.1427348046430789,-0.0002560159448946,1.0,83.427,23.3183,0.6927029063444881,0.7029918244412138,0.0514538111278603,0.0,0.0,0.0,0.0,0.0,0.0,0.3251590899249613,0.4379179906088373,0.2793372901148754,0.4807492930474282,0.4179327791296265,0.2880553036085854,0.3538947786149691,0.3490343784969134,0.4611799682279004,0.5194310707898947,0.5704161212660641,0.3328196756645907,0.3673763241797799,0.2347165991902834,0.3120664924571801,0.7592114501204289,0.36664079128403887,3.5777479490357362
0.6604210039324543,0.5016909771092917,0.8001685827522692,0.8000220963541682,0.6186154119950169,0.7833530106257379,0.0962984384037015,0.0083863504916136,0.815668202764977,177.0,domias_kde_dDE,3,P-NMF,submission,0.3572,0.2319,0.3084452857058192,0.3564435652365745,0.7575637298064559,0.9723,0.988,0.9883960411037792,0.972187420794746,0.997829695121548,10.0,0.087,0.1430923171562644,0.1427348046430789,-0.0002560159448946,1.0,83.427,23.3183,0.6927029063444881,0.7029918244412138,0.0514538111278603,0.0,0.0,0.0,0.0,0.0,0.0,0.3251590899249613,0.4379179906088373,0.2793372901148754,0.4807492930474282,0.4179327791296265,0.2880553036085854,0.3538947786149691,0.3490343784969134,0.4611799682279004,0.5194310707898947,0.5704161212660641,0.3328196756645907,0.3673763241797799,0.2347165991902834,0.3120664924571801,0.7592114501204289,0.36664079128403887,3.5777479490357362
0.7772380291464261,0.5028261516396594,0.8017908688362079,0.806258643898212,0.6161238654564869,0.8736717827626919,0.1078658183921341,0.0425101214574898,0.783410138248848,170.0,gan_leaks_cal_pca,3,P-NMF,submission,0.3572,0.2319,0.3084452857058192,0.3564435652365745,0.7575637298064559,0.9723,0.988,0.9883960411037792,0.972187420794746,0.997829695121548,10.0,0.087,0.1430923171562644,0.1427348046430789,-0.0002560159448946,1.0,83.427,23.3183,0.6927029063444881,0.7029918244412138,0.0514538111278603,0.0,0.0,0.0,0.0,0.0,0.0,0.3251590899249613,0.4379179906088373,0.2793372901148754,0.4807492930474282,0.4179327791296265,0.2880553036085854,0.3538947786149691,0.3490343784969134,0.4611799682279004,0.5194310707898947,0.5704161212660641,0.3328196756645907,0.3673763241797799,0.2347165991902834,0.3120664924571801,0.7592114501204289,0.36664079128403887,3.5777479490357362
0.799676150821189,0.4958962546428321,0.8017757087030466,0.8016396212331873,0.6147001245773269,0.8886889460154241,0.1032388663967611,0.012434933487565,0.847926267281106,184.0,gan_leaks_cal_vDE,3,P-NMF,submission,0.3572,0.2319,0.3084452857058192,0.3564435652365745,0.7575637298064559,0.9723,0.988,0.9883960411037792,0.972187420794746,0.997829695121548,10.0,0.087,0.1430923171562644,0.1427348046430789,-0.0002560159448946,1.0,83.427,23.3183,0.6927029063444881,0.7029918244412138,0.0514538111278603,0.0,0.0,0.0,0.0,0.0,0.0,0.3251590899249613,0.4379179906088373,0.2793372901148754,0.4807492930474282,0.4179327791296265,0.2880553036085854,0.3538947786149691,0.3490343784969134,0.4611799682279004,0.5194310707898947,0.5704161212660641,0.3328196756645907,0.3673763241797799,0.2347165991902834,0.3120664924571801,0.7592114501204289,0.36664079128403887,3.5777479490357362
0.7999074716631969,0.4876683705707131,0.796776830256365,0.7966343376254843,0.6097170315002669,0.8888031880704461,0.0974551764025448,0.0115673799884326,0.8018433179723502,174.0,gan_leaks_cal_sDE,3,P-NMF,submission,0.3572,0.2319,0.3084452857058192,0.3564435652365745,0.7575637298064559,0.9723,0.988,0.9883960411037792,0.972187420794746,0.997829695121548,10.0,0.087,0.1430923171562644,0.1427348046430789,-0.0002560159448946,1.0,83.427,23.3183,0.6927029063444881,0.7029918244412138,0.0514538111278603,0.0,0.0,0.0,0.0,0.0,0.0,0.3251590899249613,0.4379179906088373,0.2793372901148754,0.4807492930474282,0.4179327791296265,0.2880553036085854,0.3538947786149691,0.3490343784969134,0.4611799682279004,0.5194310707898947,0.5704161212660641,0.3328196756645907,0.3673763241797799,0.2347165991902834,0.3120664924571801,0.7592114501204289,0.36664079128403887,3.5777479490357362
0.799676150821189,0.5061347232019577,0.8020468286137038,0.8017671695997847,0.6211069585335469,0.8886889460154241,0.0951417004048583,0.0095430884904569,0.7972350230414746,173.0,gan_leaks_cal_dDE,3,P-NMF,submission,0.3572,0.2319,0.3084452857058192,0.3564435652365745,0.7575637298064559,0.9723,0.988,0.9883960411037792,0.972187420794746,0.997829695121548,10.0,0.087,0.1430923171562644,0.1427348046430789,-0.0002560159448946,1.0,83.427,23.3183,0.6927029063444881,0.7029918244412138,0.0514538111278603,0.0,0.0,0.0,0.0,0.0,0.0,0.3251590899249613,0.4379179906088373,0.2793372901148754,0.4807492930474282,0.4179327791296265,0.2880553036085854,0.3538947786149691,0.3490343784969134,0.4611799682279004,0.5194310707898947,0.5704161212660641,0.3328196756645907,0.3673763241797799,0.2347165991902834,0.3120664924571801,0.7592114501204289,0.36664079128403887,3.5777479490357362
0.799676150821189,0.4920706613131316,0.7995964311621602,0.7994372474418057,0.6143441893575369,0.8886889460154241,0.1038172353961827,0.0080971659919028,0.815668202764977,177.0,LOGAN_D1_pca,3,P-NMF,submission,0.3572,0.2319,0.3084452857058192,0.3564435652365745,0.7575637298064559,0.9723,0.988,0.9883960411037792,0.972187420794746,0.997829695121548,10.0,0.087,0.1430923171562644,0.1427348046430789,-0.0002560159448946,1.0,83.427,23.3183,0.6927029063444881,0.7029918244412138,0.0514538111278603,0.0,0.0,0.0,0.0,0.0,0.0,0.3251590899249613,0.4379179906088373,0.2793372901148754,0.4807492930474282,0.4179327791296265,0.2880553036085854,0.3538947786149691,0.3490343784969134,0.4611799682279004,0.5194310707898947,0.5704161212660641,0.3328196756645907,0.3673763241797799,0.2347165991902834,0.3120664924571801,0.7592114501204289,0.36664079128403887,3.5777479490357362
0.8001387925052047,0.5009309066351962,0.7992291693181209,0.7990591432557288,0.6168357358960669,0.8889460154241645,0.0983227299016772,0.0130133024869866,0.7926267281105991,172.0,LOGAN_D1_vDE,3,P-NMF,submission,0.3572,0.2319,0.3084452857058192,0.3564435652365745,0.7575637298064559,0.9723,0.988,0.9883960411037792,0.972187420794746,0.997829695121548,10.0,0.087,0.1430923171562644,0.1427348046430789,-0.0002560159448946,1.0,83.427,23.3183,0.6927029063444881,0.7029918244412138,0.0514538111278603,0.0,0.0,0.0,0.0,0.0,0.0,0.3251590899249613,0.4379179906088373,0.2793372901148754,0.4807492930474282,0.4179327791296265,0.2880553036085854,0.3538947786149691,0.3490343784969134,0.4611799682279004,0.5194310707898947,0.5704161212660641,0.3328196756645907,0.3673763241797799,0.2347165991902834,0.3120664924571801,0.7592114501204289,0.36664079128403887,3.5777479490357362
0.799676150821189,0.503146929128067,0.8010858417898565,0.8009116921943413,0.6193272824345969,0.8886889460154241,0.1067090803932909,0.0063620589936379,0.8064516129032258,175.0,LOGAN_D1_sDE,3,P-NMF,submission,0.3572,0.2319,0.3084452857058192,0.3564435652365745,0.7575637298064559,0.9723,0.988,0.9883960411037792,0.972187420794746,0.997829695121548,10.0,0.087,0.1430923171562644,0.1427348046430789,-0.0002560159448946,1.0,83.427,23.3183,0.6927029063444881,0.7029918244412138,0.0514538111278603,0.0,0.0,0.0,0.0,0.0,0.0,0.3251590899249613,0.4379179906088373,0.2793372901148754,0.4807492930474282,0.4179327791296265,0.2880553036085854,0.3538947786149691,0.3490343784969134,0.4611799682279004,0.5194310707898947,0.5704161212660641,0.3328196756645907,0.3673763241797799,0.2347165991902834,0.3120664924571801,0.7592114501204289,0.36664079128403887,3.5777479490357362
0.799676150821189,0.4913679262629673,0.7998598261069325,0.7997085905928296,0.6122085780387969,0.8886889460154241,0.1006362058993638,0.0104106419895893,0.8202764976958525,178.0,LOGAN_D1_dDE,3,P-NMF,submission,0.3572,0.2319,0.3084452857058192,0.3564435652365745,0.7575637298064559,0.9723,0.988,0.9883960411037792,0.972187420794746,0.997829695121548,10.0,0.087,0.1430923171562644,0.1427348046430789,-0.0002560159448946,1.0,83.427,23.3183,0.6927029063444881,0.7029918244412138,0.0514538111278603,0.0,0.0,0.0,0.0,0.0,0.0,0.3251590899249613,0.4379179906088373,0.2793372901148754,0.4807492930474282,0.4179327791296265,0.2880553036085854,0.3538947786149691,0.3490343784969134,0.4611799682279004,0.5194310707898947,0.5704161212660641,0.3328196756645907,0.3673763241797799,0.2347165991902834,0.3120664924571801,0.7592114501204289,0.36664079128403887,3.5777479490357362
0.2583853805227851,0.4977255053911963,0.8000403479382827,0.7962699818912147,0.1762589928057553,0.1762589928057553,0.0991616074009829,0.0199479618386817,0.8064516129032258,175.0,MC,4,P-NMF,submission,0.4456,0.284,0.3513791394135886,0.4433334781509785,0.7652707241309384,0.9769,0.992,0.9918679111146664,0.9768682563355904,0.9986234518073068,9.0,0.0776,0.1448838867258793,0.1429884784279701,-0.0002183343025316,1.0,82.5148,23.363,0.6972977020840989,0.6990371427745418,0.0571248821154787,0.0,0.0,0.0,0.0,0.0,0.0,0.3239828999079627,0.4946707518647275,0.2851830588280825,0.4835108706966032,0.4224510897047744,0.3479821059358764,0.3294919925762098,0.3396392203813113,0.4242986648688734,0.4592620194037811,0.6045644711173425,0.2442674295117886,0.45613675913604257,0.28629032258064513,0.35426001333051177,0.766325608262006,0.45383138952022317,3.5318580661730086
0.8001387925052047,0.5071077329136017,0.8039016178170599,0.8037426755150874,0.6167259786476869,0.8889460154241645,0.0956923966464296,0.0095403295750216,0.8064516129032258,175.0,gan_leaks,4,P-NMF,submission,0.4456,0.284,0.3513791394135886,0.4433334781509785,0.7652707241309384,0.9769,0.992,0.9918679111146664,0.9768682563355904,0.9986234518073068,9.0,0.0776,0.1448838867258793,0.1429884784279701,-0.0002183343025316,1.0,82.5148,23.363,0.6972977020840989,0.6990371427745418,0.0571248821154787,0.0,0.0,0.0,0.0,0.0,0.0,0.3239828999079627,0.4946707518647275,0.2851830588280825,0.4835108706966032,0.4224510897047744,0.3479821059358764,0.3294919925762098,0.3396392203813113,0.4242986648688734,0.4592620194037811,0.6045644711173425,0.2442674295117886,0.45613675913604257,0.28629032258064513,0.35426001333051177,0.766325608262006,0.45383138952022317,3.5318580661730086
0.7999074716631969,0.4845143640315655,0.7914381516195117,0.7914039616562176,0.6110320284697509,0.8888317696954119,0.089910378722174,0.0049147152356172,0.7741935483870968,168.0,loss_lr,4,P-NMF,submission,0.4456,0.284,0.3513791394135886,0.4433334781509785,0.7652707241309384,0.9769,0.992,0.9918679111146664,0.9768682563355904,0.9986234518073068,9.0,0.0776,0.1448838867258793,0.1429884784279701,-0.0002183343025316,1.0,82.5148,23.363,0.6972977020840989,0.6990371427745418,0.0571248821154787,0.0,0.0,0.0,0.0,0.0,0.0,0.3239828999079627,0.4946707518647275,0.2851830588280825,0.4835108706966032,0.4224510897047744,0.3479821059358764,0.3294919925762098,0.3396392203813113,0.4242986648688734,0.4592620194037811,0.6045644711173425,0.2442674295117886,0.45613675913604257,0.28629032258064513,0.35426001333051177,0.766325608262006,0.45383138952022317,3.5318580661730086
0.7999074716631969,0.5000997130405919,0.796468305597743,0.796175397467142,0.6185053380782918,0.8888317696954119,0.082104654524429,0.0086730268863833,0.7695852534562212,167.0,loss_rf,4,P-NMF,submission,0.4456,0.284,0.3513791394135886,0.4433334781509785,0.7652707241309384,0.9769,0.992,0.9918679111146664,0.9768682563355904,0.9986234518073068,9.0,0.0776,0.1448838867258793,0.1429884784279701,-0.0002183343025316,1.0,82.5148,23.363,0.6972977020840989,0.6990371427745418,0.0571248821154787,0.0,0.0,0.0,0.0,0.0,0.0,0.3239828999079627,0.4946707518647275,0.2851830588280825,0.4835108706966032,0.4224510897047744,0.3479821059358764,0.3294919925762098,0.3396392203813113,0.4242986648688734,0.4592620194037811,0.6045644711173425,0.2442674295117886,0.45613675913604257,0.28629032258064513,0.35426001333051177,0.766325608262006,0.45383138952022317,3.5318580661730086
0.7999074716631969,0.4965622423522105,0.7931917751554385,0.7928971794429255,0.6163701067615658,0.8888317696954119,0.0766117374963862,0.0040474125469788,0.7649769585253456,166.0,LOGAN_D1,4,P-NMF,submission,0.4456,0.284,0.3513791394135886,0.4433334781509785,0.7652707241309384,0.9769,0.992,0.9918679111146664,0.9768682563355904,0.9986234518073068,9.0,0.0776,0.1448838867258793,0.1429884784279701,-0.0002183343025316,1.0,82.5148,23.363,0.6972977020840989,0.6990371427745418,0.0571248821154787,0.0,0.0,0.0,0.0,0.0,0.0,0.3239828999079627,0.4946707518647275,0.2851830588280825,0.4835108706966032,0.4224510897047744,0.3479821059358764,0.3294919925762098,0.3396392203813113,0.4242986648688734,0.4592620194037811,0.6045644711173425,0.2442674295117886,0.45613675913604257,0.28629032258064513,0.35426001333051177,0.766325608262006,0.45383138952022317,3.5318580661730086
0.7238029146426093,0.5110440557643507,0.8036354582302179,0.8036302437506826,0.6188612099644129,0.8340744858254586,0.1043654235328129,0.0063602197166811,0.8064516129032258,175.0,gan_leaks_cal,4,P-NMF,submission,0.4456,0.284,0.3513791394135886,0.4433334781509785,0.7652707241309384,0.9769,0.992,0.9918679111146664,0.9768682563355904,0.9986234518073068,9.0,0.0776,0.1448838867258793,0.1429884784279701,-0.0002183343025316,1.0,82.5148,23.363,0.6972977020840989,0.6990371427745418,0.0571248821154787,0.0,0.0,0.0,0.0,0.0,0.0,0.3239828999079627,0.4946707518647275,0.2851830588280825,0.4835108706966032,0.4224510897047744,0.3479821059358764,0.3294919925762098,0.3396392203813113,0.4242986648688734,0.4592620194037811,0.6045644711173425,0.2442674295117886,0.45613675913604257,0.28629032258064513,0.35426001333051177,0.766325608262006,0.45383138952022317,3.5318580661730086
0.1998612074947952,0.5,0.8001387925052047,0.9000693962526023,0.0,0.0,1.0,1.0,0.8387096774193549,182.0,domias_kde_pca,4,P-NMF,submission,0.4456,0.284,0.3513791394135886,0.4433334781509785,0.7652707241309384,0.9769,0.992,0.9918679111146664,0.9768682563355904,0.9986234518073068,9.0,0.0776,0.1448838867258793,0.1429884784279701,-0.0002183343025316,1.0,82.5148,23.363,0.6972977020840989,0.6990371427745418,0.0571248821154787,0.0,0.0,0.0,0.0,0.0,0.0,0.3239828999079627,0.4946707518647275,0.2851830588280825,0.4835108706966032,0.4224510897047744,0.3479821059358764,0.3294919925762098,0.3396392203813113,0.4242986648688734,0.4592620194037811,0.6045644711173425,0.2442674295117886,0.45613675913604257,0.28629032258064513,0.35426001333051177,0.766325608262006,0.45383138952022317,3.5318580661730086
0.7187138561184363,0.5077255856970009,0.8038698376779501,0.8037528227566864,0.6156583629893239,0.8308291597106289,0.1063891298063024,0.0086730268863833,0.8110599078341014,176.0,domias_kde_vDE,4,P-NMF,submission,0.4456,0.284,0.3513791394135886,0.4433334781509785,0.7652707241309384,0.9769,0.992,0.9918679111146664,0.9768682563355904,0.9986234518073068,9.0,0.0776,0.1448838867258793,0.1429884784279701,-0.0002183343025316,1.0,82.5148,23.363,0.6972977020840989,0.6990371427745418,0.0571248821154787,0.0,0.0,0.0,0.0,0.0,0.0,0.3239828999079627,0.4946707518647275,0.2851830588280825,0.4835108706966032,0.4224510897047744,0.3479821059358764,0.3294919925762098,0.3396392203813113,0.4242986648688734,0.4592620194037811,0.6045644711173425,0.2442674295117886,0.45613675913604257,0.28629032258064513,0.35426001333051177,0.766325608262006,0.45383138952022317,3.5318580661730086
0.6254915567892667,0.4998231599263327,0.8037805349967158,0.8035102170803379,0.6131672597864769,0.7521812337364151,0.1026308181555362,0.0132986412257878,0.8202764976958525,178.0,domias_kde_sDE,4,P-NMF,submission,0.4456,0.284,0.3513791394135886,0.4433334781509785,0.7652707241309384,0.9769,0.992,0.9918679111146664,0.9768682563355904,0.9986234518073068,9.0,0.0776,0.1448838867258793,0.1429884784279701,-0.0002183343025316,1.0,82.5148,23.363,0.6972977020840989,0.6990371427745418,0.0571248821154787,0.0,0.0,0.0,0.0,0.0,0.0,0.3239828999079627,0.4946707518647275,0.2851830588280825,0.4835108706966032,0.4224510897047744,0.3479821059358764,0.3294919925762098,0.3396392203813113,0.4242986648688734,0.4592620194037811,0.6045644711173425,0.2442674295117886,0.45613675913604257,0.28629032258064513,0.35426001333051177,0.766325608262006,0.45383138952022317,3.5318580661730086
0.7043719639139486,0.5110325118049532,0.804566771578711,0.8045334719077266,0.6185053380782918,0.8191338805547693,0.1113038450419196,0.0046256143394044,0.8341013824884793,181.0,domias_kde_dDE,4,P-NMF,submission,0.4456,0.284,0.3513791394135886,0.4433334781509785,0.7652707241309384,0.9769,0.992,0.9918679111146664,0.9768682563355904,0.9986234518073068,9.0,0.0776,0.1448838867258793,0.1429884784279701,-0.0002183343025316,1.0,82.5148,23.363,0.6972977020840989,0.6990371427745418,0.0571248821154787,0.0,0.0,0.0,0.0,0.0,0.0,0.3239828999079627,0.4946707518647275,0.2851830588280825,0.4835108706966032,0.4224510897047744,0.3479821059358764,0.3294919925762098,0.3396392203813113,0.4242986648688734,0.4592620194037811,0.6045644711173425,0.2442674295117886,0.45613675913604257,0.28629032258064513,0.35426001333051177,0.766325608262006,0.45383138952022317,3.5318580661730086
0.7783946333564654,0.5119523478740378,0.8036087661847047,0.8083951861985066,0.6195729537366548,0.8743112044082918,0.1118820468343451,0.0410523272622145,0.7695852534562212,167.0,gan_leaks_cal_pca,4,P-NMF,submission,0.4456,0.284,0.3513791394135886,0.4433334781509785,0.7652707241309384,0.9769,0.992,0.9918679111146664,0.9768682563355904,0.9986234518073068,9.0,0.0776,0.1448838867258793,0.1429884784279701,-0.0002183343025316,1.0,82.5148,23.363,0.6972977020840989,0.6990371427745418,0.0571248821154787,0.0,0.0,0.0,0.0,0.0,0.0,0.3239828999079627,0.4946707518647275,0.2851830588280825,0.4835108706966032,0.4224510897047744,0.3479821059358764,0.3294919925762098,0.3396392203813113,0.4242986648688734,0.4592620194037811,0.6045644711173425,0.2442674295117886,0.45613675913604257,0.28629032258064513,0.35426001333051177,0.766325608262006,0.45383138952022317,3.5318580661730086
0.7999074716631969,0.504288999175527,0.7969367323282996,0.7967427694650046,0.6163701067615658,0.8888317696954119,0.0904885805145996,0.0057820179242555,0.783410138248848,170.0,gan_leaks_cal_vDE,4,P-NMF,submission,0.4456,0.284,0.3513791394135886,0.4433334781509785,0.7652707241309384,0.9769,0.992,0.9918679111146664,0.9768682563355904,0.9986234518073068,9.0,0.0776,0.1448838867258793,0.1429884784279701,-0.0002183343025316,1.0,82.5148,23.363,0.6972977020840989,0.6990371427745418,0.0571248821154787,0.0,0.0,0.0,0.0,0.0,0.0,0.3239828999079627,0.4946707518647275,0.2851830588280825,0.4835108706966032,0.4224510897047744,0.3479821059358764,0.3294919925762098,0.3396392203813113,0.4242986648688734,0.4592620194037811,0.6045644711173425,0.2442674295117886,0.45613675913604257,0.28629032258064513,0.35426001333051177,0.766325608262006,0.45383138952022317,3.5318580661730086
0.7999074716631969,0.4931519225209598,0.7970333233346851,0.7969004148786618,0.6160142348754448,0.8888317696954119,0.1011853136744724,0.0167678519803411,0.7511520737327189,163.0,gan_leaks_cal_sDE,4,P-NMF,submission,0.4456,0.284,0.3513791394135886,0.4433334781509785,0.7652707241309384,0.9769,0.992,0.9918679111146664,0.9768682563355904,0.9986234518073068,9.0,0.0776,0.1448838867258793,0.1429884784279701,-0.0002183343025316,1.0,82.5148,23.363,0.6972977020840989,0.6990371427745418,0.0571248821154787,0.0,0.0,0.0,0.0,0.0,0.0,0.3239828999079627,0.4946707518647275,0.2851830588280825,0.4835108706966032,0.4224510897047744,0.3479821059358764,0.3294919925762098,0.3396392203813113,0.4242986648688734,0.4592620194037811,0.6045644711173425,0.2442674295117886,0.45613675913604257,0.28629032258064513,0.35426001333051177,0.766325608262006,0.45383138952022317,3.5318580661730086
0.7999074716631969,0.506290621352778,0.8013252219505653,0.8011115699043504,0.6217081850533808,0.8888317696954119,0.0881757733448973,0.0083839259901705,0.8064516129032258,175.0,gan_leaks_cal_dDE,4,P-NMF,submission,0.4456,0.284,0.3513791394135886,0.4433334781509785,0.7652707241309384,0.9769,0.992,0.9918679111146664,0.9768682563355904,0.9986234518073068,9.0,0.0776,0.1448838867258793,0.1429884784279701,-0.0002183343025316,1.0,82.5148,23.363,0.6972977020840989,0.6990371427745418,0.0571248821154787,0.0,0.0,0.0,0.0,0.0,0.0,0.3239828999079627,0.4946707518647275,0.2851830588280825,0.4835108706966032,0.4224510897047744,0.3479821059358764,0.3294919925762098,0.3396392203813113,0.4242986648688734,0.4592620194037811,0.6045644711173425,0.2442674295117886,0.45613675913604257,0.28629032258064513,0.35426001333051177,0.766325608262006,0.45383138952022317,3.5318580661730086
0.8003701133472125,0.5029396943561081,0.7978653131825182,0.7976396875592366,0.6138790035587188,0.8890888060660583,0.0974270020237062,0.0066493206128939,0.7695852534562212,167.0,LOGAN_D1_pca,4,P-NMF,submission,0.4456,0.284,0.3513791394135886,0.4433334781509785,0.7652707241309384,0.9769,0.992,0.9918679111146664,0.9768682563355904,0.9986234518073068,9.0,0.0776,0.1448838867258793,0.1429884784279701,-0.0002183343025316,1.0,82.5148,23.363,0.6972977020840989,0.6990371427745418,0.0571248821154787,0.0,0.0,0.0,0.0,0.0,0.0,0.3239828999079627,0.4946707518647275,0.2851830588280825,0.4835108706966032,0.4224510897047744,0.3479821059358764,0.3294919925762098,0.3396392203813113,0.4242986648688734,0.4592620194037811,0.6045644711173425,0.2442674295117886,0.45613675913604257,0.28629032258064513,0.35426001333051177,0.766325608262006,0.45383138952022317,3.5318580661730086
0.8003701133472125,0.5011714609231955,0.7981650400158331,0.7979671924029119,0.6185053380782918,0.8890317603188891,0.0928013876843018,0.0043365134431916,0.783410138248848,170.0,LOGAN_D1_vDE,4,P-NMF,submission,0.4456,0.284,0.3513791394135886,0.4433334781509785,0.7652707241309384,0.9769,0.992,0.9918679111146664,0.9768682563355904,0.9986234518073068,9.0,0.0776,0.1448838867258793,0.1429884784279701,-0.0002183343025316,1.0,82.5148,23.363,0.6972977020840989,0.6990371427745418,0.0571248821154787,0.0,0.0,0.0,0.0,0.0,0.0,0.3239828999079627,0.4946707518647275,0.2851830588280825,0.4835108706966032,0.4224510897047744,0.3479821059358764,0.3294919925762098,0.3396392203813113,0.4242986648688734,0.4592620194037811,0.6045644711173425,0.2442674295117886,0.45613675913604257,0.28629032258064513,0.35426001333051177,0.766325608262006,0.45383138952022317,3.5318580661730086
0.7999074716631969,0.5005189762616041,0.797234046744144,0.7970269327504607,0.6160142348754448,0.8888317696954119,0.0855738652789823,0.0089621277825961,0.7511520737327189,163.0,LOGAN_D1_sDE,4,P-NMF,submission,0.4456,0.284,0.3513791394135886,0.4433334781509785,0.7652707241309384,0.9769,0.992,0.9918679111146664,0.9768682563355904,0.9986234518073068,9.0,0.0776,0.1448838867258793,0.1429884784279701,-0.0002183343025316,1.0,82.5148,23.363,0.6972977020840989,0.6990371427745418,0.0571248821154787,0.0,0.0,0.0,0.0,0.0,0.0,0.3239828999079627,0.4946707518647275,0.2851830588280825,0.4835108706966032,0.4224510897047744,0.3479821059358764,0.3294919925762098,0.3396392203813113,0.4242986648688734,0.4592620194037811,0.6045644711173425,0.2442674295117886,0.45613675913604257,0.28629032258064513,0.35426001333051177,0.766325608262006,0.45383138952022317,3.5318580661730086
0.8003701133472125,0.4990552356707676,0.7989717858683524,0.7986886393569725,0.6163701067615658,0.8890888060660583,0.0965596993350679,0.0089621277825961,0.8110599078341014,176.0,LOGAN_D1_dDE,4,P-NMF,submission,0.4456,0.284,0.3513791394135886,0.4433334781509785,0.7652707241309384,0.9769,0.992,0.9918679111146664,0.9768682563355904,0.9986234518073068,9.0,0.0776,0.1448838867258793,0.1429884784279701,-0.0002183343025316,1.0,82.5148,23.363,0.6972977020840989,0.6990371427745418,0.0571248821154787,0.0,0.0,0.0,0.0,0.0,0.0,0.3239828999079627,0.4946707518647275,0.2851830588280825,0.4835108706966032,0.4224510897047744,0.3479821059358764,0.3294919925762098,0.3396392203813113,0.4242986648688734,0.4592620194037811,0.6045644711173425,0.2442674295117886,0.45613675913604257,0.28629032258064513,0.35426001333051177,0.766325608262006,0.45383138952022317,3.5318580661730086
0.2583853805227851,0.4976072216333129,0.7991614837686654,0.7954364522987613,0.1762589928057553,0.1762589928057553,0.0991616074009829,0.0063602197166811,0.7972350230414746,173.0,MC,5,P-NMF,submission,0.331,0.243,0.2767046768732404,0.3188910279138854,0.7434814673433183,0.9873,0.996,0.9959832862798534,0.9872851346114964,0.9986860328167556,12.0,0.1071,0.1469643252662393,0.1480969760516272,-0.0002990916531807,1.0,83.3747,23.2716,0.7390042877766995,0.746818990090975,0.0522715018468016,0.0,0.0,0.0,0.0,0.0,0.0,0.3226261062961005,0.5090548284199908,0.281550977668668,0.4826769966041643,0.4676013193535093,0.3476755795067438,0.3235182657075186,0.3398100974460302,0.4533262356483213,0.4694595167137884,0.5284667135335436,0.2660537882911175,0.33525777372632437,0.24397590361445784,0.27782060269984427,0.7444596629096307,0.322997902768354,3.582680176696059
0.7999074716631969,0.4943344254922746,0.7947177868137519,0.7944220046876207,0.6124555160142349,0.8888317696954119,0.0907776814108123,0.0060711188204683,0.7926267281105991,172.0,gan_leaks,5,P-NMF,submission,0.331,0.243,0.2767046768732404,0.3188910279138854,0.7434814673433183,0.9873,0.996,0.9959832862798534,0.9872851346114964,0.9986860328167556,12.0,0.1071,0.1469643252662393,0.1480969760516272,-0.0002990916531807,1.0,83.3747,23.2716,0.7390042877766995,0.746818990090975,0.0522715018468016,0.0,0.0,0.0,0.0,0.0,0.0,0.3226261062961005,0.5090548284199908,0.281550977668668,0.4826769966041643,0.4676013193535093,0.3476755795067438,0.3235182657075186,0.3398100974460302,0.4533262356483213,0.4694595167137884,0.5284667135335436,0.2660537882911175,0.33525777372632437,0.24397590361445784,0.27782060269984427,0.7444596629096307,0.322997902768354,3.582680176696059
0.7999074716631969,0.5050087399483901,0.8028201476876244,0.8026886992454809,0.6195729537366548,0.8888317696954119,0.1072564324949407,0.0069384215091066,0.7972350230414746,173.0,loss_lr,5,P-NMF,submission,0.331,0.243,0.2767046768732404,0.3188910279138854,0.7434814673433183,0.9873,0.996,0.9959832862798534,0.9872851346114964,0.9986860328167556,12.0,0.1071,0.1469643252662393,0.1480969760516272,-0.0002990916531807,1.0,83.3747,23.2716,0.7390042877766995,0.746818990090975,0.0522715018468016,0.0,0.0,0.0,0.0,0.0,0.0,0.3226261062961005,0.5090548284199908,0.281550977668668,0.4826769966041643,0.4676013193535093,0.3476755795067438,0.3235182657075186,0.3398100974460302,0.4533262356483213,0.4694595167137884,0.5284667135335436,0.2660537882911175,0.33525777372632437,0.24397590361445784,0.27782060269984427,0.7444596629096307,0.322997902768354,3.582680176696059
0.7999074716631969,0.4956772054650777,0.8004092355641623,0.8001889867013008,0.6156583629893239,0.8888317696954119,0.1087019369760046,0.0046256143394044,0.8018433179723502,174.0,loss_rf,5,P-NMF,submission,0.331,0.243,0.2767046768732404,0.3188910279138854,0.7434814673433183,0.9873,0.996,0.9959832862798534,0.9872851346114964,0.9986860328167556,12.0,0.1071,0.1469643252662393,0.1480969760516272,-0.0002990916531807,1.0,83.3747,23.2716,0.7390042877766995,0.746818990090975,0.0522715018468016,0.0,0.0,0.0,0.0,0.0,0.0,0.3226261062961005,0.5090548284199908,0.281550977668668,0.4826769966041643,0.4676013193535093,0.3476755795067438,0.3235182657075186,0.3398100974460302,0.4533262356483213,0.4694595167137884,0.5284667135335436,0.2660537882911175,0.33525777372632437,0.24397590361445784,0.27782060269984427,0.7444596629096307,0.322997902768354,3.582680176696059
0.7999074716631969,0.4950653756170162,0.8003852087528918,0.8002031965702148,0.609608540925267,0.8888317696954119,0.1136166522116218,0.0138768430182133,0.8110599078341014,176.0,LOGAN_D1,5,P-NMF,submission,0.331,0.243,0.2767046768732404,0.3188910279138854,0.7434814673433183,0.9873,0.996,0.9959832862798534,0.9872851346114964,0.9986860328167556,12.0,0.1071,0.1469643252662393,0.1480969760516272,-0.0002990916531807,1.0,83.3747,23.2716,0.7390042877766995,0.746818990090975,0.0522715018468016,0.0,0.0,0.0,0.0,0.0,0.0,0.3226261062961005,0.5090548284199908,0.281550977668668,0.4826769966041643,0.4676013193535093,0.3476755795067438,0.3235182657075186,0.3398100974460302,0.4533262356483213,0.4694595167137884,0.5284667135335436,0.2660537882911175,0.33525777372632437,0.24397590361445784,0.27782060269984427,0.7444596629096307,0.322997902768354,3.582680176696059
0.6648160999306038,0.5017396244900582,0.8011459528815746,0.8010770999079067,0.6177935943060499,0.7869430966034406,0.1040763226366001,0.0089621277825961,0.7880184331797235,171.0,gan_leaks_cal,5,P-NMF,submission,0.331,0.243,0.2767046768732404,0.3188910279138854,0.7434814673433183,0.9873,0.996,0.9959832862798534,0.9872851346114964,0.9986860328167556,12.0,0.1071,0.1469643252662393,0.1480969760516272,-0.0002990916531807,1.0,83.3747,23.2716,0.7390042877766995,0.746818990090975,0.0522715018468016,0.0,0.0,0.0,0.0,0.0,0.0,0.3226261062961005,0.5090548284199908,0.281550977668668,0.4826769966041643,0.4676013193535093,0.3476755795067438,0.3235182657075186,0.3398100974460302,0.4533262356483213,0.4694595167137884,0.5284667135335436,0.2660537882911175,0.33525777372632437,0.24397590361445784,0.27782060269984427,0.7444596629096307,0.322997902768354,3.582680176696059
0.1998612074947952,0.5,0.8001387925052047,0.9000693962526023,0.0,0.0,1.0,1.0,0.8110599078341014,176.0,domias_kde_pca,5,P-NMF,submission,0.331,0.243,0.2767046768732404,0.3188910279138854,0.7434814673433183,0.9873,0.996,0.9959832862798534,0.9872851346114964,0.9986860328167556,12.0,0.1071,0.1469643252662393,0.1480969760516272,-0.0002990916531807,1.0,83.3747,23.2716,0.7390042877766995,0.746818990090975,0.0522715018468016,0.0,0.0,0.0,0.0,0.0,0.0,0.3226261062961005,0.5090548284199908,0.281550977668668,0.4826769966041643,0.4676013193535093,0.3476755795067438,0.3235182657075186,0.3398100974460302,0.4533262356483213,0.4694595167137884,0.5284667135335436,0.2660537882911175,0.33525777372632437,0.24397590361445784,0.27782060269984427,0.7444596629096307,0.322997902768354,3.582680176696059
0.7113115891741846,0.5049222439047893,0.8006093674546113,0.8005637312392929,0.6177935943060499,0.8248666853774909,0.0997398091934085,0.0075166233015322,0.8018433179723502,174.0,domias_kde_vDE,5,P-NMF,submission,0.331,0.243,0.2767046768732404,0.3188910279138854,0.7434814673433183,0.9873,0.996,0.9959832862798534,0.9872851346114964,0.9986860328167556,12.0,0.1071,0.1469643252662393,0.1480969760516272,-0.0002990916531807,1.0,83.3747,23.2716,0.7390042877766995,0.746818990090975,0.0522715018468016,0.0,0.0,0.0,0.0,0.0,0.0,0.3226261062961005,0.5090548284199908,0.281550977668668,0.4826769966041643,0.4676013193535093,0.3476755795067438,0.3235182657075186,0.3398100974460302,0.4533262356483213,0.4694595167137884,0.5284667135335436,0.2660537882911175,0.33525777372632437,0.24397590361445784,0.27782060269984427,0.7444596629096307,0.322997902768354,3.582680176696059
0.6051353226925746,0.4860043713126252,0.7953772457310868,0.7944211173287885,0.6103202846975089,0.7341535586357265,0.0896212778259612,0.0098294304712344,0.783410138248848,170.0,domias_kde_sDE,5,P-NMF,submission,0.331,0.243,0.2767046768732404,0.3188910279138854,0.7434814673433183,0.9873,0.996,0.9959832862798534,0.9872851346114964,0.9986860328167556,12.0,0.1071,0.1469643252662393,0.1480969760516272,-0.0002990916531807,1.0,83.3747,23.2716,0.7390042877766995,0.746818990090975,0.0522715018468016,0.0,0.0,0.0,0.0,0.0,0.0,0.3226261062961005,0.5090548284199908,0.281550977668668,0.4826769966041643,0.4676013193535093,0.3476755795067438,0.3235182657075186,0.3398100974460302,0.4533262356483213,0.4694595167137884,0.5284667135335436,0.2660537882911175,0.33525777372632437,0.24397590361445784,0.27782060269984427,0.7444596629096307,0.322997902768354,3.582680176696059
0.6937312051815868,0.5003070023984667,0.7956584833515086,0.7955290262165,0.6174377224199288,0.8107489994282447,0.0904885805145996,0.0075166233015322,0.7695852534562212,167.0,domias_kde_dDE,5,P-NMF,submission,0.331,0.243,0.2767046768732404,0.3188910279138854,0.7434814673433183,0.9873,0.996,0.9959832862798534,0.9872851346114964,0.9986860328167556,12.0,0.1071,0.1469643252662393,0.1480969760516272,-0.0002990916531807,1.0,83.3747,23.2716,0.7390042877766995,0.746818990090975,0.0522715018468016,0.0,0.0,0.0,0.0,0.0,0.0,0.3226261062961005,0.5090548284199908,0.281550977668668,0.4826769966041643,0.4676013193535093,0.3476755795067438,0.3235182657075186,0.3398100974460302,0.4533262356483213,0.4694595167137884,0.5284667135335436,0.2660537882911175,0.33525777372632437,0.24397590361445784,0.27782060269984427,0.7444596629096307,0.322997902768354,3.582680176696059
0.7818644459865834,0.5078659535511226,0.805347704890806,0.8090999186773975,0.6174377224199288,0.8764898493778651,0.1075455333911535,0.0433651344319167,0.8110599078341014,176.0,gan_leaks_cal_pca,5,P-NMF,submission,0.331,0.243,0.2767046768732404,0.3188910279138854,0.7434814673433183,0.9873,0.996,0.9959832862798534,0.9872851346114964,0.9986860328167556,12.0,0.1071,0.1469643252662393,0.1480969760516272,-0.0002990916531807,1.0,83.3747,23.2716,0.7390042877766995,0.746818990090975,0.0522715018468016,0.0,0.0,0.0,0.0,0.0,0.0,0.3226261062961005,0.5090548284199908,0.281550977668668,0.4826769966041643,0.4676013193535093,0.3476755795067438,0.3235182657075186,0.3398100974460302,0.4533262356483213,0.4694595167137884,0.5284667135335436,0.2660537882911175,0.33525777372632437,0.24397590361445784,0.27782060269984427,0.7444596629096307,0.322997902768354,3.582680176696059
0.8003701133472125,0.5104745537674129,0.8074546333051046,0.8073050875490135,0.6188612099644129,0.8890888060660583,0.1240242844752818,0.0109858340560855,0.7972350230414746,173.0,gan_leaks_cal_vDE,5,P-NMF,submission,0.331,0.243,0.2767046768732404,0.3188910279138854,0.7434814673433183,0.9873,0.996,0.9959832862798534,0.9872851346114964,0.9986860328167556,12.0,0.1071,0.1469643252662393,0.1480969760516272,-0.0002990916531807,1.0,83.3747,23.2716,0.7390042877766995,0.746818990090975,0.0522715018468016,0.0,0.0,0.0,0.0,0.0,0.0,0.3226261062961005,0.5090548284199908,0.281550977668668,0.4826769966041643,0.4676013193535093,0.3476755795067438,0.3235182657075186,0.3398100974460302,0.4533262356483213,0.4694595167137884,0.5284667135335436,0.2660537882911175,0.33525777372632437,0.24397590361445784,0.27782060269984427,0.7444596629096307,0.322997902768354,3.582680176696059
0.8008327550312283,0.5013126652961142,0.7978021543908224,0.7975980911172927,0.6174377224199288,0.8892604501607717,0.0809482509395779,0.0138768430182133,0.7695852534562212,167.0,gan_leaks_cal_sDE,5,P-NMF,submission,0.331,0.243,0.2767046768732404,0.3188910279138854,0.7434814673433183,0.9873,0.996,0.9959832862798534,0.9872851346114964,0.9986860328167556,12.0,0.1071,0.1469643252662393,0.1480969760516272,-0.0002990916531807,1.0,83.3747,23.2716,0.7390042877766995,0.746818990090975,0.0522715018468016,0.0,0.0,0.0,0.0,0.0,0.0,0.3226261062961005,0.5090548284199908,0.281550977668668,0.4826769966041643,0.4676013193535093,0.3476755795067438,0.3235182657075186,0.3398100974460302,0.4533262356483213,0.4694595167137884,0.5284667135335436,0.2660537882911175,0.33525777372632437,0.24397590361445784,0.27782060269984427,0.7444596629096307,0.322997902768354,3.582680176696059
0.8006014341892205,0.5022917268960201,0.8002149833709061,0.7999322379297928,0.6160142348754448,0.8892030848329049,0.1043654235328129,0.0101185313674472,0.7972350230414746,173.0,gan_leaks_cal_dDE,5,P-NMF,submission,0.331,0.243,0.2767046768732404,0.3188910279138854,0.7434814673433183,0.9873,0.996,0.9959832862798534,0.9872851346114964,0.9986860328167556,12.0,0.1071,0.1469643252662393,0.1480969760516272,-0.0002990916531807,1.0,83.3747,23.2716,0.7390042877766995,0.746818990090975,0.0522715018468016,0.0,0.0,0.0,0.0,0.0,0.0,0.3226261062961005,0.5090548284199908,0.281550977668668,0.4826769966041643,0.4676013193535093,0.3476755795067438,0.3235182657075186,0.3398100974460302,0.4533262356483213,0.4694595167137884,0.5284667135335436,0.2660537882911175,0.33525777372632437,0.24397590361445784,0.27782060269984427,0.7444596629096307,0.322997902768354,3.582680176696059
0.7999074716631969,0.4973462277686765,0.7956599418155467,0.795477723543332,0.6099644128113879,0.8888317696954119,0.0878866724486845,0.0060711188204683,0.783410138248848,170.0,LOGAN_D1_pca,5,P-NMF,submission,0.331,0.243,0.2767046768732404,0.3188910279138854,0.7434814673433183,0.9873,0.996,0.9959832862798534,0.9872851346114964,0.9986860328167556,12.0,0.1071,0.1469643252662393,0.1480969760516272,-0.0002990916531807,1.0,83.3747,23.2716,0.7390042877766995,0.746818990090975,0.0522715018468016,0.0,0.0,0.0,0.0,0.0,0.0,0.3226261062961005,0.5090548284199908,0.281550977668668,0.4826769966041643,0.4676013193535093,0.3476755795067438,0.3235182657075186,0.3398100974460302,0.4533262356483213,0.4694595167137884,0.5284667135335436,0.2660537882911175,0.33525777372632437,0.24397590361445784,0.27782060269984427,0.7444596629096307,0.322997902768354,3.582680176696059
0.8001387925052047,0.4958309576199501,0.7979383682194227,0.7977831305910841,0.6153024911032029,0.8889460154241645,0.0907776814108123,0.0170569528765539,0.7926267281105991,172.0,LOGAN_D1_vDE,5,P-NMF,submission,0.331,0.243,0.2767046768732404,0.3188910279138854,0.7434814673433183,0.9873,0.996,0.9959832862798534,0.9872851346114964,0.9986860328167556,12.0,0.1071,0.1469643252662393,0.1480969760516272,-0.0002990916531807,1.0,83.3747,23.2716,0.7390042877766995,0.746818990090975,0.0522715018468016,0.0,0.0,0.0,0.0,0.0,0.0,0.3226261062961005,0.5090548284199908,0.281550977668668,0.4826769966041643,0.4676013193535093,0.3476755795067438,0.3235182657075186,0.3398100974460302,0.4533262356483213,0.4694595167137884,0.5284667135335436,0.2660537882911175,0.33525777372632437,0.24397590361445784,0.27782060269984427,0.7444596629096307,0.322997902768354,3.582680176696059
0.7999074716631969,0.501751837664493,0.7998195588222541,0.7996658366052299,0.6160142348754448,0.8888317696954119,0.0965596993350679,0.0144550448106389,0.8110599078341014,176.0,LOGAN_D1_sDE,5,P-NMF,submission,0.331,0.243,0.2767046768732404,0.3188910279138854,0.7434814673433183,0.9873,0.996,0.9959832862798534,0.9872851346114964,0.9986860328167556,12.0,0.1071,0.1469643252662393,0.1480969760516272,-0.0002990916531807,1.0,83.3747,23.2716,0.7390042877766995,0.746818990090975,0.0522715018468016,0.0,0.0,0.0,0.0,0.0,0.0,0.3226261062961005,0.5090548284199908,0.281550977668668,0.4826769966041643,0.4676013193535093,0.3476755795067438,0.3235182657075186,0.3398100974460302,0.4533262356483213,0.4694595167137884,0.5284667135335436,0.2660537882911175,0.33525777372632437,0.24397590361445784,0.27782060269984427,0.7444596629096307,0.322997902768354,3.582680176696059
0.7999074716631969,0.4944272790787318,0.7939224521147868,0.7937398834374292,0.6113879003558719,0.8888317696954119,0.0930904885805146,0.0031801098583405,0.7880184331797235,171.0,LOGAN_D1_dDE,5,P-NMF,submission,0.331,0.243,0.2767046768732404,0.3188910279138854,0.7434814673433183,0.9873,0.996,0.9959832862798534,0.9872851346114964,0.9986860328167556,12.0,0.1071,0.1469643252662393,0.1480969760516272,-0.0002990916531807,1.0,83.3747,23.2716,0.7390042877766995,0.746818990090975,0.0522715018468016,0.0,0.0,0.0,0.0,0.0,0.0,0.3226261062961005,0.5090548284199908,0.281550977668668,0.4826769966041643,0.4676013193535093,0.3476755795067438,0.3235182657075186,0.3398100974460302,0.4533262356483213,0.4694595167137884,0.5284667135335436,0.2660537882911175,0.33525777372632437,0.24397590361445784,0.27782060269984427,0.7444596629096307,0.322997902768354,3.582680176696059
0.2611612306268794,0.5013302321908494,0.7986392032580527,0.8016055887317923,0.1793422404933196,0.1793422404933196,1.0,0.0098294304712344,0.783410138248848,170.0,MC,5,DP-PGM ε=4,submission,0.9086,0.9656,0.9713132213235798,0.9026545631924766,0.994285781808446,0.9873,0.996,0.9959832862798534,0.9872851346114964,0.9986860328167556,22.0,0.2245,0.0076233615392525,0.0077157344396977,-0.0002990916531807,0.7679528403001071,30.1781,23.2716,16.97230185529821,17.63467529894467,0.0522715018468016,0.0,0.4700780572419774,0.0,0.0,0.0,0.0,0.0184477897391697,0.0652317310368562,0.1307404334160683,0.0652651154830744,0.1160033004880339,0.1097150126137998,0.0390675794864918,0.0468618951735334,0.0611572637644363,0.169339313696335,0.0663663565025478,0.2310910641557061,0.9202876531955839,0.9694779116465864,0.9752304428235739,0.9955939595991956,0.9142795040134758,1.2967780470616546
0.7999074716631969,0.5040524316597603,0.8002611194563629,0.8000601645373333,0.6153024911032029,0.8888317696954119,0.1040763226366001,0.0072275224053194,0.7695852534562212,167.0,gan_leaks,5,DP-PGM ε=4,submission,0.9086,0.9656,0.9713132213235798,0.9026545631924766,0.994285781808446,0.9873,0.996,0.9959832862798534,0.9872851346114964,0.9986860328167556,22.0,0.2245,0.0076233615392525,0.0077157344396977,-0.0002990916531807,0.7679528403001071,30.1781,23.2716,16.97230185529821,17.63467529894467,0.0522715018468016,0.0,0.4700780572419774,0.0,0.0,0.0,0.0,0.0184477897391697,0.0652317310368562,0.1307404334160683,0.0652651154830744,0.1160033004880339,0.1097150126137998,0.0390675794864918,0.0468618951735334,0.0611572637644363,0.169339313696335,0.0663663565025478,0.2310910641557061,0.9202876531955839,0.9694779116465864,0.9752304428235739,0.9955939595991956,0.9142795040134758,1.2967780470616546
0.7999074716631969,0.5029278157891919,0.8053409970532309,0.8052144700190367,0.6153024911032029,0.8888317696954119,0.1124602486267707,0.0150332466030644,0.8433179723502304,183.0,loss_lr,5,DP-PGM ε=4,submission,0.9086,0.9656,0.9713132213235798,0.9026545631924766,0.994285781808446,0.9873,0.996,0.9959832862798534,0.9872851346114964,0.9986860328167556,22.0,0.2245,0.0076233615392525,0.0077157344396977,-0.0002990916531807,0.7679528403001071,30.1781,23.2716,16.97230185529821,17.63467529894467,0.0522715018468016,0.0,0.4700780572419774,0.0,0.0,0.0,0.0,0.0184477897391697,0.0652317310368562,0.1307404334160683,0.0652651154830744,0.1160033004880339,0.1097150126137998,0.0390675794864918,0.0468618951735334,0.0611572637644363,0.169339313696335,0.0663663565025478,0.2310910641557061,0.9202876531955839,0.9694779116465864,0.9752304428235739,0.9955939595991956,0.9142795040134758,1.2967780470616546
0.7999074716631969,0.5101449653614296,0.8080055948854165,0.8078375799225945,0.6213523131672598,0.8888317696954119,0.1084128360797918,0.0086730268863833,0.8341013824884793,181.0,loss_rf,5,DP-PGM ε=4,submission,0.9086,0.9656,0.9713132213235798,0.9026545631924766,0.994285781808446,0.9873,0.996,0.9959832862798534,0.9872851346114964,0.9986860328167556,22.0,0.2245,0.0076233615392525,0.0077157344396977,-0.0002990916531807,0.7679528403001071,30.1781,23.2716,16.97230185529821,17.63467529894467,0.0522715018468016,0.0,0.4700780572419774,0.0,0.0,0.0,0.0,0.0184477897391697,0.0652317310368562,0.1307404334160683,0.0652651154830744,0.1160033004880339,0.1097150126137998,0.0390675794864918,0.0468618951735334,0.0611572637644363,0.169339313696335,0.0663663565025478,0.2310910641557061,0.9202876531955839,0.9694779116465864,0.9752304428235739,0.9955939595991956,0.9142795040134758,1.2967780470616546
0.7999074716631969,0.5174568088614778,0.8084856944573143,0.8082308071319362,0.6227758007117438,0.8888317696954119,0.1011853136744724,0.0098294304712344,0.815668202764977,177.0,LOGAN_D1,5,DP-PGM ε=4,submission,0.9086,0.9656,0.9713132213235798,0.9026545631924766,0.994285781808446,0.9873,0.996,0.9959832862798534,0.9872851346114964,0.9986860328167556,22.0,0.2245,0.0076233615392525,0.0077157344396977,-0.0002990916531807,0.7679528403001071,30.1781,23.2716,16.97230185529821,17.63467529894467,0.0522715018468016,0.0,0.4700780572419774,0.0,0.0,0.0,0.0,0.0184477897391697,0.0652317310368562,0.1307404334160683,0.0652651154830744,0.1160033004880339,0.1097150126137998,0.0390675794864918,0.0468618951735334,0.0611572637644363,0.169339313696335,0.0663663565025478,0.2310910641557061,0.9202876531955839,0.9694779116465864,0.9752304428235739,0.9955939595991956,0.9142795040134758,1.2967780470616546
0.6981263011797363,0.5144349683595131,0.8055192050776231,0.8058157713073087,0.6209964412811388,0.8133314261192962,0.1014744145706851,0.0109858340560855,0.8202764976958525,178.0,gan_leaks_cal,5,DP-PGM ε=4,submission,0.9086,0.9656,0.9713132213235798,0.9026545631924766,0.994285781808446,0.9873,0.996,0.9959832862798534,0.9872851346114964,0.9986860328167556,22.0,0.2245,0.0076233615392525,0.0077157344396977,-0.0002990916531807,0.7679528403001071,30.1781,23.2716,16.97230185529821,17.63467529894467,0.0522715018468016,0.0,0.4700780572419774,0.0,0.0,0.0,0.0,0.0184477897391697,0.0652317310368562,0.1307404334160683,0.0652651154830744,0.1160033004880339,0.1097150126137998,0.0390675794864918,0.0468618951735334,0.0611572637644363,0.169339313696335,0.0663663565025478,0.2310910641557061,0.9202876531955839,0.9694779116465864,0.9752304428235739,0.9955939595991956,0.9142795040134758,1.2967780470616546
0.7878787878787878,0.5086101206728555,0.8037916445544941,0.8035950604237657,0.6174377224199288,0.8805834092980857,0.1167967620699624,0.0092512286788089,0.8018433179723502,174.0,domias_kde_pca,5,DP-PGM ε=4,submission,0.9086,0.9656,0.9713132213235798,0.9026545631924766,0.994285781808446,0.9873,0.996,0.9959832862798534,0.9872851346114964,0.9986860328167556,22.0,0.2245,0.0076233615392525,0.0077157344396977,-0.0002990916531807,0.7679528403001071,30.1781,23.2716,16.97230185529821,17.63467529894467,0.0522715018468016,0.0,0.4700780572419774,0.0,0.0,0.0,0.0,0.0184477897391697,0.0652317310368562,0.1307404334160683,0.0652651154830744,0.1160033004880339,0.1097150126137998,0.0390675794864918,0.0468618951735334,0.0611572637644363,0.169339313696335,0.0663663565025478,0.2310910641557061,0.9202876531955839,0.9694779116465864,0.9752304428235739,0.9955939595991956,0.9142795040134758,1.2967780470616546
0.7999074716631969,0.5047259965950339,0.801401961931932,0.8012440024417555,0.6145907473309609,0.8888317696954119,0.108123735183579,0.0092512286788089,0.7926267281105991,172.0,domias_kde_vDE,5,DP-PGM ε=4,submission,0.9086,0.9656,0.9713132213235798,0.9026545631924766,0.994285781808446,0.9873,0.996,0.9959832862798534,0.9872851346114964,0.9986860328167556,22.0,0.2245,0.0076233615392525,0.0077157344396977,-0.0002990916531807,0.7679528403001071,30.1781,23.2716,16.97230185529821,17.63467529894467,0.0522715018468016,0.0,0.4700780572419774,0.0,0.0,0.0,0.0,0.0184477897391697,0.0652317310368562,0.1307404334160683,0.0652651154830744,0.1160033004880339,0.1097150126137998,0.0390675794864918,0.0468618951735334,0.0611572637644363,0.169339313696335,0.0663663565025478,0.2310910641557061,0.9202876531955839,0.9694779116465864,0.9752304428235739,0.9955939595991956,0.9142795040134758,1.2967780470616546
0.7999074716631969,0.4947740997719315,0.7939527586355025,0.793761639014424,0.608540925266904,0.8888317696954119,0.0965596993350679,0.0054929170280427,0.7695852534562212,167.0,domias_kde_sDE,5,DP-PGM ε=4,submission,0.9086,0.9656,0.9713132213235798,0.9026545631924766,0.994285781808446,0.9873,0.996,0.9959832862798534,0.9872851346114964,0.9986860328167556,22.0,0.2245,0.0076233615392525,0.0077157344396977,-0.0002990916531807,0.7679528403001071,30.1781,23.2716,16.97230185529821,17.63467529894467,0.0522715018468016,0.0,0.4700780572419774,0.0,0.0,0.0,0.0,0.0184477897391697,0.0652317310368562,0.1307404334160683,0.0652651154830744,0.1160033004880339,0.1097150126137998,0.0390675794864918,0.0468618951735334,0.0611572637644363,0.169339313696335,0.0663663565025478,0.2310910641557061,0.9202876531955839,0.9694779116465864,0.9752304428235739,0.9955939595991956,0.9142795040134758,1.2967780470616546
0.7999074716631969,0.4958177406229588,0.7932524919947044,0.7930409676808605,0.6113879003558719,0.8888317696954119,0.0939577912691529,0.0040474125469788,0.783410138248848,170.0,domias_kde_dDE,5,DP-PGM ε=4,submission,0.9086,0.9656,0.9713132213235798,0.9026545631924766,0.994285781808446,0.9873,0.996,0.9959832862798534,0.9872851346114964,0.9986860328167556,22.0,0.2245,0.0076233615392525,0.0077157344396977,-0.0002990916531807,0.7679528403001071,30.1781,23.2716,16.97230185529821,17.63467529894467,0.0522715018468016,0.0,0.4700780572419774,0.0,0.0,0.0,0.0,0.0184477897391697,0.0652317310368562,0.1307404334160683,0.0652651154830744,0.1160033004880339,0.1097150126137998,0.0390675794864918,0.0468618951735334,0.0611572637644363,0.169339313696335,0.0663663565025478,0.2310910641557061,0.9202876531955839,0.9694779116465864,0.9752304428235739,0.9955939595991956,0.9142795040134758,1.2967780470616546
0.7925052047189451,0.5112970190485367,0.8052901784145237,0.8281626340349103,0.6192170818505338,0.883793237465993,0.2387973402717548,0.2387973402717548,0.8064516129032258,175.0,gan_leaks_cal_pca,5,DP-PGM ε=4,submission,0.9086,0.9656,0.9713132213235798,0.9026545631924766,0.994285781808446,0.9873,0.996,0.9959832862798534,0.9872851346114964,0.9986860328167556,22.0,0.2245,0.0076233615392525,0.0077157344396977,-0.0002990916531807,0.7679528403001071,30.1781,23.2716,16.97230185529821,17.63467529894467,0.0522715018468016,0.0,0.4700780572419774,0.0,0.0,0.0,0.0,0.0184477897391697,0.0652317310368562,0.1307404334160683,0.0652651154830744,0.1160033004880339,0.1097150126137998,0.0390675794864918,0.0468618951735334,0.0611572637644363,0.169339313696335,0.0663663565025478,0.2310910641557061,0.9202876531955839,0.9694779116465864,0.9752304428235739,0.9955939595991956,0.9142795040134758,1.2967780470616546
0.8003701133472125,0.5137363078603321,0.8072682189549785,0.8071434173481241,0.6209964412811388,0.8890888060660583,0.1136166522116218,0.0124313385371494,0.8018433179723502,174.0,gan_leaks_cal_vDE,5,DP-PGM ε=4,submission,0.9086,0.9656,0.9713132213235798,0.9026545631924766,0.994285781808446,0.9873,0.996,0.9959832862798534,0.9872851346114964,0.9986860328167556,22.0,0.2245,0.0076233615392525,0.0077157344396977,-0.0002990916531807,0.7679528403001071,30.1781,23.2716,16.97230185529821,17.63467529894467,0.0522715018468016,0.0,0.4700780572419774,0.0,0.0,0.0,0.0,0.0184477897391697,0.0652317310368562,0.1307404334160683,0.0652651154830744,0.1160033004880339,0.1097150126137998,0.0390675794864918,0.0468618951735334,0.0611572637644363,0.169339313696335,0.0663663565025478,0.2310910641557061,0.9202876531955839,0.9694779116465864,0.9752304428235739,0.9955939595991956,0.9142795040134758,1.2967780470616546
0.7999074716631969,0.5096126047990749,0.80456234704958,0.8043863961814752,0.6192170818505338,0.8888317696954119,0.1127493495229835,0.0072275224053194,0.7926267281105991,172.0,gan_leaks_cal_sDE,5,DP-PGM ε=4,submission,0.9086,0.9656,0.9713132213235798,0.9026545631924766,0.994285781808446,0.9873,0.996,0.9959832862798534,0.9872851346114964,0.9986860328167556,22.0,0.2245,0.0076233615392525,0.0077157344396977,-0.0002990916531807,0.7679528403001071,30.1781,23.2716,16.97230185529821,17.63467529894467,0.0522715018468016,0.0,0.4700780572419774,0.0,0.0,0.0,0.0,0.0184477897391697,0.0652317310368562,0.1307404334160683,0.0652651154830744,0.1160033004880339,0.1097150126137998,0.0390675794864918,0.0468618951735334,0.0611572637644363,0.169339313696335,0.0663663565025478,0.2310910641557061,0.9202876531955839,0.9694779116465864,0.9752304428235739,0.9955939595991956,0.9142795040134758,1.2967780470616546
0.8003701133472125,0.5133207253220262,0.809003955751182,0.8088228737383387,0.6167259786476869,0.8890602905257745,0.105521827117664,0.0216825672159583,0.8202764976958525,178.0,gan_leaks_cal_dDE,5,DP-PGM ε=4,submission,0.9086,0.9656,0.9713132213235798,0.9026545631924766,0.994285781808446,0.9873,0.996,0.9959832862798534,0.9872851346114964,0.9986860328167556,22.0,0.2245,0.0076233615392525,0.0077157344396977,-0.0002990916531807,0.7679528403001071,30.1781,23.2716,16.97230185529821,17.63467529894467,0.0522715018468016,0.0,0.4700780572419774,0.0,0.0,0.0,0.0,0.0184477897391697,0.0652317310368562,0.1307404334160683,0.0652651154830744,0.1160033004880339,0.1097150126137998,0.0390675794864918,0.0468618951735334,0.0611572637644363,0.169339313696335,0.0663663565025478,0.2310910641557061,0.9202876531955839,0.9694779116465864,0.9752304428235739,0.9955939595991956,0.9142795040134758,1.2967780470616546
0.7999074716631969,0.5014926841412097,0.7984137729844765,0.7982447575002867,0.6160142348754448,0.8888317696954119,0.1037872217403873,0.0060711188204683,0.8018433179723502,174.0,LOGAN_D1_pca,5,DP-PGM ε=4,submission,0.9086,0.9656,0.9713132213235798,0.9026545631924766,0.994285781808446,0.9873,0.996,0.9959832862798534,0.9872851346114964,0.9986860328167556,22.0,0.2245,0.0076233615392525,0.0077157344396977,-0.0002990916531807,0.7679528403001071,30.1781,23.2716,16.97230185529821,17.63467529894467,0.0522715018468016,0.0,0.4700780572419774,0.0,0.0,0.0,0.0,0.0184477897391697,0.0652317310368562,0.1307404334160683,0.0652651154830744,0.1160033004880339,0.1097150126137998,0.0390675794864918,0.0468618951735334,0.0611572637644363,0.169339313696335,0.0663663565025478,0.2310910641557061,0.9202876531955839,0.9694779116465864,0.9752304428235739,0.9955939595991956,0.9142795040134758,1.2967780470616546
0.7999074716631969,0.5094784271840502,0.8050737456991657,0.8049205571179052,0.6224199288256228,0.8888317696954119,0.1075455333911535,0.0118531367447239,0.8110599078341014,176.0,LOGAN_D1_vDE,5,DP-PGM ε=4,submission,0.9086,0.9656,0.9713132213235798,0.9026545631924766,0.994285781808446,0.9873,0.996,0.9959832862798534,0.9872851346114964,0.9986860328167556,22.0,0.2245,0.0076233615392525,0.0077157344396977,-0.0002990916531807,0.7679528403001071,30.1781,23.2716,16.97230185529821,17.63467529894467,0.0522715018468016,0.0,0.4700780572419774,0.0,0.0,0.0,0.0,0.0184477897391697,0.0652317310368562,0.1307404334160683,0.0652651154830744,0.1160033004880339,0.1097150126137998,0.0390675794864918,0.0468618951735334,0.0611572637644363,0.169339313696335,0.0663663565025478,0.2310910641557061,0.9202876531955839,0.9694779116465864,0.9752304428235739,0.9955939595991956,0.9142795040134758,1.2967780470616546
0.7999074716631969,0.5103959210005032,0.8023422858831182,0.802129734477231,0.6192170818505338,0.8888317696954119,0.1072564324949407,0.0060711188204683,0.7788018433179723,169.0,LOGAN_D1_sDE,5,DP-PGM ε=4,submission,0.9086,0.9656,0.9713132213235798,0.9026545631924766,0.994285781808446,0.9873,0.996,0.9959832862798534,0.9872851346114964,0.9986860328167556,22.0,0.2245,0.0076233615392525,0.0077157344396977,-0.0002990916531807,0.7679528403001071,30.1781,23.2716,16.97230185529821,17.63467529894467,0.0522715018468016,0.0,0.4700780572419774,0.0,0.0,0.0,0.0,0.0184477897391697,0.0652317310368562,0.1307404334160683,0.0652651154830744,0.1160033004880339,0.1097150126137998,0.0390675794864918,0.0468618951735334,0.0611572637644363,0.169339313696335,0.0663663565025478,0.2310910641557061,0.9202876531955839,0.9694779116465864,0.9752304428235739,0.9955939595991956,0.9142795040134758,1.2967780470616546
0.7999074716631969,0.5075333536774704,0.8021126046172924,0.801828131037527,0.6163701067615658,0.8888317696954119,0.0959814975426423,0.0115640358485111,0.7741935483870968,168.0,LOGAN_D1_dDE,5,DP-PGM ε=4,submission,0.9086,0.9656,0.9713132213235798,0.9026545631924766,0.994285781808446,0.9873,0.996,0.9959832862798534,0.9872851346114964,0.9986860328167556,22.0,0.2245,0.0076233615392525,0.0077157344396977,-0.0002990916531807,0.7679528403001071,30.1781,23.2716,16.97230185529821,17.63467529894467,0.0522715018468016,0.0,0.4700780572419774,0.0,0.0,0.0,0.0,0.0184477897391697,0.0652317310368562,0.1307404334160683,0.0652651154830744,0.1160033004880339,0.1097150126137998,0.0390675794864918,0.0468618951735334,0.0611572637644363,0.169339313696335,0.0663663565025478,0.2310910641557061,0.9202876531955839,0.9694779116465864,0.9752304428235739,0.9955939595991956,0.9142795040134758,1.2967780470616546
0.2553782095766828,0.4925221568817552,0.7985695418320151,0.7877069073596674,0.1727062451811873,0.1727062451811873,0.0850202429149797,0.0095430884904569,0.7788018433179723,169.0,MC,3,DP-PGM ε=4,submission,0.8867,0.9423,0.953753052180184,0.8784059220707682,0.9869973078192016,0.9723,0.988,0.9883960411037792,0.972187420794746,0.997829695121548,15.0,0.1471,0.0077756651226951,0.008020292840877,-0.0002560159448946,0.751834737700462,29.9945,23.3183,16.976566433073828,17.691728548167347,0.0514538111278603,0.0,0.4707923655292076,0.0,0.0,0.0,0.0,0.0199714341410224,0.0608043798743328,0.1509511452762476,0.0592092224369812,0.1167750473665367,0.1022431258419625,0.0382150810817965,0.0436523522314342,0.0566331741932368,0.1776882078241445,0.077487725852285,0.2661029386078777,0.9119613288079811,0.9537449392712551,0.964950295748951,0.9891440519807071,0.9035355768671507,1.2863073208595823
0.799676150821189,0.5024014014582923,0.7965611550171087,0.7964164042990125,0.6179035415554369,0.8886889460154241,0.082995951417004,0.0080971659919028,0.7880184331797235,171.0,gan_leaks,3,DP-PGM ε=4,submission,0.8867,0.9423,0.953753052180184,0.8784059220707682,0.9869973078192016,0.9723,0.988,0.9883960411037792,0.972187420794746,0.997829695121548,15.0,0.1471,0.0077756651226951,0.008020292840877,-0.0002560159448946,0.751834737700462,29.9945,23.3183,16.976566433073828,17.691728548167347,0.0514538111278603,0.0,0.4707923655292076,0.0,0.0,0.0,0.0,0.0199714341410224,0.0608043798743328,0.1509511452762476,0.0592092224369812,0.1167750473665367,0.1022431258419625,0.0382150810817965,0.0436523522314342,0.0566331741932368,0.1776882078241445,0.077487725852285,0.2661029386078777,0.9119613288079811,0.9537449392712551,0.964950295748951,0.9891440519807071,0.9035355768671507,1.2863073208595823
0.799676150821189,0.5162264264485135,0.8087464371503417,0.8085953304799164,0.6211069585335469,0.8886889460154241,0.0997686524002313,0.012434933487565,0.8341013824884793,181.0,loss_lr,3,DP-PGM ε=4,submission,0.8867,0.9423,0.953753052180184,0.8784059220707682,0.9869973078192016,0.9723,0.988,0.9883960411037792,0.972187420794746,0.997829695121548,15.0,0.1471,0.0077756651226951,0.008020292840877,-0.0002560159448946,0.751834737700462,29.9945,23.3183,16.976566433073828,17.691728548167347,0.0514538111278603,0.0,0.4707923655292076,0.0,0.0,0.0,0.0,0.0199714341410224,0.0608043798743328,0.1509511452762476,0.0592092224369812,0.1167750473665367,0.1022431258419625,0.0382150810817965,0.0436523522314342,0.0566331741932368,0.1776882078241445,0.077487725852285,0.2661029386078777,0.9119613288079811,0.9537449392712551,0.964950295748951,0.9891440519807071,0.9035355768671507,1.2863073208595823
0.8001387925052047,0.516981816479839,0.8079418604393171,0.8078357326446199,0.6218188289731269,0.8888888888888888,0.1072874493927125,0.0185078079814921,0.8018433179723502,174.0,loss_rf,3,DP-PGM ε=4,submission,0.8867,0.9423,0.953753052180184,0.8784059220707682,0.9869973078192016,0.9723,0.988,0.9883960411037792,0.972187420794746,0.997829695121548,15.0,0.1471,0.0077756651226951,0.008020292840877,-0.0002560159448946,0.751834737700462,29.9945,23.3183,16.976566433073828,17.691728548167347,0.0514538111278603,0.0,0.4707923655292076,0.0,0.0,0.0,0.0,0.0199714341410224,0.0608043798743328,0.1509511452762476,0.0592092224369812,0.1167750473665367,0.1022431258419625,0.0382150810817965,0.0436523522314342,0.0566331741932368,0.1776882078241445,0.077487725852285,0.2661029386078777,0.9119613288079811,0.9537449392712551,0.964950295748951,0.9891440519807071,0.9035355768671507,1.2863073208595823
0.799676150821189,0.4939160930338295,0.7998361044192972,0.7996434781247612,0.611140772379427,0.8886889460154241,0.1069982648930017,0.0089647194910352,0.7926267281105991,172.0,LOGAN_D1,3,DP-PGM ε=4,submission,0.8867,0.9423,0.953753052180184,0.8784059220707682,0.9869973078192016,0.9723,0.988,0.9883960411037792,0.972187420794746,0.997829695121548,15.0,0.1471,0.0077756651226951,0.008020292840877,-0.0002560159448946,0.751834737700462,29.9945,23.3183,16.976566433073828,17.691728548167347,0.0514538111278603,0.0,0.4707923655292076,0.0,0.0,0.0,0.0,0.0199714341410224,0.0608043798743328,0.1509511452762476,0.0592092224369812,0.1167750473665367,0.1022431258419625,0.0382150810817965,0.0436523522314342,0.0566331741932368,0.1776882078241445,0.077487725852285,0.2661029386078777,0.9119613288079811,0.9537449392712551,0.964950295748951,0.9891440519807071,0.9035355768671507,1.2863073208595823
0.6981263011797363,0.5029115697202098,0.8005879738051926,0.8004202034333135,0.6171916711158569,0.8148673570719251,0.0951417004048583,0.0109890109890109,0.8110599078341014,176.0,gan_leaks_cal,3,DP-PGM ε=4,submission,0.8867,0.9423,0.953753052180184,0.8784059220707682,0.9869973078192016,0.9723,0.988,0.9883960411037792,0.972187420794746,0.997829695121548,15.0,0.1471,0.0077756651226951,0.008020292840877,-0.0002560159448946,0.751834737700462,29.9945,23.3183,16.976566433073828,17.691728548167347,0.0514538111278603,0.0,0.4707923655292076,0.0,0.0,0.0,0.0,0.0199714341410224,0.0608043798743328,0.1509511452762476,0.0592092224369812,0.1167750473665367,0.1022431258419625,0.0382150810817965,0.0436523522314342,0.0566331741932368,0.1776882078241445,0.077487725852285,0.2661029386078777,0.9119613288079811,0.9537449392712551,0.964950295748951,0.9891440519807071,0.9035355768671507,1.2863073208595823
0.7832523710386305,0.4962767077765557,0.795617644497928,0.7954738086699908,0.6143441893575369,0.8776922072836444,0.0902255639097744,0.0141700404858299,0.7972350230414746,173.0,domias_kde_pca,3,DP-PGM ε=4,submission,0.8867,0.9423,0.953753052180184,0.8784059220707682,0.9869973078192016,0.9723,0.988,0.9883960411037792,0.972187420794746,0.997829695121548,15.0,0.1471,0.0077756651226951,0.008020292840877,-0.0002560159448946,0.751834737700462,29.9945,23.3183,16.976566433073828,17.691728548167347,0.0514538111278603,0.0,0.4707923655292076,0.0,0.0,0.0,0.0,0.0199714341410224,0.0608043798743328,0.1509511452762476,0.0592092224369812,0.1167750473665367,0.1022431258419625,0.0382150810817965,0.0436523522314342,0.0566331741932368,0.1776882078241445,0.077487725852285,0.2661029386078777,0.9119613288079811,0.9537449392712551,0.964950295748951,0.9891440519807071,0.9035355768671507,1.2863073208595823
0.799676150821189,0.4969567092475518,0.7917735230251636,0.7915658939675054,0.616479800676277,0.8886889460154241,0.0757663389242336,0.0060728744939271,0.7603686635944701,165.0,domias_kde_vDE,3,DP-PGM ε=4,submission,0.8867,0.9423,0.953753052180184,0.8784059220707682,0.9869973078192016,0.9723,0.988,0.9883960411037792,0.972187420794746,0.997829695121548,15.0,0.1471,0.0077756651226951,0.008020292840877,-0.0002560159448946,0.751834737700462,29.9945,23.3183,16.976566433073828,17.691728548167347,0.0514538111278603,0.0,0.4707923655292076,0.0,0.0,0.0,0.0,0.0199714341410224,0.0608043798743328,0.1509511452762476,0.0592092224369812,0.1167750473665367,0.1022431258419625,0.0382150810817965,0.0436523522314342,0.0566331741932368,0.1776882078241445,0.077487725852285,0.2661029386078777,0.9119613288079811,0.9537449392712551,0.964950295748951,0.9891440519807071,0.9035355768671507,1.2863073208595823
0.8001387925052047,0.5108599644954984,0.8022570452800121,0.8019920331655137,0.6239544402918669,0.8889460154241645,0.0948525159051474,0.012434933487565,0.8064516129032258,175.0,domias_kde_sDE,3,DP-PGM ε=4,submission,0.8867,0.9423,0.953753052180184,0.8784059220707682,0.9869973078192016,0.9723,0.988,0.9883960411037792,0.972187420794746,0.997829695121548,15.0,0.1471,0.0077756651226951,0.008020292840877,-0.0002560159448946,0.751834737700462,29.9945,23.3183,16.976566433073828,17.691728548167347,0.0514538111278603,0.0,0.4707923655292076,0.0,0.0,0.0,0.0,0.0199714341410224,0.0608043798743328,0.1509511452762476,0.0592092224369812,0.1167750473665367,0.1022431258419625,0.0382150810817965,0.0436523522314342,0.0566331741932368,0.1776882078241445,0.077487725852285,0.2661029386078777,0.9119613288079811,0.9537449392712551,0.964950295748951,0.9891440519807071,0.9035355768671507,1.2863073208595823
0.799676150821189,0.4970687055566885,0.7962722050739932,0.7959791675522885,0.6147001245773269,0.8886889460154241,0.0962984384037015,0.0083863504916136,0.7972350230414746,173.0,domias_kde_dDE,3,DP-PGM ε=4,submission,0.8867,0.9423,0.953753052180184,0.8784059220707682,0.9869973078192016,0.9723,0.988,0.9883960411037792,0.972187420794746,0.997829695121548,15.0,0.1471,0.0077756651226951,0.008020292840877,-0.0002560159448946,0.751834737700462,29.9945,23.3183,16.976566433073828,17.691728548167347,0.0514538111278603,0.0,0.4707923655292076,0.0,0.0,0.0,0.0,0.0199714341410224,0.0608043798743328,0.1509511452762476,0.0592092224369812,0.1167750473665367,0.1022431258419625,0.0382150810817965,0.0436523522314342,0.0566331741932368,0.1776882078241445,0.077487725852285,0.2661029386078777,0.9119613288079811,0.9537449392712551,0.964950295748951,0.9891440519807071,0.9035355768671507,1.2863073208595823
0.7908859588248901,0.5069900741181543,0.8041997489852386,0.8270498575086477,0.615767930236697,0.882871210158072,0.2377096587622903,0.2377096587622903,0.8064516129032258,175.0,gan_leaks_cal_pca,3,DP-PGM ε=4,submission,0.8867,0.9423,0.953753052180184,0.8784059220707682,0.9869973078192016,0.9723,0.988,0.9883960411037792,0.972187420794746,0.997829695121548,15.0,0.1471,0.0077756651226951,0.008020292840877,-0.0002560159448946,0.751834737700462,29.9945,23.3183,16.976566433073828,17.691728548167347,0.0514538111278603,0.0,0.4707923655292076,0.0,0.0,0.0,0.0,0.0199714341410224,0.0608043798743328,0.1509511452762476,0.0592092224369812,0.1167750473665367,0.1022431258419625,0.0382150810817965,0.0436523522314342,0.0566331741932368,0.1776882078241445,0.077487725852285,0.2661029386078777,0.9119613288079811,0.9537449392712551,0.964950295748951,0.9891440519807071,0.9035355768671507,1.2863073208595823
0.799676150821189,0.5075047556641715,0.8044019277001524,0.8041265443704353,0.6168357358960669,0.8886889460154241,0.0931174089068826,0.0135916714864083,0.8064516129032258,175.0,gan_leaks_cal_vDE,3,DP-PGM ε=4,submission,0.8867,0.9423,0.953753052180184,0.8784059220707682,0.9869973078192016,0.9723,0.988,0.9883960411037792,0.972187420794746,0.997829695121548,15.0,0.1471,0.0077756651226951,0.008020292840877,-0.0002560159448946,0.751834737700462,29.9945,23.3183,16.976566433073828,17.691728548167347,0.0514538111278603,0.0,0.4707923655292076,0.0,0.0,0.0,0.0,0.0199714341410224,0.0608043798743328,0.1509511452762476,0.0592092224369812,0.1167750473665367,0.1022431258419625,0.0382150810817965,0.0436523522314342,0.0566331741932368,0.1776882078241445,0.077487725852285,0.2661029386078777,0.9119613288079811,0.9537449392712551,0.964950295748951,0.9891440519807071,0.9035355768671507,1.2863073208595823
0.799676150821189,0.5203301718056814,0.809465501562412,0.80932699149002,0.6235985050720769,0.8886889460154241,0.1119144013880856,0.0118565644881434,0.7972350230414746,173.0,gan_leaks_cal_sDE,3,DP-PGM ε=4,submission,0.8867,0.9423,0.953753052180184,0.8784059220707682,0.9869973078192016,0.9723,0.988,0.9883960411037792,0.972187420794746,0.997829695121548,15.0,0.1471,0.0077756651226951,0.008020292840877,-0.0002560159448946,0.751834737700462,29.9945,23.3183,16.976566433073828,17.691728548167347,0.0514538111278603,0.0,0.4707923655292076,0.0,0.0,0.0,0.0,0.0199714341410224,0.0608043798743328,0.1509511452762476,0.0592092224369812,0.1167750473665367,0.1022431258419625,0.0382150810817965,0.0436523522314342,0.0566331741932368,0.1776882078241445,0.077487725852285,0.2661029386078777,0.9119613288079811,0.9537449392712551,0.964950295748951,0.9891440519807071,0.9035355768671507,1.2863073208595823
0.7999074716631969,0.4961138952316318,0.7987037828106043,0.7985320024383599,0.612564513258587,0.8888031880704461,0.0910931174089068,0.0101214574898785,0.7926267281105991,172.0,gan_leaks_cal_dDE,3,DP-PGM ε=4,submission,0.8867,0.9423,0.953753052180184,0.8784059220707682,0.9869973078192016,0.9723,0.988,0.9883960411037792,0.972187420794746,0.997829695121548,15.0,0.1471,0.0077756651226951,0.008020292840877,-0.0002560159448946,0.751834737700462,29.9945,23.3183,16.976566433073828,17.691728548167347,0.0514538111278603,0.0,0.4707923655292076,0.0,0.0,0.0,0.0,0.0199714341410224,0.0608043798743328,0.1509511452762476,0.0592092224369812,0.1167750473665367,0.1022431258419625,0.0382150810817965,0.0436523522314342,0.0566331741932368,0.1776882078241445,0.077487725852285,0.2661029386078777,0.9119613288079811,0.9537449392712551,0.964950295748951,0.9891440519807071,0.9035355768671507,1.2863073208595823
0.799676150821189,0.4938345196026973,0.8015579476489713,0.8014157954493688,0.6136323189179569,0.8886889460154241,0.0968768074031232,0.0130133024869866,0.815668202764977,177.0,LOGAN_D1_pca,3,DP-PGM ε=4,submission,0.8867,0.9423,0.953753052180184,0.8784059220707682,0.9869973078192016,0.9723,0.988,0.9883960411037792,0.972187420794746,0.997829695121548,15.0,0.1471,0.0077756651226951,0.008020292840877,-0.0002560159448946,0.751834737700462,29.9945,23.3183,16.976566433073828,17.691728548167347,0.0514538111278603,0.0,0.4707923655292076,0.0,0.0,0.0,0.0,0.0199714341410224,0.0608043798743328,0.1509511452762476,0.0592092224369812,0.1167750473665367,0.1022431258419625,0.0382150810817965,0.0436523522314342,0.0566331741932368,0.1776882078241445,0.077487725852285,0.2661029386078777,0.9119613288079811,0.9537449392712551,0.964950295748951,0.9891440519807071,0.9035355768671507,1.2863073208595823
0.8001387925052047,0.5015134546013766,0.8043223242519278,0.8042019245543979,0.6139882541377469,0.8889460154241645,0.1104684788895315,0.0141700404858299,0.8110599078341014,176.0,LOGAN_D1_vDE,3,DP-PGM ε=4,submission,0.8867,0.9423,0.953753052180184,0.8784059220707682,0.9869973078192016,0.9723,0.988,0.9883960411037792,0.972187420794746,0.997829695121548,15.0,0.1471,0.0077756651226951,0.008020292840877,-0.0002560159448946,0.751834737700462,29.9945,23.3183,16.976566433073828,17.691728548167347,0.0514538111278603,0.0,0.4707923655292076,0.0,0.0,0.0,0.0,0.0199714341410224,0.0608043798743328,0.1509511452762476,0.0592092224369812,0.1167750473665367,0.1022431258419625,0.0382150810817965,0.0436523522314342,0.0566331741932368,0.1776882078241445,0.077487725852285,0.2661029386078777,0.9119613288079811,0.9537449392712551,0.964950295748951,0.9891440519807071,0.9035355768671507,1.2863073208595823
0.8001387925052047,0.500818074532708,0.801940985435863,0.8017796713166386,0.613276383698167,0.8889460154241645,0.117408906882591,0.0118565644881434,0.7926267281105991,172.0,LOGAN_D1_sDE,3,DP-PGM ε=4,submission,0.8867,0.9423,0.953753052180184,0.8784059220707682,0.9869973078192016,0.9723,0.988,0.9883960411037792,0.972187420794746,0.997829695121548,15.0,0.1471,0.0077756651226951,0.008020292840877,-0.0002560159448946,0.751834737700462,29.9945,23.3183,16.976566433073828,17.691728548167347,0.0514538111278603,0.0,0.4707923655292076,0.0,0.0,0.0,0.0,0.0199714341410224,0.0608043798743328,0.1509511452762476,0.0592092224369812,0.1167750473665367,0.1022431258419625,0.0382150810817965,0.0436523522314342,0.0566331741932368,0.1776882078241445,0.077487725852285,0.2661029386078777,0.9119613288079811,0.9537449392712551,0.964950295748951,0.9891440519807071,0.9035355768671507,1.2863073208595823
0.799676150821189,0.4979785501994203,0.8000377548010844,0.7998550816476452,0.6129204484783769,0.8886889460154241,0.1171197223828802,0.0112781954887218,0.7926267281105991,172.0,LOGAN_D1_dDE,3,DP-PGM ε=4,submission,0.8867,0.9423,0.953753052180184,0.8784059220707682,0.9869973078192016,0.9723,0.988,0.9883960411037792,0.972187420794746,0.997829695121548,15.0,0.1471,0.0077756651226951,0.008020292840877,-0.0002560159448946,0.751834737700462,29.9945,23.3183,16.976566433073828,17.691728548167347,0.0514538111278603,0.0,0.4707923655292076,0.0,0.0,0.0,0.0,0.0199714341410224,0.0608043798743328,0.1509511452762476,0.0592092224369812,0.1167750473665367,0.1022431258419625,0.0382150810817965,0.0436523522314342,0.0566331741932368,0.1776882078241445,0.077487725852285,0.2661029386078777,0.9119613288079811,0.9537449392712551,0.964950295748951,0.9891440519807071,0.9035355768671507,1.2863073208595823
0.2616238723108952,0.5029227966764106,0.8038638070513311,0.8076431925070214,0.1798561151079136,0.1798561151079136,1.0,0.0112749349522983,0.8294930875576036,180.0,MC,4,DP-PGM ε=4,submission,0.9259,0.9384,0.9564388697075372,0.9248418269489138,0.9931504553637716,0.9769,0.992,0.9918679111146664,0.9768682563355904,0.9986234518073068,13.0,0.1275,0.0076583358676656,0.007763173394099,-0.0002183343025316,0.7542213883677298,30.1668,23.363,16.994297026624867,17.568279641776925,0.0571248821154787,0.0,0.4799074877132119,0.0,0.0,0.0002312807169702,0.0023148148148148,0.0195599610775322,0.0622362524327499,0.1325782815587183,0.059416675128928,0.1171396189345138,0.1166983007606651,0.0387881680760235,0.0473747636979943,0.0535030697914327,0.1812982148168929,0.0718360475205902,0.2384052103235085,0.9477940423789538,0.9459677419354839,0.9642804843163906,0.9945194593281078,0.9467416112159923,1.291221161665882
0.8001387925052047,0.5048835967363721,0.8061003467357256,0.8059846692511274,0.6177935943060499,0.8889460154241645,0.108123735183579,0.0173460537727666,0.8341013824884793,181.0,gan_leaks,4,DP-PGM ε=4,submission,0.9259,0.9384,0.9564388697075372,0.9248418269489138,0.9931504553637716,0.9769,0.992,0.9918679111146664,0.9768682563355904,0.9986234518073068,13.0,0.1275,0.0076583358676656,0.007763173394099,-0.0002183343025316,0.7542213883677298,30.1668,23.363,16.994297026624867,17.568279641776925,0.0571248821154787,0.0,0.4799074877132119,0.0,0.0,0.0002312807169702,0.0023148148148148,0.0195599610775322,0.0622362524327499,0.1325782815587183,0.059416675128928,0.1171396189345138,0.1166983007606651,0.0387881680760235,0.0473747636979943,0.0535030697914327,0.1812982148168929,0.0718360475205902,0.2384052103235085,0.9477940423789538,0.9459677419354839,0.9642804843163906,0.9945194593281078,0.9467416112159923,1.291221161665882
0.8006014341892205,0.4974328911160365,0.7960573376519573,0.7958860269152881,0.6167259786476869,0.8892030848329049,0.0815264527320034,0.0063602197166811,0.7649769585253456,166.0,loss_lr,4,DP-PGM ε=4,submission,0.9259,0.9384,0.9564388697075372,0.9248418269489138,0.9931504553637716,0.9769,0.992,0.9918679111146664,0.9768682563355904,0.9986234518073068,13.0,0.1275,0.0076583358676656,0.007763173394099,-0.0002183343025316,0.7542213883677298,30.1668,23.363,16.994297026624867,17.568279641776925,0.0571248821154787,0.0,0.4799074877132119,0.0,0.0,0.0002312807169702,0.0023148148148148,0.0195599610775322,0.0622362524327499,0.1325782815587183,0.059416675128928,0.1171396189345138,0.1166983007606651,0.0387881680760235,0.0473747636979943,0.0535030697914327,0.1812982148168929,0.0718360475205902,0.2384052103235085,0.9477940423789538,0.9459677419354839,0.9642804843163906,0.9945194593281078,0.9467416112159923,1.291221161665882
0.7999074716631969,0.5023124725621835,0.800593801960837,0.8004393622225087,0.6131672597864769,0.8888317696954119,0.0997398091934085,0.01040763226366,0.7972350230414746,173.0,loss_rf,4,DP-PGM ε=4,submission,0.9259,0.9384,0.9564388697075372,0.9248418269489138,0.9931504553637716,0.9769,0.992,0.9918679111146664,0.9768682563355904,0.9986234518073068,13.0,0.1275,0.0076583358676656,0.007763173394099,-0.0002183343025316,0.7542213883677298,30.1668,23.363,16.994297026624867,17.568279641776925,0.0571248821154787,0.0,0.4799074877132119,0.0,0.0,0.0002312807169702,0.0023148148148148,0.0195599610775322,0.0622362524327499,0.1325782815587183,0.059416675128928,0.1171396189345138,0.1166983007606651,0.0387881680760235,0.0473747636979943,0.0535030697914327,0.1812982148168929,0.0718360475205902,0.2384052103235085,0.9477940423789538,0.9459677419354839,0.9642804843163906,0.9945194593281078,0.9467416112159923,1.291221161665882
0.8003701133472125,0.4908806066835844,0.7946876407335071,0.7945385723357854,0.6092526690391459,0.8890888060660583,0.1017635154668979,0.0049147152356172,0.7741935483870968,168.0,LOGAN_D1,4,DP-PGM ε=4,submission,0.9259,0.9384,0.9564388697075372,0.9248418269489138,0.9931504553637716,0.9769,0.992,0.9918679111146664,0.9768682563355904,0.9986234518073068,13.0,0.1275,0.0076583358676656,0.007763173394099,-0.0002183343025316,0.7542213883677298,30.1668,23.363,16.994297026624867,17.568279641776925,0.0571248821154787,0.0,0.4799074877132119,0.0,0.0,0.0002312807169702,0.0023148148148148,0.0195599610775322,0.0622362524327499,0.1325782815587183,0.059416675128928,0.1171396189345138,0.1166983007606651,0.0387881680760235,0.0473747636979943,0.0535030697914327,0.1812982148168929,0.0718360475205902,0.2384052103235085,0.9477940423789538,0.9459677419354839,0.9642804843163906,0.9945194593281078,0.9467416112159923,1.291221161665882
0.6909553550774925,0.5061377057167026,0.8081402103948846,0.8078743945739082,0.6145907473309609,0.8090883109459845,0.1150621566926857,0.01040763226366,0.815668202764977,177.0,gan_leaks_cal,4,DP-PGM ε=4,submission,0.9259,0.9384,0.9564388697075372,0.9248418269489138,0.9931504553637716,0.9769,0.992,0.9918679111146664,0.9768682563355904,0.9986234518073068,13.0,0.1275,0.0076583358676656,0.007763173394099,-0.0002183343025316,0.7542213883677298,30.1668,23.363,16.994297026624867,17.568279641776925,0.0571248821154787,0.0,0.4799074877132119,0.0,0.0,0.0002312807169702,0.0023148148148148,0.0195599610775322,0.0622362524327499,0.1325782815587183,0.059416675128928,0.1171396189345138,0.1166983007606651,0.0387881680760235,0.0473747636979943,0.0535030697914327,0.1812982148168929,0.0718360475205902,0.2384052103235085,0.9477940423789538,0.9459677419354839,0.9642804843163906,0.9945194593281078,0.9467416112159923,1.291221161665882
0.786028221142725,0.5069581633527138,0.8066855493394288,0.8065690294214302,0.6209964412811388,0.8796043212286867,0.1098583405608557,0.018213356461405,0.8202764976958525,178.0,domias_kde_pca,4,DP-PGM ε=4,submission,0.9259,0.9384,0.9564388697075372,0.9248418269489138,0.9931504553637716,0.9769,0.992,0.9918679111146664,0.9768682563355904,0.9986234518073068,13.0,0.1275,0.0076583358676656,0.007763173394099,-0.0002183343025316,0.7542213883677298,30.1668,23.363,16.994297026624867,17.568279641776925,0.0571248821154787,0.0,0.4799074877132119,0.0,0.0,0.0002312807169702,0.0023148148148148,0.0195599610775322,0.0622362524327499,0.1325782815587183,0.059416675128928,0.1171396189345138,0.1166983007606651,0.0387881680760235,0.0473747636979943,0.0535030697914327,0.1812982148168929,0.0718360475205902,0.2384052103235085,0.9477940423789538,0.9459677419354839,0.9642804843163906,0.9945194593281078,0.9467416112159923,1.291221161665882
0.7999074716631969,0.5080429609285493,0.804582641450927,0.8044212529586083,0.6206405693950178,0.8888317696954119,0.105521827117664,0.0095403295750216,0.7926267281105991,172.0,domias_kde_vDE,4,DP-PGM ε=4,submission,0.9259,0.9384,0.9564388697075372,0.9248418269489138,0.9931504553637716,0.9769,0.992,0.9918679111146664,0.9768682563355904,0.9986234518073068,13.0,0.1275,0.0076583358676656,0.007763173394099,-0.0002183343025316,0.7542213883677298,30.1668,23.363,16.994297026624867,17.568279641776925,0.0571248821154787,0.0,0.4799074877132119,0.0,0.0,0.0002312807169702,0.0023148148148148,0.0195599610775322,0.0622362524327499,0.1325782815587183,0.059416675128928,0.1171396189345138,0.1166983007606651,0.0387881680760235,0.0473747636979943,0.0535030697914327,0.1812982148168929,0.0718360475205902,0.2384052103235085,0.9477940423789538,0.9459677419354839,0.9642804843163906,0.9945194593281078,0.9467416112159923,1.291221161665882
0.8001387925052047,0.5086623194457829,0.8025133063985295,0.8023218192891362,0.6185053380782918,0.8889460154241645,0.0930904885805146,0.0080948250939577,0.783410138248848,170.0,domias_kde_sDE,4,DP-PGM ε=4,submission,0.9259,0.9384,0.9564388697075372,0.9248418269489138,0.9931504553637716,0.9769,0.992,0.9918679111146664,0.9768682563355904,0.9986234518073068,13.0,0.1275,0.0076583358676656,0.007763173394099,-0.0002183343025316,0.7542213883677298,30.1668,23.363,16.994297026624867,17.568279641776925,0.0571248821154787,0.0,0.4799074877132119,0.0,0.0,0.0002312807169702,0.0023148148148148,0.0195599610775322,0.0622362524327499,0.1325782815587183,0.059416675128928,0.1171396189345138,0.1166983007606651,0.0387881680760235,0.0473747636979943,0.0535030697914327,0.1812982148168929,0.0718360475205902,0.2384052103235085,0.9477940423789538,0.9459677419354839,0.9642804843163906,0.9945194593281078,0.9467416112159923,1.291221161665882
0.7999074716631969,0.5110745050485583,0.8069361425688915,0.8066877767826517,0.6199288256227758,0.8888317696954119,0.1066782307025151,0.0150332466030644,0.8248847926267281,179.0,domias_kde_dDE,4,DP-PGM ε=4,submission,0.9259,0.9384,0.9564388697075372,0.9248418269489138,0.9931504553637716,0.9769,0.992,0.9918679111146664,0.9768682563355904,0.9986234518073068,13.0,0.1275,0.0076583358676656,0.007763173394099,-0.0002183343025316,0.7542213883677298,30.1668,23.363,16.994297026624867,17.568279641776925,0.0571248821154787,0.0,0.4799074877132119,0.0,0.0,0.0002312807169702,0.0023148148148148,0.0195599610775322,0.0622362524327499,0.1325782815587183,0.059416675128928,0.1171396189345138,0.1166983007606651,0.0387881680760235,0.0473747636979943,0.0535030697914327,0.1812982148168929,0.0718360475205902,0.2384052103235085,0.9477940423789538,0.9459677419354839,0.9642804843163906,0.9945194593281078,0.9467416112159923,1.291221161665882
0.7920425630349295,0.5092930546186545,0.8064068034908851,0.8286189760224142,0.6192170818505338,0.8835341365461847,0.2445793581960104,0.2445793581960104,0.815668202764977,177.0,gan_leaks_cal_pca,4,DP-PGM ε=4,submission,0.9259,0.9384,0.9564388697075372,0.9248418269489138,0.9931504553637716,0.9769,0.992,0.9918679111146664,0.9768682563355904,0.9986234518073068,13.0,0.1275,0.0076583358676656,0.007763173394099,-0.0002183343025316,0.7542213883677298,30.1668,23.363,16.994297026624867,17.568279641776925,0.0571248821154787,0.0,0.4799074877132119,0.0,0.0,0.0002312807169702,0.0023148148148148,0.0195599610775322,0.0622362524327499,0.1325782815587183,0.059416675128928,0.1171396189345138,0.1166983007606651,0.0387881680760235,0.0473747636979943,0.0535030697914327,0.1812982148168929,0.0718360475205902,0.2384052103235085,0.9477940423789538,0.9459677419354839,0.9642804843163906,0.9945194593281078,0.9467416112159923,1.291221161665882
0.7999074716631969,0.5016787259216429,0.8039277742387823,0.8037883879888821,0.6170818505338078,0.8888317696954119,0.095114194854004,0.0124313385371494,0.7926267281105991,172.0,gan_leaks_cal_vDE,4,DP-PGM ε=4,submission,0.9259,0.9384,0.9564388697075372,0.9248418269489138,0.9931504553637716,0.9769,0.992,0.9918679111146664,0.9768682563355904,0.9986234518073068,13.0,0.1275,0.0076583358676656,0.007763173394099,-0.0002183343025316,0.7542213883677298,30.1668,23.363,16.994297026624867,17.568279641776925,0.0571248821154787,0.0,0.4799074877132119,0.0,0.0,0.0002312807169702,0.0023148148148148,0.0195599610775322,0.0622362524327499,0.1325782815587183,0.059416675128928,0.1171396189345138,0.1166983007606651,0.0387881680760235,0.0473747636979943,0.0535030697914327,0.1812982148168929,0.0718360475205902,0.2384052103235085,0.9477940423789538,0.9459677419354839,0.9642804843163906,0.9945194593281078,0.9467416112159923,1.291221161665882
0.8006014341892205,0.5017694045592282,0.8024462516675652,0.8022993563709511,0.6117437722419928,0.8892030848329049,0.1075455333911535,0.0101185313674472,0.815668202764977,177.0,gan_leaks_cal_sDE,4,DP-PGM ε=4,submission,0.9259,0.9384,0.9564388697075372,0.9248418269489138,0.9931504553637716,0.9769,0.992,0.9918679111146664,0.9768682563355904,0.9986234518073068,13.0,0.1275,0.0076583358676656,0.007763173394099,-0.0002183343025316,0.7542213883677298,30.1668,23.363,16.994297026624867,17.568279641776925,0.0571248821154787,0.0,0.4799074877132119,0.0,0.0,0.0002312807169702,0.0023148148148148,0.0195599610775322,0.0622362524327499,0.1325782815587183,0.059416675128928,0.1171396189345138,0.1166983007606651,0.0387881680760235,0.0473747636979943,0.0535030697914327,0.1812982148168929,0.0718360475205902,0.2384052103235085,0.9477940423789538,0.9459677419354839,0.9642804843163906,0.9945194593281078,0.9467416112159923,1.291221161665882
0.7999074716631969,0.5036662945831057,0.8033575272130031,0.803222020530025,0.6149466192170818,0.8888317696954119,0.1078346342873663,0.01040763226366,0.7880184331797235,171.0,gan_leaks_cal_dDE,4,DP-PGM ε=4,submission,0.9259,0.9384,0.9564388697075372,0.9248418269489138,0.9931504553637716,0.9769,0.992,0.9918679111146664,0.9768682563355904,0.9986234518073068,13.0,0.1275,0.0076583358676656,0.007763173394099,-0.0002183343025316,0.7542213883677298,30.1668,23.363,16.994297026624867,17.568279641776925,0.0571248821154787,0.0,0.4799074877132119,0.0,0.0,0.0002312807169702,0.0023148148148148,0.0195599610775322,0.0622362524327499,0.1325782815587183,0.059416675128928,0.1171396189345138,0.1166983007606651,0.0387881680760235,0.0473747636979943,0.0535030697914327,0.1812982148168929,0.0718360475205902,0.2384052103235085,0.9477940423789538,0.9459677419354839,0.9642804843163906,0.9945194593281078,0.9467416112159923,1.291221161665882
0.7999074716631969,0.5005164667052134,0.7991272838499609,0.7989046478429441,0.6185053380782918,0.8888317696954119,0.1000289100896212,0.0098294304712344,0.7741935483870968,168.0,LOGAN_D1_pca,4,DP-PGM ε=4,submission,0.9259,0.9384,0.9564388697075372,0.9248418269489138,0.9931504553637716,0.9769,0.992,0.9918679111146664,0.9768682563355904,0.9986234518073068,13.0,0.1275,0.0076583358676656,0.007763173394099,-0.0002183343025316,0.7542213883677298,30.1668,23.363,16.994297026624867,17.568279641776925,0.0571248821154787,0.0,0.4799074877132119,0.0,0.0,0.0002312807169702,0.0023148148148148,0.0195599610775322,0.0622362524327499,0.1325782815587183,0.059416675128928,0.1171396189345138,0.1166983007606651,0.0387881680760235,0.0473747636979943,0.0535030697914327,0.1812982148168929,0.0718360475205902,0.2384052103235085,0.9477940423789538,0.9459677419354839,0.9642804843163906,0.9945194593281078,0.9467416112159923,1.291221161665882
0.7999074716631969,0.4919633966143073,0.7967116078801766,0.7965596456293629,0.6117437722419928,0.8888317696954119,0.1011853136744724,0.0098294304712344,0.8018433179723502,174.0,LOGAN_D1_vDE,4,DP-PGM ε=4,submission,0.9259,0.9384,0.9564388697075372,0.9248418269489138,0.9931504553637716,0.9769,0.992,0.9918679111146664,0.9768682563355904,0.9986234518073068,13.0,0.1275,0.0076583358676656,0.007763173394099,-0.0002183343025316,0.7542213883677298,30.1668,23.363,16.994297026624867,17.568279641776925,0.0571248821154787,0.0,0.4799074877132119,0.0,0.0,0.0002312807169702,0.0023148148148148,0.0195599610775322,0.0622362524327499,0.1325782815587183,0.059416675128928,0.1171396189345138,0.1166983007606651,0.0387881680760235,0.0473747636979943,0.0535030697914327,0.1812982148168929,0.0718360475205902,0.2384052103235085,0.9477940423789538,0.9459677419354839,0.9642804843163906,0.9945194593281078,0.9467416112159923,1.291221161665882
0.7999074716631969,0.4887357724883021,0.7929519969375567,0.7927446047855504,0.609608540925267,0.8888317696954119,0.1011853136744724,0.0054929170280427,0.7649769585253456,166.0,LOGAN_D1_sDE,4,DP-PGM ε=4,submission,0.9259,0.9384,0.9564388697075372,0.9248418269489138,0.9931504553637716,0.9769,0.992,0.9918679111146664,0.9768682563355904,0.9986234518073068,13.0,0.1275,0.0076583358676656,0.007763173394099,-0.0002183343025316,0.7542213883677298,30.1668,23.363,16.994297026624867,17.568279641776925,0.0571248821154787,0.0,0.4799074877132119,0.0,0.0,0.0002312807169702,0.0023148148148148,0.0195599610775322,0.0622362524327499,0.1325782815587183,0.059416675128928,0.1171396189345138,0.1166983007606651,0.0387881680760235,0.0473747636979943,0.0535030697914327,0.1812982148168929,0.0718360475205902,0.2384052103235085,0.9477940423789538,0.9459677419354839,0.9642804843163906,0.9945194593281078,0.9467416112159923,1.291221161665882
0.8001387925052047,0.4871524097095071,0.7957965846292839,0.7956575712462128,0.6135231316725979,0.8889460154241645,0.092512286788089,0.0086730268863833,0.8110599078341014,176.0,LOGAN_D1_dDE,4,DP-PGM ε=4,submission,0.9259,0.9384,0.9564388697075372,0.9248418269489138,0.9931504553637716,0.9769,0.992,0.9918679111146664,0.9768682563355904,0.9986234518073068,13.0,0.1275,0.0076583358676656,0.007763173394099,-0.0002183343025316,0.7542213883677298,30.1668,23.363,16.994297026624867,17.568279641776925,0.0571248821154787,0.0,0.4799074877132119,0.0,0.0,0.0002312807169702,0.0023148148148148,0.0195599610775322,0.0622362524327499,0.1325782815587183,0.059416675128928,0.1171396189345138,0.1166983007606651,0.0387881680760235,0.0473747636979943,0.0535030697914327,0.1812982148168929,0.0718360475205902,0.2384052103235085,0.9477940423789538,0.9459677419354839,0.9642804843163906,0.9945194593281078,0.9467416112159923,1.291221161665882
0.2655563266250289,0.5083987202332197,0.8028745516899753,0.8149337218259457,0.1840143921870984,0.1840143921870984,1.0,0.0164835164835164,0.8248847926267281,179.0,MC,2,DP-PGM ε=4,submission,0.8809,0.9545,0.9607652921963042,0.8702836327565185,0.992934672813588,0.978,0.9933,0.9940760462232364,0.978010199346212,0.999399642449856,20.0,0.1942,0.0078309073326686,0.0074835505166002,-0.0002804506456405,0.7471109916689062,30.318,23.2381,16.958113788832243,17.68188625852316,0.0485196773835932,0.0,0.48582995951417,0.0,0.0,0.0,0.0,0.0194131236768456,0.0586232533456813,0.1422371687025089,0.0647852951844524,0.106488292425625,0.1146054368331658,0.0406515334620312,0.0464790236471031,0.0533016897118479,0.1711352827461699,0.0809146517036581,0.2411931775242986,0.900715746421268,0.9609382865196819,0.966490738657783,0.9935311467388359,0.8898512851280003,1.3046677654369334
0.799676150821189,0.4974545077678634,0.8039497280772341,0.803675752618109,0.6122085780387969,0.8886889460154241,0.1191440138808559,0.0141700404858299,0.815668202764977,177.0,gan_leaks,2,DP-PGM ε=4,submission,0.8809,0.9545,0.9607652921963042,0.8702836327565185,0.992934672813588,0.978,0.9933,0.9940760462232364,0.978010199346212,0.999399642449856,20.0,0.1942,0.0078309073326686,0.0074835505166002,-0.0002804506456405,0.7471109916689062,30.318,23.2381,16.958113788832243,17.68188625852316,0.0485196773835932,0.0,0.48582995951417,0.0,0.0,0.0,0.0,0.0194131236768456,0.0586232533456813,0.1422371687025089,0.0647852951844524,0.106488292425625,0.1146054368331658,0.0406515334620312,0.0464790236471031,0.0533016897118479,0.1711352827461699,0.0809146517036581,0.2411931775242986,0.900715746421268,0.9609382865196819,0.966490738657783,0.9935311467388359,0.8898512851280003,1.3046677654369334
0.799676150821189,0.5064466412808366,0.8005282359579138,0.8003196475394139,0.615767930236697,0.8886889460154241,0.097165991902834,0.0083863504916136,0.7741935483870968,168.0,loss_lr,2,DP-PGM ε=4,submission,0.8809,0.9545,0.9607652921963042,0.8702836327565185,0.992934672813588,0.978,0.9933,0.9940760462232364,0.978010199346212,0.999399642449856,20.0,0.1942,0.0078309073326686,0.0074835505166002,-0.0002804506456405,0.7471109916689062,30.318,23.2381,16.958113788832243,17.68188625852316,0.0485196773835932,0.0,0.48582995951417,0.0,0.0,0.0,0.0,0.0194131236768456,0.0586232533456813,0.1422371687025089,0.0647852951844524,0.106488292425625,0.1146054368331658,0.0406515334620312,0.0464790236471031,0.0533016897118479,0.1711352827461699,0.0809146517036581,0.2411931775242986,0.900715746421268,0.9609382865196819,0.966490738657783,0.9935311467388359,0.8898512851280003,1.3046677654369334
0.799676150821189,0.5044979055018605,0.7981977301492275,0.7979559633649647,0.6168357358960669,0.8886889460154241,0.1003470213996529,0.0026026604973973,0.7880184331797235,171.0,loss_rf,2,DP-PGM ε=4,submission,0.8809,0.9545,0.9607652921963042,0.8702836327565185,0.992934672813588,0.978,0.9933,0.9940760462232364,0.978010199346212,0.999399642449856,20.0,0.1942,0.0078309073326686,0.0074835505166002,-0.0002804506456405,0.7471109916689062,30.318,23.2381,16.958113788832243,17.68188625852316,0.0485196773835932,0.0,0.48582995951417,0.0,0.0,0.0,0.0,0.0194131236768456,0.0586232533456813,0.1422371687025089,0.0647852951844524,0.106488292425625,0.1146054368331658,0.0406515334620312,0.0464790236471031,0.0533016897118479,0.1711352827461699,0.0809146517036581,0.2411931775242986,0.900715746421268,0.9609382865196819,0.966490738657783,0.9935311467388359,0.8898512851280003,1.3046677654369334
0.7999074716631969,0.4915962650066696,0.7962761383195803,0.7960690729932064,0.6114967075992169,0.8888031880704461,0.0957200694042799,0.0106998264893001,0.8064516129032258,175.0,LOGAN_D1,2,DP-PGM ε=4,submission,0.8809,0.9545,0.9607652921963042,0.8702836327565185,0.992934672813588,0.978,0.9933,0.9940760462232364,0.978010199346212,0.999399642449856,20.0,0.1942,0.0078309073326686,0.0074835505166002,-0.0002804506456405,0.7471109916689062,30.318,23.2381,16.958113788832243,17.68188625852316,0.0485196773835932,0.0,0.48582995951417,0.0,0.0,0.0,0.0,0.0194131236768456,0.0586232533456813,0.1422371687025089,0.0647852951844524,0.106488292425625,0.1146054368331658,0.0406515334620312,0.0464790236471031,0.0533016897118479,0.1711352827461699,0.0809146517036581,0.2411931775242986,0.900715746421268,0.9609382865196819,0.966490738657783,0.9935311467388359,0.8898512851280003,1.3046677654369334
0.696969696969697,0.496708144304737,0.7979461980931155,0.7977299358182797,0.6139882541377469,0.8136027319294251,0.1038172353961827,0.0101214574898785,0.7788018433179723,169.0,gan_leaks_cal,2,DP-PGM ε=4,submission,0.8809,0.9545,0.9607652921963042,0.8702836327565185,0.992934672813588,0.978,0.9933,0.9940760462232364,0.978010199346212,0.999399642449856,20.0,0.1942,0.0078309073326686,0.0074835505166002,-0.0002804506456405,0.7471109916689062,30.318,23.2381,16.958113788832243,17.68188625852316,0.0485196773835932,0.0,0.48582995951417,0.0,0.0,0.0,0.0,0.0194131236768456,0.0586232533456813,0.1422371687025089,0.0647852951844524,0.106488292425625,0.1146054368331658,0.0406515334620312,0.0464790236471031,0.0533016897118479,0.1711352827461699,0.0809146517036581,0.2411931775242986,0.900715746421268,0.9609382865196819,0.966490738657783,0.9935311467388359,0.8898512851280003,1.3046677654369334
0.7820957668285913,0.500191229518884,0.8030441019423777,0.8028201467995796,0.6136323189179569,0.877215849843587,0.1145170618854829,0.0101214574898785,0.8248847926267281,179.0,domias_kde_pca,2,DP-PGM ε=4,submission,0.8809,0.9545,0.9607652921963042,0.8702836327565185,0.992934672813588,0.978,0.9933,0.9940760462232364,0.978010199346212,0.999399642449856,20.0,0.1942,0.0078309073326686,0.0074835505166002,-0.0002804506456405,0.7471109916689062,30.318,23.2381,16.958113788832243,17.68188625852316,0.0485196773835932,0.0,0.48582995951417,0.0,0.0,0.0,0.0,0.0194131236768456,0.0586232533456813,0.1422371687025089,0.0647852951844524,0.106488292425625,0.1146054368331658,0.0406515334620312,0.0464790236471031,0.0533016897118479,0.1711352827461699,0.0809146517036581,0.2411931775242986,0.900715746421268,0.9609382865196819,0.966490738657783,0.9935311467388359,0.8898512851280003,1.3046677654369334
0.8001387925052047,0.5007057439062307,0.8078896272735026,0.8077694674852334,0.615767930236697,0.8889460154241645,0.1310005783689994,0.0130133024869866,0.8341013824884793,181.0,domias_kde_vDE,2,DP-PGM ε=4,submission,0.8809,0.9545,0.9607652921963042,0.8702836327565185,0.992934672813588,0.978,0.9933,0.9940760462232364,0.978010199346212,0.999399642449856,20.0,0.1942,0.0078309073326686,0.0074835505166002,-0.0002804506456405,0.7471109916689062,30.318,23.2381,16.958113788832243,17.68188625852316,0.0485196773835932,0.0,0.48582995951417,0.0,0.0,0.0,0.0,0.0194131236768456,0.0586232533456813,0.1422371687025089,0.0647852951844524,0.106488292425625,0.1146054368331658,0.0406515334620312,0.0464790236471031,0.0533016897118479,0.1711352827461699,0.0809146517036581,0.2411931775242986,0.900715746421268,0.9609382865196819,0.966490738657783,0.9935311467388359,0.8898512851280003,1.3046677654369334
0.7999074716631969,0.4979075077645202,0.8043485472796449,0.8041491461882714,0.6161238654564869,0.8887745917448888,0.1171197223828802,0.0135916714864083,0.8387096774193549,182.0,domias_kde_sDE,2,DP-PGM ε=4,submission,0.8809,0.9545,0.9607652921963042,0.8702836327565185,0.992934672813588,0.978,0.9933,0.9940760462232364,0.978010199346212,0.999399642449856,20.0,0.1942,0.0078309073326686,0.0074835505166002,-0.0002804506456405,0.7471109916689062,30.318,23.2381,16.958113788832243,17.68188625852316,0.0485196773835932,0.0,0.48582995951417,0.0,0.0,0.0,0.0,0.0194131236768456,0.0586232533456813,0.1422371687025089,0.0647852951844524,0.106488292425625,0.1146054368331658,0.0406515334620312,0.0464790236471031,0.0533016897118479,0.1711352827461699,0.0809146517036581,0.2411931775242986,0.900715746421268,0.9609382865196819,0.966490738657783,0.9935311467388359,0.8898512851280003,1.3046677654369334
0.799676150821189,0.5014740051551734,0.8073942339300222,0.8071357111649885,0.6136323189179569,0.8886889460154241,0.137941006362059,0.0104106419895893,0.815668202764977,177.0,domias_kde_dDE,2,DP-PGM ε=4,submission,0.8809,0.9545,0.9607652921963042,0.8702836327565185,0.992934672813588,0.978,0.9933,0.9940760462232364,0.978010199346212,0.999399642449856,20.0,0.1942,0.0078309073326686,0.0074835505166002,-0.0002804506456405,0.7471109916689062,30.318,23.2381,16.958113788832243,17.68188625852316,0.0485196773835932,0.0,0.48582995951417,0.0,0.0,0.0,0.0,0.0194131236768456,0.0586232533456813,0.1422371687025089,0.0647852951844524,0.106488292425625,0.1146054368331658,0.0406515334620312,0.0464790236471031,0.0533016897118479,0.1711352827461699,0.0809146517036581,0.2411931775242986,0.900715746421268,0.9609382865196819,0.966490738657783,0.9935311467388359,0.8898512851280003,1.3046677654369334
0.7901919962988665,0.5009375929820103,0.7996005038796655,0.8239530212654722,0.6182594767752269,0.8825281699261753,0.2388663967611336,0.2388663967611336,0.7880184331797235,171.0,gan_leaks_cal_pca,2,DP-PGM ε=4,submission,0.8809,0.9545,0.9607652921963042,0.8702836327565185,0.992934672813588,0.978,0.9933,0.9940760462232364,0.978010199346212,0.999399642449856,20.0,0.1942,0.0078309073326686,0.0074835505166002,-0.0002804506456405,0.7471109916689062,30.318,23.2381,16.958113788832243,17.68188625852316,0.0485196773835932,0.0,0.48582995951417,0.0,0.0,0.0,0.0,0.0194131236768456,0.0586232533456813,0.1422371687025089,0.0647852951844524,0.106488292425625,0.1146054368331658,0.0406515334620312,0.0464790236471031,0.0533016897118479,0.1711352827461699,0.0809146517036581,0.2411931775242986,0.900715746421268,0.9609382865196819,0.966490738657783,0.9935311467388359,0.8898512851280003,1.3046677654369334
0.8001387925052047,0.4979807232621348,0.7994848706779805,0.7992967117279148,0.615056059797117,0.8889460154241645,0.0916714864083285,0.012434933487565,0.783410138248848,170.0,gan_leaks_cal_vDE,2,DP-PGM ε=4,submission,0.8809,0.9545,0.9607652921963042,0.8702836327565185,0.992934672813588,0.978,0.9933,0.9940760462232364,0.978010199346212,0.999399642449856,20.0,0.1942,0.0078309073326686,0.0074835505166002,-0.0002804506456405,0.7471109916689062,30.318,23.2381,16.958113788832243,17.68188625852316,0.0485196773835932,0.0,0.48582995951417,0.0,0.0,0.0,0.0,0.0194131236768456,0.0586232533456813,0.1422371687025089,0.0647852951844524,0.106488292425625,0.1146054368331658,0.0406515334620312,0.0464790236471031,0.0533016897118479,0.1711352827461699,0.0809146517036581,0.2411931775242986,0.900715746421268,0.9609382865196819,0.966490738657783,0.9935311467388359,0.8898512851280003,1.3046677654369334
0.799676150821189,0.4924835432289037,0.7926092780209528,0.7924174228005979,0.6175476063356469,0.8886889460154241,0.0902255639097744,0.0057836899942163,0.783410138248848,170.0,gan_leaks_cal_sDE,2,DP-PGM ε=4,submission,0.8809,0.9545,0.9607652921963042,0.8702836327565185,0.992934672813588,0.978,0.9933,0.9940760462232364,0.978010199346212,0.999399642449856,20.0,0.1942,0.0078309073326686,0.0074835505166002,-0.0002804506456405,0.7471109916689062,30.318,23.2381,16.958113788832243,17.68188625852316,0.0485196773835932,0.0,0.48582995951417,0.0,0.0,0.0,0.0,0.0194131236768456,0.0586232533456813,0.1422371687025089,0.0647852951844524,0.106488292425625,0.1146054368331658,0.0406515334620312,0.0464790236471031,0.0533016897118479,0.1711352827461699,0.0809146517036581,0.2411931775242986,0.900715746421268,0.9609382865196819,0.966490738657783,0.9935311467388359,0.8898512851280003,1.3046677654369334
0.799676150821189,0.506156119511763,0.7995475701244503,0.7992820484175212,0.6228866346324969,0.8886889460154241,0.1000578368999421,0.0060728744939271,0.7926267281105991,172.0,gan_leaks_cal_dDE,2,DP-PGM ε=4,submission,0.8809,0.9545,0.9607652921963042,0.8702836327565185,0.992934672813588,0.978,0.9933,0.9940760462232364,0.978010199346212,0.999399642449856,20.0,0.1942,0.0078309073326686,0.0074835505166002,-0.0002804506456405,0.7471109916689062,30.318,23.2381,16.958113788832243,17.68188625852316,0.0485196773835932,0.0,0.48582995951417,0.0,0.0,0.0,0.0,0.0194131236768456,0.0586232533456813,0.1422371687025089,0.0647852951844524,0.106488292425625,0.1146054368331658,0.0406515334620312,0.0464790236471031,0.0533016897118479,0.1711352827461699,0.0809146517036581,0.2411931775242986,0.900715746421268,0.9609382865196819,0.966490738657783,0.9935311467388359,0.8898512851280003,1.3046677654369334
0.8003701133472125,0.4985828287927466,0.8001891656787433,0.8000598558975678,0.6168357358960669,0.8890602905257745,0.0960092539039907,0.0127241179872758,0.8018433179723502,174.0,LOGAN_D1_pca,2,DP-PGM ε=4,submission,0.8809,0.9545,0.9607652921963042,0.8702836327565185,0.992934672813588,0.978,0.9933,0.9940760462232364,0.978010199346212,0.999399642449856,20.0,0.1942,0.0078309073326686,0.0074835505166002,-0.0002804506456405,0.7471109916689062,30.318,23.2381,16.958113788832243,17.68188625852316,0.0485196773835932,0.0,0.48582995951417,0.0,0.0,0.0,0.0,0.0194131236768456,0.0586232533456813,0.1422371687025089,0.0647852951844524,0.106488292425625,0.1146054368331658,0.0406515334620312,0.0464790236471031,0.0533016897118479,0.1711352827461699,0.0809146517036581,0.2411931775242986,0.900715746421268,0.9609382865196819,0.966490738657783,0.9935311467388359,0.8898512851280003,1.3046677654369334
0.8001387925052047,0.4927339469170926,0.7969473627763097,0.7967909151090847,0.610428901939847,0.8889460154241645,0.0931174089068826,0.0101214574898785,0.815668202764977,177.0,LOGAN_D1_vDE,2,DP-PGM ε=4,submission,0.8809,0.9545,0.9607652921963042,0.8702836327565185,0.992934672813588,0.978,0.9933,0.9940760462232364,0.978010199346212,0.999399642449856,20.0,0.1942,0.0078309073326686,0.0074835505166002,-0.0002804506456405,0.7471109916689062,30.318,23.2381,16.958113788832243,17.68188625852316,0.0485196773835932,0.0,0.48582995951417,0.0,0.0,0.0,0.0,0.0194131236768456,0.0586232533456813,0.1422371687025089,0.0647852951844524,0.106488292425625,0.1146054368331658,0.0406515334620312,0.0464790236471031,0.0533016897118479,0.1711352827461699,0.0809146517036581,0.2411931775242986,0.900715746421268,0.9609382865196819,0.966490738657783,0.9935311467388359,0.8898512851280003,1.3046677654369334
0.799676150821189,0.4975554716047566,0.7974862364917036,0.7973565273177444,0.6161238654564869,0.8886889460154241,0.0855986119144013,0.0112781954887218,0.783410138248848,170.0,LOGAN_D1_sDE,2,DP-PGM ε=4,submission,0.8809,0.9545,0.9607652921963042,0.8702836327565185,0.992934672813588,0.978,0.9933,0.9940760462232364,0.978010199346212,0.999399642449856,20.0,0.1942,0.0078309073326686,0.0074835505166002,-0.0002804506456405,0.7471109916689062,30.318,23.2381,16.958113788832243,17.68188625852316,0.0485196773835932,0.0,0.48582995951417,0.0,0.0,0.0,0.0,0.0194131236768456,0.0586232533456813,0.1422371687025089,0.0647852951844524,0.106488292425625,0.1146054368331658,0.0406515334620312,0.0464790236471031,0.0533016897118479,0.1711352827461699,0.0809146517036581,0.2411931775242986,0.900715746421268,0.9609382865196819,0.966490738657783,0.9935311467388359,0.8898512851280003,1.3046677654369334
0.799676150821189,0.5031770176887305,0.8003036921094397,0.8001793976198258,0.615056059797117,0.8886889460154241,0.0957200694042799,0.0121457489878542,0.8064516129032258,175.0,LOGAN_D1_dDE,2,DP-PGM ε=4,submission,0.8809,0.9545,0.9607652921963042,0.8702836327565185,0.992934672813588,0.978,0.9933,0.9940760462232364,0.978010199346212,0.999399642449856,20.0,0.1942,0.0078309073326686,0.0074835505166002,-0.0002804506456405,0.7471109916689062,30.318,23.2381,16.958113788832243,17.68188625852316,0.0485196773835932,0.0,0.48582995951417,0.0,0.0,0.0,0.0,0.0194131236768456,0.0586232533456813,0.1422371687025089,0.0647852951844524,0.106488292425625,0.1146054368331658,0.0406515334620312,0.0464790236471031,0.0533016897118479,0.1711352827461699,0.0809146517036581,0.2411931775242986,0.900715746421268,0.9609382865196819,0.966490738657783,0.9935311467388359,0.8898512851280003,1.3046677654369334
0.2613925514688873,0.5017887649314483,0.7990234641885449,0.8016532907747328,0.1793883320483166,0.1793883320483166,1.0,0.0060728744939271,0.7926267281105991,172.0,MC,1,DP-PGM ε=4,submission,0.8855,0.9302,0.9444637585340052,0.8684176605060662,0.9909823989683868,0.9803,0.9875,0.9910138580998532,0.9803028159095454,0.9984645675501927,19.0,0.1792,0.0076505175633158,0.0074812258598876,-0.0003290792573973,0.7656084656084656,30.2586,23.1698,16.94972931858989,17.64128655644256,0.0511451725982389,0.0,0.4759976865240023,0.0,0.0,0.0,0.0,0.0184479606179527,0.0578552282509093,0.1452770559284009,0.0603135982379464,0.1144402481047595,0.1146452066123014,0.0369639121940098,0.0448464528232434,0.0592304760556419,0.1780935701418607,0.0787697825418235,0.2239207761015052,0.9032949097215138,0.9419746835443038,0.9530278015939131,0.992506325387025,0.8858667407787972,1.3059499866205149
0.8001387925052047,0.5023388841155801,0.8002190964151956,0.8000230626489373,0.6182594767752269,0.8889460154241645,0.1061307113938692,0.0075187969924812,0.7926267281105991,172.0,gan_leaks,1,DP-PGM ε=4,submission,0.8855,0.9302,0.9444637585340052,0.8684176605060662,0.9909823989683868,0.9803,0.9875,0.9910138580998532,0.9803028159095454,0.9984645675501927,19.0,0.1792,0.0076505175633158,0.0074812258598876,-0.0003290792573973,0.7656084656084656,30.2586,23.1698,16.94972931858989,17.64128655644256,0.0511451725982389,0.0,0.4759976865240023,0.0,0.0,0.0,0.0,0.0184479606179527,0.0578552282509093,0.1452770559284009,0.0603135982379464,0.1144402481047595,0.1146452066123014,0.0369639121940098,0.0448464528232434,0.0592304760556419,0.1780935701418607,0.0787697825418235,0.2239207761015052,0.9032949097215138,0.9419746835443038,0.9530278015939131,0.992506325387025,0.8858667407787972,1.3059499866205149
0.799676150821189,0.4976607815670791,0.8017472424001055,0.8016194047201511,0.6161238654564869,0.8886889460154241,0.1124927703875072,0.0121457489878542,0.8064516129032258,175.0,loss_lr,1,DP-PGM ε=4,submission,0.8855,0.9302,0.9444637585340052,0.8684176605060662,0.9909823989683868,0.9803,0.9875,0.9910138580998532,0.9803028159095454,0.9984645675501927,19.0,0.1792,0.0076505175633158,0.0074812258598876,-0.0003290792573973,0.7656084656084656,30.2586,23.1698,16.94972931858989,17.64128655644256,0.0511451725982389,0.0,0.4759976865240023,0.0,0.0,0.0,0.0,0.0184479606179527,0.0578552282509093,0.1452770559284009,0.0603135982379464,0.1144402481047595,0.1146452066123014,0.0369639121940098,0.0448464528232434,0.0592304760556419,0.1780935701418607,0.0787697825418235,0.2239207761015052,0.9032949097215138,0.9419746835443038,0.9530278015939131,0.992506325387025,0.8858667407787972,1.3059499866205149
0.799676150821189,0.4980500941103314,0.802192826197984,0.8020816685068259,0.6154119950169069,0.8886889460154241,0.1012145748987854,0.0109890109890109,0.7880184331797235,171.0,loss_rf,1,DP-PGM ε=4,submission,0.8855,0.9302,0.9444637585340052,0.8684176605060662,0.9909823989683868,0.9803,0.9875,0.9910138580998532,0.9803028159095454,0.9984645675501927,19.0,0.1792,0.0076505175633158,0.0074812258598876,-0.0003290792573973,0.7656084656084656,30.2586,23.1698,16.94972931858989,17.64128655644256,0.0511451725982389,0.0,0.4759976865240023,0.0,0.0,0.0,0.0,0.0184479606179527,0.0578552282509093,0.1452770559284009,0.0603135982379464,0.1144402481047595,0.1146452066123014,0.0369639121940098,0.0448464528232434,0.0592304760556419,0.1780935701418607,0.0787697825418235,0.2239207761015052,0.9032949097215138,0.9419746835443038,0.9530278015939131,0.992506325387025,0.8858667407787972,1.3059499866205149
0.799676150821189,0.5049418789303183,0.8033632141554558,0.8031726952175303,0.6161238654564869,0.8886889460154241,0.0925390399074609,0.0141700404858299,0.815668202764977,177.0,LOGAN_D1,1,DP-PGM ε=4,submission,0.8855,0.9302,0.9444637585340052,0.8684176605060662,0.9909823989683868,0.9803,0.9875,0.9910138580998532,0.9803028159095454,0.9984645675501927,19.0,0.1792,0.0076505175633158,0.0074812258598876,-0.0003290792573973,0.7656084656084656,30.2586,23.1698,16.94972931858989,17.64128655644256,0.0511451725982389,0.0,0.4759976865240023,0.0,0.0,0.0,0.0,0.0184479606179527,0.0578552282509093,0.1452770559284009,0.0603135982379464,0.1144402481047595,0.1146452066123014,0.0369639121940098,0.0448464528232434,0.0592304760556419,0.1780935701418607,0.0787697825418235,0.2239207761015052,0.9032949097215138,0.9419746835443038,0.9530278015939131,0.992506325387025,0.8858667407787972,1.3059499866205149
0.6888734674994217,0.5039629977567307,0.8003396759315926,0.8002628875568791,0.6182594767752269,0.8068916008614501,0.090803932909196,0.012434933487565,0.7788018433179723,169.0,gan_leaks_cal,1,DP-PGM ε=4,submission,0.8855,0.9302,0.9444637585340052,0.8684176605060662,0.9909823989683868,0.9803,0.9875,0.9910138580998532,0.9803028159095454,0.9984645675501927,19.0,0.1792,0.0076505175633158,0.0074812258598876,-0.0003290792573973,0.7656084656084656,30.2586,23.1698,16.94972931858989,17.64128655644256,0.0511451725982389,0.0,0.4759976865240023,0.0,0.0,0.0,0.0,0.0184479606179527,0.0578552282509093,0.1452770559284009,0.0603135982379464,0.1144402481047595,0.1146452066123014,0.0369639121940098,0.0448464528232434,0.0592304760556419,0.1780935701418607,0.0787697825418235,0.2239207761015052,0.9032949097215138,0.9419746835443038,0.9530278015939131,0.992506325387025,0.8858667407787972,1.3059499866205149
0.7837150127226463,0.5029241066204863,0.8019319620249241,0.8017624429347814,0.6179035415554369,0.8781441417959077,0.1046847888953152,0.0080971659919028,0.7880184331797235,171.0,domias_kde_pca,1,DP-PGM ε=4,submission,0.8855,0.9302,0.9444637585340052,0.8684176605060662,0.9909823989683868,0.9803,0.9875,0.9910138580998532,0.9803028159095454,0.9984645675501927,19.0,0.1792,0.0076505175633158,0.0074812258598876,-0.0003290792573973,0.7656084656084656,30.2586,23.1698,16.94972931858989,17.64128655644256,0.0511451725982389,0.0,0.4759976865240023,0.0,0.0,0.0,0.0,0.0184479606179527,0.0578552282509093,0.1452770559284009,0.0603135982379464,0.1144402481047595,0.1146452066123014,0.0369639121940098,0.0448464528232434,0.0592304760556419,0.1780935701418607,0.0787697825418235,0.2239207761015052,0.9032949097215138,0.9419746835443038,0.9530278015939131,0.992506325387025,0.8858667407787972,1.3059499866205149
0.799676150821189,0.5037005586442763,0.8020892457102085,0.8019560303382385,0.618971347214807,0.8886889460154241,0.1020821283979178,0.0112781954887218,0.7926267281105991,172.0,domias_kde_vDE,1,DP-PGM ε=4,submission,0.8855,0.9302,0.9444637585340052,0.8684176605060662,0.9909823989683868,0.9803,0.9875,0.9910138580998532,0.9803028159095454,0.9984645675501927,19.0,0.1792,0.0076505175633158,0.0074812258598876,-0.0003290792573973,0.7656084656084656,30.2586,23.1698,16.94972931858989,17.64128655644256,0.0511451725982389,0.0,0.4759976865240023,0.0,0.0,0.0,0.0,0.0184479606179527,0.0578552282509093,0.1452770559284009,0.0603135982379464,0.1144402481047595,0.1146452066123014,0.0369639121940098,0.0448464528232434,0.0592304760556419,0.1780935701418607,0.0787697825418235,0.2239207761015052,0.9032949097215138,0.9419746835443038,0.9530278015939131,0.992506325387025,0.8858667407787972,1.3059499866205149
0.7999074716631969,0.5023184907577971,0.7981511682040574,0.7978782292345963,0.6186154119950169,0.8888031880704461,0.0855986119144013,0.0057836899942163,0.7419354838709677,161.0,domias_kde_sDE,1,DP-PGM ε=4,submission,0.8855,0.9302,0.9444637585340052,0.8684176605060662,0.9909823989683868,0.9803,0.9875,0.9910138580998532,0.9803028159095454,0.9984645675501927,19.0,0.1792,0.0076505175633158,0.0074812258598876,-0.0003290792573973,0.7656084656084656,30.2586,23.1698,16.94972931858989,17.64128655644256,0.0511451725982389,0.0,0.4759976865240023,0.0,0.0,0.0,0.0,0.0184479606179527,0.0578552282509093,0.1452770559284009,0.0603135982379464,0.1144402481047595,0.1146452066123014,0.0369639121940098,0.0448464528232434,0.0592304760556419,0.1780935701418607,0.0787697825418235,0.2239207761015052,0.9032949097215138,0.9419746835443038,0.9530278015939131,0.992506325387025,0.8858667407787972,1.3059499866205149
0.7999074716631969,0.4991622007441904,0.7993408362530257,0.7991945057642679,0.6154119950169069,0.8888031880704461,0.089358010410642,0.0121457489878542,0.7741935483870968,168.0,domias_kde_dDE,1,DP-PGM ε=4,submission,0.8855,0.9302,0.9444637585340052,0.8684176605060662,0.9909823989683868,0.9803,0.9875,0.9910138580998532,0.9803028159095454,0.9984645675501927,19.0,0.1792,0.0076505175633158,0.0074812258598876,-0.0003290792573973,0.7656084656084656,30.2586,23.1698,16.94972931858989,17.64128655644256,0.0511451725982389,0.0,0.4759976865240023,0.0,0.0,0.0,0.0,0.0184479606179527,0.0578552282509093,0.1452770559284009,0.0603135982379464,0.1144402481047595,0.1146452066123014,0.0369639121940098,0.0448464528232434,0.0592304760556419,0.1780935701418607,0.0787697825418235,0.2239207761015052,0.9032949097215138,0.9419746835443038,0.9530278015939131,0.992506325387025,0.8858667407787972,1.3059499866205149
0.7904233171408744,0.4943874804842252,0.7971313556248111,0.8213840220850417,0.612564513258587,0.8826424870466322,0.2382880277617119,0.2382880277617119,0.7926267281105991,172.0,gan_leaks_cal_pca,1,DP-PGM ε=4,submission,0.8855,0.9302,0.9444637585340052,0.8684176605060662,0.9909823989683868,0.9803,0.9875,0.9910138580998532,0.9803028159095454,0.9984645675501927,19.0,0.1792,0.0076505175633158,0.0074812258598876,-0.0003290792573973,0.7656084656084656,30.2586,23.1698,16.94972931858989,17.64128655644256,0.0511451725982389,0.0,0.4759976865240023,0.0,0.0,0.0,0.0,0.0184479606179527,0.0578552282509093,0.1452770559284009,0.0603135982379464,0.1144402481047595,0.1146452066123014,0.0369639121940098,0.0448464528232434,0.0592304760556419,0.1780935701418607,0.0787697825418235,0.2239207761015052,0.9032949097215138,0.9419746835443038,0.9530278015939131,0.992506325387025,0.8858667407787972,1.3059499866205149
0.799676150821189,0.4985982073904191,0.7974794169558017,0.7971925540430628,0.6161238654564869,0.8886889460154241,0.0934065934065934,0.0089647194910352,0.7880184331797235,171.0,gan_leaks_cal_vDE,1,DP-PGM ε=4,submission,0.8855,0.9302,0.9444637585340052,0.8684176605060662,0.9909823989683868,0.9803,0.9875,0.9910138580998532,0.9803028159095454,0.9984645675501927,19.0,0.1792,0.0076505175633158,0.0074812258598876,-0.0003290792573973,0.7656084656084656,30.2586,23.1698,16.94972931858989,17.64128655644256,0.0511451725982389,0.0,0.4759976865240023,0.0,0.0,0.0,0.0,0.0184479606179527,0.0578552282509093,0.1452770559284009,0.0603135982379464,0.1144402481047595,0.1146452066123014,0.0369639121940098,0.0448464528232434,0.0592304760556419,0.1780935701418607,0.0787697825418235,0.2239207761015052,0.9032949097215138,0.9419746835443038,0.9530278015939131,0.992506325387025,0.8858667407787972,1.3059499866205149
0.799676150821189,0.5083786611927774,0.8046330209952528,0.8043779166496758,0.616479800676277,0.8886889460154241,0.115962984384037,0.004626951995373,0.7972350230414746,173.0,gan_leaks_cal_sDE,1,DP-PGM ε=4,submission,0.8855,0.9302,0.9444637585340052,0.8684176605060662,0.9909823989683868,0.9803,0.9875,0.9910138580998532,0.9803028159095454,0.9984645675501927,19.0,0.1792,0.0076505175633158,0.0074812258598876,-0.0003290792573973,0.7656084656084656,30.2586,23.1698,16.94972931858989,17.64128655644256,0.0511451725982389,0.0,0.4759976865240023,0.0,0.0,0.0,0.0,0.0184479606179527,0.0578552282509093,0.1452770559284009,0.0603135982379464,0.1144402481047595,0.1146452066123014,0.0369639121940098,0.0448464528232434,0.0592304760556419,0.1780935701418607,0.0787697825418235,0.2239207761015052,0.9032949097215138,0.9419746835443038,0.9530278015939131,0.992506325387025,0.8858667407787972,1.3059499866205149
0.799676150821189,0.5052200309577858,0.8016299079450598,0.8014904735372886,0.6171916711158569,0.8886889460154241,0.0922498554077501,0.0164835164835164,0.7972350230414746,173.0,gan_leaks_cal_dDE,1,DP-PGM ε=4,submission,0.8855,0.9302,0.9444637585340052,0.8684176605060662,0.9909823989683868,0.9803,0.9875,0.9910138580998532,0.9803028159095454,0.9984645675501927,19.0,0.1792,0.0076505175633158,0.0074812258598876,-0.0003290792573973,0.7656084656084656,30.2586,23.1698,16.94972931858989,17.64128655644256,0.0511451725982389,0.0,0.4759976865240023,0.0,0.0,0.0,0.0,0.0184479606179527,0.0578552282509093,0.1452770559284009,0.0603135982379464,0.1144402481047595,0.1146452066123014,0.0369639121940098,0.0448464528232434,0.0592304760556419,0.1780935701418607,0.0787697825418235,0.2239207761015052,0.9032949097215138,0.9419746835443038,0.9530278015939131,0.992506325387025,0.8858667407787972,1.3059499866205149
0.799676150821189,0.5055954693313987,0.8028264736109398,0.8025568217209924,0.6186154119950169,0.8886889460154241,0.1058415268941584,0.0115673799884326,0.7880184331797235,171.0,LOGAN_D1_pca,1,DP-PGM ε=4,submission,0.8855,0.9302,0.9444637585340052,0.8684176605060662,0.9909823989683868,0.9803,0.9875,0.9910138580998532,0.9803028159095454,0.9984645675501927,19.0,0.1792,0.0076505175633158,0.0074812258598876,-0.0003290792573973,0.7656084656084656,30.2586,23.1698,16.94972931858989,17.64128655644256,0.0511451725982389,0.0,0.4759976865240023,0.0,0.0,0.0,0.0,0.0184479606179527,0.0578552282509093,0.1452770559284009,0.0603135982379464,0.1144402481047595,0.1146452066123014,0.0369639121940098,0.0448464528232434,0.0592304760556419,0.1780935701418607,0.0787697825418235,0.2239207761015052,0.9032949097215138,0.9419746835443038,0.9530278015939131,0.992506325387025,0.8858667407787972,1.3059499866205149
0.799676150821189,0.5093261165363385,0.8052921981732211,0.8051450064660584,0.6200391528741769,0.8886889460154241,0.1055523423944476,0.009253903990746,0.8202764976958525,178.0,LOGAN_D1_vDE,1,DP-PGM ε=4,submission,0.8855,0.9302,0.9444637585340052,0.8684176605060662,0.9909823989683868,0.9803,0.9875,0.9910138580998532,0.9803028159095454,0.9984645675501927,19.0,0.1792,0.0076505175633158,0.0074812258598876,-0.0003290792573973,0.7656084656084656,30.2586,23.1698,16.94972931858989,17.64128655644256,0.0511451725982389,0.0,0.4759976865240023,0.0,0.0,0.0,0.0,0.0184479606179527,0.0578552282509093,0.1452770559284009,0.0603135982379464,0.1144402481047595,0.1146452066123014,0.0369639121940098,0.0448464528232434,0.0592304760556419,0.1780935701418607,0.0787697825418235,0.2239207761015052,0.9032949097215138,0.9419746835443038,0.9530278015939131,0.992506325387025,0.8858667407787972,1.3059499866205149
0.7999074716631969,0.5064285881444385,0.8042566125975059,0.804123942653884,0.6182594767752269,0.8887459807073955,0.1064198958935801,0.015615962984384,0.7926267281105991,172.0,LOGAN_D1_sDE,1,DP-PGM ε=4,submission,0.8855,0.9302,0.9444637585340052,0.8684176605060662,0.9909823989683868,0.9803,0.9875,0.9910138580998532,0.9803028159095454,0.9984645675501927,19.0,0.1792,0.0076505175633158,0.0074812258598876,-0.0003290792573973,0.7656084656084656,30.2586,23.1698,16.94972931858989,17.64128655644256,0.0511451725982389,0.0,0.4759976865240023,0.0,0.0,0.0,0.0,0.0184479606179527,0.0578552282509093,0.1452770559284009,0.0603135982379464,0.1144402481047595,0.1146452066123014,0.0369639121940098,0.0448464528232434,0.0592304760556419,0.1780935701418607,0.0787697825418235,0.2239207761015052,0.9032949097215138,0.9419746835443038,0.9530278015939131,0.992506325387025,0.8858667407787972,1.3059499866205149
0.799676150821189,0.5063309674809523,0.8062105648328053,0.8060348284477898,0.6171916711158569,0.8886889460154241,0.1153846153846153,0.0106998264893001,0.8341013824884793,181.0,LOGAN_D1_dDE,1,DP-PGM ε=4,submission,0.8855,0.9302,0.9444637585340052,0.8684176605060662,0.9909823989683868,0.9803,0.9875,0.9910138580998532,0.9803028159095454,0.9984645675501927,19.0,0.1792,0.0076505175633158,0.0074812258598876,-0.0003290792573973,0.7656084656084656,30.2586,23.1698,16.94972931858989,17.64128655644256,0.0511451725982389,0.0,0.4759976865240023,0.0,0.0,0.0,0.0,0.0184479606179527,0.0578552282509093,0.1452770559284009,0.0603135982379464,0.1144402481047595,0.1146452066123014,0.0369639121940098,0.0448464528232434,0.0592304760556419,0.1780935701418607,0.0787697825418235,0.2239207761015052,0.9032949097215138,0.9419746835443038,0.9530278015939131,0.992506325387025,0.8858667407787972,1.3059499866205149
