pathway,mean_real,mean_synth,mean_diff,effect_size,var_real,var_synth,var_ratio,ks_stat,ks_pval,split_no,fold,origin
HALLMARK_ADIPOGENESIS,0.1441,0.1347,-0.0094,-0.2417,0.0013,0.0017,1.3077,0.1332,0.0,2,2,MVN
HALLMARK_ALLOGRAFT_REJECTION,0.0268,0.0279,0.0011,0.0142,0.0054,0.0063,1.1667,0.0482,0.2633,2,2,MVN
HALLMARK_ANDROGEN_RESPONSE,0.149,0.1422,-0.0068,-0.1394,0.0024,0.0024,1.0,0.0953,0.0007,2,2,MVN
HALLMARK_ANGIOGENESIS,0.2064,0.19,-0.0164,-0.2135,0.0057,0.0061,1.0702,0.1183,0.0,2,2,MVN
HALLMARK_APICAL_JUNCTION,0.1321,0.1247,-0.0074,-0.1596,0.002,0.0023,1.15,0.0941,0.0009,2,2,MVN
HALLMARK_APICAL_SURFACE,0.2711,0.2559,-0.0151,-0.2769,0.0028,0.0031,1.1071,0.2147,0.0,2,2,MVN
HALLMARK_APOPTOSIS,0.1559,0.1463,-0.0096,-0.362,0.0006,0.0008,1.3333,0.1848,0.0,2,2,MVN
HALLMARK_BILE_ACID_METABOLISM,-0.0486,-0.0405,0.0081,0.1164,0.0044,0.0053,1.2045,0.0873,0.0026,2,2,MVN
HALLMARK_CHOLESTEROL_HOMEOSTASIS,-0.0789,-0.0641,0.0148,0.2591,0.0032,0.0033,1.0312,0.1355,0.0,2,2,MVN
HALLMARK_COAGULATION,0.1149,0.107,-0.0079,-0.0854,0.008,0.0093,1.1625,0.054,0.1583,2,2,MVN
HALLMARK_COMPLEMENT,0.143,0.1329,-0.0101,-0.2394,0.0016,0.002,1.25,0.1068,0.0001,2,2,MVN
HALLMARK_DNA_REPAIR,-0.0173,-0.0122,0.0051,0.098,0.0025,0.0029,1.16,0.0677,0.0368,2,2,MVN
HALLMARK_E2F_TARGETS,-0.0017,0.0001,0.0018,0.0206,0.0074,0.0079,1.0676,0.0253,0.9439,2,2,MVN
HALLMARK_EPITHELIAL_MESENCHYMAL_TRANSITION,0.227,0.2096,-0.0174,-0.2372,0.005,0.0057,1.14,0.1022,0.0002,2,2,MVN
HALLMARK_ESTROGEN_RESPONSE_EARLY,0.2013,0.186,-0.0153,-0.2321,0.0045,0.0042,0.9333,0.1561,0.0,2,2,MVN
HALLMARK_ESTROGEN_RESPONSE_LATE,0.1461,0.1363,-0.0098,-0.2484,0.0014,0.0017,1.2143,0.1274,0.0,2,2,MVN
HALLMARK_FATTY_ACID_METABOLISM,0.0003,0.0039,0.0036,0.0665,0.0027,0.0033,1.2222,0.0792,0.0085,2,2,MVN
HALLMARK_G2M_CHECKPOINT,0.037,0.0376,0.0005,0.0068,0.0056,0.0061,1.0893,0.0276,0.8955,2,2,MVN
HALLMARK_GLYCOLYSIS,0.0527,0.0519,-0.0008,-0.0245,0.001,0.0012,1.2,0.0448,0.347,2,2,MVN
HALLMARK_HEDGEHOG_SIGNALING,-0.0274,-0.021,0.0064,0.0657,0.0087,0.0103,1.1839,0.0712,0.0242,2,2,MVN
HALLMARK_HEME_METABOLISM,0.1267,0.1158,-0.0109,-0.2401,0.0019,0.0022,1.1579,0.1274,0.0,2,2,MVN
HALLMARK_HYPOXIA,0.1238,0.1156,-0.0082,-0.1496,0.0028,0.0032,1.1429,0.0769,0.0116,2,2,MVN
HALLMARK_IL2_STAT5_SIGNALING,0.1373,0.1278,-0.0096,-0.2308,0.0015,0.0019,1.2667,0.1493,0.0,2,2,MVN
HALLMARK_IL6_JAK_STAT3_SIGNALING,0.2111,0.1949,-0.0162,-0.3089,0.0024,0.0031,1.2917,0.1538,0.0,2,2,MVN
HALLMARK_INFLAMMATORY_RESPONSE,0.0312,0.0301,-0.0012,-0.0156,0.0054,0.0059,1.0926,0.039,0.5206,2,2,MVN
HALLMARK_INTERFERON_ALPHA_RESPONSE,0.1812,0.1658,-0.0153,-0.125,0.0138,0.0164,1.1884,0.0608,0.0795,2,2,MVN
HALLMARK_INTERFERON_GAMMA_RESPONSE,0.0817,0.0779,-0.0037,-0.0577,0.0038,0.0045,1.1842,0.0494,0.239,2,2,MVN
HALLMARK_KRAS_SIGNALING_DN,-0.4406,-0.3995,0.0411,0.4841,0.0053,0.0091,1.717,0.1814,0.0,2,2,MVN
HALLMARK_KRAS_SIGNALING_UP,-0.0152,-0.0168,-0.0016,-0.0222,0.0044,0.0058,1.3182,0.0494,0.239,2,2,MVN
HALLMARK_MITOTIC_SPINDLE,0.1232,0.1136,-0.0096,-0.1853,0.0025,0.0029,1.16,0.1286,0.0,2,2,MVN
HALLMARK_MTORC1_SIGNALING,0.1242,0.1206,-0.0037,-0.1047,0.0012,0.0012,1.0,0.0436,0.3785,2,2,MVN
HALLMARK_MYC_TARGETS_V1,0.2461,0.2292,-0.0169,-0.3336,0.0025,0.0027,1.08,0.155,0.0,2,2,MVN
HALLMARK_MYC_TARGETS_V2,0.0859,0.0854,-0.0005,-0.0063,0.0059,0.007,1.1864,0.0471,0.2894,2,2,MVN
HALLMARK_MYOGENESIS,0.2686,0.2522,-0.0164,-0.2877,0.0032,0.0033,1.0312,0.1274,0.0,2,2,MVN
HALLMARK_NOTCH_SIGNALING,0.1713,0.1607,-0.0106,-0.1431,0.0052,0.0057,1.0962,0.0873,0.0026,2,2,MVN
HALLMARK_OXIDATIVE_PHOSPHORYLATION,0.1037,0.0984,-0.0053,-0.1154,0.0018,0.0025,1.3889,0.0838,0.0044,2,2,MVN
HALLMARK_P53_PATHWAY,0.0021,0.0051,0.003,0.0796,0.0012,0.0016,1.3333,0.0586,0.1009,2,2,MVN
HALLMARK_PANCREAS_BETA_CELLS,-0.2281,-0.1913,0.0368,0.2003,0.0282,0.0394,1.3972,0.1263,0.0,2,2,MVN
HALLMARK_PEROXISOME,0.0951,0.0941,-0.001,-0.022,0.0018,0.0021,1.1667,0.0333,0.7198,2,2,MVN
HALLMARK_PI3K_AKT_MTOR_SIGNALING,0.0965,0.0915,-0.005,-0.1426,0.0011,0.0014,1.2727,0.0896,0.0019,2,2,MVN
HALLMARK_PROTEIN_SECRETION,0.2637,0.2475,-0.0162,-0.3876,0.0016,0.0019,1.1875,0.1871,0.0,2,2,MVN
HALLMARK_REACTIVE_OXYGEN_SPECIES_PATHWAY,0.0809,0.0748,-0.0061,-0.0993,0.0033,0.0043,1.303,0.0769,0.0116,2,2,MVN
HALLMARK_SPERMATOGENESIS,-0.1167,-0.0995,0.0172,0.2077,0.0067,0.007,1.0448,0.0896,0.0019,2,2,MVN
HALLMARK_TGF_BETA_SIGNALING,0.2291,0.2062,-0.0229,-0.2729,0.0064,0.0077,1.2031,0.1412,0.0,2,2,MVN
HALLMARK_TNFA_SIGNALING_VIA_NFKB,0.0902,0.0829,-0.0073,-0.1033,0.0047,0.0052,1.1064,0.0574,0.1133,2,2,MVN
HALLMARK_UNFOLDED_PROTEIN_RESPONSE,0.1038,0.1009,-0.0029,-0.0874,0.001,0.0012,1.2,0.0563,0.127,2,2,MVN
HALLMARK_UV_RESPONSE_DN,0.1502,0.1372,-0.013,-0.2228,0.0032,0.0035,1.0938,0.1389,0.0,2,2,MVN
HALLMARK_UV_RESPONSE_UP,0.1062,0.1017,-0.0045,-0.1165,0.0013,0.0017,1.3077,0.0815,0.0061,2,2,MVN
HALLMARK_WNT_BETA_CATENIN_SIGNALING,0.0789,0.0714,-0.0075,-0.0999,0.0055,0.0057,1.0364,0.062,0.0703,2,2,MVN
HALLMARK_XENOBIOTIC_METABOLISM,0.068,0.0674,-0.0006,-0.0168,0.0012,0.0014,1.1667,0.0459,0.3173,2,2,MVN
HALLMARK_ADIPOGENESIS,0.1375,0.1313,-0.0062,-0.1623,0.0012,0.0017,1.4167,0.1067,0.0001,5,5,MVN
HALLMARK_ALLOGRAFT_REJECTION,0.0241,0.0299,0.0058,0.0819,0.0045,0.0054,1.2,0.0803,0.0073,5,5,MVN
HALLMARK_ANDROGEN_RESPONSE,0.1396,0.1327,-0.007,-0.1456,0.0021,0.0024,1.1429,0.117,0.0,5,5,MVN
HALLMARK_ANGIOGENESIS,0.1979,0.1919,-0.0061,-0.0841,0.005,0.0054,1.08,0.0608,0.0798,5,5,MVN
HALLMARK_APICAL_JUNCTION,0.1247,0.1214,-0.0033,-0.0756,0.0018,0.0021,1.1667,0.0631,0.0623,5,5,MVN
HALLMARK_APICAL_SURFACE,0.2563,0.2472,-0.0091,-0.1683,0.0025,0.0033,1.32,0.1353,0.0,5,5,MVN
HALLMARK_APOPTOSIS,0.1481,0.1422,-0.0059,-0.2356,0.0006,0.0007,1.1667,0.1411,0.0,5,5,MVN
HALLMARK_BILE_ACID_METABOLISM,-0.0482,-0.0451,0.0031,0.0468,0.0039,0.005,1.2821,0.0573,0.1137,5,5,MVN
HALLMARK_CHOLESTEROL_HOMEOSTASIS,-0.0731,-0.0634,0.0098,0.1803,0.0028,0.0031,1.1071,0.0894,0.0019,5,5,MVN
HALLMARK_COAGULATION,0.1102,0.1083,-0.0018,-0.0209,0.0069,0.0084,1.2174,0.0344,0.6805,5,5,MVN
HALLMARK_COMPLEMENT,0.1348,0.131,-0.0039,-0.098,0.0013,0.0018,1.3846,0.0665,0.0422,5,5,MVN
HALLMARK_DNA_REPAIR,-0.0151,-0.0101,0.005,0.1006,0.0023,0.0027,1.1739,0.0677,0.0369,5,5,MVN
HALLMARK_E2F_TARGETS,-0.0008,0.0,0.0007,0.0088,0.0068,0.0069,1.0147,0.0264,0.9221,5,5,MVN
HALLMARK_EPITHELIAL_MESENCHYMAL_TRANSITION,0.2173,0.208,-0.0093,-0.1338,0.0043,0.0053,1.2326,0.0631,0.0623,5,5,MVN
HALLMARK_ESTROGEN_RESPONSE_EARLY,0.1907,0.1794,-0.0112,-0.1757,0.0041,0.0041,1.0,0.1055,0.0001,5,5,MVN
HALLMARK_ESTROGEN_RESPONSE_LATE,0.1391,0.1317,-0.0074,-0.1869,0.0013,0.0018,1.3846,0.1124,0.0,5,5,MVN
HALLMARK_FATTY_ACID_METABOLISM,0.0014,0.0035,0.0021,0.0399,0.0024,0.003,1.25,0.0608,0.0798,5,5,MVN
HALLMARK_G2M_CHECKPOINT,0.0356,0.0337,-0.0019,-0.0262,0.0051,0.0054,1.0588,0.0528,0.1766,5,5,MVN
HALLMARK_GLYCOLYSIS,0.0517,0.0505,-0.0012,-0.0348,0.001,0.0012,1.2,0.055,0.1424,5,5,MVN
HALLMARK_HEDGEHOG_SIGNALING,-0.0284,-0.0361,-0.0077,-0.0815,0.0077,0.0101,1.3117,0.0917,0.0013,5,5,MVN
HALLMARK_HEME_METABOLISM,0.1193,0.1111,-0.0082,-0.1896,0.0018,0.002,1.1111,0.0963,0.0006,5,5,MVN
HALLMARK_HYPOXIA,0.1186,0.1145,-0.004,-0.0766,0.0025,0.003,1.2,0.0516,0.1959,5,5,MVN
HALLMARK_IL2_STAT5_SIGNALING,0.1297,0.1253,-0.0044,-0.1131,0.0013,0.0017,1.3077,0.0734,0.0182,5,5,MVN
HALLMARK_IL6_JAK_STAT3_SIGNALING,0.1987,0.19,-0.0087,-0.1765,0.0021,0.0028,1.3333,0.1044,0.0002,5,5,MVN
HALLMARK_INFLAMMATORY_RESPONSE,0.0284,0.0307,0.0023,0.032,0.0046,0.0057,1.2391,0.0505,0.2169,5,5,MVN
HALLMARK_INTERFERON_ALPHA_RESPONSE,0.1684,0.1672,-0.0013,-0.0107,0.0127,0.0153,1.2047,0.0378,0.5602,5,5,MVN
HALLMARK_INTERFERON_GAMMA_RESPONSE,0.0753,0.0766,0.0013,0.021,0.0034,0.0043,1.2647,0.0482,0.2639,5,5,MVN
HALLMARK_KRAS_SIGNALING_DN,-0.4172,-0.3891,0.0281,0.3434,0.0049,0.0084,1.7143,0.1284,0.0,5,5,MVN
HALLMARK_KRAS_SIGNALING_UP,-0.0129,-0.0087,0.0042,0.0636,0.0038,0.005,1.3158,0.0711,0.0244,5,5,MVN
HALLMARK_MITOTIC_SPINDLE,0.1159,0.1084,-0.0075,-0.1493,0.0022,0.0028,1.2727,0.1193,0.0,5,5,MVN
HALLMARK_MTORC1_SIGNALING,0.1183,0.1146,-0.0037,-0.1074,0.0011,0.0013,1.1818,0.0619,0.0706,5,5,MVN
HALLMARK_MYC_TARGETS_V1,0.2337,0.2215,-0.0122,-0.2451,0.0024,0.0026,1.0833,0.1193,0.0,5,5,MVN
HALLMARK_MYC_TARGETS_V2,0.0821,0.0799,-0.0022,-0.0284,0.0056,0.0061,1.0893,0.0424,0.4124,5,5,MVN
HALLMARK_MYOGENESIS,0.2552,0.2459,-0.0093,-0.1702,0.0029,0.0031,1.069,0.0826,0.0052,5,5,MVN
HALLMARK_NOTCH_SIGNALING,0.162,0.1522,-0.0098,-0.1402,0.0046,0.0051,1.1087,0.0803,0.0073,5,5,MVN
HALLMARK_OXIDATIVE_PHOSPHORYLATION,0.1,0.0957,-0.0043,-0.0941,0.0017,0.0024,1.4118,0.0826,0.0052,5,5,MVN
HALLMARK_P53_PATHWAY,0.003,0.0061,0.0031,0.0855,0.0011,0.0015,1.3636,0.0665,0.0422,5,5,MVN
HALLMARK_PANCREAS_BETA_CELLS,-0.2148,-0.1979,0.0169,0.0953,0.0269,0.0357,1.3271,0.0768,0.0116,5,5,MVN
HALLMARK_PEROXISOME,0.0902,0.0887,-0.0014,-0.0336,0.0016,0.0019,1.1875,0.047,0.2901,5,5,MVN
HALLMARK_PI3K_AKT_MTOR_SIGNALING,0.0921,0.0896,-0.0025,-0.08,0.0009,0.0011,1.2222,0.07,0.028,5,5,MVN
HALLMARK_PROTEIN_SECRETION,0.2499,0.2391,-0.0108,-0.2603,0.0015,0.0019,1.2667,0.1365,0.0,5,5,MVN
HALLMARK_REACTIVE_OXYGEN_SPECIES_PATHWAY,0.0758,0.0705,-0.0053,-0.0913,0.0029,0.0038,1.3103,0.0791,0.0085,5,5,MVN
HALLMARK_SPERMATOGENESIS,-0.1095,-0.102,0.0075,0.0942,0.0061,0.0064,1.0492,0.0493,0.2395,5,5,MVN
HALLMARK_TGF_BETA_SIGNALING,0.2149,0.2064,-0.0085,-0.1068,0.006,0.0066,1.1,0.0826,0.0052,5,5,MVN
HALLMARK_TNFA_SIGNALING_VIA_NFKB,0.0845,0.0825,-0.002,-0.0298,0.0042,0.0047,1.119,0.0493,0.2395,5,5,MVN
HALLMARK_UNFOLDED_PROTEIN_RESPONSE,0.0986,0.0978,-0.0007,-0.0238,0.0009,0.0011,1.2222,0.0596,0.09,5,5,MVN
HALLMARK_UV_RESPONSE_DN,0.1406,0.133,-0.0076,-0.136,0.0029,0.0033,1.1379,0.0917,0.0013,5,5,MVN
HALLMARK_UV_RESPONSE_UP,0.1011,0.0992,-0.0019,-0.0533,0.0011,0.0014,1.2727,0.0711,0.0244,5,5,MVN
HALLMARK_WNT_BETA_CATENIN_SIGNALING,0.0748,0.07,-0.0048,-0.0661,0.005,0.0054,1.08,0.0528,0.1766,5,5,MVN
HALLMARK_XENOBIOTIC_METABOLISM,0.0645,0.0661,0.0016,0.0456,0.001,0.0014,1.4,0.0642,0.0548,5,5,MVN
HALLMARK_ADIPOGENESIS,0.1376,0.1342,-0.0033,-0.0898,0.0012,0.0016,1.3333,0.0907,0.0015,4,4,MVN
HALLMARK_ALLOGRAFT_REJECTION,0.0247,0.0268,0.0021,0.0287,0.0047,0.0064,1.3617,0.0677,0.0368,4,4,MVN
HALLMARK_ANDROGEN_RESPONSE,0.1418,0.1384,-0.0034,-0.0681,0.0022,0.0028,1.2727,0.0677,0.0368,4,4,MVN
HALLMARK_ANGIOGENESIS,0.1978,0.2008,0.003,0.0413,0.005,0.0054,1.08,0.0425,0.4116,4,4,MVN
HALLMARK_APICAL_JUNCTION,0.1246,0.1277,0.0031,0.0689,0.0018,0.0022,1.2222,0.0494,0.239,4,4,MVN
HALLMARK_APICAL_SURFACE,0.2571,0.2559,-0.0013,-0.0236,0.0026,0.0031,1.1923,0.07,0.0279,4,4,MVN
HALLMARK_APOPTOSIS,0.1481,0.1462,-0.0019,-0.0731,0.0006,0.0008,1.3333,0.0941,0.0009,4,4,MVN
HALLMARK_BILE_ACID_METABOLISM,-0.0477,-0.0502,-0.0025,-0.0366,0.0039,0.0055,1.4103,0.0631,0.062,4,4,MVN
HALLMARK_CHOLESTEROL_HOMEOSTASIS,-0.0741,-0.0673,0.0068,0.1202,0.0028,0.0035,1.25,0.0827,0.0052,4,4,MVN
HALLMARK_COAGULATION,0.1108,0.1176,0.0068,0.0756,0.0074,0.0089,1.2027,0.0631,0.062,4,4,MVN
HALLMARK_COMPLEMENT,0.1347,0.1342,-0.0005,-0.0122,0.0014,0.0019,1.3571,0.0563,0.127,4,4,MVN
HALLMARK_DNA_REPAIR,-0.0175,-0.0138,0.0037,0.0743,0.0022,0.0029,1.3182,0.0586,0.1009,4,4,MVN
HALLMARK_E2F_TARGETS,-0.002,-0.0048,-0.0028,-0.0333,0.0066,0.0077,1.1667,0.0471,0.2894,4,4,MVN
HALLMARK_EPITHELIAL_MESENCHYMAL_TRANSITION,0.2165,0.219,0.0025,0.0341,0.0048,0.006,1.25,0.0608,0.0795,4,4,MVN
HALLMARK_ESTROGEN_RESPONSE_EARLY,0.191,0.1865,-0.0045,-0.0673,0.004,0.0049,1.225,0.0528,0.1761,4,4,MVN
HALLMARK_ESTROGEN_RESPONSE_LATE,0.1379,0.1348,-0.0031,-0.0781,0.0013,0.0019,1.4615,0.0873,0.0026,4,4,MVN
HALLMARK_FATTY_ACID_METABOLISM,0.0007,0.003,0.0024,0.0471,0.0022,0.0028,1.2727,0.0735,0.0181,4,4,MVN
HALLMARK_G2M_CHECKPOINT,0.0346,0.0322,-0.0025,-0.0335,0.005,0.0058,1.16,0.0459,0.3173,4,4,MVN
HALLMARK_GLYCOLYSIS,0.0506,0.0518,0.0011,0.0347,0.001,0.0012,1.2,0.0586,0.1009,4,4,MVN
HALLMARK_HEDGEHOG_SIGNALING,-0.0269,-0.0304,-0.0034,-0.0369,0.0075,0.0099,1.32,0.0597,0.0897,4,4,MVN
HALLMARK_HEME_METABOLISM,0.1201,0.1117,-0.0085,-0.1851,0.0018,0.0024,1.3333,0.093,0.0011,4,4,MVN
HALLMARK_HYPOXIA,0.1184,0.1177,-0.0006,-0.012,0.0026,0.0031,1.1923,0.0482,0.2633,4,4,MVN
HALLMARK_IL2_STAT5_SIGNALING,0.1305,0.128,-0.0025,-0.0639,0.0013,0.0017,1.3077,0.0586,0.1009,4,4,MVN
HALLMARK_IL6_JAK_STAT3_SIGNALING,0.2,0.1946,-0.0054,-0.1086,0.0021,0.0029,1.381,0.1056,0.0001,4,4,MVN
HALLMARK_INFLAMMATORY_RESPONSE,0.0286,0.0314,0.0028,0.0387,0.0047,0.0057,1.2128,0.0689,0.0321,4,4,MVN
HALLMARK_INTERFERON_ALPHA_RESPONSE,0.1689,0.1681,-0.0008,-0.0067,0.0126,0.0176,1.3968,0.0586,0.1009,4,4,MVN
HALLMARK_INTERFERON_GAMMA_RESPONSE,0.0755,0.0759,0.0004,0.0063,0.0035,0.005,1.4286,0.0574,0.1133,4,4,MVN
HALLMARK_KRAS_SIGNALING_DN,-0.4186,-0.401,0.0175,0.213,0.0049,0.0087,1.7755,0.1171,0.0,4,4,MVN
HALLMARK_KRAS_SIGNALING_UP,-0.0136,-0.0112,0.0024,0.035,0.0038,0.0054,1.4211,0.0677,0.0368,4,4,MVN
HALLMARK_MITOTIC_SPINDLE,0.1162,0.1098,-0.0064,-0.1299,0.0022,0.0027,1.2273,0.1068,0.0001,4,4,MVN
HALLMARK_MTORC1_SIGNALING,0.1183,0.1162,-0.0022,-0.063,0.0011,0.0013,1.1818,0.0494,0.239,4,4,MVN
HALLMARK_MYC_TARGETS_V1,0.234,0.2288,-0.0052,-0.1018,0.0023,0.0029,1.2609,0.0827,0.0052,4,4,MVN
HALLMARK_MYC_TARGETS_V2,0.0819,0.0862,0.0043,0.0536,0.0056,0.0072,1.2857,0.0471,0.2894,4,4,MVN
HALLMARK_MYOGENESIS,0.2553,0.2542,-0.0011,-0.0193,0.003,0.0034,1.1333,0.0321,0.759,4,4,MVN
HALLMARK_NOTCH_SIGNALING,0.1629,0.162,-0.0008,-0.0113,0.0049,0.0058,1.1837,0.0471,0.2894,4,4,MVN
HALLMARK_OXIDATIVE_PHOSPHORYLATION,0.0994,0.0984,-0.001,-0.0221,0.0016,0.0023,1.4375,0.0517,0.1954,4,4,MVN
HALLMARK_P53_PATHWAY,0.0023,0.0077,0.0054,0.146,0.0012,0.0016,1.3333,0.0838,0.0044,4,4,MVN
HALLMARK_PANCREAS_BETA_CELLS,-0.2166,-0.1934,0.0233,0.1315,0.0258,0.0368,1.4264,0.093,0.0011,4,4,MVN
HALLMARK_PEROXISOME,0.0897,0.0887,-0.001,-0.0228,0.0016,0.0021,1.3125,0.0402,0.4828,4,4,MVN
HALLMARK_PI3K_AKT_MTOR_SIGNALING,0.092,0.0918,-0.0001,-0.0036,0.0009,0.0013,1.4444,0.0574,0.1133,4,4,MVN
HALLMARK_PROTEIN_SECRETION,0.2502,0.2462,-0.004,-0.0942,0.0015,0.0022,1.4667,0.1114,0.0,4,4,MVN
HALLMARK_REACTIVE_OXYGEN_SPECIES_PATHWAY,0.0778,0.0704,-0.0073,-0.1267,0.0028,0.0039,1.3929,0.0758,0.0135,4,4,MVN
HALLMARK_SPERMATOGENESIS,-0.1113,-0.1053,0.006,0.0748,0.006,0.0071,1.1833,0.0517,0.1954,4,4,MVN
HALLMARK_TGF_BETA_SIGNALING,0.2162,0.2102,-0.006,-0.0722,0.006,0.008,1.3333,0.0666,0.042,4,4,MVN
HALLMARK_TNFA_SIGNALING_VIA_NFKB,0.0845,0.0853,0.0008,0.0115,0.0044,0.0051,1.1591,0.0367,0.5991,4,4,MVN
HALLMARK_UNFOLDED_PROTEIN_RESPONSE,0.0987,0.0997,0.001,0.0312,0.0009,0.0012,1.3333,0.0792,0.0085,4,4,MVN
HALLMARK_UV_RESPONSE_DN,0.1426,0.1405,-0.0021,-0.0374,0.0029,0.0036,1.2414,0.0528,0.1761,4,4,MVN
HALLMARK_UV_RESPONSE_UP,0.1006,0.1017,0.0011,0.0289,0.0011,0.0016,1.4545,0.085,0.0037,4,4,MVN
HALLMARK_WNT_BETA_CATENIN_SIGNALING,0.0751,0.0752,0.0001,0.0009,0.0052,0.0062,1.1923,0.0402,0.4828,4,4,MVN
HALLMARK_XENOBIOTIC_METABOLISM,0.0638,0.0652,0.0014,0.0399,0.0011,0.0014,1.2727,0.0471,0.2894,4,4,MVN
HALLMARK_ADIPOGENESIS,0.1361,0.1341,-0.002,-0.0533,0.0012,0.0017,1.4167,0.0735,0.0181,1,1,MVN
HALLMARK_ALLOGRAFT_REJECTION,0.0241,0.0258,0.0017,0.024,0.0046,0.0055,1.1957,0.0471,0.2894,1,1,MVN
HALLMARK_ANDROGEN_RESPONSE,0.1415,0.141,-0.0006,-0.0119,0.0021,0.0025,1.1905,0.0608,0.0795,1,1,MVN
HALLMARK_ANGIOGENESIS,0.1979,0.1959,-0.0019,-0.0259,0.005,0.0063,1.26,0.0482,0.2633,1,1,MVN
HALLMARK_APICAL_JUNCTION,0.1252,0.1263,0.0011,0.0249,0.0018,0.0021,1.1667,0.0344,0.6798,1,1,MVN
HALLMARK_APICAL_SURFACE,0.2564,0.252,-0.0044,-0.0794,0.0026,0.0035,1.3462,0.0827,0.0052,1,1,MVN
HALLMARK_APOPTOSIS,0.1477,0.1441,-0.0035,-0.1399,0.0005,0.0007,1.4,0.1091,0.0001,1,1,MVN
HALLMARK_BILE_ACID_METABOLISM,-0.0478,-0.0441,0.0037,0.0535,0.004,0.0054,1.35,0.0758,0.0135,1,1,MVN
HALLMARK_CHOLESTEROL_HOMEOSTASIS,-0.0747,-0.0642,0.0105,0.1947,0.0028,0.003,1.0714,0.0987,0.0004,1,1,MVN
HALLMARK_COAGULATION,0.1129,0.1178,0.0049,0.0553,0.007,0.009,1.2857,0.0792,0.0085,1,1,MVN
HALLMARK_COMPLEMENT,0.1345,0.1327,-0.0018,-0.0442,0.0014,0.002,1.4286,0.0677,0.0368,1,1,MVN
HALLMARK_DNA_REPAIR,-0.0161,-0.0139,0.0022,0.0439,0.0022,0.0026,1.1818,0.0482,0.2633,1,1,MVN
HALLMARK_E2F_TARGETS,-0.0011,-0.0041,-0.0029,-0.0347,0.0067,0.0076,1.1343,0.0436,0.3785,1,1,MVN
HALLMARK_EPITHELIAL_MESENCHYMAL_TRANSITION,0.218,0.2163,-0.0017,-0.0234,0.0045,0.0057,1.2667,0.0356,0.6394,1,1,MVN
HALLMARK_ESTROGEN_RESPONSE_EARLY,0.1906,0.1852,-0.0054,-0.0834,0.004,0.0043,1.075,0.0792,0.0085,1,1,MVN
HALLMARK_ESTROGEN_RESPONSE_LATE,0.1382,0.1351,-0.0032,-0.0825,0.0013,0.0017,1.3077,0.0792,0.0085,1,1,MVN
HALLMARK_FATTY_ACID_METABOLISM,0.0001,0.0026,0.0025,0.0466,0.0024,0.0035,1.4583,0.0907,0.0015,1,1,MVN
HALLMARK_G2M_CHECKPOINT,0.0353,0.0324,-0.0029,-0.0401,0.005,0.0057,1.14,0.0563,0.127,1,1,MVN
HALLMARK_GLYCOLYSIS,0.0511,0.0529,0.0017,0.0534,0.0009,0.0012,1.3333,0.0723,0.021,1,1,MVN
HALLMARK_HEDGEHOG_SIGNALING,-0.0273,-0.0257,0.0016,0.0175,0.0075,0.0095,1.2667,0.0563,0.127,1,1,MVN
HALLMARK_HEME_METABOLISM,0.12,0.1161,-0.0039,-0.0911,0.0017,0.002,1.1765,0.0735,0.0181,1,1,MVN
HALLMARK_HYPOXIA,0.1182,0.1188,0.0006,0.0111,0.0026,0.0033,1.2692,0.0413,0.4465,1,1,MVN
HALLMARK_IL2_STAT5_SIGNALING,0.1297,0.1263,-0.0034,-0.0858,0.0013,0.0019,1.4615,0.0677,0.0368,1,1,MVN
HALLMARK_IL6_JAK_STAT3_SIGNALING,0.1997,0.1927,-0.007,-0.1418,0.0021,0.0028,1.3333,0.085,0.0037,1,1,MVN
HALLMARK_INFLAMMATORY_RESPONSE,0.0292,0.0288,-0.0005,-0.0062,0.0048,0.0058,1.2083,0.0494,0.239,1,1,MVN
HALLMARK_INTERFERON_ALPHA_RESPONSE,0.1668,0.1595,-0.0073,-0.0603,0.0128,0.0165,1.2891,0.0597,0.0897,1,1,MVN
HALLMARK_INTERFERON_GAMMA_RESPONSE,0.0751,0.0732,-0.0018,-0.0298,0.0033,0.0043,1.303,0.0563,0.127,1,1,MVN
HALLMARK_KRAS_SIGNALING_DN,-0.4178,-0.3927,0.025,0.3091,0.0047,0.0084,1.7872,0.1297,0.0,1,1,MVN
HALLMARK_KRAS_SIGNALING_UP,-0.0127,-0.0106,0.0021,0.0318,0.0039,0.0051,1.3077,0.0494,0.239,1,1,MVN
HALLMARK_MITOTIC_SPINDLE,0.1172,0.1118,-0.0053,-0.1062,0.0022,0.0028,1.2727,0.1079,0.0001,1,1,MVN
HALLMARK_MTORC1_SIGNALING,0.1178,0.1174,-0.0004,-0.0111,0.0011,0.0012,1.0909,0.039,0.5206,1,1,MVN
HALLMARK_MYC_TARGETS_V1,0.2336,0.2236,-0.0099,-0.2,0.0023,0.0027,1.1739,0.1102,0.0001,1,1,MVN
HALLMARK_MYC_TARGETS_V2,0.0803,0.0781,-0.0021,-0.0271,0.0055,0.007,1.2727,0.0677,0.0368,1,1,MVN
HALLMARK_MYOGENESIS,0.2554,0.253,-0.0024,-0.0443,0.0028,0.0031,1.1071,0.031,0.7968,1,1,MVN
HALLMARK_NOTCH_SIGNALING,0.1636,0.165,0.0014,0.0194,0.0049,0.0053,1.0816,0.0299,0.8325,1,1,MVN
HALLMARK_OXIDATIVE_PHOSPHORYLATION,0.0978,0.0972,-0.0006,-0.014,0.0017,0.0024,1.4118,0.0666,0.042,1,1,MVN
HALLMARK_P53_PATHWAY,0.0022,0.0065,0.0043,0.1197,0.0011,0.0015,1.3636,0.0827,0.0052,1,1,MVN
HALLMARK_PANCREAS_BETA_CELLS,-0.2149,-0.1961,0.0188,0.1088,0.0253,0.0346,1.3676,0.0907,0.0015,1,1,MVN
HALLMARK_PEROXISOME,0.0896,0.0894,-0.0003,-0.0064,0.0017,0.002,1.1765,0.0436,0.3785,1,1,MVN
HALLMARK_PI3K_AKT_MTOR_SIGNALING,0.0918,0.0912,-0.0005,-0.0162,0.0009,0.0013,1.4444,0.0712,0.0242,1,1,MVN
HALLMARK_PROTEIN_SECRETION,0.2493,0.2437,-0.0057,-0.1341,0.0015,0.0021,1.4,0.1206,0.0,1,1,MVN
HALLMARK_REACTIVE_OXYGEN_SPECIES_PATHWAY,0.0749,0.0702,-0.0048,-0.083,0.0029,0.0038,1.3103,0.0815,0.0061,1,1,MVN
HALLMARK_SPERMATOGENESIS,-0.1106,-0.1044,0.0062,0.0766,0.0061,0.007,1.1475,0.0436,0.3785,1,1,MVN
HALLMARK_TGF_BETA_SIGNALING,0.2182,0.2103,-0.0079,-0.0999,0.0058,0.0067,1.1552,0.0758,0.0135,1,1,MVN
HALLMARK_TNFA_SIGNALING_VIA_NFKB,0.084,0.0844,0.0005,0.0068,0.0043,0.0051,1.186,0.0471,0.2894,1,1,MVN
HALLMARK_UNFOLDED_PROTEIN_RESPONSE,0.0985,0.0986,0.0002,0.0049,0.0009,0.0011,1.2222,0.0586,0.1009,1,1,MVN
HALLMARK_UV_RESPONSE_DN,0.1421,0.1369,-0.0052,-0.0923,0.0029,0.0034,1.1724,0.0838,0.0044,1,1,MVN
HALLMARK_UV_RESPONSE_UP,0.0994,0.0993,-0.0002,-0.0046,0.0011,0.0015,1.3636,0.0712,0.0242,1,1,MVN
HALLMARK_WNT_BETA_CATENIN_SIGNALING,0.0752,0.0715,-0.0038,-0.0502,0.0052,0.0063,1.2115,0.062,0.0703,1,1,MVN
HALLMARK_XENOBIOTIC_METABOLISM,0.0628,0.066,0.0032,0.0903,0.0011,0.0014,1.2727,0.0873,0.0026,1,1,MVN
HALLMARK_ADIPOGENESIS,0.1367,0.1325,-0.0042,-0.1084,0.0012,0.0018,1.5,0.0896,0.0019,3,3,MVN
HALLMARK_ALLOGRAFT_REJECTION,0.0238,0.0304,0.0067,0.0916,0.0047,0.006,1.2766,0.0861,0.0031,3,3,MVN
HALLMARK_ANDROGEN_RESPONSE,0.1417,0.1401,-0.0017,-0.0338,0.0022,0.0026,1.1818,0.0574,0.1133,3,3,MVN
HALLMARK_ANGIOGENESIS,0.1966,0.1936,-0.003,-0.0408,0.0049,0.0062,1.2653,0.0551,0.1419,3,3,MVN
HALLMARK_APICAL_JUNCTION,0.124,0.1236,-0.0004,-0.0091,0.0017,0.0023,1.3529,0.0528,0.1761,3,3,MVN
HALLMARK_APICAL_SURFACE,0.2567,0.2534,-0.0033,-0.0622,0.0026,0.0031,1.1923,0.0941,0.0009,3,3,MVN
HALLMARK_APOPTOSIS,0.1477,0.145,-0.0028,-0.1073,0.0006,0.0008,1.3333,0.101,0.0003,3,3,MVN
HALLMARK_BILE_ACID_METABOLISM,-0.046,-0.0452,0.0008,0.012,0.0038,0.0051,1.3421,0.0643,0.0546,3,3,MVN
HALLMARK_CHOLESTEROL_HOMEOSTASIS,-0.0735,-0.0662,0.0073,0.1288,0.0028,0.0036,1.2857,0.0758,0.0135,3,3,MVN
HALLMARK_COAGULATION,0.1079,0.1048,-0.0031,-0.0348,0.007,0.0086,1.2286,0.0517,0.1954,3,3,MVN
HALLMARK_COMPLEMENT,0.1345,0.1317,-0.0027,-0.0687,0.0014,0.0018,1.2857,0.0631,0.062,3,3,MVN
HALLMARK_DNA_REPAIR,-0.0149,-0.0103,0.0046,0.0931,0.0022,0.0027,1.2273,0.0608,0.0795,3,3,MVN
HALLMARK_E2F_TARGETS,0.0017,0.005,0.0033,0.0384,0.0067,0.0077,1.1493,0.0333,0.7198,3,3,MVN
HALLMARK_EPITHELIAL_MESENCHYMAL_TRANSITION,0.2145,0.2065,-0.008,-0.1113,0.0044,0.006,1.3636,0.0712,0.0242,3,3,MVN
HALLMARK_ESTROGEN_RESPONSE_EARLY,0.1914,0.1858,-0.0057,-0.0878,0.004,0.0044,1.1,0.0574,0.1133,3,3,MVN
HALLMARK_ESTROGEN_RESPONSE_LATE,0.1396,0.1372,-0.0023,-0.0578,0.0013,0.0019,1.4615,0.0838,0.0044,3,3,MVN
HALLMARK_FATTY_ACID_METABOLISM,0.0016,0.0023,0.0007,0.0128,0.0024,0.0033,1.375,0.0689,0.0321,3,3,MVN
HALLMARK_G2M_CHECKPOINT,0.0372,0.0388,0.0015,0.0207,0.005,0.0058,1.16,0.0413,0.4465,3,3,MVN
HALLMARK_GLYCOLYSIS,0.0512,0.053,0.0018,0.0531,0.001,0.0013,1.3,0.0563,0.127,3,3,MVN
HALLMARK_HEDGEHOG_SIGNALING,-0.0298,-0.0338,-0.0039,-0.0423,0.0076,0.0098,1.2895,0.0769,0.0116,3,3,MVN
HALLMARK_HEME_METABOLISM,0.1186,0.114,-0.0046,-0.1029,0.0018,0.0023,1.2778,0.0631,0.062,3,3,MVN
HALLMARK_HYPOXIA,0.1164,0.1131,-0.0033,-0.0621,0.0025,0.0031,1.24,0.062,0.0703,3,3,MVN
HALLMARK_IL2_STAT5_SIGNALING,0.1291,0.1267,-0.0024,-0.064,0.0013,0.0016,1.2308,0.0666,0.042,3,3,MVN
HALLMARK_IL6_JAK_STAT3_SIGNALING,0.1992,0.1948,-0.0045,-0.0886,0.002,0.0031,1.55,0.0792,0.0085,3,3,MVN
HALLMARK_INFLAMMATORY_RESPONSE,0.0281,0.0253,-0.0028,-0.0368,0.0048,0.0065,1.3542,0.07,0.0279,3,3,MVN
HALLMARK_INTERFERON_ALPHA_RESPONSE,0.1698,0.1716,0.0018,0.0152,0.0126,0.0161,1.2778,0.0459,0.3173,3,3,MVN
HALLMARK_INTERFERON_GAMMA_RESPONSE,0.0762,0.0775,0.0013,0.0207,0.0034,0.0047,1.3824,0.0631,0.062,3,3,MVN
HALLMARK_KRAS_SIGNALING_DN,-0.4184,-0.3983,0.0201,0.2456,0.0046,0.0089,1.9348,0.1251,0.0,3,3,MVN
HALLMARK_KRAS_SIGNALING_UP,-0.0148,-0.0133,0.0015,0.0223,0.0038,0.0057,1.5,0.0792,0.0085,3,3,MVN
HALLMARK_MITOTIC_SPINDLE,0.1174,0.1152,-0.0021,-0.042,0.0022,0.003,1.3636,0.085,0.0037,3,3,MVN
HALLMARK_MTORC1_SIGNALING,0.1184,0.1177,-0.0007,-0.0204,0.0011,0.0013,1.1818,0.0631,0.062,3,3,MVN
HALLMARK_MYC_TARGETS_V1,0.2354,0.2311,-0.0043,-0.0841,0.0023,0.0028,1.2174,0.0712,0.0242,3,3,MVN
HALLMARK_MYC_TARGETS_V2,0.0837,0.0852,0.0015,0.0189,0.0054,0.0071,1.3148,0.0425,0.4116,3,3,MVN
HALLMARK_MYOGENESIS,0.2537,0.2486,-0.0051,-0.0929,0.0028,0.0033,1.1786,0.0689,0.0321,3,3,MVN
HALLMARK_NOTCH_SIGNALING,0.159,0.1521,-0.0069,-0.0939,0.0048,0.006,1.25,0.0758,0.0135,3,3,MVN
HALLMARK_OXIDATIVE_PHOSPHORYLATION,0.0999,0.0992,-0.0006,-0.0139,0.0017,0.0026,1.5294,0.0689,0.0321,3,3,MVN
HALLMARK_P53_PATHWAY,0.0018,0.0037,0.0019,0.0518,0.0011,0.0016,1.4545,0.0838,0.0044,3,3,MVN
HALLMARK_PANCREAS_BETA_CELLS,-0.2174,-0.203,0.0145,0.0783,0.0278,0.0404,1.4532,0.085,0.0037,3,3,MVN
HALLMARK_PEROXISOME,0.0913,0.0918,0.0006,0.0128,0.0017,0.002,1.1765,0.0436,0.3785,3,3,MVN
HALLMARK_PI3K_AKT_MTOR_SIGNALING,0.0918,0.0906,-0.0012,-0.0364,0.0009,0.0012,1.3333,0.0597,0.0897,3,3,MVN
HALLMARK_PROTEIN_SECRETION,0.25,0.2473,-0.0026,-0.0625,0.0015,0.0021,1.4,0.0953,0.0007,3,3,MVN
HALLMARK_REACTIVE_OXYGEN_SPECIES_PATHWAY,0.0767,0.0737,-0.003,-0.0508,0.0029,0.0041,1.4138,0.0792,0.0085,3,3,MVN
HALLMARK_SPERMATOGENESIS,-0.1081,-0.0979,0.0102,0.1279,0.0059,0.0068,1.1525,0.0677,0.0368,3,3,MVN
HALLMARK_TGF_BETA_SIGNALING,0.2143,0.2065,-0.0078,-0.0942,0.0059,0.0076,1.2881,0.0643,0.0546,3,3,MVN
HALLMARK_TNFA_SIGNALING_VIA_NFKB,0.0832,0.0804,-0.0028,-0.0414,0.0043,0.005,1.1628,0.0459,0.3173,3,3,MVN
HALLMARK_UNFOLDED_PROTEIN_RESPONSE,0.0987,0.0997,0.001,0.0318,0.0008,0.0012,1.5,0.0643,0.0546,3,3,MVN
HALLMARK_UV_RESPONSE_DN,0.1414,0.1365,-0.0049,-0.0884,0.0029,0.0032,1.1034,0.0838,0.0044,3,3,MVN
HALLMARK_UV_RESPONSE_UP,0.1003,0.1007,0.0004,0.0102,0.0011,0.0016,1.4545,0.0735,0.0181,3,3,MVN
HALLMARK_WNT_BETA_CATENIN_SIGNALING,0.0732,0.0708,-0.0024,-0.0324,0.0051,0.0063,1.2353,0.0482,0.2633,3,3,MVN
HALLMARK_XENOBIOTIC_METABOLISM,0.0636,0.0643,0.0008,0.0211,0.001,0.0015,1.5,0.0586,0.1009,3,3,MVN
HALLMARK_ADIPOGENESIS,0.1441,0.1538,0.0097,0.2869,0.0013,0.0009,0.6923,0.1366,0.0,2,2,CVAE
HALLMARK_ALLOGRAFT_REJECTION,0.0268,0.0202,-0.0066,-0.1015,0.0054,0.0032,0.5926,0.101,0.0003,2,2,CVAE
HALLMARK_ANDROGEN_RESPONSE,0.149,0.1657,0.0168,0.3554,0.0024,0.0021,0.875,0.1986,0.0,2,2,CVAE
HALLMARK_ANGIOGENESIS,0.2064,0.2272,0.0208,0.2892,0.0057,0.0046,0.807,0.1251,0.0,2,2,CVAE
HALLMARK_APICAL_JUNCTION,0.1321,0.1386,0.0065,0.1638,0.002,0.0012,0.6,0.1251,0.0,2,2,CVAE
HALLMARK_APICAL_SURFACE,0.2711,0.2781,0.0071,0.1421,0.0028,0.0021,0.75,0.1114,0.0,2,2,CVAE
HALLMARK_APOPTOSIS,0.1559,0.1646,0.0087,0.3946,0.0006,0.0004,0.6667,0.1745,0.0,2,2,CVAE
HALLMARK_BILE_ACID_METABOLISM,-0.0486,-0.0522,-0.0036,-0.0583,0.0044,0.0033,0.75,0.0494,0.239,2,2,CVAE
HALLMARK_CHOLESTEROL_HOMEOSTASIS,-0.0789,-0.0868,-0.008,-0.1545,0.0032,0.0021,0.6562,0.0884,0.0022,2,2,CVAE
HALLMARK_COAGULATION,0.1149,0.1214,0.0064,0.0816,0.008,0.0045,0.5625,0.0838,0.0044,2,2,CVAE
HALLMARK_COMPLEMENT,0.143,0.1483,0.0053,0.149,0.0016,0.0009,0.5625,0.1573,0.0,2,2,CVAE
HALLMARK_DNA_REPAIR,-0.0173,-0.026,-0.0087,-0.1946,0.0025,0.0015,0.6,0.1274,0.0,2,2,CVAE
HALLMARK_E2F_TARGETS,-0.0017,-0.0046,-0.0028,-0.0344,0.0074,0.0061,0.8243,0.0758,0.0135,2,2,CVAE
HALLMARK_EPITHELIAL_MESENCHYMAL_TRANSITION,0.227,0.2437,0.0167,0.2661,0.005,0.0029,0.58,0.1412,0.0,2,2,CVAE
HALLMARK_ESTROGEN_RESPONSE_EARLY,0.2013,0.2199,0.0187,0.2798,0.0045,0.0044,0.9778,0.1745,0.0,2,2,CVAE
HALLMARK_ESTROGEN_RESPONSE_LATE,0.1461,0.1614,0.0153,0.4144,0.0014,0.0013,0.9286,0.1929,0.0,2,2,CVAE
HALLMARK_FATTY_ACID_METABOLISM,0.0003,0.0059,0.0056,0.1087,0.0027,0.0027,1.0,0.0677,0.0368,2,2,CVAE
HALLMARK_G2M_CHECKPOINT,0.037,0.0327,-0.0044,-0.0593,0.0056,0.0053,0.9464,0.0827,0.0052,2,2,CVAE
HALLMARK_GLYCOLYSIS,0.0527,0.0582,0.0055,0.1917,0.001,0.0007,0.7,0.1355,0.0,2,2,CVAE
HALLMARK_HEDGEHOG_SIGNALING,-0.0274,-0.017,0.0105,0.1177,0.0087,0.0071,0.8161,0.0654,0.048,2,2,CVAE
HALLMARK_HEME_METABOLISM,0.1267,0.1347,0.008,0.2032,0.0019,0.0012,0.6316,0.1056,0.0001,2,2,CVAE
HALLMARK_HYPOXIA,0.1238,0.1324,0.0086,0.177,0.0028,0.0019,0.6786,0.1217,0.0,2,2,CVAE
HALLMARK_IL2_STAT5_SIGNALING,0.1373,0.1464,0.0091,0.2484,0.0015,0.0012,0.8,0.1424,0.0,2,2,CVAE
HALLMARK_IL6_JAK_STAT3_SIGNALING,0.2111,0.2297,0.0185,0.4321,0.0024,0.0013,0.5417,0.194,0.0,2,2,CVAE
HALLMARK_INFLAMMATORY_RESPONSE,0.0312,0.0362,0.005,0.076,0.0054,0.0032,0.5926,0.116,0.0,2,2,CVAE
HALLMARK_INTERFERON_ALPHA_RESPONSE,0.1812,0.1834,0.0023,0.0206,0.0138,0.0106,0.7681,0.0666,0.042,2,2,CVAE
HALLMARK_INTERFERON_GAMMA_RESPONSE,0.0817,0.0851,0.0035,0.0618,0.0038,0.0025,0.6579,0.1022,0.0002,2,2,CVAE
HALLMARK_KRAS_SIGNALING_DN,-0.4406,-0.4656,-0.025,-0.369,0.0053,0.0039,0.7358,0.1975,0.0,2,2,CVAE
HALLMARK_KRAS_SIGNALING_UP,-0.0152,-0.0231,-0.0079,-0.1286,0.0044,0.0031,0.7045,0.1022,0.0002,2,2,CVAE
HALLMARK_MITOTIC_SPINDLE,0.1232,0.1285,0.0053,0.1121,0.0025,0.0019,0.76,0.0712,0.0242,2,2,CVAE
HALLMARK_MTORC1_SIGNALING,0.1242,0.1328,0.0086,0.2657,0.0012,0.0009,0.75,0.1665,0.0,2,2,CVAE
HALLMARK_MYC_TARGETS_V1,0.2461,0.2566,0.0104,0.2165,0.0025,0.0022,0.88,0.1286,0.0,2,2,CVAE
HALLMARK_MYC_TARGETS_V2,0.0859,0.0849,-0.001,-0.0136,0.0059,0.0045,0.7627,0.054,0.1583,2,2,CVAE
HALLMARK_MYOGENESIS,0.2686,0.2855,0.0169,0.3197,0.0032,0.0023,0.7188,0.1734,0.0,2,2,CVAE
HALLMARK_NOTCH_SIGNALING,0.1713,0.1862,0.0149,0.2168,0.0052,0.0043,0.8269,0.116,0.0,2,2,CVAE
HALLMARK_OXIDATIVE_PHOSPHORYLATION,0.1037,0.1045,0.0007,0.0183,0.0018,0.0015,0.8333,0.0494,0.239,2,2,CVAE
HALLMARK_P53_PATHWAY,0.0021,0.0045,0.0024,0.0757,0.0012,0.0008,0.6667,0.0953,0.0007,2,2,CVAE
HALLMARK_PANCREAS_BETA_CELLS,-0.2281,-0.2784,-0.0502,-0.3486,0.0282,0.0134,0.4752,0.1688,0.0,2,2,CVAE
HALLMARK_PEROXISOME,0.0951,0.0992,0.0041,0.0965,0.0018,0.0018,1.0,0.0735,0.0181,2,2,CVAE
HALLMARK_PI3K_AKT_MTOR_SIGNALING,0.0965,0.1068,0.0103,0.3264,0.0011,0.0009,0.8182,0.1757,0.0,2,2,CVAE
HALLMARK_PROTEIN_SECRETION,0.2637,0.2792,0.0156,0.4312,0.0016,0.001,0.625,0.1757,0.0,2,2,CVAE
HALLMARK_REACTIVE_OXYGEN_SPECIES_PATHWAY,0.0809,0.0812,0.0002,0.0042,0.0033,0.003,0.9091,0.0379,0.5594,2,2,CVAE
HALLMARK_SPERMATOGENESIS,-0.1167,-0.1257,-0.0091,-0.1178,0.0067,0.0052,0.7761,0.0677,0.0368,2,2,CVAE
HALLMARK_TGF_BETA_SIGNALING,0.2291,0.2425,0.0134,0.1762,0.0064,0.0051,0.7969,0.0804,0.0072,2,2,CVAE
HALLMARK_TNFA_SIGNALING_VIA_NFKB,0.0902,0.0965,0.0063,0.0964,0.0047,0.0038,0.8085,0.054,0.1583,2,2,CVAE
HALLMARK_UNFOLDED_PROTEIN_RESPONSE,0.1038,0.1119,0.0082,0.2853,0.001,0.0007,0.7,0.163,0.0,2,2,CVAE
HALLMARK_UV_RESPONSE_DN,0.1502,0.1574,0.0072,0.1293,0.0032,0.0029,0.9062,0.0815,0.0061,2,2,CVAE
HALLMARK_UV_RESPONSE_UP,0.1062,0.1098,0.0036,0.1118,0.0013,0.0008,0.6154,0.1114,0.0,2,2,CVAE
HALLMARK_WNT_BETA_CATENIN_SIGNALING,0.0789,0.087,0.008,0.1079,0.0055,0.0056,1.0182,0.0608,0.0795,2,2,CVAE
HALLMARK_XENOBIOTIC_METABOLISM,0.068,0.0747,0.0067,0.212,0.0012,0.0008,0.6667,0.1504,0.0,2,2,CVAE
HALLMARK_ADIPOGENESIS,0.1367,0.1496,0.0129,0.3876,0.0012,0.001,0.8333,0.178,0.0,3,3,CVAE
HALLMARK_ALLOGRAFT_REJECTION,0.0238,0.0201,-0.0036,-0.0574,0.0047,0.0033,0.7021,0.0563,0.127,3,3,CVAE
HALLMARK_ANDROGEN_RESPONSE,0.1417,0.1606,0.0189,0.4207,0.0022,0.0019,0.8636,0.225,0.0,3,3,CVAE
HALLMARK_ANGIOGENESIS,0.1966,0.2338,0.0372,0.5612,0.0049,0.0039,0.7959,0.2227,0.0,3,3,CVAE
HALLMARK_APICAL_JUNCTION,0.124,0.1409,0.0168,0.4405,0.0017,0.0012,0.7059,0.2227,0.0,3,3,CVAE
HALLMARK_APICAL_SURFACE,0.2567,0.2835,0.0268,0.5442,0.0026,0.0023,0.8846,0.4087,0.0,3,3,CVAE
HALLMARK_APOPTOSIS,0.1477,0.1664,0.0187,0.8064,0.0006,0.0005,0.8333,0.3295,0.0,3,3,CVAE
HALLMARK_BILE_ACID_METABOLISM,-0.046,-0.0486,-0.0026,-0.0447,0.0038,0.0032,0.8421,0.0677,0.0368,3,3,CVAE
HALLMARK_CHOLESTEROL_HOMEOSTASIS,-0.0735,-0.0759,-0.0024,-0.0472,0.0028,0.0022,0.7857,0.0723,0.021,3,3,CVAE
HALLMARK_COAGULATION,0.1079,0.1235,0.0156,0.2157,0.007,0.0035,0.5,0.1722,0.0,3,3,CVAE
HALLMARK_COMPLEMENT,0.1345,0.1507,0.0163,0.4961,0.0014,0.0008,0.5714,0.2308,0.0,3,3,CVAE
HALLMARK_DNA_REPAIR,-0.0149,-0.0209,-0.006,-0.1401,0.0022,0.0014,0.6364,0.1148,0.0,3,3,CVAE
HALLMARK_E2F_TARGETS,0.0017,0.0103,0.0086,0.109,0.0067,0.0058,0.8657,0.1125,0.0,3,3,CVAE
HALLMARK_EPITHELIAL_MESENCHYMAL_TRANSITION,0.2145,0.2475,0.033,0.565,0.0044,0.0024,0.5455,0.2583,0.0,3,3,CVAE
HALLMARK_ESTROGEN_RESPONSE_EARLY,0.1914,0.2188,0.0274,0.4317,0.004,0.0041,1.025,0.2503,0.0,3,3,CVAE
HALLMARK_ESTROGEN_RESPONSE_LATE,0.1396,0.1606,0.021,0.5754,0.0013,0.0013,1.0,0.279,0.0,3,3,CVAE
HALLMARK_FATTY_ACID_METABOLISM,0.0016,-0.0016,-0.0032,-0.0682,0.0024,0.0019,0.7917,0.0689,0.0321,3,3,CVAE
HALLMARK_G2M_CHECKPOINT,0.0372,0.0466,0.0094,0.1348,0.005,0.0047,0.94,0.1091,0.0001,3,3,CVAE
HALLMARK_GLYCOLYSIS,0.0512,0.0597,0.0086,0.2932,0.001,0.0007,0.7,0.1619,0.0,3,3,CVAE
HALLMARK_HEDGEHOG_SIGNALING,-0.0298,-0.036,-0.0062,-0.0689,0.0076,0.0085,1.1184,0.0735,0.0181,3,3,CVAE
HALLMARK_HEME_METABOLISM,0.1186,0.1329,0.0143,0.3643,0.0018,0.0013,0.7222,0.1619,0.0,3,3,CVAE
HALLMARK_HYPOXIA,0.1164,0.1316,0.0152,0.3334,0.0025,0.0017,0.68,0.1814,0.0,3,3,CVAE
HALLMARK_IL2_STAT5_SIGNALING,0.1291,0.1474,0.0183,0.524,0.0013,0.0011,0.8462,0.2675,0.0,3,3,CVAE
HALLMARK_IL6_JAK_STAT3_SIGNALING,0.1992,0.2273,0.028,0.6692,0.002,0.0015,0.75,0.2641,0.0,3,3,CVAE
HALLMARK_INFLAMMATORY_RESPONSE,0.0281,0.0306,0.0025,0.0389,0.0048,0.0034,0.7083,0.0597,0.0897,3,3,CVAE
HALLMARK_INTERFERON_ALPHA_RESPONSE,0.1698,0.1922,0.0224,0.2126,0.0126,0.0097,0.7698,0.1148,0.0,3,3,CVAE
HALLMARK_INTERFERON_GAMMA_RESPONSE,0.0762,0.0894,0.0133,0.2442,0.0034,0.0025,0.7353,0.1515,0.0,3,3,CVAE
HALLMARK_KRAS_SIGNALING_DN,-0.4184,-0.4702,-0.0517,-0.7866,0.0046,0.0041,0.8913,0.4569,0.0,3,3,CVAE
HALLMARK_KRAS_SIGNALING_UP,-0.0148,-0.0133,0.0015,0.0261,0.0038,0.0025,0.6579,0.0563,0.127,3,3,CVAE
HALLMARK_MITOTIC_SPINDLE,0.1174,0.137,0.0196,0.4428,0.0022,0.0017,0.7727,0.217,0.0,3,3,CVAE
HALLMARK_MTORC1_SIGNALING,0.1184,0.1328,0.0144,0.4543,0.0011,0.0009,0.8182,0.2216,0.0,3,3,CVAE
HALLMARK_MYC_TARGETS_V1,0.2354,0.2638,0.0284,0.6113,0.0023,0.002,0.8696,0.3134,0.0,3,3,CVAE
HALLMARK_MYC_TARGETS_V2,0.0837,0.0984,0.0147,0.2062,0.0054,0.0047,0.8704,0.0999,0.0003,3,3,CVAE
HALLMARK_MYOGENESIS,0.2537,0.2818,0.028,0.5725,0.0028,0.002,0.7143,0.2629,0.0,3,3,CVAE
HALLMARK_NOTCH_SIGNALING,0.159,0.1739,0.015,0.2285,0.0048,0.0038,0.7917,0.1183,0.0,3,3,CVAE
HALLMARK_OXIDATIVE_PHOSPHORYLATION,0.0999,0.105,0.0051,0.13,0.0017,0.0014,0.8235,0.0827,0.0052,3,3,CVAE
HALLMARK_P53_PATHWAY,0.0018,0.0029,0.0011,0.0357,0.0011,0.0009,0.8182,0.0608,0.0795,3,3,CVAE
HALLMARK_PANCREAS_BETA_CELLS,-0.2174,-0.2638,-0.0464,-0.2962,0.0278,0.0212,0.7626,0.132,0.0,3,3,CVAE
HALLMARK_PEROXISOME,0.0913,0.0973,0.0061,0.1454,0.0017,0.0018,1.0588,0.116,0.0,3,3,CVAE
HALLMARK_PI3K_AKT_MTOR_SIGNALING,0.0918,0.1028,0.011,0.3743,0.0009,0.0008,0.8889,0.194,0.0,3,3,CVAE
HALLMARK_PROTEIN_SECRETION,0.25,0.2754,0.0255,0.7163,0.0015,0.001,0.6667,0.2985,0.0,3,3,CVAE
HALLMARK_REACTIVE_OXYGEN_SPECIES_PATHWAY,0.0767,0.0769,0.0002,0.0042,0.0029,0.0024,0.8276,0.0505,0.2164,3,3,CVAE
HALLMARK_SPERMATOGENESIS,-0.1081,-0.1173,-0.0092,-0.1216,0.0059,0.0054,0.9153,0.0884,0.0022,3,3,CVAE
HALLMARK_TGF_BETA_SIGNALING,0.2143,0.2461,0.0318,0.4514,0.0059,0.004,0.678,0.1825,0.0,3,3,CVAE
HALLMARK_TNFA_SIGNALING_VIA_NFKB,0.0832,0.094,0.0108,0.1771,0.0043,0.0031,0.7209,0.1022,0.0002,3,3,CVAE
HALLMARK_UNFOLDED_PROTEIN_RESPONSE,0.0987,0.1097,0.0111,0.4074,0.0008,0.0007,0.875,0.1837,0.0,3,3,CVAE
HALLMARK_UV_RESPONSE_DN,0.1414,0.1655,0.024,0.466,0.0029,0.0024,0.8276,0.2204,0.0,3,3,CVAE
HALLMARK_UV_RESPONSE_UP,0.1003,0.1083,0.008,0.256,0.0011,0.0008,0.7273,0.1389,0.0,3,3,CVAE
HALLMARK_WNT_BETA_CATENIN_SIGNALING,0.0732,0.0788,0.0056,0.078,0.0051,0.0051,1.0,0.0367,0.5991,3,3,CVAE
HALLMARK_XENOBIOTIC_METABOLISM,0.0636,0.0708,0.0072,0.2379,0.001,0.0008,0.8,0.1125,0.0,3,3,CVAE
HALLMARK_ADIPOGENESIS,0.1361,0.1572,0.021,0.654,0.0012,0.0008,0.6667,0.2905,0.0,1,1,CVAE
HALLMARK_ALLOGRAFT_REJECTION,0.0241,0.0167,-0.0074,-0.1168,0.0046,0.0033,0.7174,0.1079,0.0001,1,1,CVAE
HALLMARK_ANDROGEN_RESPONSE,0.1415,0.1614,0.0199,0.4602,0.0021,0.0017,0.8095,0.2423,0.0,1,1,CVAE
HALLMARK_ANGIOGENESIS,0.1979,0.2283,0.0304,0.4549,0.005,0.004,0.8,0.1952,0.0,1,1,CVAE
HALLMARK_APICAL_JUNCTION,0.1252,0.1364,0.0111,0.2844,0.0018,0.0013,0.7222,0.1481,0.0,1,1,CVAE
HALLMARK_APICAL_SURFACE,0.2564,0.2765,0.0201,0.397,0.0026,0.0025,0.9615,0.3008,0.0,1,1,CVAE
HALLMARK_APOPTOSIS,0.1477,0.1619,0.0143,0.6567,0.0005,0.0004,0.8,0.2606,0.0,1,1,CVAE
HALLMARK_BILE_ACID_METABOLISM,-0.0478,-0.0483,-0.0005,-0.0078,0.004,0.0036,0.9,0.0264,0.9217,1,1,CVAE
HALLMARK_CHOLESTEROL_HOMEOSTASIS,-0.0747,-0.0808,-0.0061,-0.1162,0.0028,0.0027,0.9643,0.0586,0.1009,1,1,CVAE
HALLMARK_COAGULATION,0.1129,0.1233,0.0105,0.141,0.007,0.004,0.5714,0.1206,0.0,1,1,CVAE
HALLMARK_COMPLEMENT,0.1345,0.1471,0.0126,0.3669,0.0014,0.0009,0.6429,0.1998,0.0,1,1,CVAE
HALLMARK_DNA_REPAIR,-0.0161,-0.0206,-0.0046,-0.1076,0.0022,0.0014,0.6364,0.0941,0.0009,1,1,CVAE
HALLMARK_E2F_TARGETS,-0.0011,-0.0012,0.0,-0.0005,0.0067,0.0061,0.9104,0.0413,0.4465,1,1,CVAE
HALLMARK_EPITHELIAL_MESENCHYMAL_TRANSITION,0.218,0.2456,0.0276,0.4546,0.0045,0.0029,0.6444,0.1906,0.0,1,1,CVAE
HALLMARK_ESTROGEN_RESPONSE_EARLY,0.1906,0.2155,0.0249,0.3908,0.004,0.0041,1.025,0.2308,0.0,1,1,CVAE
HALLMARK_ESTROGEN_RESPONSE_LATE,0.1382,0.1559,0.0177,0.5108,0.0013,0.0011,0.8462,0.2262,0.0,1,1,CVAE
HALLMARK_FATTY_ACID_METABOLISM,0.0001,0.0073,0.0073,0.1532,0.0024,0.0021,0.875,0.1091,0.0001,1,1,CVAE
HALLMARK_G2M_CHECKPOINT,0.0353,0.039,0.0036,0.0499,0.005,0.0055,1.1,0.0333,0.7198,1,1,CVAE
HALLMARK_GLYCOLYSIS,0.0511,0.0609,0.0098,0.3251,0.0009,0.0009,1.0,0.1596,0.0,1,1,CVAE
HALLMARK_HEDGEHOG_SIGNALING,-0.0273,-0.019,0.0084,0.0953,0.0075,0.0079,1.0533,0.0586,0.1009,1,1,CVAE
HALLMARK_HEME_METABOLISM,0.12,0.1309,0.0108,0.2873,0.0017,0.0012,0.7059,0.1148,0.0,1,1,CVAE
HALLMARK_HYPOXIA,0.1182,0.1304,0.0122,0.2553,0.0026,0.0019,0.7308,0.1493,0.0,1,1,CVAE
HALLMARK_IL2_STAT5_SIGNALING,0.1297,0.1422,0.0125,0.3618,0.0013,0.0011,0.8462,0.1848,0.0,1,1,CVAE
HALLMARK_IL6_JAK_STAT3_SIGNALING,0.1997,0.22,0.0203,0.4855,0.0021,0.0014,0.6667,0.1986,0.0,1,1,CVAE
HALLMARK_INFLAMMATORY_RESPONSE,0.0292,0.0333,0.0041,0.0645,0.0048,0.0034,0.7083,0.07,0.0279,1,1,CVAE
HALLMARK_INTERFERON_ALPHA_RESPONSE,0.1668,0.1788,0.012,0.1143,0.0128,0.0094,0.7344,0.0907,0.0015,1,1,CVAE
HALLMARK_INTERFERON_GAMMA_RESPONSE,0.0751,0.0812,0.0062,0.1134,0.0033,0.0025,0.7576,0.0907,0.0015,1,1,CVAE
HALLMARK_KRAS_SIGNALING_DN,-0.4178,-0.4516,-0.0338,-0.5035,0.0047,0.0043,0.9149,0.2916,0.0,1,1,CVAE
HALLMARK_KRAS_SIGNALING_UP,-0.0127,-0.018,-0.0053,-0.0892,0.0039,0.0031,0.7949,0.0723,0.021,1,1,CVAE
HALLMARK_MITOTIC_SPINDLE,0.1172,0.1291,0.012,0.2566,0.0022,0.0021,0.9545,0.0884,0.0022,1,1,CVAE
HALLMARK_MTORC1_SIGNALING,0.1178,0.1314,0.0136,0.4218,0.0011,0.001,0.9091,0.2113,0.0,1,1,CVAE
HALLMARK_MYC_TARGETS_V1,0.2336,0.2544,0.0209,0.4598,0.0023,0.0019,0.8261,0.2778,0.0,1,1,CVAE
HALLMARK_MYC_TARGETS_V2,0.0803,0.0873,0.007,0.0973,0.0055,0.0049,0.8909,0.0873,0.0026,1,1,CVAE
HALLMARK_MYOGENESIS,0.2554,0.2818,0.0264,0.5269,0.0028,0.0022,0.7857,0.2377,0.0,1,1,CVAE
HALLMARK_NOTCH_SIGNALING,0.1636,0.1818,0.0182,0.2692,0.0049,0.0043,0.8776,0.1228,0.0,1,1,CVAE
HALLMARK_OXIDATIVE_PHOSPHORYLATION,0.0978,0.1065,0.0088,0.2299,0.0017,0.0012,0.7059,0.1309,0.0,1,1,CVAE
HALLMARK_P53_PATHWAY,0.0022,0.0009,-0.0013,-0.0396,0.0011,0.0009,0.8182,0.0528,0.1761,1,1,CVAE
HALLMARK_PANCREAS_BETA_CELLS,-0.2149,-0.2787,-0.0637,-0.4604,0.0253,0.013,0.5138,0.2285,0.0,1,1,CVAE
HALLMARK_PEROXISOME,0.0896,0.1006,0.011,0.2675,0.0017,0.0017,1.0,0.178,0.0,1,1,CVAE
HALLMARK_PI3K_AKT_MTOR_SIGNALING,0.0918,0.1039,0.0122,0.4132,0.0009,0.0008,0.8889,0.1848,0.0,1,1,CVAE
HALLMARK_PROTEIN_SECRETION,0.2493,0.2734,0.0241,0.697,0.0015,0.0009,0.6,0.3054,0.0,1,1,CVAE
HALLMARK_REACTIVE_OXYGEN_SPECIES_PATHWAY,0.0749,0.0774,0.0025,0.0464,0.0029,0.0029,1.0,0.0471,0.2894,1,1,CVAE
HALLMARK_SPERMATOGENESIS,-0.1106,-0.1178,-0.0071,-0.0917,0.0061,0.006,0.9836,0.0723,0.021,1,1,CVAE
HALLMARK_TGF_BETA_SIGNALING,0.2182,0.2399,0.0217,0.3106,0.0058,0.004,0.6897,0.1458,0.0,1,1,CVAE
HALLMARK_TNFA_SIGNALING_VIA_NFKB,0.084,0.0919,0.0079,0.1275,0.0043,0.0035,0.814,0.0827,0.0052,1,1,CVAE
HALLMARK_UNFOLDED_PROTEIN_RESPONSE,0.0985,0.1097,0.0112,0.3934,0.0009,0.0008,0.8889,0.1848,0.0,1,1,CVAE
HALLMARK_UV_RESPONSE_DN,0.1421,0.1556,0.0135,0.274,0.0029,0.002,0.6897,0.1217,0.0,1,1,CVAE
HALLMARK_UV_RESPONSE_UP,0.0994,0.1071,0.0076,0.2467,0.0011,0.0008,0.7273,0.1206,0.0,1,1,CVAE
HALLMARK_WNT_BETA_CATENIN_SIGNALING,0.0752,0.0781,0.0029,0.0405,0.0052,0.005,0.9615,0.0299,0.8325,1,1,CVAE
HALLMARK_XENOBIOTIC_METABOLISM,0.0628,0.0745,0.0117,0.3778,0.0011,0.0009,0.8182,0.1803,0.0,1,1,CVAE
HALLMARK_ADIPOGENESIS,0.1376,0.1542,0.0166,0.5354,0.0012,0.0008,0.6667,0.2331,0.0,4,4,CVAE
HALLMARK_ALLOGRAFT_REJECTION,0.0247,0.0201,-0.0046,-0.0713,0.0047,0.0035,0.7447,0.085,0.0037,4,4,CVAE
HALLMARK_ANDROGEN_RESPONSE,0.1418,0.1604,0.0187,0.4193,0.0022,0.0018,0.8182,0.2308,0.0,4,4,CVAE
HALLMARK_ANGIOGENESIS,0.1978,0.2345,0.0366,0.5423,0.005,0.0041,0.82,0.2262,0.0,4,4,CVAE
HALLMARK_APICAL_JUNCTION,0.1246,0.1399,0.0152,0.4008,0.0018,0.0011,0.6111,0.1906,0.0,4,4,CVAE
HALLMARK_APICAL_SURFACE,0.2571,0.2873,0.0302,0.6248,0.0026,0.002,0.7692,0.4294,0.0,4,4,CVAE
HALLMARK_APOPTOSIS,0.1481,0.164,0.0159,0.7215,0.0006,0.0004,0.6667,0.2664,0.0,4,4,CVAE
HALLMARK_BILE_ACID_METABOLISM,-0.0477,-0.0604,-0.0127,-0.2123,0.0039,0.0032,0.8205,0.1274,0.0,4,4,CVAE
HALLMARK_CHOLESTEROL_HOMEOSTASIS,-0.0741,-0.0884,-0.0143,-0.2815,0.0028,0.0023,0.8214,0.1458,0.0,4,4,CVAE
HALLMARK_COAGULATION,0.1108,0.1216,0.0108,0.1412,0.0074,0.0044,0.5946,0.0999,0.0003,4,4,CVAE
HALLMARK_COMPLEMENT,0.1347,0.1493,0.0146,0.4194,0.0014,0.001,0.7143,0.217,0.0,4,4,CVAE
HALLMARK_DNA_REPAIR,-0.0175,-0.0255,-0.008,-0.1859,0.0022,0.0015,0.6818,0.1114,0.0,4,4,CVAE
HALLMARK_E2F_TARGETS,-0.002,-0.0012,0.0008,0.0101,0.0066,0.0066,1.0,0.0471,0.2894,4,4,CVAE
HALLMARK_EPITHELIAL_MESENCHYMAL_TRANSITION,0.2165,0.2497,0.0332,0.5346,0.0048,0.0029,0.6042,0.2124,0.0,4,4,CVAE
HALLMARK_ESTROGEN_RESPONSE_EARLY,0.191,0.2155,0.0245,0.3931,0.004,0.0038,0.95,0.2239,0.0,4,4,CVAE
HALLMARK_ESTROGEN_RESPONSE_LATE,0.1379,0.159,0.0211,0.5973,0.0013,0.0012,0.9231,0.2687,0.0,4,4,CVAE
HALLMARK_FATTY_ACID_METABOLISM,0.0007,-0.0007,-0.0014,-0.0303,0.0022,0.0019,0.8636,0.0425,0.4116,4,4,CVAE
HALLMARK_G2M_CHECKPOINT,0.0346,0.038,0.0033,0.0469,0.005,0.0052,1.04,0.0735,0.0181,4,4,CVAE
HALLMARK_GLYCOLYSIS,0.0506,0.0563,0.0057,0.1939,0.001,0.0008,0.8,0.116,0.0,4,4,CVAE
HALLMARK_HEDGEHOG_SIGNALING,-0.0269,-0.0229,0.004,0.0449,0.0075,0.0085,1.1333,0.0425,0.4116,4,4,CVAE
HALLMARK_HEME_METABOLISM,0.1201,0.1332,0.0131,0.3337,0.0018,0.0012,0.6667,0.1504,0.0,4,4,CVAE
HALLMARK_HYPOXIA,0.1184,0.1282,0.0098,0.2065,0.0026,0.0019,0.7308,0.1251,0.0,4,4,CVAE
HALLMARK_IL2_STAT5_SIGNALING,0.1305,0.1447,0.0142,0.419,0.0013,0.001,0.7692,0.2262,0.0,4,4,CVAE
HALLMARK_IL6_JAK_STAT3_SIGNALING,0.2,0.2231,0.0231,0.5634,0.0021,0.0012,0.5714,0.2354,0.0,4,4,CVAE
HALLMARK_INFLAMMATORY_RESPONSE,0.0286,0.0261,-0.0025,-0.0399,0.0047,0.0033,0.7021,0.0574,0.1133,4,4,CVAE
HALLMARK_INTERFERON_ALPHA_RESPONSE,0.1689,0.17,0.0011,0.01,0.0126,0.0108,0.8571,0.0471,0.2894,4,4,CVAE
HALLMARK_INTERFERON_GAMMA_RESPONSE,0.0755,0.0759,0.0004,0.0075,0.0035,0.0027,0.7714,0.0459,0.3173,4,4,CVAE
HALLMARK_KRAS_SIGNALING_DN,-0.4186,-0.4804,-0.0619,-1.0249,0.0049,0.0024,0.4898,0.4868,0.0,4,4,CVAE
HALLMARK_KRAS_SIGNALING_UP,-0.0136,-0.0225,-0.0089,-0.1481,0.0038,0.0034,0.8947,0.085,0.0037,4,4,CVAE
HALLMARK_MITOTIC_SPINDLE,0.1162,0.1328,0.0166,0.3698,0.0022,0.0019,0.8636,0.1481,0.0,4,4,CVAE
HALLMARK_MTORC1_SIGNALING,0.1183,0.1294,0.0111,0.3393,0.0011,0.0011,1.0,0.1596,0.0,4,4,CVAE
HALLMARK_MYC_TARGETS_V1,0.234,0.2594,0.0254,0.5288,0.0023,0.0023,1.0,0.2721,0.0,4,4,CVAE
HALLMARK_MYC_TARGETS_V2,0.0819,0.094,0.0121,0.1604,0.0056,0.0059,1.0536,0.0781,0.0099,4,4,CVAE
HALLMARK_MYOGENESIS,0.2553,0.2827,0.0274,0.5347,0.003,0.0023,0.7667,0.256,0.0,4,4,CVAE
HALLMARK_NOTCH_SIGNALING,0.1629,0.1806,0.0177,0.2663,0.0049,0.0039,0.7959,0.1217,0.0,4,4,CVAE
HALLMARK_OXIDATIVE_PHOSPHORYLATION,0.0994,0.1079,0.0085,0.2258,0.0016,0.0012,0.75,0.1148,0.0,4,4,CVAE
HALLMARK_P53_PATHWAY,0.0023,-0.0012,-0.0035,-0.106,0.0012,0.0009,0.75,0.085,0.0037,4,4,CVAE
HALLMARK_PANCREAS_BETA_CELLS,-0.2166,-0.2706,-0.054,-0.3659,0.0258,0.0178,0.6899,0.1676,0.0,4,4,CVAE
HALLMARK_PEROXISOME,0.0897,0.0974,0.0078,0.2025,0.0016,0.0013,0.8125,0.1355,0.0,4,4,CVAE
HALLMARK_PI3K_AKT_MTOR_SIGNALING,0.092,0.1017,0.0098,0.3498,0.0009,0.0006,0.6667,0.1825,0.0,4,4,CVAE
HALLMARK_PROTEIN_SECRETION,0.2502,0.2813,0.0311,0.9163,0.0015,0.0009,0.6,0.3858,0.0,4,4,CVAE
HALLMARK_REACTIVE_OXYGEN_SPECIES_PATHWAY,0.0778,0.069,-0.0087,-0.1596,0.0028,0.0031,1.1071,0.0723,0.021,4,4,CVAE
HALLMARK_SPERMATOGENESIS,-0.1113,-0.1214,-0.01,-0.1344,0.006,0.0051,0.85,0.0838,0.0044,4,4,CVAE
HALLMARK_TGF_BETA_SIGNALING,0.2162,0.2507,0.0345,0.4626,0.006,0.0051,0.85,0.2009,0.0,4,4,CVAE
HALLMARK_TNFA_SIGNALING_VIA_NFKB,0.0845,0.0899,0.0054,0.0863,0.0044,0.0035,0.7955,0.0677,0.0368,4,4,CVAE
HALLMARK_UNFOLDED_PROTEIN_RESPONSE,0.0987,0.1071,0.0083,0.2949,0.0009,0.0007,0.7778,0.1745,0.0,4,4,CVAE
HALLMARK_UV_RESPONSE_DN,0.1426,0.1591,0.0164,0.321,0.0029,0.0023,0.7931,0.1734,0.0,4,4,CVAE
HALLMARK_UV_RESPONSE_UP,0.1006,0.1108,0.0102,0.3318,0.0011,0.0008,0.7273,0.163,0.0,4,4,CVAE
HALLMARK_WNT_BETA_CATENIN_SIGNALING,0.0751,0.0857,0.0106,0.144,0.0052,0.0056,1.0769,0.0551,0.1419,4,4,CVAE
HALLMARK_XENOBIOTIC_METABOLISM,0.0638,0.0752,0.0114,0.3539,0.0011,0.001,0.9091,0.1481,0.0,4,4,CVAE
HALLMARK_ADIPOGENESIS,0.1375,0.1554,0.018,0.5337,0.0012,0.0011,0.9167,0.2339,0.0,5,5,CVAE
HALLMARK_ALLOGRAFT_REJECTION,0.0241,0.0176,-0.0064,-0.101,0.0045,0.0036,0.8,0.0619,0.0706,5,5,CVAE
HALLMARK_ANDROGEN_RESPONSE,0.1396,0.1548,0.0152,0.3396,0.0021,0.0019,0.9048,0.1766,0.0,5,5,CVAE
HALLMARK_ANGIOGENESIS,0.1979,0.2314,0.0335,0.4924,0.005,0.0043,0.86,0.1995,0.0,5,5,CVAE
HALLMARK_APICAL_JUNCTION,0.1247,0.1373,0.0126,0.3221,0.0018,0.0013,0.7222,0.1445,0.0,5,5,CVAE
HALLMARK_APICAL_SURFACE,0.2563,0.2821,0.0258,0.4975,0.0025,0.0028,1.12,0.3945,0.0,5,5,CVAE
HALLMARK_APOPTOSIS,0.1481,0.1685,0.0204,0.9363,0.0006,0.0004,0.6667,0.3727,0.0,5,5,CVAE
HALLMARK_BILE_ACID_METABOLISM,-0.0482,-0.0558,-0.0076,-0.1308,0.0039,0.0029,0.7436,0.0768,0.0116,5,5,CVAE
HALLMARK_CHOLESTEROL_HOMEOSTASIS,-0.0731,-0.0845,-0.0114,-0.2325,0.0028,0.002,0.7143,0.1044,0.0002,5,5,CVAE
HALLMARK_COAGULATION,0.1102,0.1265,0.0164,0.2188,0.0069,0.0042,0.6087,0.1216,0.0,5,5,CVAE
HALLMARK_COMPLEMENT,0.1348,0.1513,0.0165,0.4931,0.0013,0.0009,0.6923,0.2133,0.0,5,5,CVAE
HALLMARK_DNA_REPAIR,-0.0151,-0.0173,-0.0022,-0.0493,0.0023,0.0015,0.6522,0.0677,0.0369,5,5,CVAE
HALLMARK_E2F_TARGETS,-0.0008,0.0028,0.0035,0.0427,0.0068,0.0068,1.0,0.0596,0.09,5,5,CVAE
HALLMARK_EPITHELIAL_MESENCHYMAL_TRANSITION,0.2173,0.2549,0.0376,0.6319,0.0043,0.0027,0.6279,0.2511,0.0,5,5,CVAE
HALLMARK_ESTROGEN_RESPONSE_EARLY,0.1907,0.2137,0.0231,0.3617,0.0041,0.0041,1.0,0.2099,0.0,5,5,CVAE
HALLMARK_ESTROGEN_RESPONSE_LATE,0.1391,0.1579,0.0188,0.5201,0.0013,0.0013,1.0,0.2374,0.0,5,5,CVAE
HALLMARK_FATTY_ACID_METABOLISM,0.0014,0.0022,0.0008,0.0171,0.0024,0.002,0.8333,0.0505,0.2169,5,5,CVAE
HALLMARK_G2M_CHECKPOINT,0.0356,0.0428,0.0072,0.0996,0.0051,0.0053,1.0392,0.0768,0.0116,5,5,CVAE
HALLMARK_GLYCOLYSIS,0.0517,0.0614,0.0096,0.3174,0.001,0.0009,0.9,0.1468,0.0,5,5,CVAE
HALLMARK_HEDGEHOG_SIGNALING,-0.0284,-0.0451,-0.0167,-0.1894,0.0077,0.0079,1.026,0.1147,0.0,5,5,CVAE
HALLMARK_HEME_METABOLISM,0.1193,0.1315,0.0122,0.3104,0.0018,0.0013,0.7222,0.1158,0.0,5,5,CVAE
HALLMARK_HYPOXIA,0.1186,0.1353,0.0168,0.3485,0.0025,0.0021,0.84,0.164,0.0,5,5,CVAE
HALLMARK_IL2_STAT5_SIGNALING,0.1297,0.1444,0.0147,0.4157,0.0013,0.0012,0.9231,0.1915,0.0,5,5,CVAE
HALLMARK_IL6_JAK_STAT3_SIGNALING,0.1987,0.2283,0.0296,0.6953,0.0021,0.0016,0.7619,0.2546,0.0,5,5,CVAE
HALLMARK_INFLAMMATORY_RESPONSE,0.0284,0.0322,0.0038,0.059,0.0046,0.0037,0.8043,0.0585,0.1013,5,5,CVAE
HALLMARK_INTERFERON_ALPHA_RESPONSE,0.1684,0.1869,0.0184,0.1741,0.0127,0.0097,0.7638,0.1261,0.0,5,5,CVAE
HALLMARK_INTERFERON_GAMMA_RESPONSE,0.0753,0.0851,0.0098,0.1844,0.0034,0.0022,0.6471,0.1365,0.0,5,5,CVAE
HALLMARK_KRAS_SIGNALING_DN,-0.4172,-0.4773,-0.0601,-0.9461,0.0049,0.0032,0.6531,0.4702,0.0,5,5,CVAE
HALLMARK_KRAS_SIGNALING_UP,-0.0129,-0.021,-0.0081,-0.1407,0.0038,0.0027,0.7105,0.1021,0.0002,5,5,CVAE
HALLMARK_MITOTIC_SPINDLE,0.1159,0.132,0.0161,0.3347,0.0022,0.0024,1.0909,0.1204,0.0,5,5,CVAE
HALLMARK_MTORC1_SIGNALING,0.1183,0.1334,0.0151,0.4665,0.0011,0.001,0.9091,0.2156,0.0,5,5,CVAE
HALLMARK_MYC_TARGETS_V1,0.2337,0.266,0.0323,0.6836,0.0024,0.0021,0.875,0.3394,0.0,5,5,CVAE
HALLMARK_MYC_TARGETS_V2,0.0821,0.0995,0.0174,0.2431,0.0056,0.0046,0.8214,0.1307,0.0,5,5,CVAE
HALLMARK_MYOGENESIS,0.2552,0.2864,0.0312,0.6194,0.0029,0.0022,0.7586,0.2603,0.0,5,5,CVAE
HALLMARK_NOTCH_SIGNALING,0.162,0.1802,0.0183,0.2711,0.0046,0.0044,0.9565,0.1216,0.0,5,5,CVAE
HALLMARK_OXIDATIVE_PHOSPHORYLATION,0.1,0.1132,0.0132,0.3493,0.0017,0.0012,0.7059,0.18,0.0,5,5,CVAE
HALLMARK_P53_PATHWAY,0.003,0.0035,0.0005,0.0154,0.0011,0.0008,0.7273,0.0734,0.0182,5,5,CVAE
HALLMARK_PANCREAS_BETA_CELLS,-0.2148,-0.2824,-0.0676,-0.4537,0.0269,0.0175,0.6506,0.1915,0.0,5,5,CVAE
HALLMARK_PEROXISOME,0.0902,0.1014,0.0112,0.2803,0.0016,0.0016,1.0,0.1537,0.0,5,5,CVAE
HALLMARK_PI3K_AKT_MTOR_SIGNALING,0.0921,0.1076,0.0155,0.547,0.0009,0.0007,0.7778,0.2534,0.0,5,5,CVAE
HALLMARK_PROTEIN_SECRETION,0.2499,0.2801,0.0303,0.8319,0.0015,0.0012,0.8,0.3544,0.0,5,5,CVAE
HALLMARK_REACTIVE_OXYGEN_SPECIES_PATHWAY,0.0758,0.0784,0.0026,0.0485,0.0029,0.0029,1.0,0.0298,0.833,5,5,CVAE
HALLMARK_SPERMATOGENESIS,-0.1095,-0.1237,-0.0142,-0.1817,0.0061,0.0062,1.0164,0.1273,0.0,5,5,CVAE
HALLMARK_TGF_BETA_SIGNALING,0.2149,0.2441,0.0292,0.4014,0.006,0.0046,0.7667,0.1514,0.0,5,5,CVAE
HALLMARK_TNFA_SIGNALING_VIA_NFKB,0.0845,0.0952,0.0106,0.172,0.0042,0.0035,0.8333,0.1032,0.0002,5,5,CVAE
HALLMARK_UNFOLDED_PROTEIN_RESPONSE,0.0986,0.1132,0.0146,0.522,0.0009,0.0007,0.7778,0.2271,0.0,5,5,CVAE
HALLMARK_UV_RESPONSE_DN,0.1406,0.1574,0.0169,0.3292,0.0029,0.0023,0.7931,0.1433,0.0,5,5,CVAE
HALLMARK_UV_RESPONSE_UP,0.1011,0.1148,0.0138,0.4536,0.0011,0.0007,0.6364,0.2064,0.0,5,5,CVAE
HALLMARK_WNT_BETA_CATENIN_SIGNALING,0.0748,0.0862,0.0114,0.1695,0.005,0.0041,0.82,0.0998,0.0003,5,5,CVAE
HALLMARK_XENOBIOTIC_METABOLISM,0.0645,0.0749,0.0104,0.3207,0.001,0.001,1.0,0.156,0.0,5,5,CVAE
HALLMARK_ADIPOGENESIS,0.1441,0.1116,-0.0325,-0.9031,0.0013,0.0013,1.0,0.3697,0.0,2,2,DP-CVAE ε=4
HALLMARK_ALLOGRAFT_REJECTION,0.0268,0.0575,0.0307,0.5118,0.0054,0.0018,0.3333,0.333,0.0,2,2,DP-CVAE ε=4
HALLMARK_ANDROGEN_RESPONSE,0.149,0.1103,-0.0387,-0.8066,0.0024,0.0022,0.9167,0.3743,0.0,2,2,DP-CVAE ε=4
HALLMARK_ANGIOGENESIS,0.2064,0.1677,-0.0387,-0.4829,0.0057,0.0071,1.2456,0.194,0.0,2,2,DP-CVAE ε=4
HALLMARK_APICAL_JUNCTION,0.1321,0.1446,0.0125,0.2949,0.002,0.0016,0.8,0.1274,0.0,2,2,DP-CVAE ε=4
HALLMARK_APICAL_SURFACE,0.2711,0.2363,-0.0348,-0.5063,0.0028,0.0066,2.3571,0.3031,0.0,2,2,DP-CVAE ε=4
HALLMARK_APOPTOSIS,0.1559,0.1212,-0.0347,-1.2178,0.0006,0.001,1.6667,0.4856,0.0,2,2,DP-CVAE ε=4
HALLMARK_BILE_ACID_METABOLISM,-0.0486,-0.0706,-0.022,-0.3193,0.0044,0.005,1.1364,0.1791,0.0,2,2,DP-CVAE ε=4
HALLMARK_CHOLESTEROL_HOMEOSTASIS,-0.0789,-0.0286,0.0503,0.898,0.0032,0.003,0.9375,0.4041,0.0,2,2,DP-CVAE ε=4
HALLMARK_COAGULATION,0.1149,0.1122,-0.0028,-0.0356,0.008,0.0043,0.5375,0.1056,0.0001,2,2,DP-CVAE ε=4
HALLMARK_COMPLEMENT,0.143,0.1093,-0.0337,-0.8968,0.0016,0.0012,0.75,0.3502,0.0,2,2,DP-CVAE ε=4
HALLMARK_DNA_REPAIR,-0.0173,-0.012,0.0053,0.1184,0.0025,0.0016,0.64,0.1148,0.0,2,2,DP-CVAE ε=4
HALLMARK_E2F_TARGETS,-0.0017,0.0347,0.0365,0.5652,0.0074,0.0009,0.1216,0.4443,0.0,2,2,DP-CVAE ε=4
HALLMARK_EPITHELIAL_MESENCHYMAL_TRANSITION,0.227,0.1595,-0.0675,-1.1538,0.005,0.0018,0.36,0.5316,0.0,2,2,DP-CVAE ε=4
HALLMARK_ESTROGEN_RESPONSE_EARLY,0.2013,0.1374,-0.0638,-1.152,0.0045,0.0017,0.3778,0.5614,0.0,2,2,DP-CVAE ε=4
HALLMARK_ESTROGEN_RESPONSE_LATE,0.1461,0.1417,-0.0044,-0.1156,0.0014,0.0015,1.0714,0.0735,0.0181,2,2,DP-CVAE ε=4
HALLMARK_FATTY_ACID_METABOLISM,0.0003,-0.0403,-0.0406,-0.8494,0.0027,0.0019,0.7037,0.3375,0.0,2,2,DP-CVAE ε=4
HALLMARK_G2M_CHECKPOINT,0.037,0.0664,0.0293,0.5124,0.0056,0.0009,0.1607,0.4294,0.0,2,2,DP-CVAE ε=4
HALLMARK_GLYCOLYSIS,0.0527,0.1052,0.0525,1.7176,0.001,0.0009,0.9,0.6188,0.0,2,2,DP-CVAE ε=4
HALLMARK_HEDGEHOG_SIGNALING,-0.0274,0.014,0.0414,0.384,0.0087,0.0146,1.6782,0.2377,0.0,2,2,DP-CVAE ε=4
HALLMARK_HEME_METABOLISM,0.1267,0.0921,-0.0347,-0.8005,0.0019,0.0019,1.0,0.3525,0.0,2,2,DP-CVAE ε=4
HALLMARK_HYPOXIA,0.1238,0.1157,-0.0081,-0.1843,0.0028,0.001,0.3571,0.2067,0.0,2,2,DP-CVAE ε=4
HALLMARK_IL2_STAT5_SIGNALING,0.1373,0.1075,-0.0298,-0.745,0.0015,0.0017,1.1333,0.3249,0.0,2,2,DP-CVAE ε=4
HALLMARK_IL6_JAK_STAT3_SIGNALING,0.2111,0.1575,-0.0536,-1.0069,0.0024,0.0033,1.375,0.4168,0.0,2,2,DP-CVAE ε=4
HALLMARK_INFLAMMATORY_RESPONSE,0.0312,-0.0255,-0.0568,-0.8692,0.0054,0.0031,0.5741,0.3387,0.0,2,2,DP-CVAE ε=4
HALLMARK_INTERFERON_ALPHA_RESPONSE,0.1812,0.1041,-0.0771,-0.7485,0.0138,0.0074,0.5362,0.3111,0.0,2,2,DP-CVAE ε=4
HALLMARK_INTERFERON_GAMMA_RESPONSE,0.0817,0.0709,-0.0108,-0.2037,0.0038,0.0018,0.4737,0.1435,0.0,2,2,DP-CVAE ε=4
HALLMARK_KRAS_SIGNALING_DN,-0.4406,-0.308,0.1326,1.3183,0.0053,0.015,2.8302,0.5121,0.0,2,2,DP-CVAE ε=4
HALLMARK_KRAS_SIGNALING_UP,-0.0152,0.0794,0.0946,1.5348,0.0044,0.0032,0.7273,0.5568,0.0,2,2,DP-CVAE ε=4
HALLMARK_MITOTIC_SPINDLE,0.1232,0.1089,-0.0143,-0.3304,0.0025,0.0012,0.48,0.1665,0.0,2,2,DP-CVAE ε=4
HALLMARK_MTORC1_SIGNALING,0.1242,0.1454,0.0212,0.6485,0.0012,0.0009,0.75,0.3042,0.0,2,2,DP-CVAE ε=4
HALLMARK_MYC_TARGETS_V1,0.2461,0.1844,-0.0617,-1.3905,0.0025,0.0015,0.6,0.5132,0.0,2,2,DP-CVAE ε=4
HALLMARK_MYC_TARGETS_V2,0.0859,0.1162,0.0304,0.4506,0.0059,0.0032,0.5424,0.2629,0.0,2,2,DP-CVAE ε=4
HALLMARK_MYOGENESIS,0.2686,0.2006,-0.068,-1.3025,0.0032,0.0022,0.6875,0.5327,0.0,2,2,DP-CVAE ε=4
HALLMARK_NOTCH_SIGNALING,0.1713,0.0953,-0.0759,-0.9516,0.0052,0.0075,1.4423,0.3685,0.0,2,2,DP-CVAE ε=4
HALLMARK_OXIDATIVE_PHOSPHORYLATION,0.1037,0.057,-0.0468,-1.1942,0.0018,0.0012,0.6667,0.4581,0.0,2,2,DP-CVAE ε=4
HALLMARK_P53_PATHWAY,0.0021,0.0138,0.0117,0.3392,0.0012,0.0011,0.9167,0.1435,0.0,2,2,DP-CVAE ε=4
HALLMARK_PANCREAS_BETA_CELLS,-0.2281,-0.2354,-0.0073,-0.0385,0.0282,0.0432,1.5319,0.1378,0.0,2,2,DP-CVAE ε=4
HALLMARK_PEROXISOME,0.0951,0.0347,-0.0604,-1.328,0.0018,0.0023,1.2778,0.5086,0.0,2,2,DP-CVAE ε=4
HALLMARK_PI3K_AKT_MTOR_SIGNALING,0.0965,0.0923,-0.0042,-0.12,0.0011,0.0014,1.2727,0.0918,0.0013,2,2,DP-CVAE ε=4
HALLMARK_PROTEIN_SECRETION,0.2637,0.1757,-0.0879,-1.9616,0.0016,0.0024,1.5,0.6958,0.0,2,2,DP-CVAE ε=4
HALLMARK_REACTIVE_OXYGEN_SPECIES_PATHWAY,0.0809,0.0037,-0.0772,-1.1314,0.0033,0.0061,1.8485,0.4489,0.0,2,2,DP-CVAE ε=4
HALLMARK_SPERMATOGENESIS,-0.1167,-0.079,0.0377,0.5174,0.0067,0.0039,0.5821,0.2813,0.0,2,2,DP-CVAE ε=4
HALLMARK_TGF_BETA_SIGNALING,0.2291,0.1645,-0.0645,-0.8536,0.0064,0.005,0.7812,0.3869,0.0,2,2,DP-CVAE ε=4
HALLMARK_TNFA_SIGNALING_VIA_NFKB,0.0902,0.1058,0.0156,0.2846,0.0047,0.0013,0.2766,0.2503,0.0,2,2,DP-CVAE ε=4
HALLMARK_UNFOLDED_PROTEIN_RESPONSE,0.1038,0.1153,0.0116,0.3421,0.001,0.0013,1.3,0.1803,0.0,2,2,DP-CVAE ε=4
HALLMARK_UV_RESPONSE_DN,0.1502,0.0951,-0.0551,-1.1197,0.0032,0.0016,0.5,0.4765,0.0,2,2,DP-CVAE ε=4
HALLMARK_UV_RESPONSE_UP,0.1062,0.1159,0.0097,0.2934,0.0013,0.0009,0.6923,0.1642,0.0,2,2,DP-CVAE ε=4
HALLMARK_WNT_BETA_CATENIN_SIGNALING,0.0789,0.0194,-0.0596,-0.7949,0.0055,0.0057,1.0364,0.3157,0.0,2,2,DP-CVAE ε=4
HALLMARK_XENOBIOTIC_METABOLISM,0.068,0.0814,0.0135,0.356,0.0012,0.0017,1.4167,0.1975,0.0,2,2,DP-CVAE ε=4
HALLMARK_ADIPOGENESIS,0.1361,0.1161,-0.02,-0.5615,0.0012,0.0013,1.0833,0.2411,0.0,1,1,DP-CVAE ε=4
HALLMARK_ALLOGRAFT_REJECTION,0.0241,0.0579,0.0339,0.5932,0.0046,0.0019,0.413,0.3536,0.0,1,1,DP-CVAE ε=4
HALLMARK_ANDROGEN_RESPONSE,0.1415,0.1155,-0.0261,-0.5467,0.0021,0.0025,1.1905,0.2882,0.0,1,1,DP-CVAE ε=4
HALLMARK_ANGIOGENESIS,0.1979,0.1746,-0.0233,-0.2976,0.005,0.0072,1.44,0.1527,0.0,1,1,DP-CVAE ε=4
HALLMARK_APICAL_JUNCTION,0.1252,0.1513,0.0261,0.6227,0.0018,0.0018,1.0,0.2491,0.0,1,1,DP-CVAE ε=4
HALLMARK_APICAL_SURFACE,0.2564,0.2445,-0.0119,-0.1649,0.0026,0.0078,3.0,0.2078,0.0,1,1,DP-CVAE ε=4
HALLMARK_APOPTOSIS,0.1477,0.1265,-0.0212,-0.7361,0.0005,0.0011,2.2,0.3261,0.0,1,1,DP-CVAE ε=4
HALLMARK_BILE_ACID_METABOLISM,-0.0478,-0.0761,-0.0283,-0.4078,0.004,0.0056,1.4,0.2181,0.0,1,1,DP-CVAE ε=4
HALLMARK_CHOLESTEROL_HOMEOSTASIS,-0.0747,-0.03,0.0447,0.8129,0.0028,0.0032,1.1429,0.3662,0.0,1,1,DP-CVAE ε=4
HALLMARK_COAGULATION,0.1129,0.1195,0.0066,0.0872,0.007,0.0046,0.6571,0.07,0.0279,1,1,DP-CVAE ε=4
HALLMARK_COMPLEMENT,0.1345,0.1137,-0.0209,-0.5627,0.0014,0.0013,0.9286,0.2216,0.0,1,1,DP-CVAE ε=4
HALLMARK_DNA_REPAIR,-0.0161,-0.0132,0.0028,0.0631,0.0022,0.0017,0.7727,0.0758,0.0135,1,1,DP-CVAE ε=4
HALLMARK_E2F_TARGETS,-0.0011,0.0361,0.0372,0.6024,0.0067,0.001,0.1493,0.4501,0.0,1,1,DP-CVAE ε=4
HALLMARK_EPITHELIAL_MESENCHYMAL_TRANSITION,0.218,0.1683,-0.0497,-0.8714,0.0045,0.002,0.4444,0.4099,0.0,1,1,DP-CVAE ε=4
HALLMARK_ESTROGEN_RESPONSE_EARLY,0.1906,0.1444,-0.0462,-0.8523,0.004,0.0019,0.475,0.4501,0.0,1,1,DP-CVAE ε=4
HALLMARK_ESTROGEN_RESPONSE_LATE,0.1382,0.1491,0.0108,0.2863,0.0013,0.0016,1.2308,0.1355,0.0,1,1,DP-CVAE ε=4
HALLMARK_FATTY_ACID_METABOLISM,0.0001,-0.0423,-0.0424,-0.906,0.0024,0.002,0.8333,0.3536,0.0,1,1,DP-CVAE ε=4
HALLMARK_G2M_CHECKPOINT,0.0353,0.0698,0.0345,0.6265,0.005,0.001,0.2,0.4524,0.0,1,1,DP-CVAE ε=4
HALLMARK_GLYCOLYSIS,0.0511,0.1108,0.0597,1.9344,0.0009,0.001,1.1111,0.6636,0.0,1,1,DP-CVAE ε=4
HALLMARK_HEDGEHOG_SIGNALING,-0.0273,0.0149,0.0423,0.3978,0.0075,0.0151,2.0133,0.2549,0.0,1,1,DP-CVAE ε=4
HALLMARK_HEME_METABOLISM,0.12,0.0949,-0.0251,-0.5722,0.0017,0.0022,1.2941,0.2583,0.0,1,1,DP-CVAE ε=4
HALLMARK_HYPOXIA,0.1182,0.1218,0.0036,0.0843,0.0026,0.0011,0.4231,0.1435,0.0,1,1,DP-CVAE ε=4
HALLMARK_IL2_STAT5_SIGNALING,0.1297,0.1129,-0.0168,-0.4256,0.0013,0.0018,1.3846,0.2044,0.0,1,1,DP-CVAE ε=4
HALLMARK_IL6_JAK_STAT3_SIGNALING,0.1997,0.1625,-0.0372,-0.6804,0.0021,0.0039,1.8571,0.3169,0.0,1,1,DP-CVAE ε=4
HALLMARK_INFLAMMATORY_RESPONSE,0.0292,-0.0262,-0.0554,-0.8656,0.0048,0.0034,0.7083,0.3284,0.0,1,1,DP-CVAE ε=4
HALLMARK_INTERFERON_ALPHA_RESPONSE,0.1668,0.105,-0.0618,-0.6055,0.0128,0.0081,0.6328,0.256,0.0,1,1,DP-CVAE ε=4
HALLMARK_INTERFERON_GAMMA_RESPONSE,0.0751,0.0722,-0.0029,-0.0554,0.0033,0.002,0.6061,0.0827,0.0052,1,1,DP-CVAE ε=4
HALLMARK_KRAS_SIGNALING_DN,-0.4178,-0.3175,0.1002,0.9633,0.0047,0.017,3.617,0.4053,0.0,1,1,DP-CVAE ε=4
HALLMARK_KRAS_SIGNALING_UP,-0.0127,0.0805,0.0933,1.5477,0.0039,0.0034,0.8718,0.5763,0.0,1,1,DP-CVAE ε=4
HALLMARK_MITOTIC_SPINDLE,0.1172,0.1141,-0.003,-0.0721,0.0022,0.0013,0.5909,0.101,0.0003,1,1,DP-CVAE ε=4
HALLMARK_MTORC1_SIGNALING,0.1178,0.1526,0.0348,1.0859,0.0011,0.001,0.9091,0.4466,0.0,1,1,DP-CVAE ε=4
HALLMARK_MYC_TARGETS_V1,0.2336,0.1935,-0.04,-0.9202,0.0023,0.0015,0.6522,0.3042,0.0,1,1,DP-CVAE ε=4
HALLMARK_MYC_TARGETS_V2,0.0803,0.1238,0.0436,0.6503,0.0055,0.0035,0.6364,0.3169,0.0,1,1,DP-CVAE ε=4
HALLMARK_MYOGENESIS,0.2554,0.211,-0.0444,-0.865,0.0028,0.0024,0.8571,0.3628,0.0,1,1,DP-CVAE ε=4
HALLMARK_NOTCH_SIGNALING,0.1636,0.1051,-0.0585,-0.7308,0.0049,0.0079,1.6122,0.3031,0.0,1,1,DP-CVAE ε=4
HALLMARK_OXIDATIVE_PHOSPHORYLATION,0.0978,0.0592,-0.0386,-0.9945,0.0017,0.0013,0.7647,0.3823,0.0,1,1,DP-CVAE ε=4
HALLMARK_P53_PATHWAY,0.0022,0.0139,0.0117,0.35,0.0011,0.0011,1.0,0.1561,0.0,1,1,DP-CVAE ε=4
HALLMARK_PANCREAS_BETA_CELLS,-0.2149,-0.2479,-0.033,-0.1704,0.0253,0.0499,1.9723,0.2308,0.0,1,1,DP-CVAE ε=4
HALLMARK_PEROXISOME,0.0896,0.035,-0.0546,-1.1806,0.0017,0.0026,1.5294,0.4638,0.0,1,1,DP-CVAE ε=4
HALLMARK_PI3K_AKT_MTOR_SIGNALING,0.0918,0.0958,0.004,0.1113,0.0009,0.0016,1.7778,0.1194,0.0,1,1,DP-CVAE ε=4
HALLMARK_PROTEIN_SECRETION,0.2493,0.1845,-0.0648,-1.4322,0.0015,0.0026,1.7333,0.5545,0.0,1,1,DP-CVAE ε=4
HALLMARK_REACTIVE_OXYGEN_SPECIES_PATHWAY,0.0749,0.0028,-0.0721,-1.0479,0.0029,0.0066,2.2759,0.4409,0.0,1,1,DP-CVAE ε=4
HALLMARK_SPERMATOGENESIS,-0.1106,-0.0817,0.0289,0.4022,0.0061,0.0043,0.7049,0.2411,0.0,1,1,DP-CVAE ε=4
HALLMARK_TGF_BETA_SIGNALING,0.2182,0.1737,-0.0445,-0.592,0.0058,0.0055,0.9483,0.2698,0.0,1,1,DP-CVAE ε=4
HALLMARK_TNFA_SIGNALING_VIA_NFKB,0.084,0.1107,0.0267,0.5026,0.0043,0.0014,0.3256,0.302,0.0,1,1,DP-CVAE ε=4
HALLMARK_UNFOLDED_PROTEIN_RESPONSE,0.0985,0.121,0.0225,0.6615,0.0009,0.0015,1.6667,0.2928,0.0,1,1,DP-CVAE ε=4
HALLMARK_UV_RESPONSE_DN,0.1421,0.0988,-0.0433,-0.912,0.0029,0.0016,0.5517,0.4076,0.0,1,1,DP-CVAE ε=4
HALLMARK_UV_RESPONSE_UP,0.0994,0.1205,0.021,0.6378,0.0011,0.0011,1.0,0.2813,0.0,1,1,DP-CVAE ε=4
HALLMARK_WNT_BETA_CATENIN_SIGNALING,0.0752,0.0204,-0.0548,-0.7415,0.0052,0.0057,1.0962,0.3042,0.0,1,1,DP-CVAE ε=4
HALLMARK_XENOBIOTIC_METABOLISM,0.0628,0.083,0.0202,0.5347,0.0011,0.0018,1.6364,0.2491,0.0,1,1,DP-CVAE ε=4
HALLMARK_ADIPOGENESIS,0.1376,0.1137,-0.0239,-0.6942,0.0012,0.0012,1.0,0.2847,0.0,4,4,DP-CVAE ε=4
HALLMARK_ALLOGRAFT_REJECTION,0.0247,0.0574,0.0328,0.5721,0.0047,0.0018,0.383,0.3571,0.0,4,4,DP-CVAE ε=4
HALLMARK_ANDROGEN_RESPONSE,0.1418,0.1098,-0.032,-0.6845,0.0022,0.0022,1.0,0.3502,0.0,4,4,DP-CVAE ε=4
HALLMARK_ANGIOGENESIS,0.1978,0.1677,-0.0301,-0.387,0.005,0.0071,1.42,0.186,0.0,4,4,DP-CVAE ε=4
HALLMARK_APICAL_JUNCTION,0.1246,0.1465,0.0218,0.5309,0.0018,0.0016,0.8889,0.2044,0.0,4,4,DP-CVAE ε=4
HALLMARK_APICAL_SURFACE,0.2571,0.2394,-0.0177,-0.2578,0.0026,0.0068,2.6154,0.2193,0.0,4,4,DP-CVAE ε=4
HALLMARK_APOPTOSIS,0.1481,0.1228,-0.0253,-0.9067,0.0006,0.001,1.6667,0.3789,0.0,4,4,DP-CVAE ε=4
HALLMARK_BILE_ACID_METABOLISM,-0.0477,-0.0752,-0.0274,-0.4036,0.0039,0.0053,1.359,0.2021,0.0,4,4,DP-CVAE ε=4
HALLMARK_CHOLESTEROL_HOMEOSTASIS,-0.0741,-0.0272,0.0469,0.8626,0.0028,0.0031,1.1071,0.3685,0.0,4,4,DP-CVAE ε=4
HALLMARK_COAGULATION,0.1108,0.1142,0.0034,0.0448,0.0074,0.0042,0.5676,0.0735,0.0181,4,4,DP-CVAE ε=4
HALLMARK_COMPLEMENT,0.1347,0.1092,-0.0256,-0.6879,0.0014,0.0013,0.9286,0.2732,0.0,4,4,DP-CVAE ε=4
HALLMARK_DNA_REPAIR,-0.0175,-0.0128,0.0047,0.1109,0.0022,0.0015,0.6818,0.1079,0.0001,4,4,DP-CVAE ε=4
HALLMARK_E2F_TARGETS,-0.002,0.0348,0.0368,0.5986,0.0066,0.0009,0.1364,0.4466,0.0,4,4,DP-CVAE ε=4
HALLMARK_EPITHELIAL_MESENCHYMAL_TRANSITION,0.2165,0.1628,-0.0536,-0.9332,0.0048,0.0018,0.375,0.4604,0.0,4,4,DP-CVAE ε=4
HALLMARK_ESTROGEN_RESPONSE_EARLY,0.191,0.1388,-0.0522,-0.9752,0.004,0.0017,0.425,0.4879,0.0,4,4,DP-CVAE ε=4
HALLMARK_ESTROGEN_RESPONSE_LATE,0.1379,0.145,0.0072,0.1945,0.0013,0.0014,1.0769,0.0953,0.0007,4,4,DP-CVAE ε=4
HALLMARK_FATTY_ACID_METABOLISM,0.0007,-0.0402,-0.0408,-0.9096,0.0022,0.0018,0.8182,0.3674,0.0,4,4,DP-CVAE ε=4
HALLMARK_G2M_CHECKPOINT,0.0346,0.0671,0.0324,0.5912,0.005,0.001,0.2,0.4409,0.0,4,4,DP-CVAE ε=4
HALLMARK_GLYCOLYSIS,0.0506,0.1071,0.0565,1.846,0.001,0.0009,0.9,0.6418,0.0,4,4,DP-CVAE ε=4
HALLMARK_HEDGEHOG_SIGNALING,-0.0269,0.0172,0.0441,0.4141,0.0075,0.0152,2.0267,0.2595,0.0,4,4,DP-CVAE ε=4
HALLMARK_HEME_METABOLISM,0.1201,0.0924,-0.0277,-0.6413,0.0018,0.0019,1.0556,0.2882,0.0,4,4,DP-CVAE ε=4
HALLMARK_HYPOXIA,0.1184,0.1169,-0.0015,-0.0352,0.0026,0.001,0.3846,0.1515,0.0,4,4,DP-CVAE ε=4
HALLMARK_IL2_STAT5_SIGNALING,0.1305,0.1086,-0.0218,-0.5514,0.0013,0.0018,1.3846,0.2595,0.0,4,4,DP-CVAE ε=4
HALLMARK_IL6_JAK_STAT3_SIGNALING,0.2,0.1578,-0.0422,-0.8024,0.0021,0.0034,1.619,0.349,0.0,4,4,DP-CVAE ε=4
HALLMARK_INFLAMMATORY_RESPONSE,0.0286,-0.0278,-0.0564,-0.8936,0.0047,0.0033,0.7021,0.3444,0.0,4,4,DP-CVAE ε=4
HALLMARK_INTERFERON_ALPHA_RESPONSE,0.1689,0.1053,-0.0636,-0.6359,0.0126,0.0074,0.5873,0.2652,0.0,4,4,DP-CVAE ε=4
HALLMARK_INTERFERON_GAMMA_RESPONSE,0.0755,0.0703,-0.0052,-0.1006,0.0035,0.0019,0.5429,0.0999,0.0003,4,4,DP-CVAE ε=4
HALLMARK_KRAS_SIGNALING_DN,-0.4186,-0.3048,0.1138,1.1439,0.0049,0.0149,3.0408,0.4615,0.0,4,4,DP-CVAE ε=4
HALLMARK_KRAS_SIGNALING_UP,-0.0136,0.078,0.0916,1.5507,0.0038,0.0032,0.8421,0.5603,0.0,4,4,DP-CVAE ε=4
HALLMARK_MITOTIC_SPINDLE,0.1162,0.1104,-0.0058,-0.1385,0.0022,0.0013,0.5909,0.1022,0.0002,4,4,DP-CVAE ε=4
HALLMARK_MTORC1_SIGNALING,0.1183,0.1474,0.0291,0.9122,0.0011,0.0009,0.8182,0.3777,0.0,4,4,DP-CVAE ε=4
HALLMARK_MYC_TARGETS_V1,0.234,0.1852,-0.0488,-1.127,0.0023,0.0014,0.6087,0.3984,0.0,4,4,DP-CVAE ε=4
HALLMARK_MYC_TARGETS_V2,0.0819,0.1209,0.039,0.5954,0.0056,0.003,0.5357,0.3226,0.0,4,4,DP-CVAE ε=4
HALLMARK_MYOGENESIS,0.2553,0.202,-0.0533,-1.0305,0.003,0.0024,0.8,0.4443,0.0,4,4,DP-CVAE ε=4
HALLMARK_NOTCH_SIGNALING,0.1629,0.0981,-0.0648,-0.8296,0.0049,0.0073,1.4898,0.3364,0.0,4,4,DP-CVAE ε=4
HALLMARK_OXIDATIVE_PHOSPHORYLATION,0.0994,0.058,-0.0414,-1.0839,0.0016,0.0013,0.8125,0.4133,0.0,4,4,DP-CVAE ε=4
HALLMARK_P53_PATHWAY,0.0023,0.0144,0.0121,0.3579,0.0012,0.0011,0.9167,0.1596,0.0,4,4,DP-CVAE ε=4
HALLMARK_PANCREAS_BETA_CELLS,-0.2166,-0.2398,-0.0232,-0.1248,0.0258,0.0431,1.6705,0.1676,0.0,4,4,DP-CVAE ε=4
HALLMARK_PEROXISOME,0.0897,0.0339,-0.0557,-1.2477,0.0016,0.0024,1.5,0.4879,0.0,4,4,DP-CVAE ε=4
HALLMARK_PI3K_AKT_MTOR_SIGNALING,0.092,0.0938,0.0018,0.0537,0.0009,0.0014,1.5556,0.0815,0.0061,4,4,DP-CVAE ε=4
HALLMARK_PROTEIN_SECRETION,0.2502,0.1773,-0.0729,-1.672,0.0015,0.0023,1.5333,0.6142,0.0,4,4,DP-CVAE ε=4
HALLMARK_REACTIVE_OXYGEN_SPECIES_PATHWAY,0.0778,0.0032,-0.0746,-1.1303,0.0028,0.0059,2.1071,0.4466,0.0,4,4,DP-CVAE ε=4
HALLMARK_SPERMATOGENESIS,-0.1113,-0.0788,0.0326,0.4569,0.006,0.0042,0.7,0.2629,0.0,4,4,DP-CVAE ε=4
HALLMARK_TGF_BETA_SIGNALING,0.2162,0.1664,-0.0498,-0.6711,0.006,0.005,0.8333,0.3261,0.0,4,4,DP-CVAE ε=4
HALLMARK_TNFA_SIGNALING_VIA_NFKB,0.0845,0.1055,0.021,0.3954,0.0044,0.0013,0.2955,0.2698,0.0,4,4,DP-CVAE ε=4
HALLMARK_UNFOLDED_PROTEIN_RESPONSE,0.0987,0.1156,0.0168,0.4938,0.0009,0.0015,1.6667,0.2503,0.0,4,4,DP-CVAE ε=4
HALLMARK_UV_RESPONSE_DN,0.1426,0.0945,-0.0481,-1.014,0.0029,0.0016,0.5517,0.4305,0.0,4,4,DP-CVAE ε=4
HALLMARK_UV_RESPONSE_UP,0.1006,0.1167,0.0161,0.5014,0.0011,0.0009,0.8182,0.2388,0.0,4,4,DP-CVAE ε=4
HALLMARK_WNT_BETA_CATENIN_SIGNALING,0.0751,0.0184,-0.0567,-0.7732,0.0052,0.0056,1.0769,0.318,0.0,4,4,DP-CVAE ε=4
HALLMARK_XENOBIOTIC_METABOLISM,0.0638,0.0805,0.0167,0.4449,0.0011,0.0018,1.6364,0.2158,0.0,4,4,DP-CVAE ε=4
HALLMARK_ADIPOGENESIS,0.1375,0.1149,-0.0225,-0.6549,0.0012,0.0012,1.0,0.2718,0.0,5,5,DP-CVAE ε=4
HALLMARK_ALLOGRAFT_REJECTION,0.0241,0.0548,0.0307,0.5453,0.0045,0.0018,0.4,0.3326,0.0,5,5,DP-CVAE ε=4
HALLMARK_ANDROGEN_RESPONSE,0.1396,0.1107,-0.0289,-0.624,0.0021,0.0022,1.0476,0.3096,0.0,5,5,DP-CVAE ε=4
HALLMARK_ANGIOGENESIS,0.1979,0.1659,-0.032,-0.4112,0.005,0.0071,1.42,0.172,0.0,5,5,DP-CVAE ε=4
HALLMARK_APICAL_JUNCTION,0.1247,0.1488,0.0241,0.5877,0.0018,0.0016,0.8889,0.2351,0.0,5,5,DP-CVAE ε=4
HALLMARK_APICAL_SURFACE,0.2563,0.2281,-0.0281,-0.388,0.0025,0.008,3.2,0.25,0.0,5,5,DP-CVAE ε=4
HALLMARK_APOPTOSIS,0.1481,0.1224,-0.0257,-0.8945,0.0006,0.0011,1.8333,0.3647,0.0,5,5,DP-CVAE ε=4
HALLMARK_BILE_ACID_METABOLISM,-0.0482,-0.0754,-0.0272,-0.4065,0.0039,0.005,1.2821,0.2007,0.0,5,5,DP-CVAE ε=4
HALLMARK_CHOLESTEROL_HOMEOSTASIS,-0.0731,-0.023,0.0501,0.9196,0.0028,0.0032,1.1429,0.3911,0.0,5,5,DP-CVAE ε=4
HALLMARK_COAGULATION,0.1102,0.1114,0.0013,0.0168,0.0069,0.0044,0.6377,0.086,0.0032,5,5,DP-CVAE ε=4
HALLMARK_COMPLEMENT,0.1348,0.1074,-0.0275,-0.7521,0.0013,0.0013,1.0,0.2947,0.0,5,5,DP-CVAE ε=4
HALLMARK_DNA_REPAIR,-0.0151,-0.0142,0.0009,0.0212,0.0023,0.0014,0.6087,0.0917,0.0013,5,5,DP-CVAE ε=4
HALLMARK_E2F_TARGETS,-0.0008,0.0356,0.0364,0.587,0.0068,0.0009,0.1324,0.461,0.0,5,5,DP-CVAE ε=4
HALLMARK_EPITHELIAL_MESENCHYMAL_TRANSITION,0.2173,0.1645,-0.0528,-0.9416,0.0043,0.0019,0.4419,0.4278,0.0,5,5,DP-CVAE ε=4
HALLMARK_ESTROGEN_RESPONSE_EARLY,0.1907,0.1347,-0.056,-1.0468,0.0041,0.0017,0.4146,0.5172,0.0,5,5,DP-CVAE ε=4
HALLMARK_ESTROGEN_RESPONSE_LATE,0.1391,0.1438,0.0047,0.1253,0.0013,0.0015,1.1538,0.0619,0.0706,5,5,DP-CVAE ε=4
HALLMARK_FATTY_ACID_METABOLISM,0.0014,-0.0401,-0.0415,-0.9149,0.0024,0.0017,0.7083,0.3555,0.0,5,5,DP-CVAE ε=4
HALLMARK_G2M_CHECKPOINT,0.0356,0.0683,0.0326,0.5952,0.0051,0.0009,0.1765,0.4484,0.0,5,5,DP-CVAE ε=4
HALLMARK_GLYCOLYSIS,0.0517,0.1075,0.0558,1.7763,0.001,0.001,1.0,0.6353,0.0,5,5,DP-CVAE ε=4
HALLMARK_HEDGEHOG_SIGNALING,-0.0284,0.0163,0.0447,0.4247,0.0077,0.0145,1.8831,0.2741,0.0,5,5,DP-CVAE ε=4
HALLMARK_HEME_METABOLISM,0.1193,0.0919,-0.0274,-0.625,0.0018,0.0021,1.1667,0.2959,0.0,5,5,DP-CVAE ε=4
HALLMARK_HYPOXIA,0.1186,0.1177,-0.0009,-0.0217,0.0025,0.001,0.4,0.1433,0.0,5,5,DP-CVAE ε=4
HALLMARK_IL2_STAT5_SIGNALING,0.1297,0.1097,-0.0199,-0.5134,0.0013,0.0017,1.3077,0.2339,0.0,5,5,DP-CVAE ε=4
HALLMARK_IL6_JAK_STAT3_SIGNALING,0.1987,0.1549,-0.0438,-0.8417,0.0021,0.0033,1.5714,0.3475,0.0,5,5,DP-CVAE ε=4
HALLMARK_INFLAMMATORY_RESPONSE,0.0284,-0.0272,-0.0556,-0.9108,0.0046,0.0028,0.6087,0.367,0.0,5,5,DP-CVAE ε=4
HALLMARK_INTERFERON_ALPHA_RESPONSE,0.1684,0.104,-0.0645,-0.6446,0.0127,0.0073,0.5748,0.2695,0.0,5,5,DP-CVAE ε=4
HALLMARK_INTERFERON_GAMMA_RESPONSE,0.0753,0.0667,-0.0086,-0.1711,0.0034,0.0017,0.5,0.1261,0.0,5,5,DP-CVAE ε=4
HALLMARK_KRAS_SIGNALING_DN,-0.4172,-0.3066,0.1106,1.103,0.0049,0.0152,3.102,0.4484,0.0,5,5,DP-CVAE ε=4
HALLMARK_KRAS_SIGNALING_UP,-0.0129,0.0774,0.0903,1.5339,0.0038,0.0031,0.8158,0.5562,0.0,5,5,DP-CVAE ε=4
HALLMARK_MITOTIC_SPINDLE,0.1159,0.11,-0.0059,-0.1406,0.0022,0.0013,0.5909,0.1112,0.0,5,5,DP-CVAE ε=4
HALLMARK_MTORC1_SIGNALING,0.1183,0.1474,0.0291,0.9167,0.0011,0.0009,0.8182,0.3991,0.0,5,5,DP-CVAE ε=4
HALLMARK_MYC_TARGETS_V1,0.2337,0.1866,-0.047,-1.0891,0.0024,0.0014,0.5833,0.3922,0.0,5,5,DP-CVAE ε=4
HALLMARK_MYC_TARGETS_V2,0.0821,0.1259,0.0438,0.6508,0.0056,0.0035,0.625,0.3245,0.0,5,5,DP-CVAE ε=4
HALLMARK_MYOGENESIS,0.2552,0.2,-0.0552,-1.0948,0.0029,0.0022,0.7586,0.4587,0.0,5,5,DP-CVAE ε=4
HALLMARK_NOTCH_SIGNALING,0.162,0.0919,-0.07,-0.9151,0.0046,0.0071,1.5435,0.3647,0.0,5,5,DP-CVAE ε=4
HALLMARK_OXIDATIVE_PHOSPHORYLATION,0.1,0.0567,-0.0433,-1.1039,0.0017,0.0014,0.8235,0.4255,0.0,5,5,DP-CVAE ε=4
HALLMARK_P53_PATHWAY,0.003,0.0132,0.0102,0.3109,0.0011,0.001,0.9091,0.1365,0.0,5,5,DP-CVAE ε=4
HALLMARK_PANCREAS_BETA_CELLS,-0.2148,-0.2254,-0.0106,-0.0537,0.0269,0.0509,1.8922,0.1686,0.0,5,5,DP-CVAE ε=4
HALLMARK_PEROXISOME,0.0902,0.0311,-0.0591,-1.2996,0.0016,0.0025,1.5625,0.5011,0.0,5,5,DP-CVAE ε=4
HALLMARK_PI3K_AKT_MTOR_SIGNALING,0.0921,0.0951,0.003,0.0853,0.0009,0.0015,1.6667,0.1158,0.0,5,5,DP-CVAE ε=4
HALLMARK_PROTEIN_SECRETION,0.2499,0.1817,-0.0682,-1.5817,0.0015,0.0022,1.4667,0.6055,0.0,5,5,DP-CVAE ε=4
HALLMARK_REACTIVE_OXYGEN_SPECIES_PATHWAY,0.0758,0.004,-0.0718,-1.0735,0.0029,0.006,2.069,0.43,0.0,5,5,DP-CVAE ε=4
HALLMARK_SPERMATOGENESIS,-0.1095,-0.0818,0.0277,0.3974,0.0061,0.0036,0.5902,0.2248,0.0,5,5,DP-CVAE ε=4
HALLMARK_TGF_BETA_SIGNALING,0.2149,0.1617,-0.0532,-0.7194,0.006,0.0049,0.8167,0.3326,0.0,5,5,DP-CVAE ε=4
HALLMARK_TNFA_SIGNALING_VIA_NFKB,0.0845,0.1048,0.0202,0.3853,0.0042,0.0013,0.3095,0.2683,0.0,5,5,DP-CVAE ε=4
HALLMARK_UNFOLDED_PROTEIN_RESPONSE,0.0986,0.1156,0.017,0.5086,0.0009,0.0014,1.5556,0.2362,0.0,5,5,DP-CVAE ε=4
HALLMARK_UV_RESPONSE_DN,0.1406,0.0943,-0.0463,-0.9864,0.0029,0.0015,0.5172,0.445,0.0,5,5,DP-CVAE ε=4
HALLMARK_UV_RESPONSE_UP,0.1011,0.1165,0.0154,0.4763,0.0011,0.001,0.9091,0.2248,0.0,5,5,DP-CVAE ε=4
HALLMARK_WNT_BETA_CATENIN_SIGNALING,0.0748,0.0186,-0.0562,-0.776,0.005,0.0054,1.08,0.289,0.0,5,5,DP-CVAE ε=4
HALLMARK_XENOBIOTIC_METABOLISM,0.0645,0.0812,0.0167,0.463,0.001,0.0016,1.6,0.2317,0.0,5,5,DP-CVAE ε=4
HALLMARK_ADIPOGENESIS,0.1367,0.1138,-0.0229,-0.6475,0.0012,0.0013,1.0833,0.2755,0.0,3,3,DP-CVAE ε=4
HALLMARK_ALLOGRAFT_REJECTION,0.0238,0.0563,0.0326,0.5694,0.0047,0.0019,0.4043,0.3456,0.0,3,3,DP-CVAE ε=4
HALLMARK_ANDROGEN_RESPONSE,0.1417,0.1122,-0.0295,-0.6306,0.0022,0.0022,1.0,0.3192,0.0,3,3,DP-CVAE ε=4
HALLMARK_ANGIOGENESIS,0.1966,0.1714,-0.0252,-0.3277,0.0049,0.007,1.4286,0.1481,0.0,3,3,DP-CVAE ε=4
HALLMARK_APICAL_JUNCTION,0.124,0.147,0.023,0.5577,0.0017,0.0016,0.9412,0.2158,0.0,3,3,DP-CVAE ε=4
HALLMARK_APICAL_SURFACE,0.2567,0.2413,-0.0154,-0.2223,0.0026,0.0071,2.7308,0.2101,0.0,3,3,DP-CVAE ε=4
HALLMARK_APOPTOSIS,0.1477,0.1221,-0.0257,-0.9189,0.0006,0.001,1.6667,0.3708,0.0,3,3,DP-CVAE ε=4
HALLMARK_BILE_ACID_METABOLISM,-0.046,-0.0742,-0.0283,-0.427,0.0038,0.005,1.3158,0.2193,0.0,3,3,DP-CVAE ε=4
HALLMARK_CHOLESTEROL_HOMEOSTASIS,-0.0735,-0.0273,0.0462,0.8409,0.0028,0.0032,1.1429,0.3605,0.0,3,3,DP-CVAE ε=4
HALLMARK_COAGULATION,0.1079,0.1116,0.0037,0.0489,0.007,0.0044,0.6286,0.0746,0.0156,3,3,DP-CVAE ε=4
HALLMARK_COMPLEMENT,0.1345,0.1102,-0.0243,-0.6621,0.0014,0.0013,0.9286,0.2595,0.0,3,3,DP-CVAE ε=4
HALLMARK_DNA_REPAIR,-0.0149,-0.0095,0.0054,0.1243,0.0022,0.0016,0.7273,0.0976,0.0005,3,3,DP-CVAE ε=4
HALLMARK_E2F_TARGETS,0.0017,0.038,0.0363,0.5879,0.0067,0.0009,0.1343,0.4512,0.0,3,3,DP-CVAE ε=4
HALLMARK_EPITHELIAL_MESENCHYMAL_TRANSITION,0.2145,0.1622,-0.0524,-0.9327,0.0044,0.0019,0.4318,0.442,0.0,3,3,DP-CVAE ε=4
HALLMARK_ESTROGEN_RESPONSE_EARLY,0.1914,0.1405,-0.051,-0.9516,0.004,0.0018,0.45,0.4753,0.0,3,3,DP-CVAE ε=4
HALLMARK_ESTROGEN_RESPONSE_LATE,0.1396,0.1472,0.0077,0.2016,0.0013,0.0016,1.2308,0.1033,0.0002,3,3,DP-CVAE ε=4
HALLMARK_FATTY_ACID_METABOLISM,0.0016,-0.04,-0.0416,-0.8954,0.0024,0.0019,0.7917,0.3525,0.0,3,3,DP-CVAE ε=4
HALLMARK_G2M_CHECKPOINT,0.0372,0.068,0.0307,0.5641,0.005,0.0009,0.18,0.4386,0.0,3,3,DP-CVAE ε=4
HALLMARK_GLYCOLYSIS,0.0512,0.1068,0.0556,1.8164,0.001,0.0009,0.9,0.6464,0.0,3,3,DP-CVAE ε=4
HALLMARK_HEDGEHOG_SIGNALING,-0.0298,0.0125,0.0424,0.3984,0.0076,0.015,1.9737,0.2537,0.0,3,3,DP-CVAE ε=4
HALLMARK_HEME_METABOLISM,0.1186,0.0924,-0.0261,-0.6063,0.0018,0.002,1.1111,0.2755,0.0,3,3,DP-CVAE ε=4
HALLMARK_HYPOXIA,0.1164,0.1165,0.0001,0.0029,0.0025,0.001,0.4,0.1332,0.0,3,3,DP-CVAE ε=4
HALLMARK_IL2_STAT5_SIGNALING,0.1291,0.109,-0.0201,-0.5,0.0013,0.0019,1.4615,0.2319,0.0,3,3,DP-CVAE ε=4
HALLMARK_IL6_JAK_STAT3_SIGNALING,0.1992,0.1557,-0.0435,-0.8236,0.002,0.0036,1.8,0.3582,0.0,3,3,DP-CVAE ε=4
HALLMARK_INFLAMMATORY_RESPONSE,0.0281,-0.0286,-0.0567,-0.8986,0.0048,0.0031,0.6458,0.3548,0.0,3,3,DP-CVAE ε=4
HALLMARK_INTERFERON_ALPHA_RESPONSE,0.1698,0.1032,-0.0666,-0.6596,0.0126,0.0078,0.619,0.2767,0.0,3,3,DP-CVAE ε=4
HALLMARK_INTERFERON_GAMMA_RESPONSE,0.0762,0.07,-0.0062,-0.1216,0.0034,0.0018,0.5294,0.1091,0.0001,3,3,DP-CVAE ε=4
HALLMARK_KRAS_SIGNALING_DN,-0.4184,-0.3157,0.1028,1.043,0.0046,0.0149,3.2391,0.4259,0.0,3,3,DP-CVAE ε=4
HALLMARK_KRAS_SIGNALING_UP,-0.0148,0.0765,0.0913,1.5459,0.0038,0.0032,0.8421,0.5729,0.0,3,3,DP-CVAE ε=4
HALLMARK_MITOTIC_SPINDLE,0.1174,0.1113,-0.0061,-0.1464,0.0022,0.0013,0.5909,0.1125,0.0,3,3,DP-CVAE ε=4
HALLMARK_MTORC1_SIGNALING,0.1184,0.1498,0.0313,0.9842,0.0011,0.0009,0.8182,0.4145,0.0,3,3,DP-CVAE ε=4
HALLMARK_MYC_TARGETS_V1,0.2354,0.1904,-0.045,-1.0309,0.0023,0.0015,0.6522,0.3525,0.0,3,3,DP-CVAE ε=4
HALLMARK_MYC_TARGETS_V2,0.0837,0.1237,0.04,0.6058,0.0054,0.0033,0.6111,0.3031,0.0,3,3,DP-CVAE ε=4
HALLMARK_MYOGENESIS,0.2537,0.2037,-0.0501,-0.9961,0.0028,0.0022,0.7857,0.4374,0.0,3,3,DP-CVAE ε=4
HALLMARK_NOTCH_SIGNALING,0.159,0.0966,-0.0624,-0.7967,0.0048,0.0075,1.5625,0.333,0.0,3,3,DP-CVAE ε=4
HALLMARK_OXIDATIVE_PHOSPHORYLATION,0.0999,0.0603,-0.0396,-1.0184,0.0017,0.0013,0.7647,0.3892,0.0,3,3,DP-CVAE ε=4
HALLMARK_P53_PATHWAY,0.0018,0.0131,0.0114,0.3365,0.0011,0.0011,1.0,0.1573,0.0,3,3,DP-CVAE ε=4
HALLMARK_PANCREAS_BETA_CELLS,-0.2174,-0.2447,-0.0272,-0.1388,0.0278,0.0493,1.7734,0.1883,0.0,3,3,DP-CVAE ε=4
HALLMARK_PEROXISOME,0.0913,0.0351,-0.0562,-1.2535,0.0017,0.0023,1.3529,0.4834,0.0,3,3,DP-CVAE ε=4
HALLMARK_PI3K_AKT_MTOR_SIGNALING,0.0918,0.0948,0.0029,0.0843,0.0009,0.0015,1.6667,0.1091,0.0001,3,3,DP-CVAE ε=4
HALLMARK_PROTEIN_SECRETION,0.25,0.179,-0.0709,-1.5968,0.0015,0.0025,1.6667,0.6039,0.0,3,3,DP-CVAE ε=4
HALLMARK_REACTIVE_OXYGEN_SPECIES_PATHWAY,0.0767,0.0032,-0.0735,-1.0798,0.0029,0.0064,2.2069,0.4409,0.0,3,3,DP-CVAE ε=4
HALLMARK_SPERMATOGENESIS,-0.1081,-0.0792,0.029,0.4105,0.0059,0.0041,0.6949,0.2526,0.0,3,3,DP-CVAE ε=4
HALLMARK_TGF_BETA_SIGNALING,0.2143,0.168,-0.0462,-0.6239,0.0059,0.0051,0.8644,0.2882,0.0,3,3,DP-CVAE ε=4
HALLMARK_TNFA_SIGNALING_VIA_NFKB,0.0832,0.106,0.0228,0.4332,0.0043,0.0012,0.2791,0.2824,0.0,3,3,DP-CVAE ε=4
HALLMARK_UNFOLDED_PROTEIN_RESPONSE,0.0987,0.1171,0.0184,0.5463,0.0008,0.0014,1.75,0.2721,0.0,3,3,DP-CVAE ε=4
HALLMARK_UV_RESPONSE_DN,0.1414,0.0957,-0.0457,-0.9653,0.0029,0.0016,0.5517,0.4432,0.0,3,3,DP-CVAE ε=4
HALLMARK_UV_RESPONSE_UP,0.1003,0.1186,0.0182,0.5606,0.0011,0.001,0.9091,0.2503,0.0,3,3,DP-CVAE ε=4
HALLMARK_WNT_BETA_CATENIN_SIGNALING,0.0732,0.0174,-0.0558,-0.7452,0.0051,0.0061,1.1961,0.3134,0.0,3,3,DP-CVAE ε=4
HALLMARK_XENOBIOTIC_METABOLISM,0.0636,0.0816,0.018,0.4891,0.001,0.0017,1.7,0.2296,0.0,3,3,DP-CVAE ε=4
HALLMARK_ADIPOGENESIS,0.1441,0.1648,0.0207,0.748,0.0013,0.0002,0.1538,0.4661,0.0,2,2,CTGAN
HALLMARK_ALLOGRAFT_REJECTION,0.0268,0.027,0.0001,0.0022,0.0054,0.0028,0.5185,0.1022,0.0002,2,2,CTGAN
HALLMARK_ANDROGEN_RESPONSE,0.149,0.1639,0.0149,0.2457,0.0024,0.005,2.0833,0.3031,0.0,2,2,CTGAN
HALLMARK_ANGIOGENESIS,0.2064,0.2571,0.0507,0.6232,0.0057,0.0075,1.3158,0.3042,0.0,2,2,CTGAN
HALLMARK_APICAL_JUNCTION,0.1321,0.1563,0.0242,0.6807,0.002,0.0005,0.25,0.3479,0.0,2,2,CTGAN
HALLMARK_APICAL_SURFACE,0.2711,0.3092,0.0381,0.871,0.0028,0.001,0.3571,0.3628,0.0,2,2,CTGAN
HALLMARK_APOPTOSIS,0.1559,0.1868,0.0309,1.6817,0.0006,0.0001,0.1667,0.7084,0.0,2,2,CTGAN
HALLMARK_BILE_ACID_METABOLISM,-0.0486,-0.0771,-0.0285,-0.3921,0.0044,0.0062,1.4091,0.2147,0.0,2,2,CTGAN
HALLMARK_CHOLESTEROL_HOMEOSTASIS,-0.0789,-0.0976,-0.0187,-0.385,0.0032,0.0015,0.4688,0.155,0.0,2,2,CTGAN
HALLMARK_COAGULATION,0.1149,0.1373,0.0224,0.3022,0.008,0.003,0.375,0.1607,0.0,2,2,CTGAN
HALLMARK_COMPLEMENT,0.143,0.1689,0.0259,0.7503,0.0016,0.0008,0.5,0.3031,0.0,2,2,CTGAN
HALLMARK_DNA_REPAIR,-0.0173,-0.0198,-0.0025,-0.0504,0.0025,0.0024,0.96,0.0586,0.1009,2,2,CTGAN
HALLMARK_E2F_TARGETS,-0.0017,0.0114,0.0131,0.1692,0.0074,0.0046,0.6216,0.1274,0.0,2,2,CTGAN
HALLMARK_EPITHELIAL_MESENCHYMAL_TRANSITION,0.227,0.2683,0.0413,0.6512,0.005,0.003,0.6,0.2331,0.0,2,2,CTGAN
HALLMARK_ESTROGEN_RESPONSE_EARLY,0.2013,0.2227,0.0214,0.3362,0.0045,0.0036,0.8,0.1619,0.0,2,2,CTGAN
HALLMARK_ESTROGEN_RESPONSE_LATE,0.1461,0.1688,0.0227,0.7412,0.0014,0.0005,0.3571,0.3536,0.0,2,2,CTGAN
HALLMARK_FATTY_ACID_METABOLISM,0.0003,0.0047,0.0044,0.1042,0.0027,0.0009,0.3333,0.1389,0.0,2,2,CTGAN
HALLMARK_G2M_CHECKPOINT,0.037,0.0525,0.0155,0.2191,0.0056,0.0044,0.7857,0.1493,0.0,2,2,CTGAN
HALLMARK_GLYCOLYSIS,0.0527,0.0709,0.0182,0.6207,0.001,0.0007,0.7,0.2445,0.0,2,2,CTGAN
HALLMARK_HEDGEHOG_SIGNALING,-0.0274,-0.0213,0.0062,0.0746,0.0087,0.0049,0.5632,0.1263,0.0,2,2,CTGAN
HALLMARK_HEME_METABOLISM,0.1267,0.1435,0.0168,0.3481,0.0019,0.0027,1.4211,0.271,0.0,2,2,CTGAN
HALLMARK_HYPOXIA,0.1238,0.1527,0.0289,0.6039,0.0028,0.0018,0.6429,0.2434,0.0,2,2,CTGAN
HALLMARK_IL2_STAT5_SIGNALING,0.1373,0.1522,0.0149,0.4761,0.0015,0.0005,0.3333,0.2652,0.0,2,2,CTGAN
HALLMARK_IL6_JAK_STAT3_SIGNALING,0.2111,0.2638,0.0527,1.3125,0.0024,0.0009,0.375,0.4971,0.0,2,2,CTGAN
HALLMARK_INFLAMMATORY_RESPONSE,0.0312,0.0471,0.0159,0.2162,0.0054,0.0054,1.0,0.1493,0.0,2,2,CTGAN
HALLMARK_INTERFERON_ALPHA_RESPONSE,0.1812,0.2152,0.0341,0.3089,0.0138,0.0106,0.7681,0.1286,0.0,2,2,CTGAN
HALLMARK_INTERFERON_GAMMA_RESPONSE,0.0817,0.0957,0.0141,0.2644,0.0038,0.0018,0.4737,0.2262,0.0,2,2,CTGAN
HALLMARK_KRAS_SIGNALING_DN,-0.4406,-0.534,-0.0934,-1.7258,0.0053,0.0006,0.1132,0.744,0.0,2,2,CTGAN
HALLMARK_KRAS_SIGNALING_UP,-0.0152,-0.0178,-0.0027,-0.0475,0.0044,0.0018,0.4091,0.1458,0.0,2,2,CTGAN
HALLMARK_MITOTIC_SPINDLE,0.1232,0.1429,0.0197,0.4681,0.0025,0.001,0.4,0.3008,0.0,2,2,CTGAN
HALLMARK_MTORC1_SIGNALING,0.1242,0.1539,0.0296,0.8966,0.0012,0.001,0.8333,0.3628,0.0,2,2,CTGAN
HALLMARK_MYC_TARGETS_V1,0.2461,0.2859,0.0398,0.8462,0.0025,0.0019,0.76,0.3915,0.0,2,2,CTGAN
HALLMARK_MYC_TARGETS_V2,0.0859,0.0848,-0.0011,-0.0161,0.0059,0.0034,0.5763,0.0896,0.0019,2,2,CTGAN
HALLMARK_MYOGENESIS,0.2686,0.3258,0.0572,1.193,0.0032,0.0014,0.4375,0.4661,0.0,2,2,CTGAN
HALLMARK_NOTCH_SIGNALING,0.1713,0.2098,0.0385,0.6525,0.0052,0.0018,0.3462,0.3203,0.0,2,2,CTGAN
HALLMARK_OXIDATIVE_PHOSPHORYLATION,0.1037,0.1211,0.0173,0.4888,0.0018,0.0007,0.3889,0.2664,0.0,2,2,CTGAN
HALLMARK_P53_PATHWAY,0.0021,0.0122,0.0101,0.2785,0.0012,0.0014,1.1667,0.163,0.0,2,2,CTGAN
HALLMARK_PANCREAS_BETA_CELLS,-0.2281,-0.3455,-0.1173,-0.8421,0.0282,0.0107,0.3794,0.349,0.0,2,2,CTGAN
HALLMARK_PEROXISOME,0.0951,0.1106,0.0155,0.4069,0.0018,0.0011,0.6111,0.1699,0.0,2,2,CTGAN
HALLMARK_PI3K_AKT_MTOR_SIGNALING,0.0965,0.1172,0.0207,0.7054,0.0011,0.0006,0.5455,0.2687,0.0,2,2,CTGAN
HALLMARK_PROTEIN_SECRETION,0.2637,0.3098,0.0461,1.0982,0.0016,0.0019,1.1875,0.4179,0.0,2,2,CTGAN
HALLMARK_REACTIVE_OXYGEN_SPECIES_PATHWAY,0.0809,0.0847,0.0037,0.0826,0.0033,0.0008,0.2424,0.1848,0.0,2,2,CTGAN
HALLMARK_SPERMATOGENESIS,-0.1167,-0.1311,-0.0144,-0.2037,0.0067,0.0034,0.5075,0.1929,0.0,2,2,CTGAN
HALLMARK_TGF_BETA_SIGNALING,0.2291,0.2648,0.0357,0.5513,0.0064,0.002,0.3125,0.2675,0.0,2,2,CTGAN
HALLMARK_TNFA_SIGNALING_VIA_NFKB,0.0902,0.1114,0.0212,0.3495,0.0047,0.0026,0.5532,0.1711,0.0,2,2,CTGAN
HALLMARK_UNFOLDED_PROTEIN_RESPONSE,0.1038,0.1339,0.0301,1.2064,0.001,0.0003,0.3,0.5109,0.0,2,2,CTGAN
HALLMARK_UV_RESPONSE_DN,0.1502,0.1579,0.0077,0.1284,0.0032,0.0039,1.2187,0.1745,0.0,2,2,CTGAN
HALLMARK_UV_RESPONSE_UP,0.1062,0.1262,0.02,0.4914,0.0013,0.002,1.5385,0.2457,0.0,2,2,CTGAN
HALLMARK_WNT_BETA_CATENIN_SIGNALING,0.0789,0.1017,0.0227,0.2833,0.0055,0.0073,1.3273,0.1676,0.0,2,2,CTGAN
HALLMARK_XENOBIOTIC_METABOLISM,0.068,0.0871,0.0192,0.6931,0.0012,0.0003,0.25,0.3536,0.0,2,2,CTGAN
HALLMARK_ADIPOGENESIS,0.1361,0.1647,0.0286,1.0743,0.0012,0.0002,0.1667,0.535,0.0,1,1,CTGAN
HALLMARK_ALLOGRAFT_REJECTION,0.0241,0.0296,0.0055,0.0944,0.0046,0.0022,0.4783,0.1584,0.0,1,1,CTGAN
HALLMARK_ANDROGEN_RESPONSE,0.1415,0.1566,0.015,0.2601,0.0021,0.0046,2.1905,0.2962,0.0,1,1,CTGAN
HALLMARK_ANGIOGENESIS,0.1979,0.2246,0.0267,0.3702,0.005,0.0054,1.08,0.1584,0.0,1,1,CTGAN
HALLMARK_APICAL_JUNCTION,0.1252,0.1391,0.0139,0.4033,0.0018,0.0006,0.3333,0.2641,0.0,1,1,CTGAN
HALLMARK_APICAL_SURFACE,0.2564,0.3072,0.0508,1.2074,0.0026,0.0009,0.3462,0.504,0.0,1,1,CTGAN
HALLMARK_APOPTOSIS,0.1477,0.1876,0.04,2.2932,0.0005,0.0001,0.2,0.8335,0.0,1,1,CTGAN
HALLMARK_BILE_ACID_METABOLISM,-0.0478,-0.0545,-0.0067,-0.099,0.004,0.0051,1.275,0.101,0.0003,1,1,CTGAN
HALLMARK_CHOLESTEROL_HOMEOSTASIS,-0.0747,-0.1065,-0.0318,-0.7155,0.0028,0.0011,0.3929,0.2732,0.0,1,1,CTGAN
HALLMARK_COAGULATION,0.1129,0.1499,0.037,0.5059,0.007,0.0037,0.5286,0.194,0.0,1,1,CTGAN
HALLMARK_COMPLEMENT,0.1345,0.1665,0.032,0.9426,0.0014,0.0009,0.6429,0.3467,0.0,1,1,CTGAN
HALLMARK_DNA_REPAIR,-0.0161,-0.0234,-0.0073,-0.1529,0.0022,0.0024,1.0909,0.085,0.0037,1,1,CTGAN
HALLMARK_E2F_TARGETS,-0.0011,-0.0081,-0.007,-0.0925,0.0067,0.0047,0.7015,0.0999,0.0003,1,1,CTGAN
HALLMARK_EPITHELIAL_MESENCHYMAL_TRANSITION,0.218,0.2632,0.0452,0.7272,0.0045,0.0033,0.7333,0.2549,0.0,1,1,CTGAN
HALLMARK_ESTROGEN_RESPONSE_EARLY,0.1906,0.2227,0.0321,0.5298,0.004,0.0033,0.825,0.2216,0.0,1,1,CTGAN
HALLMARK_ESTROGEN_RESPONSE_LATE,0.1382,0.1595,0.0213,0.7094,0.0013,0.0005,0.3846,0.3352,0.0,1,1,CTGAN
HALLMARK_FATTY_ACID_METABOLISM,0.0001,-0.004,-0.004,-0.0994,0.0024,0.0009,0.375,0.1481,0.0,1,1,CTGAN
HALLMARK_G2M_CHECKPOINT,0.0353,0.0331,-0.0022,-0.0328,0.005,0.004,0.8,0.0723,0.021,1,1,CTGAN
HALLMARK_GLYCOLYSIS,0.0511,0.0628,0.0117,0.444,0.0009,0.0004,0.4444,0.24,0.0,1,1,CTGAN
HALLMARK_HEDGEHOG_SIGNALING,-0.0273,-0.0533,-0.026,-0.3079,0.0075,0.0067,0.8933,0.1653,0.0,1,1,CTGAN
HALLMARK_HEME_METABOLISM,0.12,0.158,0.038,0.9021,0.0017,0.0019,1.1176,0.4191,0.0,1,1,CTGAN
HALLMARK_HYPOXIA,0.1182,0.1368,0.0186,0.3808,0.0026,0.0022,0.8462,0.1378,0.0,1,1,CTGAN
HALLMARK_IL2_STAT5_SIGNALING,0.1297,0.1466,0.0169,0.5757,0.0013,0.0004,0.3077,0.2813,0.0,1,1,CTGAN
HALLMARK_IL6_JAK_STAT3_SIGNALING,0.1997,0.2544,0.0547,1.4357,0.0021,0.0008,0.381,0.5327,0.0,1,1,CTGAN
HALLMARK_INFLAMMATORY_RESPONSE,0.0292,0.0546,0.0254,0.41,0.0048,0.0029,0.6042,0.1894,0.0,1,1,CTGAN
HALLMARK_INTERFERON_ALPHA_RESPONSE,0.1668,0.2016,0.0347,0.3407,0.0128,0.008,0.625,0.1699,0.0,1,1,CTGAN
HALLMARK_INTERFERON_GAMMA_RESPONSE,0.0751,0.0962,0.0211,0.4577,0.0033,0.0009,0.2727,0.3352,0.0,1,1,CTGAN
HALLMARK_KRAS_SIGNALING_DN,-0.4178,-0.5177,-0.0999,-1.8635,0.0047,0.001,0.2128,0.7313,0.0,1,1,CTGAN
HALLMARK_KRAS_SIGNALING_UP,-0.0127,-0.027,-0.0143,-0.2619,0.0039,0.0021,0.5385,0.1757,0.0,1,1,CTGAN
HALLMARK_MITOTIC_SPINDLE,0.1172,0.1329,0.0157,0.3659,0.0022,0.0014,0.6364,0.2113,0.0,1,1,CTGAN
HALLMARK_MTORC1_SIGNALING,0.1178,0.1391,0.0213,0.6898,0.0011,0.0008,0.7273,0.3123,0.0,1,1,CTGAN
HALLMARK_MYC_TARGETS_V1,0.2336,0.2797,0.0461,0.994,0.0023,0.002,0.8696,0.4179,0.0,1,1,CTGAN
HALLMARK_MYC_TARGETS_V2,0.0803,0.0929,0.0126,0.1897,0.0055,0.0034,0.6182,0.1493,0.0,1,1,CTGAN
HALLMARK_MYOGENESIS,0.2554,0.3107,0.0552,1.1993,0.0028,0.0014,0.5,0.4512,0.0,1,1,CTGAN
HALLMARK_NOTCH_SIGNALING,0.1636,0.2021,0.0385,0.6207,0.0049,0.0028,0.5714,0.2468,0.0,1,1,CTGAN
HALLMARK_OXIDATIVE_PHOSPHORYLATION,0.0978,0.1184,0.0206,0.6369,0.0017,0.0004,0.2353,0.3961,0.0,1,1,CTGAN
HALLMARK_P53_PATHWAY,0.0022,-0.0037,-0.0059,-0.1545,0.0011,0.0018,1.6364,0.1504,0.0,1,1,CTGAN
HALLMARK_PANCREAS_BETA_CELLS,-0.2149,-0.2151,-0.0001,-0.0011,0.0253,0.012,0.4743,0.1102,0.0001,1,1,CTGAN
HALLMARK_PEROXISOME,0.0896,0.1059,0.0162,0.4283,0.0017,0.0012,0.7059,0.155,0.0,1,1,CTGAN
HALLMARK_PI3K_AKT_MTOR_SIGNALING,0.0918,0.1077,0.0159,0.6188,0.0009,0.0004,0.4444,0.287,0.0,1,1,CTGAN
HALLMARK_PROTEIN_SECRETION,0.2493,0.3006,0.0513,1.1326,0.0015,0.0026,1.7333,0.434,0.0,1,1,CTGAN
HALLMARK_REACTIVE_OXYGEN_SPECIES_PATHWAY,0.0749,0.0946,0.0196,0.4679,0.0029,0.0006,0.2069,0.2951,0.0,1,1,CTGAN
HALLMARK_SPERMATOGENESIS,-0.1106,-0.1403,-0.0297,-0.4181,0.0061,0.004,0.6557,0.1481,0.0,1,1,CTGAN
HALLMARK_TGF_BETA_SIGNALING,0.2182,0.2887,0.0705,1.1274,0.0058,0.002,0.3448,0.434,0.0,1,1,CTGAN
HALLMARK_TNFA_SIGNALING_VIA_NFKB,0.084,0.1042,0.0203,0.3221,0.0043,0.0036,0.8372,0.1366,0.0,1,1,CTGAN
HALLMARK_UNFOLDED_PROTEIN_RESPONSE,0.0985,0.1155,0.017,0.6531,0.0009,0.0005,0.5556,0.2801,0.0,1,1,CTGAN
HALLMARK_UV_RESPONSE_DN,0.1421,0.1703,0.0282,0.5314,0.0029,0.0027,0.931,0.2526,0.0,1,1,CTGAN
HALLMARK_UV_RESPONSE_UP,0.0994,0.1129,0.0135,0.3491,0.0011,0.0019,1.7273,0.2273,0.0,1,1,CTGAN
HALLMARK_WNT_BETA_CATENIN_SIGNALING,0.0752,0.1216,0.0464,0.6062,0.0052,0.0065,1.25,0.2491,0.0,1,1,CTGAN
HALLMARK_XENOBIOTIC_METABOLISM,0.0628,0.0827,0.0199,0.7789,0.0011,0.0002,0.1818,0.4041,0.0,1,1,CTGAN
HALLMARK_ADIPOGENESIS,0.1367,0.1836,0.0469,1.4565,0.0012,0.0008,0.6667,0.5224,0.0,3,3,CTGAN
HALLMARK_ALLOGRAFT_REJECTION,0.0238,0.0597,0.0359,0.5634,0.0047,0.0035,0.7447,0.2549,0.0,3,3,CTGAN
HALLMARK_ANDROGEN_RESPONSE,0.1417,0.1661,0.0244,0.4159,0.0022,0.0047,2.1364,0.3215,0.0,3,3,CTGAN
HALLMARK_ANGIOGENESIS,0.1966,0.2467,0.0501,0.6449,0.0049,0.0072,1.4694,0.2778,0.0,3,3,CTGAN
HALLMARK_APICAL_JUNCTION,0.124,0.1602,0.0362,0.93,0.0017,0.0013,0.7647,0.3341,0.0,3,3,CTGAN
HALLMARK_APICAL_SURFACE,0.2567,0.3028,0.0461,1.1405,0.0026,0.0007,0.2692,0.4822,0.0,3,3,CTGAN
HALLMARK_APOPTOSIS,0.1477,0.1785,0.0308,1.6494,0.0006,0.0001,0.1667,0.6406,0.0,3,3,CTGAN
HALLMARK_BILE_ACID_METABOLISM,-0.046,-0.0674,-0.0214,-0.4048,0.0038,0.0018,0.4737,0.2204,0.0,3,3,CTGAN
HALLMARK_CHOLESTEROL_HOMEOSTASIS,-0.0735,-0.0777,-0.0042,-0.0994,0.0028,0.0007,0.25,0.194,0.0,3,3,CTGAN
HALLMARK_COAGULATION,0.1079,0.114,0.0061,0.0837,0.007,0.0038,0.5429,0.0815,0.0061,3,3,CTGAN
HALLMARK_COMPLEMENT,0.1345,0.1629,0.0284,0.7613,0.0014,0.0014,1.0,0.2893,0.0,3,3,CTGAN
HALLMARK_DNA_REPAIR,-0.0149,-0.0055,0.0094,0.2157,0.0022,0.0016,0.7273,0.1171,0.0,3,3,CTGAN
HALLMARK_E2F_TARGETS,0.0017,0.0278,0.0261,0.3627,0.0067,0.0036,0.5373,0.2457,0.0,3,3,CTGAN
HALLMARK_EPITHELIAL_MESENCHYMAL_TRANSITION,0.2145,0.249,0.0345,0.5307,0.0044,0.004,0.9091,0.2032,0.0,3,3,CTGAN
HALLMARK_ESTROGEN_RESPONSE_EARLY,0.1914,0.1995,0.0081,0.1382,0.004,0.0028,0.7,0.0907,0.0015,3,3,CTGAN
HALLMARK_ESTROGEN_RESPONSE_LATE,0.1396,0.1546,0.0151,0.4592,0.0013,0.0008,0.6154,0.2009,0.0,3,3,CTGAN
HALLMARK_FATTY_ACID_METABOLISM,0.0016,-0.0009,-0.0025,-0.0564,0.0024,0.0015,0.625,0.085,0.0037,3,3,CTGAN
HALLMARK_G2M_CHECKPOINT,0.0372,0.0707,0.0334,0.5313,0.005,0.0029,0.58,0.2905,0.0,3,3,CTGAN
HALLMARK_GLYCOLYSIS,0.0512,0.0676,0.0164,0.6232,0.001,0.0004,0.4,0.3077,0.0,3,3,CTGAN
HALLMARK_HEDGEHOG_SIGNALING,-0.0298,-0.0147,0.0152,0.1886,0.0076,0.0054,0.7105,0.1791,0.0,3,3,CTGAN
HALLMARK_HEME_METABOLISM,0.1186,0.125,0.0065,0.1595,0.0018,0.0015,0.8333,0.0563,0.127,3,3,CTGAN
HALLMARK_HYPOXIA,0.1164,0.1381,0.0217,0.4272,0.0025,0.0027,1.08,0.1837,0.0,3,3,CTGAN
HALLMARK_IL2_STAT5_SIGNALING,0.1291,0.1482,0.0191,0.6207,0.0013,0.0006,0.4615,0.2491,0.0,3,3,CTGAN
HALLMARK_IL6_JAK_STAT3_SIGNALING,0.1992,0.2662,0.0669,1.7255,0.002,0.001,0.5,0.6211,0.0,3,3,CTGAN
HALLMARK_INFLAMMATORY_RESPONSE,0.0281,0.0353,0.0072,0.1052,0.0048,0.0046,0.9583,0.1068,0.0001,3,3,CTGAN
HALLMARK_INTERFERON_ALPHA_RESPONSE,0.1698,0.2429,0.0731,0.7338,0.0126,0.0072,0.5714,0.2893,0.0,3,3,CTGAN
HALLMARK_INTERFERON_GAMMA_RESPONSE,0.0762,0.1126,0.0364,0.7509,0.0034,0.0013,0.3824,0.3433,0.0,3,3,CTGAN
HALLMARK_KRAS_SIGNALING_DN,-0.4184,-0.5463,-0.1279,-2.4977,0.0046,0.0007,0.1522,0.9621,0.0,3,3,CTGAN
HALLMARK_KRAS_SIGNALING_UP,-0.0148,-0.0047,0.0101,0.1839,0.0038,0.0023,0.6053,0.0861,0.0031,3,3,CTGAN
HALLMARK_MITOTIC_SPINDLE,0.1174,0.1514,0.034,0.7924,0.0022,0.0014,0.6364,0.3352,0.0,3,3,CTGAN
HALLMARK_MTORC1_SIGNALING,0.1184,0.1567,0.0383,1.3747,0.0011,0.0005,0.4545,0.5649,0.0,3,3,CTGAN
HALLMARK_MYC_TARGETS_V1,0.2354,0.3047,0.0694,1.5293,0.0023,0.0018,0.7826,0.5614,0.0,3,3,CTGAN
HALLMARK_MYC_TARGETS_V2,0.0837,0.116,0.0323,0.5375,0.0054,0.0018,0.3333,0.333,0.0,3,3,CTGAN
HALLMARK_MYOGENESIS,0.2537,0.3039,0.0501,1.165,0.0028,0.0009,0.3214,0.4684,0.0,3,3,CTGAN
HALLMARK_NOTCH_SIGNALING,0.159,0.2136,0.0546,0.9447,0.0048,0.0019,0.3958,0.4145,0.0,3,3,CTGAN
HALLMARK_OXIDATIVE_PHOSPHORYLATION,0.0999,0.1336,0.0338,0.9704,0.0017,0.0007,0.4118,0.4248,0.0,3,3,CTGAN
HALLMARK_P53_PATHWAY,0.0018,-0.0071,-0.0088,-0.2153,0.0011,0.0022,2.0,0.1975,0.0,3,3,CTGAN
HALLMARK_PANCREAS_BETA_CELLS,-0.2174,-0.3586,-0.1412,-1.0116,0.0278,0.0112,0.4029,0.4076,0.0,3,3,CTGAN
HALLMARK_PEROXISOME,0.0913,0.1009,0.0097,0.2311,0.0017,0.0018,1.0588,0.0941,0.0009,3,3,CTGAN
HALLMARK_PI3K_AKT_MTOR_SIGNALING,0.0918,0.1185,0.0267,1.0357,0.0009,0.0004,0.4444,0.4225,0.0,3,3,CTGAN
HALLMARK_PROTEIN_SECRETION,0.25,0.3059,0.056,1.2462,0.0015,0.0025,1.6667,0.4879,0.0,3,3,CTGAN
HALLMARK_REACTIVE_OXYGEN_SPECIES_PATHWAY,0.0767,0.0745,-0.0022,-0.0477,0.0029,0.0015,0.5172,0.0953,0.0007,3,3,CTGAN
HALLMARK_SPERMATOGENESIS,-0.1081,-0.1212,-0.0131,-0.1924,0.0059,0.0033,0.5593,0.1584,0.0,3,3,CTGAN
HALLMARK_TGF_BETA_SIGNALING,0.2143,0.2214,0.0072,0.1184,0.0059,0.0014,0.2373,0.1975,0.0,3,3,CTGAN
HALLMARK_TNFA_SIGNALING_VIA_NFKB,0.0832,0.0841,0.0009,0.0129,0.0043,0.0046,1.0698,0.0907,0.0015,3,3,CTGAN
HALLMARK_UNFOLDED_PROTEIN_RESPONSE,0.0987,0.132,0.0333,1.4582,0.0008,0.0002,0.25,0.5913,0.0,3,3,CTGAN
HALLMARK_UV_RESPONSE_DN,0.1414,0.1515,0.0101,0.2067,0.0029,0.0019,0.6552,0.1251,0.0,3,3,CTGAN
HALLMARK_UV_RESPONSE_UP,0.1003,0.1349,0.0346,0.8769,0.0011,0.002,1.8182,0.3754,0.0,3,3,CTGAN
HALLMARK_WNT_BETA_CATENIN_SIGNALING,0.0732,0.1078,0.0346,0.4476,0.0051,0.0068,1.3333,0.2147,0.0,3,3,CTGAN
HALLMARK_XENOBIOTIC_METABOLISM,0.0636,0.0803,0.0167,0.612,0.001,0.0005,0.5,0.2939,0.0,3,3,CTGAN
HALLMARK_ADIPOGENESIS,0.1376,0.1685,0.0309,0.9928,0.0012,0.0008,0.6667,0.3972,0.0,4,4,CTGAN
HALLMARK_ALLOGRAFT_REJECTION,0.0247,0.0338,0.0092,0.1373,0.0047,0.0042,0.8936,0.0987,0.0004,4,4,CTGAN
HALLMARK_ANDROGEN_RESPONSE,0.1418,0.1594,0.0176,0.3235,0.0022,0.0038,1.7273,0.2813,0.0,4,4,CTGAN
HALLMARK_ANGIOGENESIS,0.1978,0.2509,0.0531,0.7807,0.005,0.0042,0.84,0.2629,0.0,4,4,CTGAN
HALLMARK_APICAL_JUNCTION,0.1246,0.1437,0.019,0.4547,0.0018,0.0017,0.9444,0.1699,0.0,4,4,CTGAN
HALLMARK_APICAL_SURFACE,0.2571,0.3035,0.0464,1.1187,0.0026,0.0008,0.3077,0.4581,0.0,4,4,CTGAN
HALLMARK_APOPTOSIS,0.1481,0.1779,0.0298,1.5121,0.0006,0.0002,0.3333,0.5763,0.0,4,4,CTGAN
HALLMARK_BILE_ACID_METABOLISM,-0.0477,-0.0647,-0.017,-0.3005,0.0039,0.0025,0.641,0.1412,0.0,4,4,CTGAN
HALLMARK_CHOLESTEROL_HOMEOSTASIS,-0.0741,-0.0775,-0.0034,-0.0812,0.0028,0.0007,0.25,0.1722,0.0,4,4,CTGAN
HALLMARK_COAGULATION,0.1108,0.148,0.0372,0.4505,0.0074,0.0063,0.8514,0.2342,0.0,4,4,CTGAN
HALLMARK_COMPLEMENT,0.1347,0.1786,0.0438,1.1488,0.0014,0.0015,1.0714,0.4478,0.0,4,4,CTGAN
HALLMARK_DNA_REPAIR,-0.0175,-0.024,-0.0065,-0.1489,0.0022,0.0017,0.7727,0.0666,0.042,4,4,CTGAN
HALLMARK_E2F_TARGETS,-0.002,0.0073,0.0093,0.123,0.0066,0.0049,0.7424,0.1183,0.0,4,4,CTGAN
HALLMARK_EPITHELIAL_MESENCHYMAL_TRANSITION,0.2165,0.2644,0.0479,0.7152,0.0048,0.0042,0.875,0.2916,0.0,4,4,CTGAN
HALLMARK_ESTROGEN_RESPONSE_EARLY,0.191,0.2065,0.0155,0.2665,0.004,0.0028,0.7,0.1297,0.0,4,4,CTGAN
HALLMARK_ESTROGEN_RESPONSE_LATE,0.1379,0.1486,0.0107,0.3393,0.0013,0.0007,0.5385,0.1573,0.0,4,4,CTGAN
HALLMARK_FATTY_ACID_METABOLISM,0.0007,-0.0033,-0.004,-0.0882,0.0022,0.0018,0.8182,0.0827,0.0052,4,4,CTGAN
HALLMARK_G2M_CHECKPOINT,0.0346,0.0449,0.0103,0.1531,0.005,0.004,0.8,0.1274,0.0,4,4,CTGAN
HALLMARK_GLYCOLYSIS,0.0506,0.0705,0.0199,0.7869,0.001,0.0003,0.3,0.3835,0.0,4,4,CTGAN
HALLMARK_HEDGEHOG_SIGNALING,-0.0269,-0.0302,-0.0032,-0.038,0.0075,0.0071,0.9467,0.0563,0.127,4,4,CTGAN
HALLMARK_HEME_METABOLISM,0.1201,0.145,0.0248,0.5411,0.0018,0.0024,1.3333,0.2962,0.0,4,4,CTGAN
HALLMARK_HYPOXIA,0.1184,0.1552,0.0368,0.6587,0.0026,0.0036,1.3846,0.2882,0.0,4,4,CTGAN
HALLMARK_IL2_STAT5_SIGNALING,0.1305,0.1584,0.0279,0.7926,0.0013,0.0012,0.9231,0.3065,0.0,4,4,CTGAN
HALLMARK_IL6_JAK_STAT3_SIGNALING,0.2,0.2651,0.0651,1.6641,0.0021,0.0009,0.4286,0.6016,0.0,4,4,CTGAN
HALLMARK_INFLAMMATORY_RESPONSE,0.0286,0.0508,0.0222,0.3207,0.0047,0.0049,1.0426,0.1757,0.0,4,4,CTGAN
HALLMARK_INTERFERON_ALPHA_RESPONSE,0.1689,0.2254,0.0565,0.6175,0.0126,0.0041,0.3254,0.3192,0.0,4,4,CTGAN
HALLMARK_INTERFERON_GAMMA_RESPONSE,0.0755,0.1096,0.0341,0.6961,0.0035,0.0013,0.3714,0.3284,0.0,4,4,CTGAN
HALLMARK_KRAS_SIGNALING_DN,-0.4186,-0.5283,-0.1097,-2.0381,0.0049,0.0009,0.1837,0.822,0.0,4,4,CTGAN
HALLMARK_KRAS_SIGNALING_UP,-0.0136,-0.0008,0.0128,0.2033,0.0038,0.0041,1.0789,0.1274,0.0,4,4,CTGAN
HALLMARK_MITOTIC_SPINDLE,0.1162,0.1344,0.0182,0.4241,0.0022,0.0015,0.6818,0.2239,0.0,4,4,CTGAN
HALLMARK_MTORC1_SIGNALING,0.1183,0.1566,0.0382,1.3228,0.0011,0.0006,0.5455,0.5235,0.0,4,4,CTGAN
HALLMARK_MYC_TARGETS_V1,0.234,0.2873,0.0533,1.1157,0.0023,0.0022,0.9565,0.4455,0.0,4,4,CTGAN
HALLMARK_MYC_TARGETS_V2,0.0819,0.0994,0.0175,0.2696,0.0056,0.0029,0.5179,0.1837,0.0,4,4,CTGAN
HALLMARK_MYOGENESIS,0.2553,0.2909,0.0356,0.7235,0.003,0.0019,0.6333,0.2618,0.0,4,4,CTGAN
HALLMARK_NOTCH_SIGNALING,0.1629,0.206,0.0431,0.6972,0.0049,0.0027,0.551,0.2606,0.0,4,4,CTGAN
HALLMARK_OXIDATIVE_PHOSPHORYLATION,0.0994,0.1296,0.0302,0.823,0.0016,0.0011,0.6875,0.3444,0.0,4,4,CTGAN
HALLMARK_P53_PATHWAY,0.0023,0.0102,0.0079,0.2098,0.0012,0.0017,1.4167,0.1596,0.0,4,4,CTGAN
HALLMARK_PANCREAS_BETA_CELLS,-0.2166,-0.2318,-0.0152,-0.1073,0.0258,0.0143,0.5543,0.1114,0.0,4,4,CTGAN
HALLMARK_PEROXISOME,0.0897,0.0956,0.006,0.1366,0.0016,0.0022,1.375,0.1068,0.0001,4,4,CTGAN
HALLMARK_PI3K_AKT_MTOR_SIGNALING,0.092,0.1089,0.0169,0.6683,0.0009,0.0004,0.4444,0.3203,0.0,4,4,CTGAN
HALLMARK_PROTEIN_SECRETION,0.2502,0.3078,0.0576,1.5884,0.0015,0.0012,0.8,0.5465,0.0,4,4,CTGAN
HALLMARK_REACTIVE_OXYGEN_SPECIES_PATHWAY,0.0778,0.116,0.0382,0.8603,0.0028,0.0011,0.3929,0.3502,0.0,4,4,CTGAN
HALLMARK_SPERMATOGENESIS,-0.1113,-0.1309,-0.0196,-0.2619,0.006,0.0052,0.8667,0.1033,0.0002,4,4,CTGAN
HALLMARK_TGF_BETA_SIGNALING,0.2162,0.259,0.0428,0.555,0.006,0.0059,0.9833,0.2044,0.0,4,4,CTGAN
HALLMARK_TNFA_SIGNALING_VIA_NFKB,0.0845,0.1084,0.0239,0.3643,0.0044,0.0043,0.9773,0.178,0.0,4,4,CTGAN
HALLMARK_UNFOLDED_PROTEIN_RESPONSE,0.0987,0.1373,0.0386,1.6942,0.0009,0.0002,0.2222,0.6728,0.0,4,4,CTGAN
HALLMARK_UV_RESPONSE_DN,0.1426,0.1576,0.0149,0.286,0.0029,0.0025,0.8621,0.1263,0.0,4,4,CTGAN
HALLMARK_UV_RESPONSE_UP,0.1006,0.1264,0.0258,0.6898,0.0011,0.0017,1.5455,0.3307,0.0,4,4,CTGAN
HALLMARK_WNT_BETA_CATENIN_SIGNALING,0.0751,0.0991,0.024,0.2883,0.0052,0.0086,1.6538,0.2067,0.0,4,4,CTGAN
HALLMARK_XENOBIOTIC_METABOLISM,0.0638,0.0947,0.0309,1.2318,0.0011,0.0002,0.1818,0.5591,0.0,4,4,CTGAN
HALLMARK_ADIPOGENESIS,0.1375,0.1659,0.0284,0.8569,0.0012,0.001,0.8333,0.3429,0.0,5,5,CTGAN
HALLMARK_ALLOGRAFT_REJECTION,0.0241,0.0273,0.0032,0.0465,0.0045,0.0052,1.1556,0.1055,0.0001,5,5,CTGAN
HALLMARK_ANDROGEN_RESPONSE,0.1396,0.1488,0.0092,0.1711,0.0021,0.0036,1.7143,0.2294,0.0,5,5,CTGAN
HALLMARK_ANGIOGENESIS,0.1979,0.2425,0.0446,0.6066,0.005,0.0058,1.16,0.242,0.0,5,5,CTGAN
HALLMARK_APICAL_JUNCTION,0.1247,0.1522,0.0275,0.573,0.0018,0.0028,1.5556,0.2672,0.0,5,5,CTGAN
HALLMARK_APICAL_SURFACE,0.2563,0.3065,0.0502,1.2049,0.0025,0.0009,0.36,0.4966,0.0,5,5,CTGAN
HALLMARK_APOPTOSIS,0.1481,0.1865,0.0385,1.8342,0.0006,0.0003,0.5,0.6193,0.0,5,5,CTGAN
HALLMARK_BILE_ACID_METABOLISM,-0.0482,-0.072,-0.0238,-0.4128,0.0039,0.0027,0.6923,0.1778,0.0,5,5,CTGAN
HALLMARK_CHOLESTEROL_HOMEOSTASIS,-0.0731,-0.0966,-0.0235,-0.5697,0.0028,0.0006,0.2143,0.3005,0.0,5,5,CTGAN
HALLMARK_COAGULATION,0.1102,0.1262,0.0161,0.1961,0.0069,0.0065,0.942,0.1193,0.0,5,5,CTGAN
HALLMARK_COMPLEMENT,0.1348,0.1609,0.0261,0.713,0.0013,0.0014,1.0769,0.2683,0.0,5,5,CTGAN
HALLMARK_DNA_REPAIR,-0.0151,-0.0137,0.0015,0.0311,0.0023,0.0021,0.913,0.0596,0.09,5,5,CTGAN
HALLMARK_E2F_TARGETS,-0.0008,0.0218,0.0226,0.2857,0.0068,0.0057,0.8382,0.203,0.0,5,5,CTGAN
HALLMARK_EPITHELIAL_MESENCHYMAL_TRANSITION,0.2173,0.2559,0.0386,0.568,0.0043,0.0049,1.1395,0.2443,0.0,5,5,CTGAN
HALLMARK_ESTROGEN_RESPONSE_EARLY,0.1907,0.2233,0.0326,0.5965,0.0041,0.0019,0.4634,0.2053,0.0,5,5,CTGAN
HALLMARK_ESTROGEN_RESPONSE_LATE,0.1391,0.1665,0.0274,0.8003,0.0013,0.001,0.7692,0.3108,0.0,5,5,CTGAN
HALLMARK_FATTY_ACID_METABOLISM,0.0014,0.0015,0.0001,0.0028,0.0024,0.0021,0.875,0.0906,0.0016,5,5,CTGAN
HALLMARK_G2M_CHECKPOINT,0.0356,0.0627,0.027,0.3984,0.0051,0.0041,0.8039,0.219,0.0,5,5,CTGAN
HALLMARK_GLYCOLYSIS,0.0517,0.0592,0.0075,0.2796,0.001,0.0004,0.4,0.1858,0.0,5,5,CTGAN
HALLMARK_HEDGEHOG_SIGNALING,-0.0284,-0.043,-0.0145,-0.1487,0.0077,0.0115,1.4935,0.1663,0.0,5,5,CTGAN
HALLMARK_HEME_METABOLISM,0.1193,0.138,0.0187,0.4134,0.0018,0.0023,1.2778,0.2569,0.0,5,5,CTGAN
HALLMARK_HYPOXIA,0.1186,0.1227,0.0041,0.0711,0.0025,0.0043,1.72,0.1342,0.0,5,5,CTGAN
HALLMARK_IL2_STAT5_SIGNALING,0.1297,0.1491,0.0194,0.5114,0.0013,0.0016,1.2308,0.2144,0.0,5,5,CTGAN
HALLMARK_IL6_JAK_STAT3_SIGNALING,0.1987,0.2511,0.0524,1.2193,0.0021,0.0016,0.7619,0.4518,0.0,5,5,CTGAN
HALLMARK_INFLAMMATORY_RESPONSE,0.0284,0.0298,0.0014,0.0194,0.0046,0.0052,1.1304,0.0952,0.0007,5,5,CTGAN
HALLMARK_INTERFERON_ALPHA_RESPONSE,0.1684,0.1957,0.0272,0.2949,0.0127,0.0044,0.3465,0.2179,0.0,5,5,CTGAN
HALLMARK_INTERFERON_GAMMA_RESPONSE,0.0753,0.0872,0.0119,0.2402,0.0034,0.0015,0.4412,0.18,0.0,5,5,CTGAN
HALLMARK_KRAS_SIGNALING_DN,-0.4172,-0.5438,-0.1266,-2.4075,0.0049,0.0006,0.1224,0.9438,0.0,5,5,CTGAN
HALLMARK_KRAS_SIGNALING_UP,-0.0129,-0.0368,-0.0238,-0.3522,0.0038,0.0053,1.3947,0.1869,0.0,5,5,CTGAN
HALLMARK_MITOTIC_SPINDLE,0.1159,0.152,0.0361,0.8649,0.0022,0.0013,0.5909,0.4002,0.0,5,5,CTGAN
HALLMARK_MTORC1_SIGNALING,0.1183,0.1478,0.0295,1.0207,0.0011,0.0005,0.4545,0.4427,0.0,5,5,CTGAN
HALLMARK_MYC_TARGETS_V1,0.2337,0.2954,0.0617,1.2799,0.0024,0.0023,0.9583,0.4943,0.0,5,5,CTGAN
HALLMARK_MYC_TARGETS_V2,0.0821,0.1176,0.0355,0.5479,0.0056,0.0028,0.5,0.2878,0.0,5,5,CTGAN
HALLMARK_MYOGENESIS,0.2552,0.2977,0.0425,0.8665,0.0029,0.0019,0.6552,0.3383,0.0,5,5,CTGAN
HALLMARK_NOTCH_SIGNALING,0.162,0.1995,0.0375,0.5536,0.0046,0.0045,0.9783,0.219,0.0,5,5,CTGAN
HALLMARK_OXIDATIVE_PHOSPHORYLATION,0.1,0.1302,0.0302,0.7609,0.0017,0.0015,0.8824,0.3383,0.0,5,5,CTGAN
HALLMARK_P53_PATHWAY,0.003,-0.01,-0.013,-0.369,0.0011,0.0014,1.2727,0.1927,0.0,5,5,CTGAN
HALLMARK_PANCREAS_BETA_CELLS,-0.2148,-0.3316,-0.1168,-0.8322,0.0269,0.0125,0.4647,0.3372,0.0,5,5,CTGAN
HALLMARK_PEROXISOME,0.0902,0.1057,0.0155,0.3394,0.0016,0.0026,1.625,0.172,0.0,5,5,CTGAN
HALLMARK_PI3K_AKT_MTOR_SIGNALING,0.0921,0.1013,0.0092,0.3581,0.0009,0.0004,0.4444,0.1995,0.0,5,5,CTGAN
HALLMARK_PROTEIN_SECRETION,0.2499,0.3025,0.0527,1.3618,0.0015,0.0015,1.0,0.508,0.0,5,5,CTGAN
HALLMARK_REACTIVE_OXYGEN_SPECIES_PATHWAY,0.0758,0.0791,0.0033,0.0665,0.0029,0.0019,0.6552,0.0734,0.0182,5,5,CTGAN
HALLMARK_SPERMATOGENESIS,-0.1095,-0.1203,-0.0108,-0.1328,0.0061,0.0071,1.1639,0.1181,0.0,5,5,CTGAN
HALLMARK_TGF_BETA_SIGNALING,0.2149,0.2387,0.0239,0.3394,0.006,0.0039,0.65,0.1216,0.0,5,5,CTGAN
HALLMARK_TNFA_SIGNALING_VIA_NFKB,0.0845,0.0905,0.006,0.092,0.0042,0.0044,1.0476,0.0917,0.0013,5,5,CTGAN
HALLMARK_UNFOLDED_PROTEIN_RESPONSE,0.0986,0.1173,0.0187,0.8198,0.0009,0.0002,0.2222,0.4369,0.0,5,5,CTGAN
HALLMARK_UV_RESPONSE_DN,0.1406,0.1601,0.0195,0.3972,0.0029,0.0019,0.6552,0.1445,0.0,5,5,CTGAN
HALLMARK_UV_RESPONSE_UP,0.1011,0.1249,0.0238,0.647,0.0011,0.0016,1.4545,0.3005,0.0,5,5,CTGAN
HALLMARK_WNT_BETA_CATENIN_SIGNALING,0.0748,0.1181,0.0433,0.5615,0.005,0.0068,1.36,0.2408,0.0,5,5,CTGAN
HALLMARK_XENOBIOTIC_METABOLISM,0.0645,0.0677,0.0031,0.1246,0.001,0.0002,0.2,0.2408,0.0,5,5,CTGAN
HALLMARK_ADIPOGENESIS,0.1441,0.0728,-0.0713,-2.7338,0.0013,0.0,0.0,0.9483,0.0,2,2,DP-CTGAN ε=50
HALLMARK_ALLOGRAFT_REJECTION,0.0268,-0.0325,-0.0593,-1.1417,0.0054,0.0,0.0,0.7141,0.0,2,2,DP-CTGAN ε=50
HALLMARK_ANDROGEN_RESPONSE,0.149,0.2105,0.0615,1.7841,0.0024,0.0,0.0,0.8668,0.0,2,2,DP-CTGAN ε=50
HALLMARK_ANGIOGENESIS,0.2064,0.1522,-0.0542,-1.0089,0.0057,0.0001,0.0175,0.6808,0.0,2,2,DP-CTGAN ε=50
HALLMARK_APICAL_JUNCTION,0.1321,0.1662,0.0341,1.0744,0.002,0.0,0.0,0.6946,0.0,2,2,DP-CTGAN ε=50
HALLMARK_APICAL_SURFACE,0.2711,0.1644,-0.1067,-2.8309,0.0028,0.0,0.0,0.9323,0.0,2,2,DP-CTGAN ε=50
HALLMARK_APOPTOSIS,0.1559,0.2248,0.0689,3.9627,0.0006,0.0,0.0,0.9954,0.0,2,2,DP-CTGAN ε=50
HALLMARK_BILE_ACID_METABOLISM,-0.0486,-0.0689,-0.0203,-0.4286,0.0044,0.0,0.0,0.5373,0.0,2,2,DP-CTGAN ε=50
HALLMARK_CHOLESTEROL_HOMEOSTASIS,-0.0789,-0.102,-0.0231,-0.5736,0.0032,0.0,0.0,0.535,0.0,2,2,DP-CTGAN ε=50
HALLMARK_COAGULATION,0.1149,0.1363,0.0214,0.3383,0.008,0.0,0.0,0.5166,0.0,2,2,DP-CTGAN ε=50
HALLMARK_COMPLEMENT,0.143,0.2437,0.1007,3.5627,0.0016,0.0,0.0,0.992,0.0,2,2,DP-CTGAN ε=50
HALLMARK_DNA_REPAIR,-0.0173,0.0275,0.0448,1.2682,0.0025,0.0,0.0,0.7371,0.0,2,2,DP-CTGAN ε=50
HALLMARK_E2F_TARGETS,-0.0017,0.0763,0.078,1.2818,0.0074,0.0,0.0,0.7842,0.0,2,2,DP-CTGAN ε=50
HALLMARK_EPITHELIAL_MESENCHYMAL_TRANSITION,0.227,0.2425,0.0155,0.3088,0.005,0.0,0.0,0.4983,0.0,2,2,DP-CTGAN ε=50
HALLMARK_ESTROGEN_RESPONSE_EARLY,0.2013,0.2485,0.0472,0.9969,0.0045,0.0,0.0,0.6625,0.0,2,2,DP-CTGAN ε=50
HALLMARK_ESTROGEN_RESPONSE_LATE,0.1461,0.1109,-0.0352,-1.32,0.0014,0.0,0.0,0.7784,0.0,2,2,DP-CTGAN ε=50
HALLMARK_FATTY_ACID_METABOLISM,0.0003,-0.0748,-0.075,-2.0394,0.0027,0.0,0.0,0.8932,0.0,2,2,DP-CTGAN ε=50
HALLMARK_G2M_CHECKPOINT,0.037,0.0481,0.011,0.2082,0.0056,0.0,0.0,0.5649,0.0,2,2,DP-CTGAN ε=50
HALLMARK_GLYCOLYSIS,0.0527,0.0021,-0.0506,-2.2352,0.001,0.0,0.0,0.9242,0.0,2,2,DP-CTGAN ε=50
HALLMARK_HEDGEHOG_SIGNALING,-0.0274,-0.0035,0.024,0.3616,0.0087,0.0001,0.0115,0.5316,0.0,2,2,DP-CTGAN ε=50
HALLMARK_HEME_METABOLISM,0.1267,0.133,0.0063,0.2027,0.0019,0.0,0.0,0.3915,0.0,2,2,DP-CTGAN ε=50
HALLMARK_HYPOXIA,0.1238,0.0814,-0.0424,-1.1303,0.0028,0.0,0.0,0.7382,0.0,2,2,DP-CTGAN ε=50
HALLMARK_IL2_STAT5_SIGNALING,0.1373,0.1699,0.0326,1.1882,0.0015,0.0,0.0,0.7371,0.0,2,2,DP-CTGAN ε=50
HALLMARK_IL6_JAK_STAT3_SIGNALING,0.2111,0.341,0.1298,3.7611,0.0024,0.0,0.0,0.9954,0.0,2,2,DP-CTGAN ε=50
HALLMARK_INFLAMMATORY_RESPONSE,0.0312,0.0174,-0.0139,-0.2646,0.0054,0.0,0.0,0.4592,0.0,2,2,DP-CTGAN ε=50
HALLMARK_INTERFERON_ALPHA_RESPONSE,0.1812,0.2876,0.1065,1.2818,0.0138,0.0,0.0,0.7577,0.0,2,2,DP-CTGAN ε=50
HALLMARK_INTERFERON_GAMMA_RESPONSE,0.0817,0.1263,0.0447,1.0177,0.0038,0.0,0.0,0.7268,0.0,2,2,DP-CTGAN ε=50
HALLMARK_KRAS_SIGNALING_DN,-0.4406,-0.5642,-0.1236,-2.3963,0.0053,0.0001,0.0189,0.9989,0.0,2,2,DP-CTGAN ε=50
HALLMARK_KRAS_SIGNALING_UP,-0.0152,-0.0789,-0.0637,-1.3486,0.0044,0.0,0.0,0.7865,0.0,2,2,DP-CTGAN ε=50
HALLMARK_MITOTIC_SPINDLE,0.1232,0.1391,0.016,0.4493,0.0025,0.0,0.0,0.5844,0.0,2,2,DP-CTGAN ε=50
HALLMARK_MTORC1_SIGNALING,0.1242,0.0642,-0.06,-2.4054,0.0012,0.0,0.0,0.9564,0.0,2,2,DP-CTGAN ε=50
HALLMARK_MYC_TARGETS_V1,0.2461,0.261,0.0149,0.4227,0.0025,0.0,0.0,0.6062,0.0,2,2,DP-CTGAN ε=50
HALLMARK_MYC_TARGETS_V2,0.0859,0.1476,0.0617,1.1385,0.0059,0.0,0.0,0.7313,0.0,2,2,DP-CTGAN ε=50
HALLMARK_MYOGENESIS,0.2686,0.3829,0.1143,2.8341,0.0032,0.0,0.0,0.9897,0.0,2,2,DP-CTGAN ε=50
HALLMARK_NOTCH_SIGNALING,0.1713,0.361,0.1898,3.6974,0.0052,0.0001,0.0192,0.9839,0.0,2,2,DP-CTGAN ε=50
HALLMARK_OXIDATIVE_PHOSPHORYLATION,0.1037,0.0193,-0.0844,-2.7722,0.0018,0.0,0.0,0.9541,0.0,2,2,DP-CTGAN ε=50
HALLMARK_P53_PATHWAY,0.0021,-0.0274,-0.0295,-1.178,0.0012,0.0,0.0,0.729,0.0,2,2,DP-CTGAN ε=50
HALLMARK_PANCREAS_BETA_CELLS,-0.2281,-0.5717,-0.3435,-2.8857,0.0282,0.0002,0.0071,1.0,0.0,2,2,DP-CTGAN ε=50
HALLMARK_PEROXISOME,0.0951,0.1644,0.0693,2.2942,0.0018,0.0,0.0,0.9219,0.0,2,2,DP-CTGAN ε=50
HALLMARK_PI3K_AKT_MTOR_SIGNALING,0.0965,0.0969,0.0004,0.0173,0.0011,0.0,0.0,0.4018,0.0,2,2,DP-CTGAN ε=50
HALLMARK_PROTEIN_SECRETION,0.2637,0.2588,-0.0049,-0.1698,0.0016,0.0,0.0,0.4834,0.0,2,2,DP-CTGAN ε=50
HALLMARK_REACTIVE_OXYGEN_SPECIES_PATHWAY,0.0809,0.0501,-0.0308,-0.7564,0.0033,0.0001,0.0303,0.6085,0.0,2,2,DP-CTGAN ε=50
HALLMARK_SPERMATOGENESIS,-0.1167,-0.14,-0.0233,-0.4028,0.0067,0.0,0.0,0.4983,0.0,2,2,DP-CTGAN ε=50
HALLMARK_TGF_BETA_SIGNALING,0.2291,0.2643,0.0352,0.6186,0.0064,0.0001,0.0156,0.5189,0.0,2,2,DP-CTGAN ε=50
HALLMARK_TNFA_SIGNALING_VIA_NFKB,0.0902,0.1191,0.029,0.5964,0.0047,0.0,0.0,0.6315,0.0,2,2,DP-CTGAN ε=50
HALLMARK_UNFOLDED_PROTEIN_RESPONSE,0.1038,0.074,-0.0298,-1.3506,0.001,0.0,0.0,0.7417,0.0,2,2,DP-CTGAN ε=50
HALLMARK_UV_RESPONSE_DN,0.1502,0.2134,0.0632,1.5666,0.0032,0.0,0.0,0.8358,0.0,2,2,DP-CTGAN ε=50
HALLMARK_UV_RESPONSE_UP,0.1062,0.1287,0.0225,0.8837,0.0013,0.0,0.0,0.667,0.0,2,2,DP-CTGAN ε=50
HALLMARK_WNT_BETA_CATENIN_SIGNALING,0.0789,0.2006,0.1217,2.2982,0.0055,0.0001,0.0182,0.8978,0.0,2,2,DP-CTGAN ε=50
HALLMARK_XENOBIOTIC_METABOLISM,0.068,0.057,-0.0109,-0.4441,0.0012,0.0,0.0,0.5144,0.0,2,2,DP-CTGAN ε=50
HALLMARK_ADIPOGENESIS,0.1367,0.174,0.0374,1.4807,0.0012,0.0,0.0,0.7727,0.0,3,3,DP-CTGAN ε=50
HALLMARK_ALLOGRAFT_REJECTION,0.0238,0.0359,0.0122,0.2511,0.0047,0.0,0.0,0.5511,0.0,3,3,DP-CTGAN ε=50
HALLMARK_ANDROGEN_RESPONSE,0.1417,0.1997,0.058,1.752,0.0022,0.0,0.0,0.8576,0.0,3,3,DP-CTGAN ε=50
HALLMARK_ANGIOGENESIS,0.1966,0.1039,-0.0927,-1.6726,0.0049,0.0012,0.2449,0.6556,0.0,3,3,DP-CTGAN ε=50
HALLMARK_APICAL_JUNCTION,0.124,0.1463,0.0223,0.7527,0.0017,0.0,0.0,0.6096,0.0,3,3,DP-CTGAN ε=50
HALLMARK_APICAL_SURFACE,0.2567,0.281,0.0243,0.5377,0.0026,0.0015,0.5769,0.2778,0.0,3,3,DP-CTGAN ε=50
HALLMARK_APOPTOSIS,0.1477,0.1992,0.0515,2.9473,0.0006,0.0,0.0,0.9575,0.0,3,3,DP-CTGAN ε=50
HALLMARK_BILE_ACID_METABOLISM,-0.046,-0.2132,-0.1673,-3.7445,0.0038,0.0002,0.0526,0.9839,0.0,3,3,DP-CTGAN ε=50
HALLMARK_CHOLESTEROL_HOMEOSTASIS,-0.0735,0.0167,0.0902,2.3623,0.0028,0.0001,0.0357,0.9001,0.0,3,3,DP-CTGAN ε=50
HALLMARK_COAGULATION,0.1079,0.1623,0.0544,0.9193,0.007,0.0001,0.0143,0.6223,0.0,3,3,DP-CTGAN ε=50
HALLMARK_COMPLEMENT,0.1345,0.1576,0.0231,0.8797,0.0014,0.0,0.0,0.6028,0.0,3,3,DP-CTGAN ε=50
HALLMARK_DNA_REPAIR,-0.0149,0.0408,0.0557,1.6748,0.0022,0.0,0.0,0.822,0.0,3,3,DP-CTGAN ε=50
HALLMARK_E2F_TARGETS,0.0017,-0.0248,-0.0265,-0.4567,0.0067,0.0,0.0,0.5189,0.0,3,3,DP-CTGAN ε=50
HALLMARK_EPITHELIAL_MESENCHYMAL_TRANSITION,0.2145,0.2691,0.0546,1.1566,0.0044,0.0,0.0,0.7268,0.0,3,3,DP-CTGAN ε=50
HALLMARK_ESTROGEN_RESPONSE_EARLY,0.1914,0.262,0.0706,1.5813,0.004,0.0,0.0,0.8381,0.0,3,3,DP-CTGAN ε=50
HALLMARK_ESTROGEN_RESPONSE_LATE,0.1396,0.1826,0.043,1.6543,0.0013,0.0,0.0,0.8175,0.0,3,3,DP-CTGAN ε=50
HALLMARK_FATTY_ACID_METABOLISM,0.0016,0.037,0.0354,1.0107,0.0024,0.0,0.0,0.6728,0.0,3,3,DP-CTGAN ε=50
HALLMARK_G2M_CHECKPOINT,0.0372,0.0282,-0.009,-0.1804,0.005,0.0,0.0,0.4834,0.0,3,3,DP-CTGAN ε=50
HALLMARK_GLYCOLYSIS,0.0512,0.0233,-0.0279,-1.2588,0.001,0.0,0.0,0.7268,0.0,3,3,DP-CTGAN ε=50
HALLMARK_HEDGEHOG_SIGNALING,-0.0298,-0.0948,-0.065,-1.0421,0.0076,0.0002,0.0263,0.6039,0.0,3,3,DP-CTGAN ε=50
HALLMARK_HEME_METABOLISM,0.1186,0.1779,0.0593,1.9864,0.0018,0.0,0.0,0.8863,0.0,3,3,DP-CTGAN ε=50
HALLMARK_HYPOXIA,0.1164,0.1459,0.0295,0.8315,0.0025,0.0,0.0,0.6349,0.0,3,3,DP-CTGAN ε=50
HALLMARK_IL2_STAT5_SIGNALING,0.1291,0.1542,0.0251,0.9765,0.0013,0.0,0.0,0.6716,0.0,3,3,DP-CTGAN ε=50
HALLMARK_IL6_JAK_STAT3_SIGNALING,0.1992,0.1641,-0.0351,-1.0975,0.002,0.0,0.0,0.7015,0.0,3,3,DP-CTGAN ε=50
HALLMARK_INFLAMMATORY_RESPONSE,0.0281,0.0232,-0.0048,-0.0981,0.0048,0.0001,0.0208,0.3927,0.0,3,3,DP-CTGAN ε=50
HALLMARK_INTERFERON_ALPHA_RESPONSE,0.1698,0.274,0.1043,1.3114,0.0126,0.0,0.0,0.7566,0.0,3,3,DP-CTGAN ε=50
HALLMARK_INTERFERON_GAMMA_RESPONSE,0.0762,0.1047,0.0285,0.6901,0.0034,0.0,0.0,0.6211,0.0,3,3,DP-CTGAN ε=50
HALLMARK_KRAS_SIGNALING_DN,-0.4184,-0.639,-0.2206,-4.6098,0.0046,0.0,0.0,1.0,0.0,3,3,DP-CTGAN ε=50
HALLMARK_KRAS_SIGNALING_UP,-0.0148,-0.0713,-0.0565,-1.298,0.0038,0.0,0.0,0.7704,0.0,3,3,DP-CTGAN ε=50
HALLMARK_MITOTIC_SPINDLE,0.1174,0.1617,0.0443,1.3189,0.0022,0.0,0.0,0.7681,0.0,3,3,DP-CTGAN ε=50
HALLMARK_MTORC1_SIGNALING,0.1184,0.0942,-0.0243,-1.0345,0.0011,0.0,0.0,0.6361,0.0,3,3,DP-CTGAN ε=50
HALLMARK_MYC_TARGETS_V1,0.2354,0.3305,0.0951,2.773,0.0023,0.0,0.0,0.9277,0.0,3,3,DP-CTGAN ε=50
HALLMARK_MYC_TARGETS_V2,0.0837,0.217,0.1333,2.557,0.0054,0.0,0.0,0.9346,0.0,3,3,DP-CTGAN ε=50
HALLMARK_MYOGENESIS,0.2537,0.3216,0.0679,1.756,0.0028,0.0002,0.0714,0.8186,0.0,3,3,DP-CTGAN ε=50
HALLMARK_NOTCH_SIGNALING,0.159,0.1893,0.0304,0.6181,0.0048,0.0001,0.0208,0.558,0.0,3,3,DP-CTGAN ε=50
HALLMARK_OXIDATIVE_PHOSPHORYLATION,0.0999,0.161,0.0611,2.0581,0.0017,0.0,0.0,0.8634,0.0,3,3,DP-CTGAN ε=50
HALLMARK_P53_PATHWAY,0.0018,-0.0201,-0.0218,-0.8873,0.0011,0.0001,0.0909,0.5499,0.0,3,3,DP-CTGAN ε=50
HALLMARK_PANCREAS_BETA_CELLS,-0.2174,-0.291,-0.0735,-0.6161,0.0278,0.0007,0.0252,0.4834,0.0,3,3,DP-CTGAN ε=50
HALLMARK_PEROXISOME,0.0913,0.0729,-0.0183,-0.6194,0.0017,0.0,0.0,0.5408,0.0,3,3,DP-CTGAN ε=50
HALLMARK_PI3K_AKT_MTOR_SIGNALING,0.0918,0.1462,0.0544,2.4975,0.0009,0.0,0.0,0.9196,0.0,3,3,DP-CTGAN ε=50
HALLMARK_PROTEIN_SECRETION,0.25,0.2558,0.0059,0.2129,0.0015,0.0,0.0,0.3995,0.0,3,3,DP-CTGAN ε=50
HALLMARK_REACTIVE_OXYGEN_SPECIES_PATHWAY,0.0767,0.0293,-0.0474,-1.2198,0.0029,0.0001,0.0345,0.6808,0.0,3,3,DP-CTGAN ε=50
HALLMARK_SPERMATOGENESIS,-0.1081,-0.1423,-0.0342,-0.6271,0.0059,0.0,0.0,0.5454,0.0,3,3,DP-CTGAN ε=50
HALLMARK_TGF_BETA_SIGNALING,0.2143,0.2351,0.0208,0.3797,0.0059,0.0001,0.0169,0.4397,0.0,3,3,DP-CTGAN ε=50
HALLMARK_TNFA_SIGNALING_VIA_NFKB,0.0832,0.1066,0.0234,0.5047,0.0043,0.0,0.0,0.5798,0.0,3,3,DP-CTGAN ε=50
HALLMARK_UNFOLDED_PROTEIN_RESPONSE,0.0987,0.0544,-0.0442,-2.1534,0.0008,0.0,0.0,0.8645,0.0,3,3,DP-CTGAN ε=50
HALLMARK_UV_RESPONSE_DN,0.1414,0.2019,0.0605,1.5847,0.0029,0.0,0.0,0.8163,0.0,3,3,DP-CTGAN ε=50
HALLMARK_UV_RESPONSE_UP,0.1003,0.1769,0.0765,3.1619,0.0011,0.0,0.0,0.9667,0.0,3,3,DP-CTGAN ε=50
HALLMARK_WNT_BETA_CATENIN_SIGNALING,0.0732,0.1326,0.0594,1.164,0.0051,0.0001,0.0196,0.7336,0.0,3,3,DP-CTGAN ε=50
HALLMARK_XENOBIOTIC_METABOLISM,0.0636,0.0309,-0.0327,-1.4151,0.001,0.0,0.0,0.7474,0.0,3,3,DP-CTGAN ε=50
HALLMARK_ADIPOGENESIS,0.1375,0.1785,0.041,1.6567,0.0012,0.0,0.0,0.8257,0.0,5,5,DP-CTGAN ε=50
HALLMARK_ALLOGRAFT_REJECTION,0.0241,0.0578,0.0337,0.7073,0.0045,0.0,0.0,0.6778,0.0,5,5,DP-CTGAN ε=50
HALLMARK_ANDROGEN_RESPONSE,0.1396,0.2453,0.1057,3.2319,0.0021,0.0,0.0,0.9966,0.0,5,5,DP-CTGAN ε=50
HALLMARK_ANGIOGENESIS,0.1979,0.1389,-0.059,-1.1767,0.005,0.0001,0.02,0.7087,0.0,5,5,DP-CTGAN ε=50
HALLMARK_APICAL_JUNCTION,0.1247,0.1629,0.0382,1.2862,0.0018,0.0,0.0,0.7351,0.0,5,5,DP-CTGAN ε=50
HALLMARK_APICAL_SURFACE,0.2563,0.1574,-0.0989,-2.7579,0.0025,0.0,0.0,0.922,0.0,5,5,DP-CTGAN ε=50
HALLMARK_APOPTOSIS,0.1481,0.1699,0.0218,1.303,0.0006,0.0,0.0,0.7443,0.0,5,5,DP-CTGAN ε=50
HALLMARK_BILE_ACID_METABOLISM,-0.0482,-0.0956,-0.0473,-1.0613,0.0039,0.0001,0.0256,0.6491,0.0,5,5,DP-CTGAN ε=50
HALLMARK_CHOLESTEROL_HOMEOSTASIS,-0.0731,-0.1528,-0.0797,-2.1293,0.0028,0.0,0.0,0.914,0.0,5,5,DP-CTGAN ε=50
HALLMARK_COAGULATION,0.1102,0.1568,0.0466,0.7912,0.0069,0.0,0.0,0.625,0.0,5,5,DP-CTGAN ε=50
HALLMARK_COMPLEMENT,0.1348,0.1831,0.0482,1.8641,0.0013,0.0,0.0,0.8773,0.0,5,5,DP-CTGAN ε=50
HALLMARK_DNA_REPAIR,-0.0151,-0.0448,-0.0297,-0.8752,0.0023,0.0,0.0,0.6319,0.0,5,5,DP-CTGAN ε=50
HALLMARK_E2F_TARGETS,-0.0008,-0.0432,-0.0424,-0.7258,0.0068,0.0,0.0,0.5998,0.0,5,5,DP-CTGAN ε=50
HALLMARK_EPITHELIAL_MESENCHYMAL_TRANSITION,0.2173,0.3197,0.1024,2.1954,0.0043,0.0,0.0,0.9427,0.0,5,5,DP-CTGAN ε=50
HALLMARK_ESTROGEN_RESPONSE_EARLY,0.1907,0.2124,0.0217,0.4813,0.0041,0.0,0.0,0.492,0.0,5,5,DP-CTGAN ε=50
HALLMARK_ESTROGEN_RESPONSE_LATE,0.1391,0.113,-0.0261,-1.0145,0.0013,0.0,0.0,0.703,0.0,5,5,DP-CTGAN ε=50
HALLMARK_FATTY_ACID_METABOLISM,0.0014,0.0739,0.0725,2.0863,0.0024,0.0,0.0,0.8773,0.0,5,5,DP-CTGAN ε=50
HALLMARK_G2M_CHECKPOINT,0.0356,0.0806,0.0449,0.8899,0.0051,0.0,0.0,0.711,0.0,5,5,DP-CTGAN ε=50
HALLMARK_GLYCOLYSIS,0.0517,0.0443,-0.0074,-0.334,0.001,0.0,0.0,0.4885,0.0,5,5,DP-CTGAN ε=50
HALLMARK_HEDGEHOG_SIGNALING,-0.0284,-0.2508,-0.2224,-3.5784,0.0077,0.0001,0.013,0.9931,0.0,5,5,DP-CTGAN ε=50
HALLMARK_HEME_METABOLISM,0.1193,0.2181,0.0989,3.3219,0.0018,0.0,0.0,0.9977,0.0,5,5,DP-CTGAN ε=50
HALLMARK_HYPOXIA,0.1186,0.1833,0.0647,1.8296,0.0025,0.0,0.0,0.8612,0.0,5,5,DP-CTGAN ε=50
HALLMARK_IL2_STAT5_SIGNALING,0.1297,0.1103,-0.0193,-0.7491,0.0013,0.0,0.0,0.6502,0.0,5,5,DP-CTGAN ε=50
HALLMARK_IL6_JAK_STAT3_SIGNALING,0.1987,0.3313,0.1326,4.0986,0.0021,0.0,0.0,0.9966,0.0,5,5,DP-CTGAN ε=50
HALLMARK_INFLAMMATORY_RESPONSE,0.0284,0.0168,-0.0116,-0.2407,0.0046,0.0,0.0,0.4736,0.0,5,5,DP-CTGAN ε=50
HALLMARK_INTERFERON_ALPHA_RESPONSE,0.1684,0.3102,0.1417,1.7761,0.0127,0.0001,0.0079,0.8372,0.0,5,5,DP-CTGAN ε=50
HALLMARK_INTERFERON_GAMMA_RESPONSE,0.0753,0.1107,0.0353,0.8592,0.0034,0.0,0.0,0.6858,0.0,5,5,DP-CTGAN ε=50
HALLMARK_KRAS_SIGNALING_DN,-0.4172,-0.6409,-0.2237,-4.5025,0.0049,0.0,0.0,1.0,0.0,5,5,DP-CTGAN ε=50
HALLMARK_KRAS_SIGNALING_UP,-0.0129,0.0197,0.0326,0.7428,0.0038,0.0,0.0,0.6067,0.0,5,5,DP-CTGAN ε=50
HALLMARK_MITOTIC_SPINDLE,0.1159,0.1255,0.0095,0.2848,0.0022,0.0,0.0,0.5562,0.0,5,5,DP-CTGAN ε=50
HALLMARK_MTORC1_SIGNALING,0.1183,0.1443,0.026,1.0928,0.0011,0.0,0.0,0.7271,0.0,5,5,DP-CTGAN ε=50
HALLMARK_MYC_TARGETS_V1,0.2337,0.318,0.0843,2.4472,0.0024,0.0,0.0,0.9048,0.0,5,5,DP-CTGAN ε=50
HALLMARK_MYC_TARGETS_V2,0.0821,0.0941,0.012,0.2263,0.0056,0.0,0.0,0.5356,0.0,5,5,DP-CTGAN ε=50
HALLMARK_MYOGENESIS,0.2552,0.2792,0.0239,0.6289,0.0029,0.0,0.0,0.6044,0.0,5,5,DP-CTGAN ε=50
HALLMARK_NOTCH_SIGNALING,0.162,0.2849,0.1229,2.541,0.0046,0.0,0.0,0.9381,0.0,5,5,DP-CTGAN ε=50
HALLMARK_OXIDATIVE_PHOSPHORYLATION,0.1,0.1575,0.0575,1.974,0.0017,0.0,0.0,0.8544,0.0,5,5,DP-CTGAN ε=50
HALLMARK_P53_PATHWAY,0.003,-0.0326,-0.0356,-1.509,0.0011,0.0,0.0,0.7798,0.0,5,5,DP-CTGAN ε=50
HALLMARK_PANCREAS_BETA_CELLS,-0.2148,-0.3979,-0.1831,-1.5682,0.0269,0.0004,0.0149,0.7878,0.0,5,5,DP-CTGAN ε=50
HALLMARK_PEROXISOME,0.0902,0.1984,0.1082,3.7426,0.0016,0.0,0.0,0.9908,0.0,5,5,DP-CTGAN ε=50
HALLMARK_PI3K_AKT_MTOR_SIGNALING,0.0921,0.117,0.0249,1.1591,0.0009,0.0,0.0,0.7328,0.0,5,5,DP-CTGAN ε=50
HALLMARK_PROTEIN_SECRETION,0.2499,0.2173,-0.0326,-1.1831,0.0015,0.0,0.0,0.7489,0.0,5,5,DP-CTGAN ε=50
HALLMARK_REACTIVE_OXYGEN_SPECIES_PATHWAY,0.0758,0.0712,-0.0046,-0.1195,0.0029,0.0001,0.0345,0.4151,0.0,5,5,DP-CTGAN ε=50
HALLMARK_SPERMATOGENESIS,-0.1095,-0.1575,-0.048,-0.8675,0.0061,0.0,0.0,0.6181,0.0,5,5,DP-CTGAN ε=50
HALLMARK_TGF_BETA_SIGNALING,0.2149,0.3041,0.0893,1.6249,0.006,0.0,0.0,0.8131,0.0,5,5,DP-CTGAN ε=50
HALLMARK_TNFA_SIGNALING_VIA_NFKB,0.0845,0.1541,0.0696,1.5177,0.0042,0.0,0.0,0.8096,0.0,5,5,DP-CTGAN ε=50
HALLMARK_UNFOLDED_PROTEIN_RESPONSE,0.0986,0.064,-0.0346,-1.653,0.0009,0.0,0.0,0.781,0.0,5,5,DP-CTGAN ε=50
HALLMARK_UV_RESPONSE_DN,0.1406,0.1868,0.0462,1.2078,0.0029,0.0,0.0,0.7362,0.0,5,5,DP-CTGAN ε=50
HALLMARK_UV_RESPONSE_UP,0.1011,0.0999,-0.0011,-0.0477,0.0011,0.0,0.0,0.3956,0.0,5,5,DP-CTGAN ε=50
HALLMARK_WNT_BETA_CATENIN_SIGNALING,0.0748,0.0069,-0.0679,-1.3417,0.005,0.0001,0.02,0.7397,0.0,5,5,DP-CTGAN ε=50
HALLMARK_XENOBIOTIC_METABOLISM,0.0645,0.0838,0.0193,0.8372,0.001,0.0,0.0,0.6342,0.0,5,5,DP-CTGAN ε=50
HALLMARK_ADIPOGENESIS,0.1376,0.178,0.0404,1.668,0.0012,0.0,0.0,0.8335,0.0,4,4,DP-CTGAN ε=50
HALLMARK_ALLOGRAFT_REJECTION,0.0247,0.0464,0.0218,0.4473,0.0047,0.0,0.0,0.6188,0.0,4,4,DP-CTGAN ε=50
HALLMARK_ANDROGEN_RESPONSE,0.1418,0.3338,0.192,5.7883,0.0022,0.0,0.0,1.0,0.0,4,4,DP-CTGAN ε=50
HALLMARK_ANGIOGENESIS,0.1978,0.0158,-0.182,-3.6054,0.005,0.0,0.0,0.9908,0.0,4,4,DP-CTGAN ε=50
HALLMARK_APICAL_JUNCTION,0.1246,0.1712,0.0466,1.5443,0.0018,0.0,0.0,0.8037,0.0,4,4,DP-CTGAN ε=50
HALLMARK_APICAL_SURFACE,0.2571,0.3111,0.0539,1.4672,0.0026,0.0001,0.0385,0.8312,0.0,4,4,DP-CTGAN ε=50
HALLMARK_APOPTOSIS,0.1481,0.1706,0.0225,1.3195,0.0006,0.0,0.0,0.729,0.0,4,4,DP-CTGAN ε=50
HALLMARK_BILE_ACID_METABOLISM,-0.0477,-0.0543,-0.0065,-0.1468,0.0039,0.0,0.0,0.4558,0.0,4,4,DP-CTGAN ε=50
HALLMARK_CHOLESTEROL_HOMEOSTASIS,-0.0741,-0.0051,0.069,1.7707,0.0028,0.0002,0.0714,0.7796,0.0,4,4,DP-CTGAN ε=50
HALLMARK_COAGULATION,0.1108,0.0953,-0.0154,-0.2543,0.0074,0.0,0.0,0.5534,0.0,4,4,DP-CTGAN ε=50
HALLMARK_COMPLEMENT,0.1347,0.1382,0.0035,0.1294,0.0014,0.0,0.0,0.4466,0.0,4,4,DP-CTGAN ε=50
HALLMARK_DNA_REPAIR,-0.0175,-0.0165,0.001,0.0314,0.0022,0.0,0.0,0.4317,0.0,4,4,DP-CTGAN ε=50
HALLMARK_E2F_TARGETS,-0.002,0.0231,0.0251,0.4361,0.0066,0.0,0.0,0.6234,0.0,4,4,DP-CTGAN ε=50
HALLMARK_EPITHELIAL_MESENCHYMAL_TRANSITION,0.2165,0.2569,0.0404,0.8242,0.0048,0.0,0.0,0.6269,0.0,4,4,DP-CTGAN ε=50
HALLMARK_ESTROGEN_RESPONSE_EARLY,0.191,0.2262,0.0352,0.7865,0.004,0.0,0.0,0.5855,0.0,4,4,DP-CTGAN ε=50
HALLMARK_ESTROGEN_RESPONSE_LATE,0.1379,0.1431,0.0052,0.2051,0.0013,0.0,0.0,0.465,0.0,4,4,DP-CTGAN ε=50
HALLMARK_FATTY_ACID_METABOLISM,0.0007,-0.0502,-0.0508,-1.5098,0.0022,0.0,0.0,0.7807,0.0,4,4,DP-CTGAN ε=50
HALLMARK_G2M_CHECKPOINT,0.0346,0.0204,-0.0143,-0.2852,0.005,0.0,0.0,0.4684,0.0,4,4,DP-CTGAN ε=50
HALLMARK_GLYCOLYSIS,0.0506,0.1098,0.0592,2.7044,0.001,0.0,0.0,0.938,0.0,4,4,DP-CTGAN ε=50
HALLMARK_HEDGEHOG_SIGNALING,-0.0269,-0.1596,-0.1326,-2.1351,0.0075,0.0002,0.0267,0.884,0.0,4,4,DP-CTGAN ε=50
HALLMARK_HEME_METABOLISM,0.1201,0.1724,0.0523,1.7246,0.0018,0.0,0.0,0.8381,0.0,4,4,DP-CTGAN ε=50
HALLMARK_HYPOXIA,0.1184,0.1739,0.0556,1.5315,0.0026,0.0,0.0,0.7842,0.0,4,4,DP-CTGAN ε=50
HALLMARK_IL2_STAT5_SIGNALING,0.1305,0.1462,0.0157,0.6059,0.0013,0.0,0.0,0.5637,0.0,4,4,DP-CTGAN ε=50
HALLMARK_IL6_JAK_STAT3_SIGNALING,0.2,0.2756,0.0756,2.3072,0.0021,0.0,0.0,0.9277,0.0,4,4,DP-CTGAN ε=50
HALLMARK_INFLAMMATORY_RESPONSE,0.0286,0.0651,0.0366,0.7538,0.0047,0.0,0.0,0.6946,0.0,4,4,DP-CTGAN ε=50
HALLMARK_INTERFERON_ALPHA_RESPONSE,0.1689,0.184,0.0151,0.1898,0.0126,0.0,0.0,0.4983,0.0,4,4,DP-CTGAN ε=50
HALLMARK_INTERFERON_GAMMA_RESPONSE,0.0755,0.1061,0.0306,0.7327,0.0035,0.0,0.0,0.6636,0.0,4,4,DP-CTGAN ε=50
HALLMARK_KRAS_SIGNALING_DN,-0.4186,-0.6349,-0.2164,-4.3796,0.0049,0.0,0.0,1.0,0.0,4,4,DP-CTGAN ε=50
HALLMARK_KRAS_SIGNALING_UP,-0.0136,-0.0339,-0.0203,-0.4675,0.0038,0.0,0.0,0.5844,0.0,4,4,DP-CTGAN ε=50
HALLMARK_MITOTIC_SPINDLE,0.1162,0.1597,0.0435,1.3226,0.0022,0.0,0.0,0.7738,0.0,4,4,DP-CTGAN ε=50
HALLMARK_MTORC1_SIGNALING,0.1183,0.1471,0.0287,1.2329,0.0011,0.0,0.0,0.7555,0.0,4,4,DP-CTGAN ε=50
HALLMARK_MYC_TARGETS_V1,0.234,0.2846,0.0506,1.4782,0.0023,0.0,0.0,0.8197,0.0,4,4,DP-CTGAN ε=50
HALLMARK_MYC_TARGETS_V2,0.0819,0.1657,0.0838,1.5849,0.0056,0.0,0.0,0.8209,0.0,4,4,DP-CTGAN ε=50
HALLMARK_MYOGENESIS,0.2553,0.3325,0.0772,1.9935,0.003,0.0,0.0,0.9116,0.0,4,4,DP-CTGAN ε=50
HALLMARK_NOTCH_SIGNALING,0.1629,0.2869,0.124,2.4911,0.0049,0.0001,0.0204,0.9357,0.0,4,4,DP-CTGAN ε=50
HALLMARK_OXIDATIVE_PHOSPHORYLATION,0.0994,0.127,0.0276,0.9572,0.0016,0.0,0.0,0.659,0.0,4,4,DP-CTGAN ε=50
HALLMARK_P53_PATHWAY,0.0023,-0.028,-0.0303,-1.2381,0.0012,0.0,0.0,0.729,0.0,4,4,DP-CTGAN ε=50
HALLMARK_PANCREAS_BETA_CELLS,-0.2166,-0.606,-0.3894,-3.4275,0.0258,0.0,0.0,1.0,0.0,4,4,DP-CTGAN ε=50
HALLMARK_PEROXISOME,0.0897,0.1875,0.0979,3.417,0.0016,0.0,0.0,0.9897,0.0,4,4,DP-CTGAN ε=50
HALLMARK_PI3K_AKT_MTOR_SIGNALING,0.092,0.1354,0.0435,1.9929,0.0009,0.0,0.0,0.8703,0.0,4,4,DP-CTGAN ε=50
HALLMARK_PROTEIN_SECRETION,0.2502,0.2867,0.0365,1.34,0.0015,0.0,0.0,0.7555,0.0,4,4,DP-CTGAN ε=50
HALLMARK_REACTIVE_OXYGEN_SPECIES_PATHWAY,0.0778,0.1592,0.0815,2.1354,0.0028,0.0001,0.0357,0.8909,0.0,4,4,DP-CTGAN ε=50
HALLMARK_SPERMATOGENESIS,-0.1113,-0.1218,-0.0104,-0.1903,0.006,0.0,0.0,0.4328,0.0,4,4,DP-CTGAN ε=50
HALLMARK_TGF_BETA_SIGNALING,0.2162,0.2186,0.0024,0.044,0.006,0.0,0.0,0.4478,0.0,4,4,DP-CTGAN ε=50
HALLMARK_TNFA_SIGNALING_VIA_NFKB,0.0845,0.0532,-0.0313,-0.67,0.0044,0.0,0.0,0.6303,0.0,4,4,DP-CTGAN ε=50
HALLMARK_UNFOLDED_PROTEIN_RESPONSE,0.0987,0.0973,-0.0015,-0.0693,0.0009,0.0,0.0,0.3697,0.0,4,4,DP-CTGAN ε=50
HALLMARK_UV_RESPONSE_DN,0.1426,0.2074,0.0648,1.6978,0.0029,0.0,0.0,0.8576,0.0,4,4,DP-CTGAN ε=50
HALLMARK_UV_RESPONSE_UP,0.1006,0.1446,0.044,1.8348,0.0011,0.0,0.0,0.8473,0.0,4,4,DP-CTGAN ε=50
HALLMARK_WNT_BETA_CATENIN_SIGNALING,0.0751,0.2027,0.1276,2.4851,0.0052,0.0001,0.0192,0.9162,0.0,4,4,DP-CTGAN ε=50
HALLMARK_XENOBIOTIC_METABOLISM,0.0638,-0.0127,-0.0764,-3.2513,0.0011,0.0,0.0,0.9701,0.0,4,4,DP-CTGAN ε=50
HALLMARK_ADIPOGENESIS,0.1361,0.2253,0.0891,3.5808,0.0012,0.0,0.0,0.9908,0.0,1,1,DP-CTGAN ε=50
HALLMARK_ALLOGRAFT_REJECTION,0.0241,0.0684,0.0444,0.9214,0.0046,0.0,0.0,0.7038,0.0,1,1,DP-CTGAN ε=50
HALLMARK_ANDROGEN_RESPONSE,0.1415,0.1943,0.0528,1.6226,0.0021,0.0,0.0,0.8301,0.0,1,1,DP-CTGAN ε=50
HALLMARK_ANGIOGENESIS,0.1979,0.1392,-0.0587,-1.1671,0.005,0.0001,0.02,0.7118,0.0,1,1,DP-CTGAN ε=50
HALLMARK_APICAL_JUNCTION,0.1252,0.0852,-0.04,-1.3412,0.0018,0.0,0.0,0.7199,0.0,1,1,DP-CTGAN ε=50
HALLMARK_APICAL_SURFACE,0.2564,0.3064,0.0501,1.3628,0.0026,0.0001,0.0385,0.7922,0.0,1,1,DP-CTGAN ε=50
HALLMARK_APOPTOSIS,0.1477,0.2165,0.0688,4.1845,0.0005,0.0,0.0,0.9977,0.0,1,1,DP-CTGAN ε=50
HALLMARK_BILE_ACID_METABOLISM,-0.0478,-0.024,0.0238,0.5283,0.004,0.0001,0.025,0.5258,0.0,1,1,DP-CTGAN ε=50
HALLMARK_CHOLESTEROL_HOMEOSTASIS,-0.0747,-0.0597,0.015,0.3919,0.0028,0.0001,0.0357,0.5063,0.0,1,1,DP-CTGAN ε=50
HALLMARK_COAGULATION,0.1129,0.2107,0.0978,1.6502,0.007,0.0,0.0,0.8278,0.0,1,1,DP-CTGAN ε=50
HALLMARK_COMPLEMENT,0.1345,0.2426,0.108,4.0058,0.0014,0.0,0.0,0.9943,0.0,1,1,DP-CTGAN ε=50
HALLMARK_DNA_REPAIR,-0.0161,0.0136,0.0296,0.883,0.0022,0.0,0.0,0.6533,0.0,1,1,DP-CTGAN ε=50
HALLMARK_E2F_TARGETS,-0.0011,0.0052,0.0064,0.1103,0.0067,0.0,0.0,0.5465,0.0,1,1,DP-CTGAN ε=50
HALLMARK_EPITHELIAL_MESENCHYMAL_TRANSITION,0.218,0.2858,0.0678,1.4351,0.0045,0.0,0.0,0.7876,0.0,1,1,DP-CTGAN ε=50
HALLMARK_ESTROGEN_RESPONSE_EARLY,0.1906,0.2739,0.0833,1.8504,0.004,0.0,0.0,0.9047,0.0,1,1,DP-CTGAN ε=50
HALLMARK_ESTROGEN_RESPONSE_LATE,0.1382,0.1911,0.0529,2.0878,0.0013,0.0,0.0,0.8817,0.0,1,1,DP-CTGAN ε=50
HALLMARK_FATTY_ACID_METABOLISM,0.0001,0.0294,0.0293,0.8382,0.0024,0.0,0.0,0.6521,0.0,1,1,DP-CTGAN ε=50
HALLMARK_G2M_CHECKPOINT,0.0353,0.0484,0.0131,0.2599,0.005,0.0,0.0,0.5878,0.0,1,1,DP-CTGAN ε=50
HALLMARK_GLYCOLYSIS,0.0511,0.0993,0.0482,2.1903,0.0009,0.0,0.0,0.8886,0.0,1,1,DP-CTGAN ε=50
HALLMARK_HEDGEHOG_SIGNALING,-0.0273,-0.0807,-0.0534,-0.8659,0.0075,0.0001,0.0133,0.6188,0.0,1,1,DP-CTGAN ε=50
HALLMARK_HEME_METABOLISM,0.12,0.1162,-0.0038,-0.1313,0.0017,0.0,0.0,0.4834,0.0,1,1,DP-CTGAN ε=50
HALLMARK_HYPOXIA,0.1182,0.1578,0.0395,1.0887,0.0026,0.0,0.0,0.6693,0.0,1,1,DP-CTGAN ε=50
HALLMARK_IL2_STAT5_SIGNALING,0.1297,0.113,-0.0167,-0.647,0.0013,0.0,0.0,0.5901,0.0,1,1,DP-CTGAN ε=50
HALLMARK_IL6_JAK_STAT3_SIGNALING,0.1997,0.3329,0.1332,4.1114,0.0021,0.0,0.0,0.9977,0.0,1,1,DP-CTGAN ε=50
HALLMARK_INFLAMMATORY_RESPONSE,0.0292,-0.0142,-0.0434,-0.8651,0.0048,0.0003,0.0625,0.5511,0.0,1,1,DP-CTGAN ε=50
HALLMARK_INTERFERON_ALPHA_RESPONSE,0.1668,0.2005,0.0337,0.4203,0.0128,0.0001,0.0078,0.5557,0.0,1,1,DP-CTGAN ε=50
HALLMARK_INTERFERON_GAMMA_RESPONSE,0.0751,0.1196,0.0445,1.0854,0.0033,0.0,0.0,0.7394,0.0,1,1,DP-CTGAN ε=50
HALLMARK_KRAS_SIGNALING_DN,-0.4178,-0.5235,-0.1058,-1.0688,0.0047,0.0149,3.1702,0.5316,0.0,1,1,DP-CTGAN ε=50
HALLMARK_KRAS_SIGNALING_UP,-0.0127,0.013,0.0257,0.5809,0.0039,0.0,0.0,0.5637,0.0,1,1,DP-CTGAN ε=50
HALLMARK_MITOTIC_SPINDLE,0.1172,0.1146,-0.0026,-0.0761,0.0022,0.0,0.0,0.4282,0.0,1,1,DP-CTGAN ε=50
HALLMARK_MTORC1_SIGNALING,0.1178,0.0747,-0.0431,-1.8378,0.0011,0.0,0.0,0.8542,0.0,1,1,DP-CTGAN ε=50
HALLMARK_MYC_TARGETS_V1,0.2336,0.282,0.0484,1.4324,0.0023,0.0,0.0,0.7968,0.0,1,1,DP-CTGAN ε=50
HALLMARK_MYC_TARGETS_V2,0.0803,0.1236,0.0434,0.8239,0.0055,0.0001,0.0182,0.6361,0.0,1,1,DP-CTGAN ε=50
HALLMARK_MYOGENESIS,0.2554,0.2893,0.0339,0.899,0.0028,0.0,0.0,0.6338,0.0,1,1,DP-CTGAN ε=50
HALLMARK_NOTCH_SIGNALING,0.1636,0.1753,0.0117,0.2331,0.0049,0.0001,0.0204,0.4076,0.0,1,1,DP-CTGAN ε=50
HALLMARK_OXIDATIVE_PHOSPHORYLATION,0.0978,0.1336,0.0358,1.2294,0.0017,0.0,0.0,0.7199,0.0,1,1,DP-CTGAN ε=50
HALLMARK_P53_PATHWAY,0.0022,-0.0364,-0.0386,-1.6212,0.0011,0.0,0.0,0.8048,0.0,1,1,DP-CTGAN ε=50
HALLMARK_PANCREAS_BETA_CELLS,-0.2149,-0.2528,-0.0379,-0.3294,0.0253,0.0011,0.0435,0.3777,0.0,1,1,DP-CTGAN ε=50
HALLMARK_PEROXISOME,0.0896,0.1004,0.0108,0.3668,0.0017,0.0,0.0,0.4524,0.0,1,1,DP-CTGAN ε=50
HALLMARK_PI3K_AKT_MTOR_SIGNALING,0.0918,0.1074,0.0156,0.7082,0.0009,0.0,0.0,0.5534,0.0,1,1,DP-CTGAN ε=50
HALLMARK_PROTEIN_SECRETION,0.2493,0.3339,0.0846,3.0596,0.0015,0.0,0.0,0.9759,0.0,1,1,DP-CTGAN ε=50
HALLMARK_REACTIVE_OXYGEN_SPECIES_PATHWAY,0.0749,0.1279,0.053,1.3855,0.0029,0.0,0.0,0.7577,0.0,1,1,DP-CTGAN ε=50
HALLMARK_SPERMATOGENESIS,-0.1106,-0.1404,-0.0297,-0.5378,0.0061,0.0,0.0,0.5224,0.0,1,1,DP-CTGAN ε=50
HALLMARK_TGF_BETA_SIGNALING,0.2182,0.3174,0.0992,1.8324,0.0058,0.0001,0.0172,0.8462,0.0,1,1,DP-CTGAN ε=50
HALLMARK_TNFA_SIGNALING_VIA_NFKB,0.084,0.0931,0.0091,0.1956,0.0043,0.0001,0.0233,0.4581,0.0,1,1,DP-CTGAN ε=50
HALLMARK_UNFOLDED_PROTEIN_RESPONSE,0.0985,0.0896,-0.0089,-0.421,0.0009,0.0,0.0,0.4363,0.0,1,1,DP-CTGAN ε=50
HALLMARK_UV_RESPONSE_DN,0.1421,0.224,0.0819,2.1514,0.0029,0.0,0.0,0.9104,0.0,1,1,DP-CTGAN ε=50
HALLMARK_UV_RESPONSE_UP,0.0994,0.1125,0.0131,0.5473,0.0011,0.0,0.0,0.5396,0.0,1,1,DP-CTGAN ε=50
HALLMARK_WNT_BETA_CATENIN_SIGNALING,0.0752,0.052,-0.0232,-0.4529,0.0052,0.0001,0.0192,0.5017,0.0,1,1,DP-CTGAN ε=50
HALLMARK_XENOBIOTIC_METABOLISM,0.0628,0.0837,0.0209,0.901,0.0011,0.0,0.0,0.6395,0.0,1,1,DP-CTGAN ε=50
HALLMARK_ADIPOGENESIS,0.1375,0.152,0.0146,0.4279,0.0012,0.0011,0.9167,0.2122,0.0,5,5,WGAN-GP
HALLMARK_ALLOGRAFT_REJECTION,0.0241,0.032,0.0079,0.1203,0.0045,0.004,0.8889,0.1296,0.0,5,5,WGAN-GP
HALLMARK_ANDROGEN_RESPONSE,0.1396,0.1542,0.0145,0.3202,0.0021,0.002,0.9524,0.1388,0.0,5,5,WGAN-GP
HALLMARK_ANGIOGENESIS,0.1979,0.2251,0.0272,0.3869,0.005,0.0049,0.98,0.1663,0.0,5,5,WGAN-GP
HALLMARK_APICAL_JUNCTION,0.1247,0.1427,0.018,0.4345,0.0018,0.0017,0.9444,0.2053,0.0,5,5,WGAN-GP
HALLMARK_APICAL_SURFACE,0.2563,0.293,0.0368,0.7824,0.0025,0.0019,0.76,0.5011,0.0,5,5,WGAN-GP
HALLMARK_APOPTOSIS,0.1481,0.1694,0.0213,1.0132,0.0006,0.0003,0.5,0.4186,0.0,5,5,WGAN-GP
HALLMARK_BILE_ACID_METABOLISM,-0.0482,-0.0616,-0.0133,-0.236,0.0039,0.0025,0.641,0.1388,0.0,5,5,WGAN-GP
HALLMARK_CHOLESTEROL_HOMEOSTASIS,-0.0731,-0.0987,-0.0256,-0.5342,0.0028,0.0018,0.6429,0.211,0.0,5,5,WGAN-GP
HALLMARK_COAGULATION,0.1102,0.1243,0.0141,0.1759,0.0069,0.0059,0.8551,0.1055,0.0001,5,5,WGAN-GP
HALLMARK_COMPLEMENT,0.1348,0.1546,0.0198,0.539,0.0013,0.0014,1.0769,0.2569,0.0,5,5,WGAN-GP
HALLMARK_DNA_REPAIR,-0.0151,-0.0209,-0.0058,-0.1252,0.0023,0.0019,0.8261,0.1112,0.0,5,5,WGAN-GP
HALLMARK_E2F_TARGETS,-0.0008,-0.0075,-0.0067,-0.0785,0.0068,0.0077,1.1324,0.0573,0.1137,5,5,WGAN-GP
HALLMARK_EPITHELIAL_MESENCHYMAL_TRANSITION,0.2173,0.2488,0.0315,0.4829,0.0043,0.0042,0.9767,0.2122,0.0,5,5,WGAN-GP
HALLMARK_ESTROGEN_RESPONSE_EARLY,0.1907,0.2184,0.0277,0.4421,0.0041,0.0038,0.9268,0.2397,0.0,5,5,WGAN-GP
HALLMARK_ESTROGEN_RESPONSE_LATE,0.1391,0.1595,0.0204,0.5865,0.0013,0.0011,0.8462,0.2752,0.0,5,5,WGAN-GP
HALLMARK_FATTY_ACID_METABOLISM,0.0014,-0.0066,-0.008,-0.1679,0.0024,0.0021,0.875,0.0826,0.0052,5,5,WGAN-GP
HALLMARK_G2M_CHECKPOINT,0.0356,0.0327,-0.003,-0.0395,0.0051,0.0061,1.1961,0.0516,0.1959,5,5,WGAN-GP
HALLMARK_GLYCOLYSIS,0.0517,0.0544,0.0027,0.0885,0.001,0.0009,0.9,0.0677,0.0369,5,5,WGAN-GP
HALLMARK_HEDGEHOG_SIGNALING,-0.0284,-0.0477,-0.0193,-0.2307,0.0077,0.0064,0.8312,0.1101,0.0001,5,5,WGAN-GP
HALLMARK_HEME_METABOLISM,0.1193,0.1419,0.0227,0.5836,0.0018,0.0013,0.7222,0.2466,0.0,5,5,WGAN-GP
HALLMARK_HYPOXIA,0.1186,0.1371,0.0185,0.3717,0.0025,0.0025,1.0,0.2041,0.0,5,5,WGAN-GP
HALLMARK_IL2_STAT5_SIGNALING,0.1297,0.1456,0.0159,0.4702,0.0013,0.001,0.7692,0.2431,0.0,5,5,WGAN-GP
HALLMARK_IL6_JAK_STAT3_SIGNALING,0.1987,0.2306,0.0319,0.7773,0.0021,0.0013,0.619,0.3337,0.0,5,5,WGAN-GP
HALLMARK_INFLAMMATORY_RESPONSE,0.0284,0.0341,0.0057,0.0898,0.0046,0.0034,0.7391,0.0791,0.0085,5,5,WGAN-GP
HALLMARK_INTERFERON_ALPHA_RESPONSE,0.1684,0.2014,0.0329,0.3031,0.0127,0.011,0.8661,0.1663,0.0,5,5,WGAN-GP
HALLMARK_INTERFERON_GAMMA_RESPONSE,0.0753,0.0882,0.0128,0.2246,0.0034,0.0032,0.9412,0.1571,0.0,5,5,WGAN-GP
HALLMARK_KRAS_SIGNALING_DN,-0.4172,-0.5006,-0.0834,-1.4934,0.0049,0.0013,0.2653,0.656,0.0,5,5,WGAN-GP
HALLMARK_KRAS_SIGNALING_UP,-0.0129,-0.0182,-0.0052,-0.0866,0.0038,0.0035,0.9211,0.0654,0.0482,5,5,WGAN-GP
HALLMARK_MITOTIC_SPINDLE,0.1159,0.128,0.012,0.2467,0.0022,0.0025,1.1364,0.1261,0.0,5,5,WGAN-GP
HALLMARK_MTORC1_SIGNALING,0.1183,0.1281,0.0097,0.2937,0.0011,0.0011,1.0,0.1525,0.0,5,5,WGAN-GP
HALLMARK_MYC_TARGETS_V1,0.2337,0.2603,0.0266,0.517,0.0024,0.0029,1.2083,0.2466,0.0,5,5,WGAN-GP
HALLMARK_MYC_TARGETS_V2,0.0821,0.0801,-0.002,-0.0273,0.0056,0.0055,0.9821,0.0367,0.5999,5,5,WGAN-GP
HALLMARK_MYOGENESIS,0.2552,0.2926,0.0373,0.7143,0.0029,0.0026,0.8966,0.2856,0.0,5,5,WGAN-GP
HALLMARK_NOTCH_SIGNALING,0.162,0.1854,0.0234,0.377,0.0046,0.0031,0.6739,0.18,0.0,5,5,WGAN-GP
HALLMARK_OXIDATIVE_PHOSPHORYLATION,0.1,0.1083,0.0083,0.2068,0.0017,0.0015,0.8824,0.1342,0.0,5,5,WGAN-GP
HALLMARK_P53_PATHWAY,0.003,-0.0022,-0.0052,-0.1574,0.0011,0.0011,1.0,0.1032,0.0002,5,5,WGAN-GP
HALLMARK_PANCREAS_BETA_CELLS,-0.2148,-0.2614,-0.0467,-0.3052,0.0269,0.0198,0.7361,0.1433,0.0,5,5,WGAN-GP
HALLMARK_PEROXISOME,0.0902,0.0939,0.0037,0.1044,0.0016,0.0009,0.5625,0.1273,0.0,5,5,WGAN-GP
HALLMARK_PI3K_AKT_MTOR_SIGNALING,0.0921,0.103,0.0109,0.4001,0.0009,0.0006,0.6667,0.1995,0.0,5,5,WGAN-GP
HALLMARK_PROTEIN_SECRETION,0.2499,0.2787,0.0289,0.7609,0.0015,0.0014,0.9333,0.3612,0.0,5,5,WGAN-GP
HALLMARK_REACTIVE_OXYGEN_SPECIES_PATHWAY,0.0758,0.08,0.0042,0.0871,0.0029,0.0017,0.5862,0.0986,0.0004,5,5,WGAN-GP
HALLMARK_SPERMATOGENESIS,-0.1095,-0.138,-0.0285,-0.353,0.0061,0.007,1.1475,0.1961,0.0,5,5,WGAN-GP
HALLMARK_TGF_BETA_SIGNALING,0.2149,0.2479,0.033,0.4269,0.006,0.006,1.0,0.1743,0.0,5,5,WGAN-GP
HALLMARK_TNFA_SIGNALING_VIA_NFKB,0.0845,0.0991,0.0146,0.2289,0.0042,0.0039,0.9286,0.1422,0.0,5,5,WGAN-GP
HALLMARK_UNFOLDED_PROTEIN_RESPONSE,0.0986,0.1104,0.0118,0.4536,0.0009,0.0005,0.5556,0.2328,0.0,5,5,WGAN-GP
HALLMARK_UV_RESPONSE_DN,0.1406,0.1617,0.0211,0.4008,0.0029,0.0026,0.8966,0.1789,0.0,5,5,WGAN-GP
HALLMARK_UV_RESPONSE_UP,0.1011,0.1152,0.0141,0.4069,0.0011,0.0013,1.1818,0.1766,0.0,5,5,WGAN-GP
HALLMARK_WNT_BETA_CATENIN_SIGNALING,0.0748,0.0778,0.003,0.0435,0.005,0.0046,0.92,0.0321,0.7596,5,5,WGAN-GP
HALLMARK_XENOBIOTIC_METABOLISM,0.0645,0.0673,0.0028,0.0942,0.001,0.0007,0.7,0.1021,0.0002,5,5,WGAN-GP
HALLMARK_ADIPOGENESIS,0.1376,0.154,0.0164,0.497,0.0012,0.001,0.8333,0.1963,0.0,4,4,WGAN-GP
HALLMARK_ALLOGRAFT_REJECTION,0.0247,0.0204,-0.0043,-0.0633,0.0047,0.0043,0.9149,0.0413,0.4465,4,4,WGAN-GP
HALLMARK_ANDROGEN_RESPONSE,0.1418,0.1498,0.008,0.1738,0.0022,0.0021,0.9545,0.1091,0.0001,4,4,WGAN-GP
HALLMARK_ANGIOGENESIS,0.1978,0.2262,0.0283,0.4156,0.005,0.0043,0.86,0.1481,0.0,4,4,WGAN-GP
HALLMARK_APICAL_JUNCTION,0.1246,0.132,0.0073,0.1793,0.0018,0.0016,0.8889,0.124,0.0,4,4,WGAN-GP
HALLMARK_APICAL_SURFACE,0.2571,0.2765,0.0194,0.4021,0.0026,0.002,0.7692,0.2859,0.0,4,4,WGAN-GP
HALLMARK_APOPTOSIS,0.1481,0.1628,0.0147,0.6562,0.0006,0.0004,0.6667,0.287,0.0,4,4,WGAN-GP
HALLMARK_BILE_ACID_METABOLISM,-0.0477,-0.0553,-0.0076,-0.1345,0.0039,0.0025,0.641,0.1263,0.0,4,4,WGAN-GP
HALLMARK_CHOLESTEROL_HOMEOSTASIS,-0.0741,-0.0897,-0.0156,-0.3211,0.0028,0.0019,0.6786,0.1538,0.0,4,4,WGAN-GP
HALLMARK_COAGULATION,0.1108,0.1198,0.0091,0.1115,0.0074,0.0059,0.7973,0.1056,0.0001,4,4,WGAN-GP
HALLMARK_COMPLEMENT,0.1347,0.1507,0.0159,0.4305,0.0014,0.0013,0.9286,0.1963,0.0,4,4,WGAN-GP
HALLMARK_DNA_REPAIR,-0.0175,-0.0159,0.0016,0.0358,0.0022,0.0019,0.8636,0.0482,0.2633,4,4,WGAN-GP
HALLMARK_E2F_TARGETS,-0.002,0.0013,0.0033,0.0373,0.0066,0.0087,1.3182,0.0494,0.239,4,4,WGAN-GP
HALLMARK_EPITHELIAL_MESENCHYMAL_TRANSITION,0.2165,0.2372,0.0207,0.3017,0.0048,0.0046,0.9583,0.163,0.0,4,4,WGAN-GP
HALLMARK_ESTROGEN_RESPONSE_EARLY,0.191,0.2118,0.0207,0.3246,0.004,0.0042,1.05,0.2365,0.0,4,4,WGAN-GP
HALLMARK_ESTROGEN_RESPONSE_LATE,0.1379,0.1574,0.0195,0.5771,0.0013,0.001,0.7692,0.3146,0.0,4,4,WGAN-GP
HALLMARK_FATTY_ACID_METABOLISM,0.0007,0.0068,0.0062,0.132,0.0022,0.0021,0.9545,0.0689,0.0321,4,4,WGAN-GP
HALLMARK_G2M_CHECKPOINT,0.0346,0.0412,0.0065,0.0824,0.005,0.0075,1.5,0.0586,0.1009,4,4,WGAN-GP
HALLMARK_GLYCOLYSIS,0.0506,0.0567,0.0061,0.2055,0.001,0.0008,0.8,0.1056,0.0001,4,4,WGAN-GP
HALLMARK_HEDGEHOG_SIGNALING,-0.0269,-0.0505,-0.0236,-0.2911,0.0075,0.0056,0.7467,0.1297,0.0,4,4,WGAN-GP
HALLMARK_HEME_METABOLISM,0.1201,0.1338,0.0137,0.324,0.0018,0.0017,0.9444,0.1998,0.0,4,4,WGAN-GP
HALLMARK_HYPOXIA,0.1184,0.1306,0.0122,0.2355,0.0026,0.0027,1.0385,0.1688,0.0,4,4,WGAN-GP
HALLMARK_IL2_STAT5_SIGNALING,0.1305,0.1417,0.0113,0.3359,0.0013,0.0009,0.6923,0.1917,0.0,4,4,WGAN-GP
HALLMARK_IL6_JAK_STAT3_SIGNALING,0.2,0.2227,0.0227,0.5313,0.0021,0.0015,0.7143,0.2273,0.0,4,4,WGAN-GP
HALLMARK_INFLAMMATORY_RESPONSE,0.0286,0.0306,0.002,0.0306,0.0047,0.0037,0.7872,0.0505,0.2164,4,4,WGAN-GP
HALLMARK_INTERFERON_ALPHA_RESPONSE,0.1689,0.1895,0.0206,0.193,0.0126,0.0102,0.8095,0.1366,0.0,4,4,WGAN-GP
HALLMARK_INTERFERON_GAMMA_RESPONSE,0.0755,0.0818,0.0063,0.1108,0.0035,0.003,0.8571,0.0941,0.0009,4,4,WGAN-GP
HALLMARK_KRAS_SIGNALING_DN,-0.4186,-0.4859,-0.0673,-1.2324,0.0049,0.0011,0.2245,0.5396,0.0,4,4,WGAN-GP
HALLMARK_KRAS_SIGNALING_UP,-0.0136,-0.0126,0.001,0.0177,0.0038,0.0029,0.7632,0.0459,0.3173,4,4,WGAN-GP
HALLMARK_MITOTIC_SPINDLE,0.1162,0.1262,0.01,0.2006,0.0022,0.0028,1.2727,0.0987,0.0004,4,4,WGAN-GP
HALLMARK_MTORC1_SIGNALING,0.1183,0.1285,0.0101,0.2946,0.0011,0.0013,1.1818,0.1228,0.0,4,4,WGAN-GP
HALLMARK_MYC_TARGETS_V1,0.234,0.2609,0.0269,0.5199,0.0023,0.003,1.3043,0.2629,0.0,4,4,WGAN-GP
HALLMARK_MYC_TARGETS_V2,0.0819,0.0917,0.0098,0.1313,0.0056,0.0057,1.0179,0.0666,0.042,4,4,WGAN-GP
HALLMARK_MYOGENESIS,0.2553,0.2755,0.0202,0.3664,0.003,0.0031,1.0333,0.2055,0.0,4,4,WGAN-GP
HALLMARK_NOTCH_SIGNALING,0.1629,0.1782,0.0153,0.2471,0.0049,0.0028,0.5714,0.1493,0.0,4,4,WGAN-GP
HALLMARK_OXIDATIVE_PHOSPHORYLATION,0.0994,0.1155,0.0161,0.4001,0.0016,0.0016,1.0,0.2113,0.0,4,4,WGAN-GP
HALLMARK_P53_PATHWAY,0.0023,0.0011,-0.0012,-0.0357,0.0012,0.001,0.8333,0.0631,0.062,4,4,WGAN-GP
HALLMARK_PANCREAS_BETA_CELLS,-0.2166,-0.2693,-0.0526,-0.3703,0.0258,0.0146,0.5659,0.1814,0.0,4,4,WGAN-GP
HALLMARK_PEROXISOME,0.0897,0.101,0.0113,0.3027,0.0016,0.0012,0.75,0.178,0.0,4,4,WGAN-GP
HALLMARK_PI3K_AKT_MTOR_SIGNALING,0.092,0.1005,0.0085,0.3018,0.0009,0.0007,0.7778,0.1768,0.0,4,4,WGAN-GP
HALLMARK_PROTEIN_SECRETION,0.2502,0.2628,0.0126,0.3531,0.0015,0.0011,0.7333,0.1653,0.0,4,4,WGAN-GP
HALLMARK_REACTIVE_OXYGEN_SPECIES_PATHWAY,0.0778,0.089,0.0112,0.2414,0.0028,0.0015,0.5357,0.1538,0.0,4,4,WGAN-GP
HALLMARK_SPERMATOGENESIS,-0.1113,-0.1207,-0.0094,-0.1112,0.006,0.0083,1.3833,0.1493,0.0,4,4,WGAN-GP
HALLMARK_TGF_BETA_SIGNALING,0.2162,0.2361,0.0199,0.257,0.006,0.0059,0.9833,0.132,0.0,4,4,WGAN-GP
HALLMARK_TNFA_SIGNALING_VIA_NFKB,0.0845,0.0993,0.0148,0.2291,0.0044,0.004,0.9091,0.1929,0.0,4,4,WGAN-GP
HALLMARK_UNFOLDED_PROTEIN_RESPONSE,0.0987,0.1062,0.0075,0.2858,0.0009,0.0005,0.5556,0.1596,0.0,4,4,WGAN-GP
HALLMARK_UV_RESPONSE_DN,0.1426,0.1522,0.0096,0.1758,0.0029,0.003,1.0345,0.0941,0.0009,4,4,WGAN-GP
HALLMARK_UV_RESPONSE_UP,0.1006,0.113,0.0124,0.3703,0.0011,0.0011,1.0,0.1699,0.0,4,4,WGAN-GP
HALLMARK_WNT_BETA_CATENIN_SIGNALING,0.0751,0.0814,0.0063,0.0893,0.0052,0.0047,0.9038,0.0723,0.021,4,4,WGAN-GP
HALLMARK_XENOBIOTIC_METABOLISM,0.0638,0.0726,0.0089,0.2895,0.0011,0.0008,0.7273,0.1527,0.0,4,4,WGAN-GP
HALLMARK_ADIPOGENESIS,0.1367,0.1548,0.0181,0.5337,0.0012,0.0011,0.9167,0.2239,0.0,3,3,WGAN-GP
HALLMARK_ALLOGRAFT_REJECTION,0.0238,0.0252,0.0014,0.0218,0.0047,0.0041,0.8723,0.0769,0.0116,3,3,WGAN-GP
HALLMARK_ANDROGEN_RESPONSE,0.1417,0.1556,0.0138,0.2954,0.0022,0.0022,1.0,0.1699,0.0,3,3,WGAN-GP
HALLMARK_ANGIOGENESIS,0.1966,0.2302,0.0336,0.4898,0.0049,0.0045,0.9184,0.1906,0.0,3,3,WGAN-GP
HALLMARK_APICAL_JUNCTION,0.124,0.1432,0.0191,0.4676,0.0017,0.0016,0.9412,0.2216,0.0,3,3,WGAN-GP
HALLMARK_APICAL_SURFACE,0.2567,0.2907,0.034,0.7079,0.0026,0.0021,0.8077,0.465,0.0,3,3,WGAN-GP
HALLMARK_APOPTOSIS,0.1477,0.1679,0.0202,0.948,0.0006,0.0003,0.5,0.3915,0.0,3,3,WGAN-GP
HALLMARK_BILE_ACID_METABOLISM,-0.046,-0.0567,-0.0108,-0.1908,0.0038,0.0026,0.6842,0.1401,0.0,3,3,WGAN-GP
HALLMARK_CHOLESTEROL_HOMEOSTASIS,-0.0735,-0.0889,-0.0153,-0.311,0.0028,0.002,0.7143,0.1458,0.0,3,3,WGAN-GP
HALLMARK_COAGULATION,0.1079,0.1157,0.0078,0.0977,0.007,0.0059,0.8429,0.1022,0.0002,3,3,WGAN-GP
HALLMARK_COMPLEMENT,0.1345,0.1548,0.0203,0.5684,0.0014,0.0012,0.8571,0.2411,0.0,3,3,WGAN-GP
HALLMARK_DNA_REPAIR,-0.0149,-0.016,-0.0011,-0.0253,0.0022,0.0019,0.8636,0.07,0.0279,3,3,WGAN-GP
HALLMARK_E2F_TARGETS,0.0017,0.0008,-0.0009,-0.0102,0.0067,0.0079,1.1791,0.0344,0.6798,3,3,WGAN-GP
HALLMARK_EPITHELIAL_MESENCHYMAL_TRANSITION,0.2145,0.2437,0.0292,0.4486,0.0044,0.004,0.9091,0.2124,0.0,3,3,WGAN-GP
HALLMARK_ESTROGEN_RESPONSE_EARLY,0.1914,0.218,0.0266,0.4071,0.004,0.0046,1.15,0.2755,0.0,3,3,WGAN-GP
HALLMARK_ESTROGEN_RESPONSE_LATE,0.1396,0.16,0.0204,0.5752,0.0013,0.0012,0.9231,0.3192,0.0,3,3,WGAN-GP
HALLMARK_FATTY_ACID_METABOLISM,0.0016,0.0006,-0.001,-0.0222,0.0024,0.002,0.8333,0.0482,0.2633,3,3,WGAN-GP
HALLMARK_G2M_CHECKPOINT,0.0372,0.0396,0.0024,0.0307,0.005,0.0067,1.34,0.0448,0.347,3,3,WGAN-GP
HALLMARK_GLYCOLYSIS,0.0512,0.0588,0.0077,0.2512,0.001,0.0009,0.9,0.1309,0.0,3,3,WGAN-GP
HALLMARK_HEDGEHOG_SIGNALING,-0.0298,-0.0383,-0.0084,-0.0997,0.0076,0.0067,0.8816,0.07,0.0279,3,3,WGAN-GP
HALLMARK_HEME_METABOLISM,0.1186,0.1371,0.0186,0.4519,0.0018,0.0016,0.8889,0.2434,0.0,3,3,WGAN-GP
HALLMARK_HYPOXIA,0.1164,0.1318,0.0154,0.3128,0.0025,0.0024,0.96,0.1493,0.0,3,3,WGAN-GP
HALLMARK_IL2_STAT5_SIGNALING,0.1291,0.1423,0.0132,0.3892,0.0013,0.001,0.7692,0.194,0.0,3,3,WGAN-GP
HALLMARK_IL6_JAK_STAT3_SIGNALING,0.1992,0.2309,0.0317,0.7528,0.002,0.0015,0.75,0.2928,0.0,3,3,WGAN-GP
HALLMARK_INFLAMMATORY_RESPONSE,0.0281,0.0279,-0.0002,-0.0029,0.0048,0.004,0.8333,0.0321,0.759,3,3,WGAN-GP
HALLMARK_INTERFERON_ALPHA_RESPONSE,0.1698,0.1932,0.0234,0.2127,0.0126,0.0117,0.9286,0.1481,0.0,3,3,WGAN-GP
HALLMARK_INTERFERON_GAMMA_RESPONSE,0.0762,0.0873,0.0111,0.1977,0.0034,0.0029,0.8529,0.1171,0.0,3,3,WGAN-GP
HALLMARK_KRAS_SIGNALING_DN,-0.4184,-0.5022,-0.0838,-1.519,0.0046,0.0015,0.3261,0.6808,0.0,3,3,WGAN-GP
HALLMARK_KRAS_SIGNALING_UP,-0.0148,-0.0228,-0.008,-0.1374,0.0038,0.003,0.7895,0.0953,0.0007,3,3,WGAN-GP
HALLMARK_MITOTIC_SPINDLE,0.1174,0.1334,0.016,0.3277,0.0022,0.0025,1.1364,0.1745,0.0,3,3,WGAN-GP
HALLMARK_MTORC1_SIGNALING,0.1184,0.1351,0.0166,0.4921,0.0011,0.0012,1.0909,0.2032,0.0,3,3,WGAN-GP
HALLMARK_MYC_TARGETS_V1,0.2354,0.2688,0.0335,0.6618,0.0023,0.0028,1.2174,0.3042,0.0,3,3,WGAN-GP
HALLMARK_MYC_TARGETS_V2,0.0837,0.0875,0.0038,0.0524,0.0054,0.0052,0.963,0.0459,0.3173,3,3,WGAN-GP
HALLMARK_MYOGENESIS,0.2537,0.2886,0.0348,0.6611,0.0028,0.0027,0.9643,0.3077,0.0,3,3,WGAN-GP
HALLMARK_NOTCH_SIGNALING,0.159,0.1865,0.0276,0.4447,0.0048,0.0029,0.6042,0.2204,0.0,3,3,WGAN-GP
HALLMARK_OXIDATIVE_PHOSPHORYLATION,0.0999,0.1134,0.0135,0.3351,0.0017,0.0015,0.8824,0.1573,0.0,3,3,WGAN-GP
HALLMARK_P53_PATHWAY,0.0018,-0.0017,-0.0035,-0.1066,0.0011,0.001,0.9091,0.0735,0.0181,3,3,WGAN-GP
HALLMARK_PANCREAS_BETA_CELLS,-0.2174,-0.2845,-0.0671,-0.4259,0.0278,0.0218,0.7842,0.2135,0.0,3,3,WGAN-GP
HALLMARK_PEROXISOME,0.0913,0.0999,0.0086,0.2265,0.0017,0.0012,0.7059,0.1378,0.0,3,3,WGAN-GP
HALLMARK_PI3K_AKT_MTOR_SIGNALING,0.0918,0.1017,0.0099,0.3615,0.0009,0.0006,0.6667,0.1814,0.0,3,3,WGAN-GP
HALLMARK_PROTEIN_SECRETION,0.25,0.2801,0.0301,0.7841,0.0015,0.0015,1.0,0.3731,0.0,3,3,WGAN-GP
HALLMARK_REACTIVE_OXYGEN_SPECIES_PATHWAY,0.0767,0.088,0.0113,0.2352,0.0029,0.0017,0.5862,0.1217,0.0,3,3,WGAN-GP
HALLMARK_SPERMATOGENESIS,-0.1081,-0.1282,-0.0201,-0.2454,0.0059,0.0075,1.2712,0.1688,0.0,3,3,WGAN-GP
HALLMARK_TGF_BETA_SIGNALING,0.2143,0.2413,0.027,0.3456,0.0059,0.0063,1.0678,0.1665,0.0,3,3,WGAN-GP
HALLMARK_TNFA_SIGNALING_VIA_NFKB,0.0832,0.0914,0.0081,0.1293,0.0043,0.0036,0.8372,0.1079,0.0001,3,3,WGAN-GP
HALLMARK_UNFOLDED_PROTEIN_RESPONSE,0.0987,0.1116,0.013,0.5055,0.0008,0.0005,0.625,0.2411,0.0,3,3,WGAN-GP
HALLMARK_UV_RESPONSE_DN,0.1414,0.159,0.0176,0.3241,0.0029,0.003,1.0345,0.1837,0.0,3,3,WGAN-GP
HALLMARK_UV_RESPONSE_UP,0.1003,0.1145,0.0142,0.4233,0.0011,0.0011,1.0,0.186,0.0,3,3,WGAN-GP
HALLMARK_WNT_BETA_CATENIN_SIGNALING,0.0732,0.083,0.0098,0.1376,0.0051,0.005,0.9804,0.0746,0.0156,3,3,WGAN-GP
HALLMARK_XENOBIOTIC_METABOLISM,0.0636,0.0666,0.003,0.103,0.001,0.0007,0.7,0.1091,0.0001,3,3,WGAN-GP
HALLMARK_ADIPOGENESIS,0.1361,0.1508,0.0146,0.4401,0.0012,0.001,0.8333,0.194,0.0,1,1,WGAN-GP
HALLMARK_ALLOGRAFT_REJECTION,0.0241,0.0241,0.0001,0.0013,0.0046,0.005,1.087,0.0677,0.0368,1,1,WGAN-GP
HALLMARK_ANDROGEN_RESPONSE,0.1415,0.1513,0.0098,0.2249,0.0021,0.0017,0.8095,0.0964,0.0006,1,1,WGAN-GP
HALLMARK_ANGIOGENESIS,0.1979,0.2264,0.0285,0.4116,0.005,0.0046,0.92,0.1619,0.0,1,1,WGAN-GP
HALLMARK_APICAL_JUNCTION,0.1252,0.1429,0.0177,0.4304,0.0018,0.0016,0.8889,0.1975,0.0,1,1,WGAN-GP
HALLMARK_APICAL_SURFACE,0.2564,0.2807,0.0243,0.4978,0.0026,0.0021,0.8077,0.3249,0.0,1,1,WGAN-GP
HALLMARK_APOPTOSIS,0.1477,0.1625,0.0149,0.6893,0.0005,0.0004,0.8,0.3169,0.0,1,1,WGAN-GP
HALLMARK_BILE_ACID_METABOLISM,-0.0478,-0.0575,-0.0097,-0.1699,0.004,0.0025,0.625,0.1206,0.0,1,1,WGAN-GP
HALLMARK_CHOLESTEROL_HOMEOSTASIS,-0.0747,-0.096,-0.0213,-0.4367,0.0028,0.0019,0.6786,0.163,0.0,1,1,WGAN-GP
HALLMARK_COAGULATION,0.1129,0.1298,0.017,0.2182,0.007,0.0051,0.7286,0.1274,0.0,1,1,WGAN-GP
HALLMARK_COMPLEMENT,0.1345,0.1499,0.0154,0.4157,0.0014,0.0013,0.9286,0.2055,0.0,1,1,WGAN-GP
HALLMARK_DNA_REPAIR,-0.0161,-0.0214,-0.0053,-0.1171,0.0022,0.002,0.9091,0.1033,0.0002,1,1,WGAN-GP
HALLMARK_E2F_TARGETS,-0.0011,-0.0045,-0.0034,-0.0388,0.0067,0.0083,1.2388,0.0758,0.0135,1,1,WGAN-GP
HALLMARK_EPITHELIAL_MESENCHYMAL_TRANSITION,0.218,0.2496,0.0316,0.4985,0.0045,0.0036,0.8,0.2319,0.0,1,1,WGAN-GP
HALLMARK_ESTROGEN_RESPONSE_EARLY,0.1906,0.2116,0.021,0.327,0.004,0.0042,1.05,0.2135,0.0,1,1,WGAN-GP
HALLMARK_ESTROGEN_RESPONSE_LATE,0.1382,0.1532,0.015,0.4306,0.0013,0.0012,0.9231,0.256,0.0,1,1,WGAN-GP
HALLMARK_FATTY_ACID_METABOLISM,0.0001,-0.0023,-0.0024,-0.0501,0.0024,0.0022,0.9167,0.0677,0.0368,1,1,WGAN-GP
HALLMARK_G2M_CHECKPOINT,0.0353,0.036,0.0007,0.0088,0.005,0.0069,1.38,0.0804,0.0072,1,1,WGAN-GP
HALLMARK_GLYCOLYSIS,0.0511,0.0515,0.0004,0.0126,0.0009,0.0007,0.7778,0.0505,0.2164,1,1,WGAN-GP
HALLMARK_HEDGEHOG_SIGNALING,-0.0273,-0.0393,-0.0119,-0.1403,0.0075,0.0069,0.92,0.0746,0.0156,1,1,WGAN-GP
HALLMARK_HEME_METABOLISM,0.12,0.1356,0.0155,0.4068,0.0017,0.0012,0.7059,0.1653,0.0,1,1,WGAN-GP
HALLMARK_HYPOXIA,0.1182,0.1332,0.0149,0.2946,0.0026,0.0025,0.9615,0.1757,0.0,1,1,WGAN-GP
HALLMARK_IL2_STAT5_SIGNALING,0.1297,0.1418,0.0121,0.3591,0.0013,0.001,0.7692,0.1699,0.0,1,1,WGAN-GP
HALLMARK_IL6_JAK_STAT3_SIGNALING,0.1997,0.2255,0.0258,0.5902,0.0021,0.0017,0.8095,0.2813,0.0,1,1,WGAN-GP
HALLMARK_INFLAMMATORY_RESPONSE,0.0292,0.03,0.0008,0.0113,0.0048,0.0042,0.875,0.0723,0.021,1,1,WGAN-GP
HALLMARK_INTERFERON_ALPHA_RESPONSE,0.1668,0.1865,0.0197,0.1845,0.0128,0.0101,0.7891,0.1206,0.0,1,1,WGAN-GP
HALLMARK_INTERFERON_GAMMA_RESPONSE,0.0751,0.0798,0.0047,0.0838,0.0033,0.003,0.9091,0.0781,0.0099,1,1,WGAN-GP
HALLMARK_KRAS_SIGNALING_DN,-0.4178,-0.4837,-0.0659,-1.2114,0.0047,0.0012,0.2553,0.5132,0.0,1,1,WGAN-GP
HALLMARK_KRAS_SIGNALING_UP,-0.0127,-0.0135,-0.0008,-0.0128,0.0039,0.0033,0.8462,0.0551,0.1419,1,1,WGAN-GP
HALLMARK_MITOTIC_SPINDLE,0.1172,0.1302,0.0131,0.2545,0.0022,0.003,1.3636,0.1722,0.0,1,1,WGAN-GP
HALLMARK_MTORC1_SIGNALING,0.1178,0.1236,0.0058,0.1696,0.0011,0.0012,1.0909,0.1171,0.0,1,1,WGAN-GP
HALLMARK_MYC_TARGETS_V1,0.2336,0.2565,0.0229,0.4501,0.0023,0.0029,1.2609,0.2273,0.0,1,1,WGAN-GP
HALLMARK_MYC_TARGETS_V2,0.0803,0.0807,0.0004,0.0057,0.0055,0.0052,0.9455,0.0379,0.5594,1,1,WGAN-GP
HALLMARK_MYOGENESIS,0.2554,0.2867,0.0313,0.6302,0.0028,0.0021,0.75,0.2778,0.0,1,1,WGAN-GP
HALLMARK_NOTCH_SIGNALING,0.1636,0.1865,0.0229,0.359,0.0049,0.0033,0.6735,0.178,0.0,1,1,WGAN-GP
HALLMARK_OXIDATIVE_PHOSPHORYLATION,0.0978,0.1062,0.0084,0.213,0.0017,0.0015,0.8824,0.1033,0.0002,1,1,WGAN-GP
HALLMARK_P53_PATHWAY,0.0022,-0.003,-0.0052,-0.1645,0.0011,0.0009,0.8182,0.0976,0.0005,1,1,WGAN-GP
HALLMARK_PANCREAS_BETA_CELLS,-0.2149,-0.2562,-0.0413,-0.2841,0.0253,0.017,0.6719,0.1447,0.0,1,1,WGAN-GP
HALLMARK_PEROXISOME,0.0896,0.0946,0.005,0.1295,0.0017,0.0012,0.7059,0.0723,0.021,1,1,WGAN-GP
HALLMARK_PI3K_AKT_MTOR_SIGNALING,0.0918,0.1001,0.0083,0.3006,0.0009,0.0006,0.6667,0.1561,0.0,1,1,WGAN-GP
HALLMARK_PROTEIN_SECRETION,0.2493,0.2715,0.0221,0.5855,0.0015,0.0013,0.8667,0.2595,0.0,1,1,WGAN-GP
HALLMARK_REACTIVE_OXYGEN_SPECIES_PATHWAY,0.0749,0.0798,0.0048,0.1015,0.0029,0.0016,0.5517,0.0941,0.0009,1,1,WGAN-GP
HALLMARK_SPERMATOGENESIS,-0.1106,-0.1312,-0.0206,-0.2548,0.0061,0.007,1.1475,0.1676,0.0,1,1,WGAN-GP
HALLMARK_TGF_BETA_SIGNALING,0.2182,0.2448,0.0266,0.3612,0.0058,0.0051,0.8793,0.1447,0.0,1,1,WGAN-GP
HALLMARK_TNFA_SIGNALING_VIA_NFKB,0.084,0.0977,0.0137,0.2125,0.0043,0.004,0.9302,0.1435,0.0,1,1,WGAN-GP
HALLMARK_UNFOLDED_PROTEIN_RESPONSE,0.0985,0.106,0.0076,0.2768,0.0009,0.0006,0.6667,0.1791,0.0,1,1,WGAN-GP
HALLMARK_UV_RESPONSE_DN,0.1421,0.1562,0.0141,0.2666,0.0029,0.0027,0.931,0.093,0.0011,1,1,WGAN-GP
HALLMARK_UV_RESPONSE_UP,0.0994,0.1092,0.0098,0.3005,0.0011,0.001,0.9091,0.1274,0.0,1,1,WGAN-GP
HALLMARK_WNT_BETA_CATENIN_SIGNALING,0.0752,0.0821,0.0069,0.093,0.0052,0.0058,1.1154,0.0746,0.0156,1,1,WGAN-GP
HALLMARK_XENOBIOTIC_METABOLISM,0.0628,0.0664,0.0036,0.1227,0.0011,0.0007,0.6364,0.1068,0.0001,1,1,WGAN-GP
HALLMARK_ADIPOGENESIS,0.1441,0.1535,0.0094,0.2779,0.0013,0.0009,0.6923,0.1378,0.0,2,2,WGAN-GP
HALLMARK_ALLOGRAFT_REJECTION,0.0268,0.0236,-0.0032,-0.0458,0.0054,0.0047,0.8704,0.0333,0.7198,2,2,WGAN-GP
HALLMARK_ANDROGEN_RESPONSE,0.149,0.1562,0.0072,0.1544,0.0024,0.002,0.8333,0.0769,0.0116,2,2,WGAN-GP
HALLMARK_ANGIOGENESIS,0.2064,0.2245,0.0181,0.26,0.0057,0.004,0.7018,0.1297,0.0,2,2,WGAN-GP
HALLMARK_APICAL_JUNCTION,0.1321,0.1379,0.0059,0.1381,0.002,0.0016,0.8,0.116,0.0,2,2,WGAN-GP
HALLMARK_APICAL_SURFACE,0.2711,0.2838,0.0127,0.2613,0.0028,0.0019,0.6786,0.1653,0.0,2,2,WGAN-GP
HALLMARK_APOPTOSIS,0.1559,0.1635,0.0076,0.349,0.0006,0.0004,0.6667,0.178,0.0,2,2,WGAN-GP
HALLMARK_BILE_ACID_METABOLISM,-0.0486,-0.0526,-0.004,-0.0674,0.0044,0.0026,0.5909,0.1251,0.0,2,2,WGAN-GP
HALLMARK_CHOLESTEROL_HOMEOSTASIS,-0.0789,-0.0951,-0.0162,-0.3164,0.0032,0.002,0.625,0.1515,0.0,2,2,WGAN-GP
HALLMARK_COAGULATION,0.1149,0.1201,0.0051,0.0608,0.008,0.0062,0.775,0.0838,0.0044,2,2,WGAN-GP
HALLMARK_COMPLEMENT,0.143,0.1537,0.0106,0.2833,0.0016,0.0012,0.75,0.1711,0.0,2,2,WGAN-GP
HALLMARK_DNA_REPAIR,-0.0173,-0.0245,-0.0072,-0.1597,0.0025,0.0017,0.68,0.1274,0.0,2,2,WGAN-GP
HALLMARK_E2F_TARGETS,-0.0017,-0.0069,-0.0051,-0.0574,0.0074,0.0087,1.1757,0.0804,0.0072,2,2,WGAN-GP
HALLMARK_EPITHELIAL_MESENCHYMAL_TRANSITION,0.227,0.2432,0.0162,0.2388,0.005,0.0042,0.84,0.1366,0.0,2,2,WGAN-GP
HALLMARK_ESTROGEN_RESPONSE_EARLY,0.2013,0.2152,0.0139,0.2039,0.0045,0.0048,1.0667,0.1722,0.0,2,2,WGAN-GP
HALLMARK_ESTROGEN_RESPONSE_LATE,0.1461,0.1568,0.0107,0.291,0.0014,0.0013,0.9286,0.2055,0.0,2,2,WGAN-GP
HALLMARK_FATTY_ACID_METABOLISM,0.0003,0.0017,0.0014,0.0304,0.0027,0.0019,0.7037,0.0666,0.042,2,2,WGAN-GP
HALLMARK_G2M_CHECKPOINT,0.037,0.0318,-0.0052,-0.0656,0.0056,0.0071,1.2679,0.1045,0.0001,2,2,WGAN-GP
HALLMARK_GLYCOLYSIS,0.0527,0.057,0.0043,0.141,0.001,0.0008,0.8,0.0941,0.0009,2,2,WGAN-GP
HALLMARK_HEDGEHOG_SIGNALING,-0.0274,-0.0444,-0.0169,-0.1937,0.0087,0.0066,0.7586,0.1102,0.0001,2,2,WGAN-GP
HALLMARK_HEME_METABOLISM,0.1267,0.1426,0.0159,0.3907,0.0019,0.0014,0.7368,0.2216,0.0,2,2,WGAN-GP
HALLMARK_HYPOXIA,0.1238,0.1367,0.0129,0.2551,0.0028,0.0023,0.8214,0.1596,0.0,2,2,WGAN-GP
HALLMARK_IL2_STAT5_SIGNALING,0.1373,0.1445,0.0072,0.2039,0.0015,0.001,0.6667,0.1297,0.0,2,2,WGAN-GP
HALLMARK_IL6_JAK_STAT3_SIGNALING,0.2111,0.2318,0.0206,0.4813,0.0024,0.0013,0.5417,0.2239,0.0,2,2,WGAN-GP
HALLMARK_INFLAMMATORY_RESPONSE,0.0312,0.0344,0.0032,0.0465,0.0054,0.0038,0.7037,0.0654,0.048,2,2,WGAN-GP
HALLMARK_INTERFERON_ALPHA_RESPONSE,0.1812,0.186,0.0049,0.0449,0.0138,0.0096,0.6957,0.0918,0.0013,2,2,WGAN-GP
HALLMARK_INTERFERON_GAMMA_RESPONSE,0.0817,0.0823,0.0007,0.0113,0.0038,0.0029,0.7632,0.07,0.0279,2,2,WGAN-GP
HALLMARK_KRAS_SIGNALING_DN,-0.4406,-0.4911,-0.0505,-0.8915,0.0053,0.0012,0.2264,0.3995,0.0,2,2,WGAN-GP
HALLMARK_KRAS_SIGNALING_UP,-0.0152,-0.0165,-0.0014,-0.0217,0.0044,0.0034,0.7727,0.0712,0.0242,2,2,WGAN-GP
HALLMARK_MITOTIC_SPINDLE,0.1232,0.1308,0.0076,0.1457,0.0025,0.0029,1.16,0.0654,0.048,2,2,WGAN-GP
HALLMARK_MTORC1_SIGNALING,0.1242,0.1273,0.0031,0.0887,0.0012,0.0012,1.0,0.0574,0.1133,2,2,WGAN-GP
HALLMARK_MYC_TARGETS_V1,0.2461,0.2592,0.0131,0.2494,0.0025,0.003,1.2,0.1504,0.0,2,2,WGAN-GP
HALLMARK_MYC_TARGETS_V2,0.0859,0.0838,-0.002,-0.0271,0.0059,0.0054,0.9153,0.0758,0.0135,2,2,WGAN-GP
HALLMARK_MYOGENESIS,0.2686,0.2851,0.0165,0.3027,0.0032,0.0027,0.8438,0.1768,0.0,2,2,WGAN-GP
HALLMARK_NOTCH_SIGNALING,0.1713,0.177,0.0057,0.0913,0.0052,0.0027,0.5192,0.116,0.0,2,2,WGAN-GP
HALLMARK_OXIDATIVE_PHOSPHORYLATION,0.1037,0.1107,0.007,0.1726,0.0018,0.0015,0.8333,0.1079,0.0001,2,2,WGAN-GP
HALLMARK_P53_PATHWAY,0.0021,-0.0006,-0.0027,-0.0818,0.0012,0.0009,0.75,0.0896,0.0019,2,2,WGAN-GP
HALLMARK_PANCREAS_BETA_CELLS,-0.2281,-0.2586,-0.0305,-0.2108,0.0282,0.0138,0.4894,0.1068,0.0001,2,2,WGAN-GP
HALLMARK_PEROXISOME,0.0951,0.0974,0.0023,0.0585,0.0018,0.0013,0.7222,0.1114,0.0,2,2,WGAN-GP
HALLMARK_PI3K_AKT_MTOR_SIGNALING,0.0965,0.098,0.0015,0.0495,0.0011,0.0007,0.6364,0.0758,0.0135,2,2,WGAN-GP
HALLMARK_PROTEIN_SECRETION,0.2637,0.2741,0.0104,0.2773,0.0016,0.0012,0.75,0.1171,0.0,2,2,WGAN-GP
HALLMARK_REACTIVE_OXYGEN_SPECIES_PATHWAY,0.0809,0.0897,0.0087,0.1826,0.0033,0.0013,0.3939,0.1584,0.0,2,2,WGAN-GP
HALLMARK_SPERMATOGENESIS,-0.1167,-0.1278,-0.0112,-0.1309,0.0067,0.0079,1.1791,0.1481,0.0,2,2,WGAN-GP
HALLMARK_TGF_BETA_SIGNALING,0.2291,0.2483,0.0193,0.2522,0.0064,0.0053,0.8281,0.1561,0.0,2,2,WGAN-GP
HALLMARK_TNFA_SIGNALING_VIA_NFKB,0.0902,0.1029,0.0128,0.1991,0.0047,0.0035,0.7447,0.1676,0.0,2,2,WGAN-GP
HALLMARK_UNFOLDED_PROTEIN_RESPONSE,0.1038,0.1087,0.0049,0.1793,0.001,0.0006,0.6,0.1366,0.0,2,2,WGAN-GP
HALLMARK_UV_RESPONSE_DN,0.1502,0.1589,0.0087,0.1574,0.0032,0.0029,0.9062,0.1033,0.0002,2,2,WGAN-GP
HALLMARK_UV_RESPONSE_UP,0.1062,0.1131,0.0069,0.2031,0.0013,0.001,0.7692,0.1033,0.0002,2,2,WGAN-GP
HALLMARK_WNT_BETA_CATENIN_SIGNALING,0.0789,0.0807,0.0018,0.0247,0.0055,0.0048,0.8727,0.0551,0.1419,2,2,WGAN-GP
HALLMARK_XENOBIOTIC_METABOLISM,0.068,0.0707,0.0027,0.0859,0.0012,0.0008,0.6667,0.0918,0.0013,2,2,WGAN-GP
HALLMARK_ADIPOGENESIS,0.1375,0.161,0.0235,0.7575,0.0012,0.0007,0.5833,0.3291,0.0,5,5,CVAE-GMM
HALLMARK_ALLOGRAFT_REJECTION,0.0241,0.0271,0.003,0.0457,0.0045,0.0042,0.9333,0.0344,0.6805,5,5,CVAE-GMM
HALLMARK_ANDROGEN_RESPONSE,0.1396,0.1492,0.0096,0.2165,0.0021,0.0018,0.8571,0.1537,0.0,5,5,CVAE-GMM
HALLMARK_ANGIOGENESIS,0.1979,0.2325,0.0346,0.5275,0.005,0.0036,0.72,0.2064,0.0,5,5,CVAE-GMM
HALLMARK_APICAL_JUNCTION,0.1247,0.1389,0.0141,0.3493,0.0018,0.0015,0.8333,0.1307,0.0,5,5,CVAE-GMM
HALLMARK_APICAL_SURFACE,0.2563,0.2834,0.0272,0.5551,0.0025,0.0022,0.88,0.4358,0.0,5,5,CVAE-GMM
HALLMARK_APOPTOSIS,0.1481,0.1659,0.0178,0.8963,0.0006,0.0002,0.3333,0.3945,0.0,5,5,CVAE-GMM
HALLMARK_BILE_ACID_METABOLISM,-0.0482,-0.0596,-0.0114,-0.2067,0.0039,0.0022,0.5641,0.1456,0.0,5,5,CVAE-GMM
HALLMARK_CHOLESTEROL_HOMEOSTASIS,-0.0731,-0.0859,-0.0128,-0.265,0.0028,0.0019,0.6786,0.1216,0.0,5,5,CVAE-GMM
HALLMARK_COAGULATION,0.1102,0.1276,0.0175,0.2188,0.0069,0.0058,0.8406,0.1193,0.0,5,5,CVAE-GMM
HALLMARK_COMPLEMENT,0.1348,0.1575,0.0227,0.6711,0.0013,0.001,0.7692,0.2833,0.0,5,5,CVAE-GMM
HALLMARK_DNA_REPAIR,-0.0151,-0.0193,-0.0042,-0.0903,0.0023,0.002,0.8696,0.0631,0.0623,5,5,CVAE-GMM
HALLMARK_E2F_TARGETS,-0.0008,-0.0046,-0.0038,-0.0458,0.0068,0.0071,1.0441,0.0631,0.0623,5,5,CVAE-GMM
HALLMARK_EPITHELIAL_MESENCHYMAL_TRANSITION,0.2173,0.2484,0.0311,0.4939,0.0043,0.0036,0.8372,0.2018,0.0,5,5,CVAE-GMM
HALLMARK_ESTROGEN_RESPONSE_EARLY,0.1907,0.2147,0.024,0.3663,0.0041,0.0045,1.0976,0.289,0.0,5,5,CVAE-GMM
HALLMARK_ESTROGEN_RESPONSE_LATE,0.1391,0.1555,0.0164,0.4647,0.0013,0.0012,0.9231,0.2833,0.0,5,5,CVAE-GMM
HALLMARK_FATTY_ACID_METABOLISM,0.0014,0.0046,0.0032,0.0695,0.0024,0.0018,0.75,0.0757,0.0135,5,5,CVAE-GMM
HALLMARK_G2M_CHECKPOINT,0.0356,0.0364,0.0008,0.0106,0.0051,0.0056,1.098,0.055,0.1424,5,5,CVAE-GMM
HALLMARK_GLYCOLYSIS,0.0517,0.0534,0.0017,0.0571,0.001,0.0007,0.7,0.0768,0.0116,5,5,CVAE-GMM
HALLMARK_HEDGEHOG_SIGNALING,-0.0284,-0.0338,-0.0054,-0.0672,0.0077,0.005,0.6494,0.0631,0.0623,5,5,CVAE-GMM
HALLMARK_HEME_METABOLISM,0.1193,0.1388,0.0196,0.4779,0.0018,0.0016,0.8889,0.2431,0.0,5,5,CVAE-GMM
HALLMARK_HYPOXIA,0.1186,0.1357,0.0171,0.3477,0.0025,0.0023,0.92,0.1319,0.0,5,5,CVAE-GMM
HALLMARK_IL2_STAT5_SIGNALING,0.1297,0.1447,0.015,0.4552,0.0013,0.0009,0.6923,0.2317,0.0,5,5,CVAE-GMM
HALLMARK_IL6_JAK_STAT3_SIGNALING,0.1987,0.2309,0.0322,0.8112,0.0021,0.0011,0.5238,0.3326,0.0,5,5,CVAE-GMM
HALLMARK_INFLAMMATORY_RESPONSE,0.0284,0.0342,0.0058,0.0918,0.0046,0.0033,0.7174,0.086,0.0032,5,5,CVAE-GMM
HALLMARK_INTERFERON_ALPHA_RESPONSE,0.1684,0.1994,0.031,0.3006,0.0127,0.0086,0.6772,0.1812,0.0,5,5,CVAE-GMM
HALLMARK_INTERFERON_GAMMA_RESPONSE,0.0753,0.0873,0.0119,0.2191,0.0034,0.0026,0.7647,0.1319,0.0,5,5,CVAE-GMM
HALLMARK_KRAS_SIGNALING_DN,-0.4172,-0.4958,-0.0786,-1.4467,0.0049,0.001,0.2041,0.625,0.0,5,5,CVAE-GMM
HALLMARK_KRAS_SIGNALING_UP,-0.0129,-0.0146,-0.0017,-0.0286,0.0038,0.0033,0.8684,0.0436,0.3792,5,5,CVAE-GMM
HALLMARK_MITOTIC_SPINDLE,0.1159,0.1282,0.0123,0.2653,0.0022,0.0021,0.9545,0.133,0.0,5,5,CVAE-GMM
HALLMARK_MTORC1_SIGNALING,0.1183,0.1309,0.0126,0.3809,0.0011,0.001,0.9091,0.1617,0.0,5,5,CVAE-GMM
HALLMARK_MYC_TARGETS_V1,0.2337,0.2641,0.0304,0.6017,0.0024,0.0028,1.1667,0.2913,0.0,5,5,CVAE-GMM
HALLMARK_MYC_TARGETS_V2,0.0821,0.0947,0.0126,0.1667,0.0056,0.0058,1.0357,0.0894,0.0019,5,5,CVAE-GMM
HALLMARK_MYOGENESIS,0.2552,0.2842,0.029,0.542,0.0029,0.0028,0.9655,0.2466,0.0,5,5,CVAE-GMM
HALLMARK_NOTCH_SIGNALING,0.162,0.1833,0.0213,0.3438,0.0046,0.003,0.6522,0.172,0.0,5,5,CVAE-GMM
HALLMARK_OXIDATIVE_PHOSPHORYLATION,0.1,0.1161,0.0161,0.4219,0.0017,0.0012,0.7059,0.1915,0.0,5,5,CVAE-GMM
HALLMARK_P53_PATHWAY,0.003,-0.0004,-0.0034,-0.113,0.0011,0.0008,0.7273,0.0906,0.0016,5,5,CVAE-GMM
HALLMARK_PANCREAS_BETA_CELLS,-0.2148,-0.274,-0.0592,-0.4253,0.0269,0.0119,0.4424,0.2064,0.0,5,5,CVAE-GMM
HALLMARK_PEROXISOME,0.0902,0.0971,0.007,0.189,0.0016,0.0011,0.6875,0.1307,0.0,5,5,CVAE-GMM
HALLMARK_PI3K_AKT_MTOR_SIGNALING,0.0921,0.103,0.0109,0.4053,0.0009,0.0005,0.5556,0.2489,0.0,5,5,CVAE-GMM
HALLMARK_PROTEIN_SECRETION,0.2499,0.2775,0.0276,0.7728,0.0015,0.0011,0.7333,0.3567,0.0,5,5,CVAE-GMM
HALLMARK_REACTIVE_OXYGEN_SPECIES_PATHWAY,0.0758,0.0943,0.0185,0.4089,0.0029,0.0011,0.3793,0.2007,0.0,5,5,CVAE-GMM
HALLMARK_SPERMATOGENESIS,-0.1095,-0.1344,-0.0249,-0.3196,0.0061,0.0061,1.0,0.1628,0.0,5,5,CVAE-GMM
HALLMARK_TGF_BETA_SIGNALING,0.2149,0.2399,0.025,0.3298,0.006,0.0055,0.9167,0.156,0.0,5,5,CVAE-GMM
HALLMARK_TNFA_SIGNALING_VIA_NFKB,0.0845,0.0992,0.0147,0.2399,0.0042,0.0033,0.7857,0.125,0.0,5,5,CVAE-GMM
HALLMARK_UNFOLDED_PROTEIN_RESPONSE,0.0986,0.1099,0.0113,0.4377,0.0009,0.0005,0.5556,0.2213,0.0,5,5,CVAE-GMM
HALLMARK_UV_RESPONSE_DN,0.1406,0.1556,0.015,0.2752,0.0029,0.003,1.0345,0.1456,0.0,5,5,CVAE-GMM
HALLMARK_UV_RESPONSE_UP,0.1011,0.1188,0.0177,0.5476,0.0011,0.001,0.9091,0.2144,0.0,5,5,CVAE-GMM
HALLMARK_WNT_BETA_CATENIN_SIGNALING,0.0748,0.086,0.0112,0.1626,0.005,0.0045,0.9,0.0803,0.0073,5,5,CVAE-GMM
HALLMARK_XENOBIOTIC_METABOLISM,0.0645,0.0763,0.0118,0.4014,0.001,0.0007,0.7,0.1881,0.0,5,5,CVAE-GMM
HALLMARK_ADIPOGENESIS,0.1376,0.1572,0.0196,0.6263,0.0012,0.0008,0.6667,0.2767,0.0,4,4,CVAE-GMM
HALLMARK_ALLOGRAFT_REJECTION,0.0247,0.0232,-0.0014,-0.0207,0.0047,0.0047,1.0,0.0413,0.4465,4,4,CVAE-GMM
HALLMARK_ANDROGEN_RESPONSE,0.1418,0.1639,0.0221,0.4929,0.0022,0.0018,0.8182,0.2744,0.0,4,4,CVAE-GMM
HALLMARK_ANGIOGENESIS,0.1978,0.2288,0.0309,0.4504,0.005,0.0044,0.88,0.1688,0.0,4,4,CVAE-GMM
HALLMARK_APICAL_JUNCTION,0.1246,0.1404,0.0158,0.3778,0.0018,0.0017,0.9444,0.1424,0.0,4,4,CVAE-GMM
HALLMARK_APICAL_SURFACE,0.2571,0.2871,0.03,0.5801,0.0026,0.0027,1.0385,0.4501,0.0,4,4,CVAE-GMM
HALLMARK_APOPTOSIS,0.1481,0.1683,0.0202,0.9686,0.0006,0.0003,0.5,0.4202,0.0,4,4,CVAE-GMM
HALLMARK_BILE_ACID_METABOLISM,-0.0477,-0.0627,-0.015,-0.2652,0.0039,0.0024,0.6154,0.1607,0.0,4,4,CVAE-GMM
HALLMARK_CHOLESTEROL_HOMEOSTASIS,-0.0741,-0.0945,-0.0203,-0.4184,0.0028,0.0019,0.6786,0.1871,0.0,4,4,CVAE-GMM
HALLMARK_COAGULATION,0.1108,0.1276,0.0168,0.2037,0.0074,0.0063,0.8514,0.0964,0.0006,4,4,CVAE-GMM
HALLMARK_COMPLEMENT,0.1347,0.1548,0.0201,0.5375,0.0014,0.0014,1.0,0.2319,0.0,4,4,CVAE-GMM
HALLMARK_DNA_REPAIR,-0.0175,-0.0229,-0.0054,-0.1211,0.0022,0.0019,0.8636,0.0758,0.0135,4,4,CVAE-GMM
HALLMARK_E2F_TARGETS,-0.002,-0.0121,-0.0101,-0.1265,0.0066,0.0061,0.9242,0.0918,0.0013,4,4,CVAE-GMM
HALLMARK_EPITHELIAL_MESENCHYMAL_TRANSITION,0.2165,0.2488,0.0323,0.4761,0.0048,0.0044,0.9167,0.1975,0.0,4,4,CVAE-GMM
HALLMARK_ESTROGEN_RESPONSE_EARLY,0.191,0.2236,0.0326,0.5148,0.004,0.004,1.0,0.3456,0.0,4,4,CVAE-GMM
HALLMARK_ESTROGEN_RESPONSE_LATE,0.1379,0.1587,0.0208,0.6058,0.0013,0.0011,0.8462,0.3272,0.0,4,4,CVAE-GMM
HALLMARK_FATTY_ACID_METABOLISM,0.0007,-0.0019,-0.0025,-0.0531,0.0022,0.0022,1.0,0.0574,0.1133,4,4,CVAE-GMM
HALLMARK_G2M_CHECKPOINT,0.0346,0.0305,-0.0042,-0.0596,0.005,0.0048,0.96,0.0471,0.2894,4,4,CVAE-GMM
HALLMARK_GLYCOLYSIS,0.0506,0.051,0.0004,0.0136,0.001,0.0008,0.8,0.0459,0.3173,4,4,CVAE-GMM
HALLMARK_HEDGEHOG_SIGNALING,-0.0269,-0.0468,-0.0199,-0.2479,0.0075,0.0053,0.7067,0.1148,0.0,4,4,CVAE-GMM
HALLMARK_HEME_METABOLISM,0.1201,0.1419,0.0218,0.5399,0.0018,0.0014,0.7778,0.2629,0.0,4,4,CVAE-GMM
HALLMARK_HYPOXIA,0.1184,0.1345,0.0161,0.3156,0.0026,0.0026,1.0,0.1297,0.0,4,4,CVAE-GMM
HALLMARK_IL2_STAT5_SIGNALING,0.1305,0.1484,0.0179,0.5251,0.0013,0.001,0.7692,0.271,0.0,4,4,CVAE-GMM
HALLMARK_IL6_JAK_STAT3_SIGNALING,0.2,0.235,0.035,0.8422,0.0021,0.0013,0.619,0.3387,0.0,4,4,CVAE-GMM
HALLMARK_INFLAMMATORY_RESPONSE,0.0286,0.0289,0.0003,0.0045,0.0047,0.004,0.8511,0.0482,0.2633,4,4,CVAE-GMM
HALLMARK_INTERFERON_ALPHA_RESPONSE,0.1689,0.1837,0.0148,0.1389,0.0126,0.0102,0.8095,0.101,0.0003,4,4,CVAE-GMM
HALLMARK_INTERFERON_GAMMA_RESPONSE,0.0755,0.0787,0.0032,0.0544,0.0035,0.0034,0.9714,0.039,0.5206,4,4,CVAE-GMM
HALLMARK_KRAS_SIGNALING_DN,-0.4186,-0.5087,-0.0902,-1.6865,0.0049,0.0009,0.1837,0.7336,0.0,4,4,CVAE-GMM
HALLMARK_KRAS_SIGNALING_UP,-0.0136,-0.0178,-0.0043,-0.0721,0.0038,0.0032,0.8421,0.0482,0.2633,4,4,CVAE-GMM
HALLMARK_MITOTIC_SPINDLE,0.1162,0.1281,0.0119,0.2604,0.0022,0.002,0.9091,0.178,0.0,4,4,CVAE-GMM
HALLMARK_MTORC1_SIGNALING,0.1183,0.1313,0.013,0.3952,0.0011,0.0011,1.0,0.1688,0.0,4,4,CVAE-GMM
HALLMARK_MYC_TARGETS_V1,0.234,0.2654,0.0314,0.6454,0.0023,0.0024,1.0435,0.3272,0.0,4,4,CVAE-GMM
HALLMARK_MYC_TARGETS_V2,0.0819,0.0859,0.004,0.0561,0.0056,0.0048,0.8571,0.0735,0.0181,4,4,CVAE-GMM
HALLMARK_MYOGENESIS,0.2553,0.2944,0.0391,0.7217,0.003,0.0029,0.9667,0.2962,0.0,4,4,CVAE-GMM
HALLMARK_NOTCH_SIGNALING,0.1629,0.1918,0.0289,0.4293,0.0049,0.0042,0.8571,0.1906,0.0,4,4,CVAE-GMM
HALLMARK_OXIDATIVE_PHOSPHORYLATION,0.0994,0.1127,0.0133,0.3319,0.0016,0.0016,1.0,0.1447,0.0,4,4,CVAE-GMM
HALLMARK_P53_PATHWAY,0.0023,-0.0023,-0.0046,-0.1415,0.0012,0.0009,0.75,0.0953,0.0007,4,4,CVAE-GMM
HALLMARK_PANCREAS_BETA_CELLS,-0.2166,-0.2716,-0.0549,-0.3915,0.0258,0.0136,0.5271,0.1883,0.0,4,4,CVAE-GMM
HALLMARK_PEROXISOME,0.0897,0.0964,0.0067,0.1774,0.0016,0.0012,0.75,0.1263,0.0,4,4,CVAE-GMM
HALLMARK_PI3K_AKT_MTOR_SIGNALING,0.092,0.1043,0.0123,0.4571,0.0009,0.0005,0.5556,0.2537,0.0,4,4,CVAE-GMM
HALLMARK_PROTEIN_SECRETION,0.2502,0.2818,0.0316,0.8796,0.0015,0.0011,0.7333,0.403,0.0,4,4,CVAE-GMM
HALLMARK_REACTIVE_OXYGEN_SPECIES_PATHWAY,0.0778,0.0882,0.0105,0.2299,0.0028,0.0013,0.4643,0.1642,0.0,4,4,CVAE-GMM
HALLMARK_SPERMATOGENESIS,-0.1113,-0.1413,-0.03,-0.3996,0.006,0.0053,0.8833,0.1768,0.0,4,4,CVAE-GMM
HALLMARK_TGF_BETA_SIGNALING,0.2162,0.2526,0.0364,0.4817,0.006,0.0054,0.9,0.2331,0.0,4,4,CVAE-GMM
HALLMARK_TNFA_SIGNALING_VIA_NFKB,0.0845,0.0985,0.014,0.2217,0.0044,0.0036,0.8182,0.1125,0.0,4,4,CVAE-GMM
HALLMARK_UNFOLDED_PROTEIN_RESPONSE,0.0987,0.1102,0.0115,0.4355,0.0009,0.0005,0.5556,0.2296,0.0,4,4,CVAE-GMM
HALLMARK_UV_RESPONSE_DN,0.1426,0.1669,0.0243,0.4469,0.0029,0.003,1.0345,0.2067,0.0,4,4,CVAE-GMM
HALLMARK_UV_RESPONSE_UP,0.1006,0.116,0.0154,0.4578,0.0011,0.0011,1.0,0.178,0.0,4,4,CVAE-GMM
HALLMARK_WNT_BETA_CATENIN_SIGNALING,0.0751,0.0883,0.0131,0.1838,0.0052,0.005,0.9615,0.0781,0.0099,4,4,CVAE-GMM
HALLMARK_XENOBIOTIC_METABOLISM,0.0638,0.0704,0.0066,0.2173,0.0011,0.0008,0.7273,0.1263,0.0,4,4,CVAE-GMM
HALLMARK_ADIPOGENESIS,0.1361,0.1574,0.0213,0.6648,0.0012,0.0008,0.6667,0.2974,0.0,1,1,CVAE-GMM
HALLMARK_ALLOGRAFT_REJECTION,0.0241,0.0121,-0.0119,-0.1779,0.0046,0.0044,0.9565,0.1297,0.0,1,1,CVAE-GMM
HALLMARK_ANDROGEN_RESPONSE,0.1415,0.1685,0.027,0.6193,0.0021,0.0017,0.8095,0.3318,0.0,1,1,CVAE-GMM
HALLMARK_ANGIOGENESIS,0.1979,0.2197,0.0218,0.3176,0.005,0.0044,0.88,0.116,0.0,1,1,CVAE-GMM
HALLMARK_APICAL_JUNCTION,0.1252,0.1335,0.0082,0.203,0.0018,0.0015,0.8333,0.0896,0.0019,1,1,CVAE-GMM
HALLMARK_APICAL_SURFACE,0.2564,0.2902,0.0339,0.6416,0.0026,0.0029,1.1154,0.4948,0.0,1,1,CVAE-GMM
HALLMARK_APOPTOSIS,0.1477,0.1689,0.0212,1.0754,0.0005,0.0002,0.4,0.4673,0.0,1,1,CVAE-GMM
HALLMARK_BILE_ACID_METABOLISM,-0.0478,-0.0573,-0.0095,-0.1715,0.004,0.0022,0.55,0.1447,0.0,1,1,CVAE-GMM
HALLMARK_CHOLESTEROL_HOMEOSTASIS,-0.0747,-0.0966,-0.0218,-0.463,0.0028,0.0016,0.5714,0.2009,0.0,1,1,CVAE-GMM
HALLMARK_COAGULATION,0.1129,0.1221,0.0092,0.118,0.007,0.0052,0.7429,0.0735,0.0181,1,1,CVAE-GMM
HALLMARK_COMPLEMENT,0.1345,0.1514,0.0169,0.4546,0.0014,0.0013,0.9286,0.1883,0.0,1,1,CVAE-GMM
HALLMARK_DNA_REPAIR,-0.0161,-0.0222,-0.0062,-0.138,0.0022,0.0018,0.8182,0.0723,0.021,1,1,CVAE-GMM
HALLMARK_E2F_TARGETS,-0.0011,-0.0094,-0.0083,-0.1012,0.0067,0.0067,1.0,0.0976,0.0005,1,1,CVAE-GMM
HALLMARK_EPITHELIAL_MESENCHYMAL_TRANSITION,0.218,0.2444,0.0264,0.4104,0.0045,0.0038,0.8444,0.1642,0.0,1,1,CVAE-GMM
HALLMARK_ESTROGEN_RESPONSE_EARLY,0.1906,0.2288,0.0382,0.603,0.004,0.004,1.0,0.4007,0.0,1,1,CVAE-GMM
HALLMARK_ESTROGEN_RESPONSE_LATE,0.1382,0.1628,0.0245,0.7382,0.0013,0.0009,0.6923,0.3628,0.0,1,1,CVAE-GMM
HALLMARK_FATTY_ACID_METABOLISM,0.0001,0.0007,0.0006,0.0134,0.0024,0.0018,0.75,0.0666,0.042,1,1,CVAE-GMM
HALLMARK_G2M_CHECKPOINT,0.0353,0.0315,-0.0038,-0.0533,0.005,0.0053,1.06,0.0735,0.0181,1,1,CVAE-GMM
HALLMARK_GLYCOLYSIS,0.0511,0.052,0.0009,0.0289,0.0009,0.0008,0.8889,0.0528,0.1761,1,1,CVAE-GMM
HALLMARK_HEDGEHOG_SIGNALING,-0.0273,-0.046,-0.0186,-0.2368,0.0075,0.0049,0.6533,0.1274,0.0,1,1,CVAE-GMM
HALLMARK_HEME_METABOLISM,0.12,0.1471,0.0271,0.7304,0.0017,0.0011,0.6471,0.3226,0.0,1,1,CVAE-GMM
HALLMARK_HYPOXIA,0.1182,0.1295,0.0113,0.221,0.0026,0.0026,1.0,0.0873,0.0026,1,1,CVAE-GMM
HALLMARK_IL2_STAT5_SIGNALING,0.1297,0.1448,0.0151,0.4418,0.0013,0.001,0.7692,0.2193,0.0,1,1,CVAE-GMM
HALLMARK_IL6_JAK_STAT3_SIGNALING,0.1997,0.2332,0.0335,0.8219,0.0021,0.0012,0.5714,0.3261,0.0,1,1,CVAE-GMM
HALLMARK_INFLAMMATORY_RESPONSE,0.0292,0.0221,-0.0071,-0.1112,0.0048,0.0035,0.7292,0.0735,0.0181,1,1,CVAE-GMM
HALLMARK_INTERFERON_ALPHA_RESPONSE,0.1668,0.1789,0.0121,0.1126,0.0128,0.0103,0.8047,0.0884,0.0022,1,1,CVAE-GMM
HALLMARK_INTERFERON_GAMMA_RESPONSE,0.0751,0.0746,-0.0005,-0.0088,0.0033,0.0029,0.8788,0.0563,0.127,1,1,CVAE-GMM
HALLMARK_KRAS_SIGNALING_DN,-0.4178,-0.5093,-0.0916,-1.7609,0.0047,0.0007,0.1489,0.7509,0.0,1,1,CVAE-GMM
HALLMARK_KRAS_SIGNALING_UP,-0.0127,-0.0267,-0.014,-0.2345,0.0039,0.0032,0.8205,0.1206,0.0,1,1,CVAE-GMM
HALLMARK_MITOTIC_SPINDLE,0.1172,0.1337,0.0165,0.3541,0.0022,0.0021,0.9545,0.1963,0.0,1,1,CVAE-GMM
HALLMARK_MTORC1_SIGNALING,0.1178,0.1298,0.012,0.376,0.0011,0.0009,0.8182,0.178,0.0,1,1,CVAE-GMM
HALLMARK_MYC_TARGETS_V1,0.2336,0.2671,0.0335,0.6947,0.0023,0.0024,1.0435,0.3502,0.0,1,1,CVAE-GMM
HALLMARK_MYC_TARGETS_V2,0.0803,0.0895,0.0092,0.1286,0.0055,0.0049,0.8909,0.101,0.0003,1,1,CVAE-GMM
HALLMARK_MYOGENESIS,0.2554,0.2923,0.0369,0.7108,0.0028,0.0026,0.9286,0.2836,0.0,1,1,CVAE-GMM
HALLMARK_NOTCH_SIGNALING,0.1636,0.1807,0.0171,0.2638,0.0049,0.0036,0.7347,0.1355,0.0,1,1,CVAE-GMM
HALLMARK_OXIDATIVE_PHOSPHORYLATION,0.0978,0.1148,0.017,0.4442,0.0017,0.0013,0.7647,0.2147,0.0,1,1,CVAE-GMM
HALLMARK_P53_PATHWAY,0.0022,-0.0056,-0.0078,-0.2559,0.0011,0.0008,0.7273,0.1458,0.0,1,1,CVAE-GMM
HALLMARK_PANCREAS_BETA_CELLS,-0.2149,-0.2714,-0.0565,-0.4059,0.0253,0.0134,0.5296,0.2101,0.0,1,1,CVAE-GMM
HALLMARK_PEROXISOME,0.0896,0.1013,0.0116,0.3097,0.0017,0.0011,0.6471,0.1722,0.0,1,1,CVAE-GMM
HALLMARK_PI3K_AKT_MTOR_SIGNALING,0.0918,0.0997,0.0079,0.2853,0.0009,0.0006,0.6667,0.1825,0.0,1,1,CVAE-GMM
HALLMARK_PROTEIN_SECRETION,0.2493,0.2827,0.0333,0.9286,0.0015,0.0011,0.7333,0.4122,0.0,1,1,CVAE-GMM
HALLMARK_REACTIVE_OXYGEN_SPECIES_PATHWAY,0.0749,0.0898,0.0148,0.3204,0.0029,0.0014,0.4828,0.1768,0.0,1,1,CVAE-GMM
HALLMARK_SPERMATOGENESIS,-0.1106,-0.1364,-0.0258,-0.3339,0.0061,0.0058,0.9508,0.1538,0.0,1,1,CVAE-GMM
HALLMARK_TGF_BETA_SIGNALING,0.2182,0.2502,0.032,0.4423,0.0058,0.0047,0.8103,0.2078,0.0,1,1,CVAE-GMM
HALLMARK_TNFA_SIGNALING_VIA_NFKB,0.084,0.0952,0.0113,0.1823,0.0043,0.0033,0.7674,0.1022,0.0002,1,1,CVAE-GMM
HALLMARK_UNFOLDED_PROTEIN_RESPONSE,0.0985,0.1125,0.014,0.5465,0.0009,0.0004,0.4444,0.3031,0.0,1,1,CVAE-GMM
HALLMARK_UV_RESPONSE_DN,0.1421,0.1618,0.0197,0.3743,0.0029,0.0027,0.931,0.1757,0.0,1,1,CVAE-GMM
HALLMARK_UV_RESPONSE_UP,0.0994,0.1131,0.0137,0.4197,0.0011,0.001,0.9091,0.1803,0.0,1,1,CVAE-GMM
HALLMARK_WNT_BETA_CATENIN_SIGNALING,0.0752,0.076,0.0008,0.011,0.0052,0.0052,1.0,0.0597,0.0897,1,1,CVAE-GMM
HALLMARK_XENOBIOTIC_METABOLISM,0.0628,0.0695,0.0068,0.2322,0.0011,0.0006,0.5455,0.1504,0.0,1,1,CVAE-GMM
HALLMARK_ADIPOGENESIS,0.1367,0.1546,0.018,0.5797,0.0012,0.0007,0.5833,0.2698,0.0,3,3,CVAE-GMM
HALLMARK_ALLOGRAFT_REJECTION,0.0238,0.0291,0.0053,0.0786,0.0047,0.0045,0.9574,0.0608,0.0795,3,3,CVAE-GMM
HALLMARK_ANDROGEN_RESPONSE,0.1417,0.15,0.0083,0.19,0.0022,0.0016,0.7273,0.1355,0.0,3,3,CVAE-GMM
HALLMARK_ANGIOGENESIS,0.1966,0.2311,0.0345,0.5424,0.0049,0.0032,0.6531,0.2227,0.0,3,3,CVAE-GMM
HALLMARK_APICAL_JUNCTION,0.124,0.1357,0.0117,0.2986,0.0017,0.0013,0.7647,0.1435,0.0,3,3,CVAE-GMM
HALLMARK_APICAL_SURFACE,0.2567,0.2829,0.0262,0.5264,0.0026,0.0024,0.9231,0.3915,0.0,3,3,CVAE-GMM
HALLMARK_APOPTOSIS,0.1477,0.1648,0.0171,0.8782,0.0006,0.0002,0.3333,0.3835,0.0,3,3,CVAE-GMM
HALLMARK_BILE_ACID_METABOLISM,-0.046,-0.0574,-0.0114,-0.2162,0.0038,0.0018,0.4737,0.178,0.0,3,3,CVAE-GMM
HALLMARK_CHOLESTEROL_HOMEOSTASIS,-0.0735,-0.0908,-0.0173,-0.3682,0.0028,0.0016,0.5714,0.1676,0.0,3,3,CVAE-GMM
HALLMARK_COAGULATION,0.1079,0.1264,0.0185,0.2389,0.007,0.005,0.7143,0.1401,0.0,3,3,CVAE-GMM
HALLMARK_COMPLEMENT,0.1345,0.1549,0.0204,0.5855,0.0014,0.0011,0.7857,0.2388,0.0,3,3,CVAE-GMM
HALLMARK_DNA_REPAIR,-0.0149,-0.0153,-0.0004,-0.0095,0.0022,0.0017,0.7727,0.0494,0.239,3,3,CVAE-GMM
HALLMARK_E2F_TARGETS,0.0017,0.0067,0.005,0.0599,0.0067,0.0071,1.0597,0.0425,0.4116,3,3,CVAE-GMM
HALLMARK_EPITHELIAL_MESENCHYMAL_TRANSITION,0.2145,0.2426,0.028,0.4617,0.0044,0.0029,0.6591,0.1986,0.0,3,3,CVAE-GMM
HALLMARK_ESTROGEN_RESPONSE_EARLY,0.1914,0.2092,0.0178,0.2762,0.004,0.0043,1.075,0.2204,0.0,3,3,CVAE-GMM
HALLMARK_ESTROGEN_RESPONSE_LATE,0.1396,0.1581,0.0185,0.5269,0.0013,0.0011,0.8462,0.2962,0.0,3,3,CVAE-GMM
HALLMARK_FATTY_ACID_METABOLISM,0.0016,-0.0008,-0.0024,-0.0538,0.0024,0.0016,0.6667,0.0723,0.021,3,3,CVAE-GMM
HALLMARK_G2M_CHECKPOINT,0.0372,0.0445,0.0073,0.1001,0.005,0.0056,1.12,0.0574,0.1133,3,3,CVAE-GMM
HALLMARK_GLYCOLYSIS,0.0512,0.056,0.0049,0.1625,0.001,0.0008,0.8,0.1137,0.0,3,3,CVAE-GMM
HALLMARK_HEDGEHOG_SIGNALING,-0.0298,-0.0385,-0.0086,-0.1088,0.0076,0.005,0.6579,0.0804,0.0072,3,3,CVAE-GMM
HALLMARK_HEME_METABOLISM,0.1186,0.1336,0.015,0.3845,0.0018,0.0013,0.7222,0.1722,0.0,3,3,CVAE-GMM
HALLMARK_HYPOXIA,0.1164,0.1353,0.0189,0.4054,0.0025,0.0018,0.72,0.1745,0.0,3,3,CVAE-GMM
HALLMARK_IL2_STAT5_SIGNALING,0.1291,0.1398,0.0107,0.332,0.0013,0.0007,0.5385,0.1952,0.0,3,3,CVAE-GMM
HALLMARK_IL6_JAK_STAT3_SIGNALING,0.1992,0.2285,0.0292,0.7652,0.002,0.0009,0.45,0.3387,0.0,3,3,CVAE-GMM
HALLMARK_INFLAMMATORY_RESPONSE,0.0281,0.0388,0.0107,0.1691,0.0048,0.0032,0.6667,0.1286,0.0,3,3,CVAE-GMM
HALLMARK_INTERFERON_ALPHA_RESPONSE,0.1698,0.1985,0.0287,0.2771,0.0126,0.0088,0.6984,0.1653,0.0,3,3,CVAE-GMM
HALLMARK_INTERFERON_GAMMA_RESPONSE,0.0762,0.0898,0.0136,0.2463,0.0034,0.0027,0.7941,0.1366,0.0,3,3,CVAE-GMM
HALLMARK_KRAS_SIGNALING_DN,-0.4184,-0.491,-0.0726,-1.4361,0.0046,0.0006,0.1304,0.5982,0.0,3,3,CVAE-GMM
HALLMARK_KRAS_SIGNALING_UP,-0.0148,-0.0059,0.0089,0.1561,0.0038,0.0028,0.7368,0.0941,0.0009,3,3,CVAE-GMM
HALLMARK_MITOTIC_SPINDLE,0.1174,0.1332,0.0158,0.3384,0.0022,0.0021,0.9545,0.1389,0.0,3,3,CVAE-GMM
HALLMARK_MTORC1_SIGNALING,0.1184,0.1306,0.0122,0.3813,0.0011,0.001,0.9091,0.1825,0.0,3,3,CVAE-GMM
HALLMARK_MYC_TARGETS_V1,0.2354,0.2671,0.0317,0.642,0.0023,0.0026,1.1304,0.2951,0.0,3,3,CVAE-GMM
HALLMARK_MYC_TARGETS_V2,0.0837,0.0881,0.0044,0.0632,0.0054,0.0045,0.8333,0.07,0.0279,3,3,CVAE-GMM
HALLMARK_MYOGENESIS,0.2537,0.2791,0.0254,0.4836,0.0028,0.0027,0.9643,0.2319,0.0,3,3,CVAE-GMM
HALLMARK_NOTCH_SIGNALING,0.159,0.1795,0.0205,0.3326,0.0048,0.0029,0.6042,0.1596,0.0,3,3,CVAE-GMM
HALLMARK_OXIDATIVE_PHOSPHORYLATION,0.0999,0.115,0.0151,0.4056,0.0017,0.001,0.5882,0.2044,0.0,3,3,CVAE-GMM
HALLMARK_P53_PATHWAY,0.0018,-0.0023,-0.0041,-0.1395,0.0011,0.0006,0.5455,0.1561,0.0,3,3,CVAE-GMM
HALLMARK_PANCREAS_BETA_CELLS,-0.2174,-0.2851,-0.0676,-0.4807,0.0278,0.0118,0.4245,0.248,0.0,3,3,CVAE-GMM
HALLMARK_PEROXISOME,0.0913,0.094,0.0027,0.0713,0.0017,0.0012,0.7059,0.1056,0.0001,3,3,CVAE-GMM
HALLMARK_PI3K_AKT_MTOR_SIGNALING,0.0918,0.1008,0.009,0.3366,0.0009,0.0005,0.5556,0.2078,0.0,3,3,CVAE-GMM
HALLMARK_PROTEIN_SECRETION,0.25,0.2719,0.0219,0.6187,0.0015,0.001,0.6667,0.2778,0.0,3,3,CVAE-GMM
HALLMARK_REACTIVE_OXYGEN_SPECIES_PATHWAY,0.0767,0.0862,0.0095,0.2132,0.0029,0.001,0.3448,0.1538,0.0,3,3,CVAE-GMM
HALLMARK_SPERMATOGENESIS,-0.1081,-0.1238,-0.0157,-0.2028,0.0059,0.0061,1.0339,0.1504,0.0,3,3,CVAE-GMM
HALLMARK_TGF_BETA_SIGNALING,0.2143,0.2467,0.0324,0.4586,0.0059,0.0041,0.6949,0.2032,0.0,3,3,CVAE-GMM
HALLMARK_TNFA_SIGNALING_VIA_NFKB,0.0832,0.1021,0.0189,0.3251,0.0043,0.0024,0.5581,0.1848,0.0,3,3,CVAE-GMM
HALLMARK_UNFOLDED_PROTEIN_RESPONSE,0.0987,0.1065,0.0079,0.3192,0.0008,0.0004,0.5,0.1952,0.0,3,3,CVAE-GMM
HALLMARK_UV_RESPONSE_DN,0.1414,0.1527,0.0113,0.218,0.0029,0.0024,0.8276,0.1079,0.0001,3,3,CVAE-GMM
HALLMARK_UV_RESPONSE_UP,0.1003,0.1125,0.0122,0.3756,0.0011,0.001,0.9091,0.1515,0.0,3,3,CVAE-GMM
HALLMARK_WNT_BETA_CATENIN_SIGNALING,0.0732,0.0804,0.0072,0.1049,0.0051,0.0043,0.8431,0.0689,0.0321,3,3,CVAE-GMM
HALLMARK_XENOBIOTIC_METABOLISM,0.0636,0.0724,0.0088,0.3116,0.001,0.0005,0.5,0.1734,0.0,3,3,CVAE-GMM
HALLMARK_ADIPOGENESIS,0.1441,0.1538,0.0097,0.3023,0.0013,0.0007,0.5385,0.1929,0.0,2,2,CVAE-GMM
HALLMARK_ALLOGRAFT_REJECTION,0.0268,0.029,0.0022,0.0314,0.0054,0.0047,0.8704,0.0482,0.2633,2,2,CVAE-GMM
HALLMARK_ANDROGEN_RESPONSE,0.149,0.1599,0.0109,0.2407,0.0024,0.0017,0.7083,0.1458,0.0,2,2,CVAE-GMM
HALLMARK_ANGIOGENESIS,0.2064,0.2267,0.0203,0.286,0.0057,0.0044,0.7719,0.1228,0.0,2,2,CVAE-GMM
HALLMARK_APICAL_JUNCTION,0.1321,0.1396,0.0075,0.175,0.002,0.0017,0.85,0.0873,0.0026,2,2,CVAE-GMM
HALLMARK_APICAL_SURFACE,0.2711,0.288,0.0169,0.331,0.0028,0.0024,0.8571,0.248,0.0,2,2,CVAE-GMM
HALLMARK_APOPTOSIS,0.1559,0.1667,0.0108,0.5199,0.0006,0.0003,0.5,0.2618,0.0,2,2,CVAE-GMM
HALLMARK_BILE_ACID_METABOLISM,-0.0486,-0.0566,-0.008,-0.1367,0.0044,0.0024,0.5455,0.1309,0.0,2,2,CVAE-GMM
HALLMARK_CHOLESTEROL_HOMEOSTASIS,-0.0789,-0.0931,-0.0142,-0.2833,0.0032,0.0018,0.5625,0.1355,0.0,2,2,CVAE-GMM
HALLMARK_COAGULATION,0.1149,0.1201,0.0052,0.0606,0.008,0.0066,0.825,0.0505,0.2164,2,2,CVAE-GMM
HALLMARK_COMPLEMENT,0.143,0.1552,0.0122,0.3226,0.0016,0.0013,0.8125,0.147,0.0,2,2,CVAE-GMM
HALLMARK_DNA_REPAIR,-0.0173,-0.0261,-0.0088,-0.1841,0.0025,0.0021,0.84,0.0953,0.0007,2,2,CVAE-GMM
HALLMARK_E2F_TARGETS,-0.0017,-0.0012,0.0006,0.0064,0.0074,0.0078,1.0541,0.0425,0.4116,2,2,CVAE-GMM
HALLMARK_EPITHELIAL_MESENCHYMAL_TRANSITION,0.227,0.2397,0.0127,0.1889,0.005,0.004,0.8,0.0873,0.0026,2,2,CVAE-GMM
HALLMARK_ESTROGEN_RESPONSE_EARLY,0.2013,0.2189,0.0176,0.2679,0.0045,0.0042,0.9333,0.2067,0.0,2,2,CVAE-GMM
HALLMARK_ESTROGEN_RESPONSE_LATE,0.1461,0.1571,0.011,0.3186,0.0014,0.001,0.7143,0.1745,0.0,2,2,CVAE-GMM
HALLMARK_FATTY_ACID_METABOLISM,0.0003,-0.0051,-0.0054,-0.1108,0.0027,0.002,0.7407,0.0586,0.1009,2,2,CVAE-GMM
HALLMARK_G2M_CHECKPOINT,0.037,0.041,0.0039,0.0505,0.0056,0.0065,1.1607,0.0482,0.2633,2,2,CVAE-GMM
HALLMARK_GLYCOLYSIS,0.0527,0.0515,-0.0012,-0.0396,0.001,0.0008,0.8,0.07,0.0279,2,2,CVAE-GMM
HALLMARK_HEDGEHOG_SIGNALING,-0.0274,-0.0309,-0.0035,-0.0415,0.0087,0.0052,0.5977,0.0746,0.0156,2,2,CVAE-GMM
HALLMARK_HEME_METABOLISM,0.1267,0.1428,0.0161,0.392,0.0019,0.0015,0.7895,0.1963,0.0,2,2,CVAE-GMM
HALLMARK_HYPOXIA,0.1238,0.133,0.0092,0.178,0.0028,0.0025,0.8929,0.07,0.0279,2,2,CVAE-GMM
HALLMARK_IL2_STAT5_SIGNALING,0.1373,0.1453,0.008,0.2299,0.0015,0.0009,0.6,0.1619,0.0,2,2,CVAE-GMM
HALLMARK_IL6_JAK_STAT3_SIGNALING,0.2111,0.2327,0.0215,0.5042,0.0024,0.0013,0.5417,0.2204,0.0,2,2,CVAE-GMM
HALLMARK_INFLAMMATORY_RESPONSE,0.0312,0.0336,0.0024,0.0335,0.0054,0.0045,0.8333,0.0505,0.2164,2,2,CVAE-GMM
HALLMARK_INTERFERON_ALPHA_RESPONSE,0.1812,0.192,0.0108,0.1005,0.0138,0.0095,0.6884,0.093,0.0011,2,2,CVAE-GMM
HALLMARK_INTERFERON_GAMMA_RESPONSE,0.0817,0.0855,0.0038,0.0656,0.0038,0.0029,0.7632,0.0666,0.042,2,2,CVAE-GMM
HALLMARK_KRAS_SIGNALING_DN,-0.4406,-0.5014,-0.0608,-1.0758,0.0053,0.0011,0.2075,0.4868,0.0,2,2,CVAE-GMM
HALLMARK_KRAS_SIGNALING_UP,-0.0152,-0.0178,-0.0026,-0.0413,0.0044,0.0035,0.7955,0.054,0.1583,2,2,CVAE-GMM
HALLMARK_MITOTIC_SPINDLE,0.1232,0.1385,0.0153,0.3186,0.0025,0.0021,0.84,0.1607,0.0,2,2,CVAE-GMM
HALLMARK_MTORC1_SIGNALING,0.1242,0.1305,0.0062,0.1813,0.0012,0.0011,0.9167,0.0884,0.0022,2,2,CVAE-GMM
HALLMARK_MYC_TARGETS_V1,0.2461,0.2662,0.0201,0.4003,0.0025,0.0026,1.04,0.186,0.0,2,2,CVAE-GMM
HALLMARK_MYC_TARGETS_V2,0.0859,0.0894,0.0035,0.0478,0.0059,0.005,0.8475,0.0666,0.042,2,2,CVAE-GMM
HALLMARK_MYOGENESIS,0.2686,0.289,0.0204,0.3717,0.0032,0.0028,0.875,0.163,0.0,2,2,CVAE-GMM
HALLMARK_NOTCH_SIGNALING,0.1713,0.1878,0.0165,0.2529,0.0052,0.0033,0.6346,0.1412,0.0,2,2,CVAE-GMM
HALLMARK_OXIDATIVE_PHOSPHORYLATION,0.1037,0.1099,0.0061,0.1535,0.0018,0.0014,0.7778,0.1045,0.0001,2,2,CVAE-GMM
HALLMARK_P53_PATHWAY,0.0021,-0.0031,-0.0051,-0.1653,0.0012,0.0007,0.5833,0.1263,0.0,2,2,CVAE-GMM
HALLMARK_PANCREAS_BETA_CELLS,-0.2281,-0.278,-0.0499,-0.3505,0.0282,0.0123,0.4362,0.1975,0.0,2,2,CVAE-GMM
HALLMARK_PEROXISOME,0.0951,0.0981,0.003,0.0766,0.0018,0.0012,0.6667,0.0918,0.0013,2,2,CVAE-GMM
HALLMARK_PI3K_AKT_MTOR_SIGNALING,0.0965,0.0997,0.0031,0.1119,0.0011,0.0005,0.4545,0.1401,0.0,2,2,CVAE-GMM
HALLMARK_PROTEIN_SECRETION,0.2637,0.277,0.0134,0.3632,0.0016,0.0011,0.6875,0.1814,0.0,2,2,CVAE-GMM
HALLMARK_REACTIVE_OXYGEN_SPECIES_PATHWAY,0.0809,0.0954,0.0145,0.3019,0.0033,0.0013,0.3939,0.178,0.0,2,2,CVAE-GMM
HALLMARK_SPERMATOGENESIS,-0.1167,-0.1311,-0.0144,-0.1785,0.0067,0.0064,0.9552,0.0987,0.0004,2,2,CVAE-GMM
HALLMARK_TGF_BETA_SIGNALING,0.2291,0.2439,0.0148,0.1923,0.0064,0.0054,0.8438,0.1068,0.0001,2,2,CVAE-GMM
HALLMARK_TNFA_SIGNALING_VIA_NFKB,0.0902,0.1001,0.01,0.1595,0.0047,0.0031,0.6596,0.1091,0.0001,2,2,CVAE-GMM
HALLMARK_UNFOLDED_PROTEIN_RESPONSE,0.1038,0.1119,0.0082,0.3058,0.001,0.0005,0.5,0.1894,0.0,2,2,CVAE-GMM
HALLMARK_UV_RESPONSE_DN,0.1502,0.1592,0.009,0.163,0.0032,0.0028,0.875,0.0769,0.0116,2,2,CVAE-GMM
HALLMARK_UV_RESPONSE_UP,0.1062,0.1169,0.0107,0.3218,0.0013,0.0009,0.6923,0.1493,0.0,2,2,CVAE-GMM
HALLMARK_WNT_BETA_CATENIN_SIGNALING,0.0789,0.0881,0.0091,0.1271,0.0055,0.0048,0.8727,0.0746,0.0156,2,2,CVAE-GMM
HALLMARK_XENOBIOTIC_METABOLISM,0.068,0.071,0.003,0.1003,0.0012,0.0006,0.5,0.1183,0.0,2,2,CVAE-GMM
HALLMARK_ADIPOGENESIS,0.1361,0.1356,-0.0005,-0.0141,0.0012,0.0014,1.1667,0.0321,0.759,1,1,EMB-Diffusion
HALLMARK_ALLOGRAFT_REJECTION,0.0241,-0.0068,-0.0309,-0.4383,0.0046,0.0053,1.1522,0.1561,0.0,1,1,EMB-Diffusion
HALLMARK_ANDROGEN_RESPONSE,0.1415,0.1513,0.0097,0.2021,0.0021,0.0026,1.2381,0.1676,0.0,1,1,EMB-Diffusion
HALLMARK_ANGIOGENESIS,0.1979,0.1895,-0.0083,-0.1111,0.005,0.0062,1.24,0.0597,0.0897,1,1,EMB-Diffusion
HALLMARK_APICAL_JUNCTION,0.1252,0.1126,-0.0126,-0.2815,0.0018,0.0023,1.2778,0.1033,0.0002,1,1,EMB-Diffusion
HALLMARK_APICAL_SURFACE,0.2564,0.2699,0.0136,0.2533,0.0026,0.0031,1.1923,0.2377,0.0,1,1,EMB-Diffusion
HALLMARK_APOPTOSIS,0.1477,0.149,0.0014,0.0529,0.0005,0.0008,1.6,0.1171,0.0,1,1,EMB-Diffusion
HALLMARK_BILE_ACID_METABOLISM,-0.0478,-0.0535,-0.0057,-0.0862,0.004,0.0048,1.2,0.0471,0.2894,1,1,EMB-Diffusion
HALLMARK_CHOLESTEROL_HOMEOSTASIS,-0.0747,-0.0929,-0.0181,-0.3545,0.0028,0.0024,0.8571,0.1481,0.0,1,1,EMB-Diffusion
HALLMARK_COAGULATION,0.1129,0.0914,-0.0215,-0.2301,0.007,0.0104,1.4857,0.085,0.0037,1,1,EMB-Diffusion
HALLMARK_COMPLEMENT,0.1345,0.1285,-0.0061,-0.138,0.0014,0.0024,1.7143,0.0941,0.0009,1,1,EMB-Diffusion
HALLMARK_DNA_REPAIR,-0.0161,-0.0066,0.0095,0.1774,0.0022,0.0035,1.5909,0.0792,0.0085,1,1,EMB-Diffusion
HALLMARK_E2F_TARGETS,-0.0011,-0.0094,-0.0083,-0.0961,0.0067,0.0081,1.209,0.0723,0.021,1,1,EMB-Diffusion
HALLMARK_EPITHELIAL_MESENCHYMAL_TRANSITION,0.218,0.2055,-0.0125,-0.155,0.0045,0.0085,1.8889,0.0999,0.0003,1,1,EMB-Diffusion
HALLMARK_ESTROGEN_RESPONSE_EARLY,0.1906,0.2195,0.0289,0.4501,0.004,0.0042,1.05,0.2732,0.0,1,1,EMB-Diffusion
HALLMARK_ESTROGEN_RESPONSE_LATE,0.1382,0.1543,0.016,0.4633,0.0013,0.0011,0.8462,0.2423,0.0,1,1,EMB-Diffusion
HALLMARK_FATTY_ACID_METABOLISM,0.0001,0.006,0.0059,0.1184,0.0024,0.0026,1.0833,0.0574,0.1133,1,1,EMB-Diffusion
HALLMARK_G2M_CHECKPOINT,0.0353,0.0251,-0.0102,-0.1358,0.005,0.0063,1.26,0.085,0.0037,1,1,EMB-Diffusion
HALLMARK_GLYCOLYSIS,0.0511,0.0447,-0.0064,-0.2147,0.0009,0.0008,0.8889,0.0884,0.0022,1,1,EMB-Diffusion
HALLMARK_HEDGEHOG_SIGNALING,-0.0273,-0.0555,-0.0281,-0.3352,0.0075,0.0066,0.88,0.155,0.0,1,1,EMB-Diffusion
HALLMARK_HEME_METABOLISM,0.12,0.128,0.008,0.1703,0.0017,0.0027,1.5882,0.1447,0.0,1,1,EMB-Diffusion
HALLMARK_HYPOXIA,0.1182,0.1087,-0.0095,-0.1713,0.0026,0.0036,1.3846,0.0815,0.0061,1,1,EMB-Diffusion
HALLMARK_IL2_STAT5_SIGNALING,0.1297,0.1295,-0.0002,-0.005,0.0013,0.0015,1.1538,0.0563,0.127,1,1,EMB-Diffusion
HALLMARK_IL6_JAK_STAT3_SIGNALING,0.1997,0.1839,-0.0158,-0.2935,0.0021,0.0037,1.7619,0.0976,0.0005,1,1,EMB-Diffusion
HALLMARK_INFLAMMATORY_RESPONSE,0.0292,0.0012,-0.028,-0.4055,0.0048,0.0048,1.0,0.1665,0.0,1,1,EMB-Diffusion
HALLMARK_INTERFERON_ALPHA_RESPONSE,0.1668,0.1528,-0.014,-0.1194,0.0128,0.0145,1.1328,0.0608,0.0795,1,1,EMB-Diffusion
HALLMARK_INTERFERON_GAMMA_RESPONSE,0.0751,0.0561,-0.019,-0.3112,0.0033,0.0041,1.2424,0.1033,0.0002,1,1,EMB-Diffusion
HALLMARK_KRAS_SIGNALING_DN,-0.4178,-0.449,-0.0312,-0.4461,0.0047,0.0051,1.0851,0.3065,0.0,1,1,EMB-Diffusion
HALLMARK_KRAS_SIGNALING_UP,-0.0127,-0.0422,-0.0294,-0.4362,0.0039,0.0052,1.3333,0.1504,0.0,1,1,EMB-Diffusion
HALLMARK_MITOTIC_SPINDLE,0.1172,0.1157,-0.0015,-0.0284,0.0022,0.003,1.3636,0.0563,0.127,1,1,EMB-Diffusion
HALLMARK_MTORC1_SIGNALING,0.1178,0.1127,-0.0051,-0.1474,0.0011,0.0013,1.1818,0.0723,0.021,1,1,EMB-Diffusion
HALLMARK_MYC_TARGETS_V1,0.2336,0.2381,0.0045,0.0846,0.0023,0.0035,1.5217,0.0723,0.021,1,1,EMB-Diffusion
HALLMARK_MYC_TARGETS_V2,0.0803,0.077,-0.0032,-0.0411,0.0055,0.007,1.2727,0.062,0.0703,1,1,EMB-Diffusion
HALLMARK_MYOGENESIS,0.2554,0.2608,0.0054,0.0934,0.0028,0.0038,1.3571,0.0884,0.0022,1,1,EMB-Diffusion
HALLMARK_NOTCH_SIGNALING,0.1636,0.1582,-0.0054,-0.0806,0.0049,0.004,0.8163,0.0689,0.0321,1,1,EMB-Diffusion
HALLMARK_OXIDATIVE_PHOSPHORYLATION,0.0978,0.1096,0.0118,0.2752,0.0017,0.002,1.1765,0.1217,0.0,1,1,EMB-Diffusion
HALLMARK_P53_PATHWAY,0.0022,-0.0047,-0.0069,-0.1944,0.0011,0.0014,1.2727,0.1125,0.0,1,1,EMB-Diffusion
HALLMARK_PANCREAS_BETA_CELLS,-0.2149,-0.2435,-0.0286,-0.1918,0.0253,0.0193,0.7628,0.1079,0.0001,1,1,EMB-Diffusion
HALLMARK_PEROXISOME,0.0896,0.1011,0.0115,0.282,0.0017,0.0016,0.9412,0.1527,0.0,1,1,EMB-Diffusion
HALLMARK_PI3K_AKT_MTOR_SIGNALING,0.0918,0.0933,0.0015,0.0493,0.0009,0.0009,1.0,0.0769,0.0116,1,1,EMB-Diffusion
HALLMARK_PROTEIN_SECRETION,0.2493,0.2514,0.0021,0.0453,0.0015,0.0026,1.7333,0.1217,0.0,1,1,EMB-Diffusion
HALLMARK_REACTIVE_OXYGEN_SPECIES_PATHWAY,0.0749,0.0675,-0.0075,-0.1458,0.0029,0.0024,0.8276,0.0815,0.0061,1,1,EMB-Diffusion
HALLMARK_SPERMATOGENESIS,-0.1106,-0.1157,-0.005,-0.0611,0.0061,0.0075,1.2295,0.0643,0.0546,1,1,EMB-Diffusion
HALLMARK_TGF_BETA_SIGNALING,0.2182,0.2222,0.004,0.0476,0.0058,0.0082,1.4138,0.0838,0.0044,1,1,EMB-Diffusion
HALLMARK_TNFA_SIGNALING_VIA_NFKB,0.084,0.0763,-0.0077,-0.1118,0.0043,0.0052,1.2093,0.0654,0.048,1,1,EMB-Diffusion
HALLMARK_UNFOLDED_PROTEIN_RESPONSE,0.0985,0.0996,0.0011,0.0369,0.0009,0.0008,0.8889,0.0746,0.0156,1,1,EMB-Diffusion
HALLMARK_UV_RESPONSE_DN,0.1421,0.1497,0.0076,0.1308,0.0029,0.004,1.3793,0.0999,0.0003,1,1,EMB-Diffusion
HALLMARK_UV_RESPONSE_UP,0.0994,0.0989,-0.0006,-0.015,0.0011,0.0016,1.4545,0.0677,0.0368,1,1,EMB-Diffusion
HALLMARK_WNT_BETA_CATENIN_SIGNALING,0.0752,0.0562,-0.019,-0.2576,0.0052,0.0057,1.0962,0.1355,0.0,1,1,EMB-Diffusion
HALLMARK_XENOBIOTIC_METABOLISM,0.0628,0.0581,-0.0047,-0.1458,0.0011,0.001,0.9091,0.0608,0.0795,1,1,EMB-Diffusion
HALLMARK_ADIPOGENESIS,0.1441,0.1392,-0.005,-0.1378,0.0013,0.0013,1.0,0.0712,0.0242,2,2,EMB-Diffusion
HALLMARK_ALLOGRAFT_REJECTION,0.0268,-0.0091,-0.0359,-0.4976,0.0054,0.005,0.9259,0.1894,0.0,2,2,EMB-Diffusion
HALLMARK_ANDROGEN_RESPONSE,0.149,0.1536,0.0046,0.0919,0.0024,0.0026,1.0833,0.0781,0.0099,2,2,EMB-Diffusion
HALLMARK_ANGIOGENESIS,0.2064,0.1909,-0.0155,-0.2006,0.0057,0.0062,1.0877,0.0884,0.0022,2,2,EMB-Diffusion
HALLMARK_APICAL_JUNCTION,0.1321,0.1185,-0.0136,-0.2997,0.002,0.0021,1.05,0.1401,0.0,2,2,EMB-Diffusion
HALLMARK_APICAL_SURFACE,0.2711,0.2746,0.0035,0.0642,0.0028,0.0031,1.1071,0.1091,0.0001,2,2,EMB-Diffusion
HALLMARK_APOPTOSIS,0.1559,0.1553,-0.0006,-0.0248,0.0006,0.0007,1.1667,0.0769,0.0116,2,2,EMB-Diffusion
HALLMARK_BILE_ACID_METABOLISM,-0.0486,-0.0523,-0.0037,-0.0552,0.0044,0.0044,1.0,0.039,0.5206,2,2,EMB-Diffusion
HALLMARK_CHOLESTEROL_HOMEOSTASIS,-0.0789,-0.1012,-0.0223,-0.4185,0.0032,0.0025,0.7812,0.1883,0.0,2,2,EMB-Diffusion
HALLMARK_COAGULATION,0.1149,0.0922,-0.0227,-0.2499,0.008,0.0085,1.0625,0.1343,0.0,2,2,EMB-Diffusion
HALLMARK_COMPLEMENT,0.143,0.1308,-0.0122,-0.2809,0.0016,0.0022,1.375,0.0987,0.0004,2,2,EMB-Diffusion
HALLMARK_DNA_REPAIR,-0.0173,-0.009,0.0083,0.151,0.0025,0.0036,1.44,0.0689,0.0321,2,2,EMB-Diffusion
HALLMARK_E2F_TARGETS,-0.0017,-0.0139,-0.0121,-0.1386,0.0074,0.008,1.0811,0.0827,0.0052,2,2,EMB-Diffusion
HALLMARK_EPITHELIAL_MESENCHYMAL_TRANSITION,0.227,0.2145,-0.0125,-0.161,0.005,0.0069,1.38,0.0517,0.1954,2,2,EMB-Diffusion
HALLMARK_ESTROGEN_RESPONSE_EARLY,0.2013,0.2304,0.0292,0.4396,0.0045,0.0043,0.9556,0.2583,0.0,2,2,EMB-Diffusion
HALLMARK_ESTROGEN_RESPONSE_LATE,0.1461,0.158,0.0119,0.3303,0.0014,0.0012,0.8571,0.2101,0.0,2,2,EMB-Diffusion
HALLMARK_FATTY_ACID_METABOLISM,0.0003,0.0028,0.0026,0.0486,0.0027,0.0029,1.0741,0.0402,0.4828,2,2,EMB-Diffusion
HALLMARK_G2M_CHECKPOINT,0.037,0.0219,-0.0151,-0.1967,0.0056,0.0062,1.1071,0.1114,0.0,2,2,EMB-Diffusion
HALLMARK_GLYCOLYSIS,0.0527,0.0443,-0.0084,-0.2778,0.001,0.0008,0.8,0.1171,0.0,2,2,EMB-Diffusion
HALLMARK_HEDGEHOG_SIGNALING,-0.0274,-0.0589,-0.0315,-0.3491,0.0087,0.0075,0.8621,0.178,0.0,2,2,EMB-Diffusion
HALLMARK_HEME_METABOLISM,0.1267,0.1319,0.0052,0.1092,0.0019,0.0026,1.3684,0.1228,0.0,2,2,EMB-Diffusion
HALLMARK_HYPOXIA,0.1238,0.1136,-0.0101,-0.1863,0.0028,0.0031,1.1071,0.0643,0.0546,2,2,EMB-Diffusion
HALLMARK_IL2_STAT5_SIGNALING,0.1373,0.1339,-0.0034,-0.0876,0.0015,0.0015,1.0,0.0608,0.0795,2,2,EMB-Diffusion
HALLMARK_IL6_JAK_STAT3_SIGNALING,0.2111,0.1941,-0.017,-0.3155,0.0024,0.0034,1.4167,0.1091,0.0001,2,2,EMB-Diffusion
HALLMARK_INFLAMMATORY_RESPONSE,0.0312,-0.0025,-0.0337,-0.4763,0.0054,0.0046,0.8519,0.1848,0.0,2,2,EMB-Diffusion
HALLMARK_INTERFERON_ALPHA_RESPONSE,0.1812,0.1594,-0.0218,-0.1904,0.0138,0.0125,0.9058,0.1148,0.0,2,2,EMB-Diffusion
HALLMARK_INTERFERON_GAMMA_RESPONSE,0.0817,0.0561,-0.0255,-0.4114,0.0038,0.0039,1.0263,0.1596,0.0,2,2,EMB-Diffusion
HALLMARK_KRAS_SIGNALING_DN,-0.4406,-0.4631,-0.0225,-0.3207,0.0053,0.0046,0.8679,0.1986,0.0,2,2,EMB-Diffusion
HALLMARK_KRAS_SIGNALING_UP,-0.0152,-0.044,-0.0288,-0.4155,0.0044,0.0052,1.1818,0.1538,0.0,2,2,EMB-Diffusion
HALLMARK_MITOTIC_SPINDLE,0.1232,0.1168,-0.0064,-0.1173,0.0025,0.0034,1.36,0.0494,0.239,2,2,EMB-Diffusion
HALLMARK_MTORC1_SIGNALING,0.1242,0.1092,-0.0151,-0.4249,0.0012,0.0013,1.0833,0.1538,0.0,2,2,EMB-Diffusion
HALLMARK_MYC_TARGETS_V1,0.2461,0.2434,-0.0027,-0.0499,0.0025,0.0033,1.32,0.0505,0.2164,2,2,EMB-Diffusion
HALLMARK_MYC_TARGETS_V2,0.0859,0.0812,-0.0047,-0.0612,0.0059,0.006,1.0169,0.0758,0.0135,2,2,EMB-Diffusion
HALLMARK_MYOGENESIS,0.2686,0.2705,0.0019,0.0325,0.0032,0.0036,1.125,0.0597,0.0897,2,2,EMB-Diffusion
HALLMARK_NOTCH_SIGNALING,0.1713,0.168,-0.0032,-0.0471,0.0052,0.0041,0.7885,0.0631,0.062,2,2,EMB-Diffusion
HALLMARK_OXIDATIVE_PHOSPHORYLATION,0.1037,0.1091,0.0053,0.1245,0.0018,0.0018,1.0,0.0677,0.0368,2,2,EMB-Diffusion
HALLMARK_P53_PATHWAY,0.0021,-0.0023,-0.0044,-0.125,0.0012,0.0012,1.0,0.093,0.0011,2,2,EMB-Diffusion
HALLMARK_PANCREAS_BETA_CELLS,-0.2281,-0.2511,-0.023,-0.1515,0.0282,0.018,0.6383,0.0804,0.0072,2,2,EMB-Diffusion
HALLMARK_PEROXISOME,0.0951,0.1063,0.0112,0.2675,0.0018,0.0017,0.9444,0.1573,0.0,2,2,EMB-Diffusion
HALLMARK_PI3K_AKT_MTOR_SIGNALING,0.0965,0.0911,-0.0054,-0.1752,0.0011,0.0008,0.7273,0.0907,0.0015,2,2,EMB-Diffusion
HALLMARK_PROTEIN_SECRETION,0.2637,0.2538,-0.0098,-0.2056,0.0016,0.0029,1.8125,0.0712,0.0242,2,2,EMB-Diffusion
HALLMARK_REACTIVE_OXYGEN_SPECIES_PATHWAY,0.0809,0.073,-0.0079,-0.1473,0.0033,0.0025,0.7576,0.1228,0.0,2,2,EMB-Diffusion
HALLMARK_SPERMATOGENESIS,-0.1167,-0.1246,-0.008,-0.0973,0.0067,0.0068,1.0149,0.0758,0.0135,2,2,EMB-Diffusion
HALLMARK_TGF_BETA_SIGNALING,0.2291,0.2305,0.0014,0.0169,0.0064,0.0081,1.2656,0.07,0.0279,2,2,EMB-Diffusion
HALLMARK_TNFA_SIGNALING_VIA_NFKB,0.0902,0.0824,-0.0077,-0.1105,0.0047,0.0051,1.0851,0.0505,0.2164,2,2,EMB-Diffusion
HALLMARK_UNFOLDED_PROTEIN_RESPONSE,0.1038,0.0981,-0.0057,-0.1949,0.001,0.0008,0.8,0.0838,0.0044,2,2,EMB-Diffusion
HALLMARK_UV_RESPONSE_DN,0.1502,0.1582,0.008,0.136,0.0032,0.0036,1.125,0.093,0.0011,2,2,EMB-Diffusion
HALLMARK_UV_RESPONSE_UP,0.1062,0.102,-0.0042,-0.1123,0.0013,0.0015,1.1538,0.054,0.1583,2,2,EMB-Diffusion
HALLMARK_WNT_BETA_CATENIN_SIGNALING,0.0789,0.0643,-0.0147,-0.1948,0.0055,0.0058,1.0545,0.1458,0.0,2,2,EMB-Diffusion
HALLMARK_XENOBIOTIC_METABOLISM,0.068,0.058,-0.01,-0.2873,0.0012,0.0012,1.0,0.1228,0.0,2,2,EMB-Diffusion
HALLMARK_ADIPOGENESIS,0.1375,0.1438,0.0063,0.1792,0.0012,0.0013,1.0833,0.1158,0.0,5,5,EMB-Diffusion
HALLMARK_ALLOGRAFT_REJECTION,0.0241,-0.0071,-0.0312,-0.4621,0.0045,0.0046,1.0222,0.1674,0.0,5,5,EMB-Diffusion
HALLMARK_ANDROGEN_RESPONSE,0.1396,0.1543,0.0147,0.3055,0.0021,0.0025,1.1905,0.2053,0.0,5,5,EMB-Diffusion
HALLMARK_ANGIOGENESIS,0.1979,0.2001,0.0021,0.0293,0.005,0.0055,1.1,0.0356,0.6401,5,5,EMB-Diffusion
HALLMARK_APICAL_JUNCTION,0.1247,0.1256,0.0009,0.0199,0.0018,0.0019,1.0556,0.031,0.7974,5,5,EMB-Diffusion
HALLMARK_APICAL_SURFACE,0.2563,0.2808,0.0245,0.4646,0.0025,0.003,1.2,0.3876,0.0,5,5,EMB-Diffusion
HALLMARK_APOPTOSIS,0.1481,0.1602,0.0121,0.5064,0.0006,0.0006,1.0,0.2798,0.0,5,5,EMB-Diffusion
HALLMARK_BILE_ACID_METABOLISM,-0.0482,-0.0534,-0.0052,-0.0831,0.0039,0.004,1.0256,0.0378,0.5602,5,5,EMB-Diffusion
HALLMARK_CHOLESTEROL_HOMEOSTASIS,-0.0731,-0.1048,-0.0317,-0.6312,0.0028,0.0023,0.8214,0.2454,0.0,5,5,EMB-Diffusion
HALLMARK_COAGULATION,0.1102,0.103,-0.0071,-0.0814,0.0069,0.0084,1.2174,0.0413,0.4472,5,5,EMB-Diffusion
HALLMARK_COMPLEMENT,0.1348,0.1368,0.0019,0.0491,0.0013,0.0018,1.3846,0.0894,0.0019,5,5,EMB-Diffusion
HALLMARK_DNA_REPAIR,-0.0151,-0.0147,0.0004,0.008,0.0023,0.003,1.3043,0.0447,0.3477,5,5,EMB-Diffusion
HALLMARK_E2F_TARGETS,-0.0008,-0.0148,-0.0141,-0.1623,0.0068,0.0082,1.2059,0.1009,0.0003,5,5,EMB-Diffusion
HALLMARK_EPITHELIAL_MESENCHYMAL_TRANSITION,0.2173,0.2302,0.0129,0.1786,0.0043,0.0062,1.4419,0.1319,0.0,5,5,EMB-Diffusion
HALLMARK_ESTROGEN_RESPONSE_EARLY,0.1907,0.2382,0.0476,0.7255,0.0041,0.0046,1.122,0.4484,0.0,5,5,EMB-Diffusion
HALLMARK_ESTROGEN_RESPONSE_LATE,0.1391,0.1623,0.0232,0.6316,0.0013,0.0014,1.0769,0.3394,0.0,5,5,EMB-Diffusion
HALLMARK_FATTY_ACID_METABOLISM,0.0014,0.0009,-0.0005,-0.0091,0.0024,0.0027,1.125,0.0229,0.9759,5,5,EMB-Diffusion
HALLMARK_G2M_CHECKPOINT,0.0356,0.0228,-0.0128,-0.1703,0.0051,0.0063,1.2353,0.117,0.0,5,5,EMB-Diffusion
HALLMARK_GLYCOLYSIS,0.0517,0.0449,-0.0068,-0.2225,0.001,0.0009,0.9,0.0975,0.0005,5,5,EMB-Diffusion
HALLMARK_HEDGEHOG_SIGNALING,-0.0284,-0.0592,-0.0308,-0.3649,0.0077,0.0066,0.8571,0.1732,0.0,5,5,EMB-Diffusion
HALLMARK_HEME_METABOLISM,0.1193,0.1374,0.0181,0.4048,0.0018,0.0023,1.2778,0.2305,0.0,5,5,EMB-Diffusion
HALLMARK_HYPOXIA,0.1186,0.1209,0.0023,0.0434,0.0025,0.0031,1.24,0.0642,0.0548,5,5,EMB-Diffusion
HALLMARK_IL2_STAT5_SIGNALING,0.1297,0.1411,0.0115,0.3204,0.0013,0.0012,0.9231,0.1755,0.0,5,5,EMB-Diffusion
HALLMARK_IL6_JAK_STAT3_SIGNALING,0.1987,0.2029,0.0042,0.0886,0.0021,0.0024,1.1429,0.0757,0.0135,5,5,EMB-Diffusion
HALLMARK_INFLAMMATORY_RESPONSE,0.0284,0.0037,-0.0247,-0.3669,0.0046,0.0044,0.9565,0.1628,0.0,5,5,EMB-Diffusion
HALLMARK_INTERFERON_ALPHA_RESPONSE,0.1684,0.162,-0.0065,-0.0568,0.0127,0.0134,1.0551,0.0516,0.1959,5,5,EMB-Diffusion
HALLMARK_INTERFERON_GAMMA_RESPONSE,0.0753,0.0582,-0.0171,-0.2918,0.0034,0.0035,1.0294,0.094,0.0009,5,5,EMB-Diffusion
HALLMARK_KRAS_SIGNALING_DN,-0.4172,-0.471,-0.0538,-0.8375,0.0049,0.0034,0.6939,0.4106,0.0,5,5,EMB-Diffusion
HALLMARK_KRAS_SIGNALING_UP,-0.0129,-0.0384,-0.0255,-0.4019,0.0038,0.0042,1.1053,0.1583,0.0,5,5,EMB-Diffusion
HALLMARK_MITOTIC_SPINDLE,0.1159,0.1212,0.0053,0.1073,0.0022,0.0027,1.2273,0.1067,0.0001,5,5,EMB-Diffusion
HALLMARK_MTORC1_SIGNALING,0.1183,0.1116,-0.0067,-0.1899,0.0011,0.0014,1.2727,0.1044,0.0002,5,5,EMB-Diffusion
HALLMARK_MYC_TARGETS_V1,0.2337,0.2505,0.0168,0.315,0.0024,0.0033,1.375,0.1663,0.0,5,5,EMB-Diffusion
HALLMARK_MYC_TARGETS_V2,0.0821,0.0849,0.0028,0.0371,0.0056,0.0059,1.0536,0.0252,0.9442,5,5,EMB-Diffusion
HALLMARK_MYOGENESIS,0.2552,0.2821,0.0269,0.4761,0.0029,0.0035,1.2069,0.2362,0.0,5,5,EMB-Diffusion
HALLMARK_NOTCH_SIGNALING,0.162,0.171,0.0091,0.1375,0.0046,0.004,0.8696,0.0665,0.0422,5,5,EMB-Diffusion
HALLMARK_OXIDATIVE_PHOSPHORYLATION,0.1,0.109,0.009,0.2117,0.0017,0.0019,1.1176,0.1112,0.0,5,5,EMB-Diffusion
HALLMARK_P53_PATHWAY,0.003,-0.0001,-0.0031,-0.0916,0.0011,0.0012,1.0909,0.0654,0.0482,5,5,EMB-Diffusion
HALLMARK_PANCREAS_BETA_CELLS,-0.2148,-0.2561,-0.0413,-0.2746,0.0269,0.0183,0.6803,0.1239,0.0,5,5,EMB-Diffusion
HALLMARK_PEROXISOME,0.0902,0.1058,0.0157,0.3853,0.0016,0.0017,1.0625,0.1755,0.0,5,5,EMB-Diffusion
HALLMARK_PI3K_AKT_MTOR_SIGNALING,0.0921,0.095,0.0029,0.0986,0.0009,0.0008,0.8889,0.0711,0.0244,5,5,EMB-Diffusion
HALLMARK_PROTEIN_SECRETION,0.2499,0.2612,0.0113,0.2681,0.0015,0.0021,1.4,0.1881,0.0,5,5,EMB-Diffusion
HALLMARK_REACTIVE_OXYGEN_SPECIES_PATHWAY,0.0758,0.0755,-0.0003,-0.0065,0.0029,0.0021,0.7241,0.07,0.028,5,5,EMB-Diffusion
HALLMARK_SPERMATOGENESIS,-0.1095,-0.1338,-0.0243,-0.3002,0.0061,0.007,1.1475,0.1743,0.0,5,5,EMB-Diffusion
HALLMARK_TGF_BETA_SIGNALING,0.2149,0.2398,0.0249,0.3108,0.006,0.0068,1.1333,0.1755,0.0,5,5,EMB-Diffusion
HALLMARK_TNFA_SIGNALING_VIA_NFKB,0.0845,0.0914,0.0069,0.1024,0.0042,0.0048,1.1429,0.0814,0.0062,5,5,EMB-Diffusion
HALLMARK_UNFOLDED_PROTEIN_RESPONSE,0.0986,0.101,0.0024,0.0855,0.0009,0.0007,0.7778,0.0711,0.0244,5,5,EMB-Diffusion
HALLMARK_UV_RESPONSE_DN,0.1406,0.1656,0.025,0.4358,0.0029,0.0037,1.2759,0.2156,0.0,5,5,EMB-Diffusion
HALLMARK_UV_RESPONSE_UP,0.1011,0.1045,0.0035,0.0968,0.0011,0.0014,1.2727,0.0814,0.0062,5,5,EMB-Diffusion
HALLMARK_WNT_BETA_CATENIN_SIGNALING,0.0748,0.0686,-0.0062,-0.0837,0.005,0.006,1.2,0.0975,0.0005,5,5,EMB-Diffusion
HALLMARK_XENOBIOTIC_METABOLISM,0.0645,0.0599,-0.0046,-0.1405,0.001,0.0011,1.1,0.0619,0.0706,5,5,EMB-Diffusion
HALLMARK_ADIPOGENESIS,0.1367,0.1365,-0.0002,-0.0046,0.0012,0.0015,1.25,0.0551,0.1419,3,3,EMB-Diffusion
HALLMARK_ALLOGRAFT_REJECTION,0.0238,-0.0078,-0.0315,-0.4331,0.0047,0.0059,1.2553,0.1757,0.0,3,3,EMB-Diffusion
HALLMARK_ANDROGEN_RESPONSE,0.1417,0.1535,0.0118,0.2459,0.0022,0.0024,1.0909,0.1676,0.0,3,3,EMB-Diffusion
HALLMARK_ANGIOGENESIS,0.1966,0.1868,-0.0099,-0.1319,0.0049,0.0063,1.2857,0.0746,0.0156,3,3,EMB-Diffusion
HALLMARK_APICAL_JUNCTION,0.124,0.1154,-0.0087,-0.1952,0.0017,0.0022,1.2941,0.0723,0.021,3,3,EMB-Diffusion
HALLMARK_APICAL_SURFACE,0.2567,0.2732,0.0165,0.32,0.0026,0.0027,1.0385,0.2698,0.0,3,3,EMB-Diffusion
HALLMARK_APOPTOSIS,0.1477,0.1539,0.0061,0.2449,0.0006,0.0007,1.1667,0.1688,0.0,3,3,EMB-Diffusion
HALLMARK_BILE_ACID_METABOLISM,-0.046,-0.0436,0.0024,0.0374,0.0038,0.0043,1.1316,0.0367,0.5991,3,3,EMB-Diffusion
HALLMARK_CHOLESTEROL_HOMEOSTASIS,-0.0735,-0.1013,-0.0278,-0.56,0.0028,0.0021,0.75,0.2204,0.0,3,3,EMB-Diffusion
HALLMARK_COAGULATION,0.1079,0.0883,-0.0196,-0.2128,0.007,0.01,1.4286,0.0792,0.0085,3,3,EMB-Diffusion
HALLMARK_COMPLEMENT,0.1345,0.1308,-0.0037,-0.0855,0.0014,0.0023,1.6429,0.0896,0.0019,3,3,EMB-Diffusion
HALLMARK_DNA_REPAIR,-0.0149,-0.0089,0.006,0.1103,0.0022,0.0037,1.6818,0.0735,0.0181,3,3,EMB-Diffusion
HALLMARK_E2F_TARGETS,0.0017,-0.0095,-0.0112,-0.1296,0.0067,0.0082,1.2239,0.0815,0.0061,3,3,EMB-Diffusion
HALLMARK_EPITHELIAL_MESENCHYMAL_TRANSITION,0.2145,0.2076,-0.0069,-0.0895,0.0044,0.0075,1.7045,0.0654,0.048,3,3,EMB-Diffusion
HALLMARK_ESTROGEN_RESPONSE_EARLY,0.1914,0.2277,0.0363,0.5643,0.004,0.0043,1.075,0.3226,0.0,3,3,EMB-Diffusion
HALLMARK_ESTROGEN_RESPONSE_LATE,0.1396,0.1587,0.0192,0.5367,0.0013,0.0012,0.9231,0.2595,0.0,3,3,EMB-Diffusion
HALLMARK_FATTY_ACID_METABOLISM,0.0016,0.0057,0.0041,0.0771,0.0024,0.0031,1.2917,0.0471,0.2894,3,3,EMB-Diffusion
HALLMARK_G2M_CHECKPOINT,0.0372,0.0235,-0.0138,-0.1824,0.005,0.0064,1.28,0.1091,0.0001,3,3,EMB-Diffusion
HALLMARK_GLYCOLYSIS,0.0512,0.0431,-0.0081,-0.2689,0.001,0.0008,0.8,0.0987,0.0004,3,3,EMB-Diffusion
HALLMARK_HEDGEHOG_SIGNALING,-0.0298,-0.0637,-0.0339,-0.3886,0.0076,0.0076,1.0,0.1768,0.0,3,3,EMB-Diffusion
HALLMARK_HEME_METABOLISM,0.1186,0.1319,0.0133,0.2889,0.0018,0.0025,1.3889,0.1814,0.0,3,3,EMB-Diffusion
HALLMARK_HYPOXIA,0.1164,0.1113,-0.0051,-0.0953,0.0025,0.0033,1.32,0.0608,0.0795,3,3,EMB-Diffusion
HALLMARK_IL2_STAT5_SIGNALING,0.1291,0.1341,0.005,0.1371,0.0013,0.0014,1.0769,0.0941,0.0009,3,3,EMB-Diffusion
HALLMARK_IL6_JAK_STAT3_SIGNALING,0.1992,0.1937,-0.0055,-0.1103,0.002,0.003,1.5,0.0677,0.0368,3,3,EMB-Diffusion
HALLMARK_INFLAMMATORY_RESPONSE,0.0281,0.0013,-0.0267,-0.3757,0.0048,0.0053,1.1042,0.1538,0.0,3,3,EMB-Diffusion
HALLMARK_INTERFERON_ALPHA_RESPONSE,0.1698,0.1534,-0.0164,-0.1374,0.0126,0.016,1.2698,0.062,0.0703,3,3,EMB-Diffusion
HALLMARK_INTERFERON_GAMMA_RESPONSE,0.0762,0.0568,-0.0194,-0.3102,0.0034,0.0044,1.2941,0.1079,0.0001,3,3,EMB-Diffusion
HALLMARK_KRAS_SIGNALING_DN,-0.4184,-0.453,-0.0346,-0.5196,0.0046,0.0043,0.9348,0.2962,0.0,3,3,EMB-Diffusion
HALLMARK_KRAS_SIGNALING_UP,-0.0148,-0.0404,-0.0256,-0.3846,0.0038,0.0051,1.3421,0.1527,0.0,3,3,EMB-Diffusion
HALLMARK_MITOTIC_SPINDLE,0.1174,0.1186,0.0012,0.0224,0.0022,0.0035,1.5909,0.101,0.0003,3,3,EMB-Diffusion
HALLMARK_MTORC1_SIGNALING,0.1184,0.1087,-0.0097,-0.2767,0.0011,0.0014,1.2727,0.1091,0.0001,3,3,EMB-Diffusion
HALLMARK_MYC_TARGETS_V1,0.2354,0.2398,0.0044,0.0791,0.0023,0.0039,1.6957,0.0758,0.0135,3,3,EMB-Diffusion
HALLMARK_MYC_TARGETS_V2,0.0837,0.0778,-0.0059,-0.0775,0.0054,0.0061,1.1296,0.062,0.0703,3,3,EMB-Diffusion
HALLMARK_MYOGENESIS,0.2537,0.2655,0.0118,0.2081,0.0028,0.0036,1.2857,0.1286,0.0,3,3,EMB-Diffusion
HALLMARK_NOTCH_SIGNALING,0.159,0.1561,-0.0029,-0.0436,0.0048,0.004,0.8333,0.0482,0.2633,3,3,EMB-Diffusion
HALLMARK_OXIDATIVE_PHOSPHORYLATION,0.0999,0.1099,0.01,0.2168,0.0017,0.0025,1.4706,0.0987,0.0004,3,3,EMB-Diffusion
HALLMARK_P53_PATHWAY,0.0018,-0.0034,-0.0052,-0.1443,0.0011,0.0014,1.2727,0.1045,0.0001,3,3,EMB-Diffusion
HALLMARK_PANCREAS_BETA_CELLS,-0.2174,-0.2447,-0.0273,-0.1757,0.0278,0.0206,0.741,0.0861,0.0031,3,3,EMB-Diffusion
HALLMARK_PEROXISOME,0.0913,0.1087,0.0174,0.4213,0.0017,0.0017,1.0,0.1848,0.0,3,3,EMB-Diffusion
HALLMARK_PI3K_AKT_MTOR_SIGNALING,0.0918,0.0904,-0.0014,-0.0496,0.0009,0.0008,0.8889,0.062,0.0703,3,3,EMB-Diffusion
HALLMARK_PROTEIN_SECRETION,0.25,0.2515,0.0016,0.0342,0.0015,0.0028,1.8667,0.132,0.0,3,3,EMB-Diffusion
HALLMARK_REACTIVE_OXYGEN_SPECIES_PATHWAY,0.0767,0.0706,-0.0061,-0.1169,0.0029,0.0026,0.8966,0.0666,0.042,3,3,EMB-Diffusion
HALLMARK_SPERMATOGENESIS,-0.1081,-0.1228,-0.0147,-0.1831,0.0059,0.0069,1.1695,0.1148,0.0,3,3,EMB-Diffusion
HALLMARK_TGF_BETA_SIGNALING,0.2143,0.2282,0.014,0.1702,0.0059,0.0075,1.2712,0.1125,0.0,3,3,EMB-Diffusion
HALLMARK_TNFA_SIGNALING_VIA_NFKB,0.0832,0.0826,-0.0007,-0.0095,0.0043,0.0054,1.2558,0.0413,0.4465,3,3,EMB-Diffusion
HALLMARK_UNFOLDED_PROTEIN_RESPONSE,0.0987,0.0961,-0.0025,-0.0916,0.0008,0.0007,0.875,0.0574,0.1133,3,3,EMB-Diffusion
HALLMARK_UV_RESPONSE_DN,0.1414,0.1569,0.0155,0.2668,0.0029,0.0039,1.3448,0.1515,0.0,3,3,EMB-Diffusion
HALLMARK_UV_RESPONSE_UP,0.1003,0.1019,0.0015,0.0417,0.0011,0.0015,1.3636,0.0723,0.021,3,3,EMB-Diffusion
HALLMARK_WNT_BETA_CATENIN_SIGNALING,0.0732,0.0532,-0.02,-0.2705,0.0051,0.0058,1.1373,0.1561,0.0,3,3,EMB-Diffusion
HALLMARK_XENOBIOTIC_METABOLISM,0.0636,0.0586,-0.0049,-0.156,0.001,0.001,1.0,0.0746,0.0156,3,3,EMB-Diffusion
HALLMARK_ADIPOGENESIS,0.1376,0.1361,-0.0015,-0.0442,0.0012,0.001,0.8333,0.0425,0.4116,4,4,EMB-Diffusion
HALLMARK_ALLOGRAFT_REJECTION,0.0247,-0.0049,-0.0296,-0.4354,0.0047,0.0045,0.9574,0.1653,0.0,4,4,EMB-Diffusion
HALLMARK_ANDROGEN_RESPONSE,0.1418,0.1455,0.0037,0.0756,0.0022,0.0027,1.2273,0.0999,0.0003,4,4,EMB-Diffusion
HALLMARK_ANGIOGENESIS,0.1978,0.1864,-0.0114,-0.1625,0.005,0.0048,0.96,0.0907,0.0015,4,4,EMB-Diffusion
HALLMARK_APICAL_JUNCTION,0.1246,0.1162,-0.0085,-0.2035,0.0018,0.0016,0.8889,0.1045,0.0001,4,4,EMB-Diffusion
HALLMARK_APICAL_SURFACE,0.2571,0.262,0.0048,0.0916,0.0026,0.0029,1.1154,0.1332,0.0,4,4,EMB-Diffusion
HALLMARK_APOPTOSIS,0.1481,0.1507,0.0026,0.1081,0.0006,0.0005,0.8333,0.1102,0.0001,4,4,EMB-Diffusion
HALLMARK_BILE_ACID_METABOLISM,-0.0477,-0.0514,-0.0036,-0.058,0.0039,0.004,1.0256,0.0402,0.4828,4,4,EMB-Diffusion
HALLMARK_CHOLESTEROL_HOMEOSTASIS,-0.0741,-0.1004,-0.0263,-0.536,0.0028,0.002,0.7143,0.2457,0.0,4,4,EMB-Diffusion
HALLMARK_COAGULATION,0.1108,0.0974,-0.0134,-0.1577,0.0074,0.0071,0.9595,0.0953,0.0007,4,4,EMB-Diffusion
HALLMARK_COMPLEMENT,0.1347,0.1275,-0.0072,-0.1807,0.0014,0.0017,1.2143,0.0631,0.062,4,4,EMB-Diffusion
HALLMARK_DNA_REPAIR,-0.0175,-0.0138,0.0037,0.0731,0.0022,0.0029,1.3182,0.0471,0.2894,4,4,EMB-Diffusion
HALLMARK_E2F_TARGETS,-0.002,-0.0167,-0.0147,-0.1751,0.0066,0.0074,1.1212,0.1102,0.0001,4,4,EMB-Diffusion
HALLMARK_EPITHELIAL_MESENCHYMAL_TRANSITION,0.2165,0.2142,-0.0023,-0.0318,0.0048,0.0054,1.125,0.0379,0.5594,4,4,EMB-Diffusion
HALLMARK_ESTROGEN_RESPONSE_EARLY,0.191,0.2201,0.0291,0.4514,0.004,0.0043,1.075,0.2985,0.0,4,4,EMB-Diffusion
HALLMARK_ESTROGEN_RESPONSE_LATE,0.1379,0.1507,0.0128,0.3605,0.0013,0.0012,0.9231,0.2181,0.0,4,4,EMB-Diffusion
HALLMARK_FATTY_ACID_METABOLISM,0.0007,0.0032,0.0025,0.0527,0.0022,0.0022,1.0,0.0367,0.5991,4,4,EMB-Diffusion
HALLMARK_G2M_CHECKPOINT,0.0346,0.0178,-0.0168,-0.2279,0.005,0.0059,1.18,0.1355,0.0,4,4,EMB-Diffusion
HALLMARK_GLYCOLYSIS,0.0506,0.0422,-0.0084,-0.2905,0.001,0.0007,0.7,0.1332,0.0,4,4,EMB-Diffusion
HALLMARK_HEDGEHOG_SIGNALING,-0.0269,-0.0617,-0.0348,-0.4272,0.0075,0.0057,0.76,0.1975,0.0,4,4,EMB-Diffusion
HALLMARK_HEME_METABOLISM,0.1201,0.1296,0.0095,0.2033,0.0018,0.0025,1.3889,0.1676,0.0,4,4,EMB-Diffusion
HALLMARK_HYPOXIA,0.1184,0.113,-0.0054,-0.1052,0.0026,0.0026,1.0,0.0597,0.0897,4,4,EMB-Diffusion
HALLMARK_IL2_STAT5_SIGNALING,0.1305,0.1311,0.0006,0.0165,0.0013,0.0012,0.9231,0.0586,0.1009,4,4,EMB-Diffusion
HALLMARK_IL6_JAK_STAT3_SIGNALING,0.2,0.1901,-0.0099,-0.2122,0.0021,0.0022,1.0476,0.1091,0.0001,4,4,EMB-Diffusion
HALLMARK_INFLAMMATORY_RESPONSE,0.0286,0.0012,-0.0274,-0.4223,0.0047,0.0037,0.7872,0.1952,0.0,4,4,EMB-Diffusion
HALLMARK_INTERFERON_ALPHA_RESPONSE,0.1689,0.1529,-0.016,-0.1427,0.0126,0.0124,0.9841,0.0918,0.0013,4,4,EMB-Diffusion
HALLMARK_INTERFERON_GAMMA_RESPONSE,0.0755,0.0548,-0.0207,-0.353,0.0035,0.0034,0.9714,0.1251,0.0,4,4,EMB-Diffusion
HALLMARK_KRAS_SIGNALING_DN,-0.4186,-0.4439,-0.0253,-0.3885,0.0049,0.0036,0.7347,0.2147,0.0,4,4,EMB-Diffusion
HALLMARK_KRAS_SIGNALING_UP,-0.0136,-0.0347,-0.0212,-0.3461,0.0038,0.0037,0.9737,0.1378,0.0,4,4,EMB-Diffusion
HALLMARK_MITOTIC_SPINDLE,0.1162,0.1123,-0.0039,-0.079,0.0022,0.0027,1.2273,0.0402,0.4828,4,4,EMB-Diffusion
HALLMARK_MTORC1_SIGNALING,0.1183,0.1056,-0.0128,-0.3892,0.0011,0.0011,1.0,0.1378,0.0,4,4,EMB-Diffusion
HALLMARK_MYC_TARGETS_V1,0.234,0.2322,-0.0018,-0.0347,0.0023,0.0031,1.3478,0.0517,0.1954,4,4,EMB-Diffusion
HALLMARK_MYC_TARGETS_V2,0.0819,0.0733,-0.0086,-0.1121,0.0056,0.0061,1.0893,0.0953,0.0007,4,4,EMB-Diffusion
HALLMARK_MYOGENESIS,0.2553,0.2646,0.0093,0.1663,0.003,0.0033,1.1,0.1022,0.0002,4,4,EMB-Diffusion
HALLMARK_NOTCH_SIGNALING,0.1629,0.1594,-0.0034,-0.052,0.0049,0.0038,0.7755,0.0586,0.1009,4,4,EMB-Diffusion
HALLMARK_OXIDATIVE_PHOSPHORYLATION,0.0994,0.1038,0.0044,0.1077,0.0016,0.0017,1.0625,0.0666,0.042,4,4,EMB-Diffusion
HALLMARK_P53_PATHWAY,0.0023,-0.0004,-0.0027,-0.0768,0.0012,0.0013,1.0833,0.062,0.0703,4,4,EMB-Diffusion
HALLMARK_PANCREAS_BETA_CELLS,-0.2166,-0.2402,-0.0236,-0.1656,0.0258,0.0148,0.5736,0.0918,0.0013,4,4,EMB-Diffusion
HALLMARK_PEROXISOME,0.0897,0.0989,0.0093,0.2339,0.0016,0.0015,0.9375,0.1435,0.0,4,4,EMB-Diffusion
HALLMARK_PI3K_AKT_MTOR_SIGNALING,0.092,0.0887,-0.0032,-0.1086,0.0009,0.0008,0.8889,0.0631,0.062,4,4,EMB-Diffusion
HALLMARK_PROTEIN_SECRETION,0.2502,0.2441,-0.0061,-0.1449,0.0015,0.0021,1.4,0.0517,0.1954,4,4,EMB-Diffusion
HALLMARK_REACTIVE_OXYGEN_SPECIES_PATHWAY,0.0778,0.0705,-0.0072,-0.1455,0.0028,0.0021,0.75,0.1102,0.0001,4,4,EMB-Diffusion
HALLMARK_SPERMATOGENESIS,-0.1113,-0.1255,-0.0141,-0.1785,0.006,0.0066,1.1,0.1102,0.0001,4,4,EMB-Diffusion
HALLMARK_TGF_BETA_SIGNALING,0.2162,0.2212,0.005,0.0619,0.006,0.007,1.1667,0.0964,0.0006,4,4,EMB-Diffusion
HALLMARK_TNFA_SIGNALING_VIA_NFKB,0.0845,0.0849,0.0004,0.0063,0.0044,0.0047,1.0682,0.0321,0.759,4,4,EMB-Diffusion
HALLMARK_UNFOLDED_PROTEIN_RESPONSE,0.0987,0.0943,-0.0045,-0.1637,0.0009,0.0006,0.6667,0.1183,0.0,4,4,EMB-Diffusion
HALLMARK_UV_RESPONSE_DN,0.1426,0.1525,0.0098,0.1728,0.0029,0.0036,1.2414,0.1102,0.0001,4,4,EMB-Diffusion
HALLMARK_UV_RESPONSE_UP,0.1006,0.0998,-0.0008,-0.0236,0.0011,0.0013,1.1818,0.0436,0.3785,4,4,EMB-Diffusion
HALLMARK_WNT_BETA_CATENIN_SIGNALING,0.0751,0.0642,-0.0109,-0.148,0.0052,0.0057,1.0962,0.0781,0.0099,4,4,EMB-Diffusion
HALLMARK_XENOBIOTIC_METABOLISM,0.0638,0.0553,-0.0084,-0.2685,0.0011,0.0009,0.8182,0.1228,0.0,4,4,EMB-Diffusion
HALLMARK_ADIPOGENESIS,0.1375,0.15,0.0125,0.3794,0.0012,0.001,0.8333,0.1743,0.0,5,5,NMF
HALLMARK_ALLOGRAFT_REJECTION,0.0241,0.0281,0.004,0.0666,0.0045,0.0027,0.6,0.1101,0.0001,5,5,NMF
HALLMARK_ANDROGEN_RESPONSE,0.1396,0.1527,0.0131,0.2763,0.0021,0.0023,1.0952,0.1583,0.0,5,5,NMF
HALLMARK_ANGIOGENESIS,0.1979,0.2194,0.0214,0.3056,0.005,0.0049,0.98,0.1261,0.0,5,5,NMF
HALLMARK_APICAL_JUNCTION,0.1247,0.1372,0.0125,0.2954,0.0018,0.0018,1.0,0.125,0.0,5,5,NMF
HALLMARK_APICAL_SURFACE,0.2563,0.2823,0.026,0.4786,0.0025,0.0034,1.36,0.3544,0.0,5,5,NMF
HALLMARK_APOPTOSIS,0.1481,0.1622,0.0142,0.6103,0.0006,0.0005,0.8333,0.2546,0.0,5,5,NMF
HALLMARK_BILE_ACID_METABOLISM,-0.0482,-0.0515,-0.0033,-0.0514,0.0039,0.0041,1.0513,0.0401,0.4836,5,5,NMF
HALLMARK_CHOLESTEROL_HOMEOSTASIS,-0.0731,-0.079,-0.0059,-0.1155,0.0028,0.0024,0.8571,0.047,0.2901,5,5,NMF
HALLMARK_COAGULATION,0.1102,0.1258,0.0156,0.1998,0.0069,0.0053,0.7681,0.0814,0.0062,5,5,NMF
HALLMARK_COMPLEMENT,0.1348,0.148,0.0132,0.3736,0.0013,0.0012,0.9231,0.1514,0.0,5,5,NMF
HALLMARK_DNA_REPAIR,-0.0151,-0.0163,-0.0011,-0.0254,0.0023,0.0018,0.7826,0.0459,0.318,5,5,NMF
HALLMARK_E2F_TARGETS,-0.0008,-0.0011,-0.0003,-0.0044,0.0068,0.0045,0.6618,0.1399,0.0,5,5,NMF
HALLMARK_EPITHELIAL_MESENCHYMAL_TRANSITION,0.2173,0.2409,0.0236,0.3932,0.0043,0.0029,0.6744,0.1456,0.0,5,5,NMF
HALLMARK_ESTROGEN_RESPONSE_EARLY,0.1907,0.2077,0.017,0.2765,0.0041,0.0035,0.8537,0.1491,0.0,5,5,NMF
HALLMARK_ESTROGEN_RESPONSE_LATE,0.1391,0.1514,0.0123,0.3375,0.0013,0.0013,1.0,0.1709,0.0,5,5,NMF
HALLMARK_FATTY_ACID_METABOLISM,0.0014,0.0038,0.0024,0.051,0.0024,0.0019,0.7917,0.0711,0.0244,5,5,NMF
HALLMARK_G2M_CHECKPOINT,0.0356,0.0384,0.0028,0.0428,0.0051,0.0035,0.6863,0.1433,0.0,5,5,NMF
HALLMARK_GLYCOLYSIS,0.0517,0.0559,0.0042,0.1412,0.001,0.0007,0.7,0.1044,0.0002,5,5,NMF
HALLMARK_HEDGEHOG_SIGNALING,-0.0284,-0.0313,-0.0028,-0.0314,0.0077,0.0087,1.1299,0.0367,0.5999,5,5,NMF
HALLMARK_HEME_METABOLISM,0.1193,0.13,0.0108,0.2631,0.0018,0.0016,0.8889,0.0975,0.0005,5,5,NMF
HALLMARK_HYPOXIA,0.1186,0.1311,0.0125,0.2658,0.0025,0.002,0.8,0.1204,0.0,5,5,NMF
HALLMARK_IL2_STAT5_SIGNALING,0.1297,0.1414,0.0118,0.3076,0.0013,0.0016,1.2308,0.1537,0.0,5,5,NMF
HALLMARK_IL6_JAK_STAT3_SIGNALING,0.1987,0.219,0.0203,0.445,0.0021,0.0021,1.0,0.1995,0.0,5,5,NMF
HALLMARK_INFLAMMATORY_RESPONSE,0.0284,0.0338,0.0054,0.0878,0.0046,0.003,0.6522,0.0894,0.0019,5,5,NMF
HALLMARK_INTERFERON_ALPHA_RESPONSE,0.1684,0.1863,0.0178,0.1898,0.0127,0.0049,0.3858,0.1904,0.0,5,5,NMF
HALLMARK_INTERFERON_GAMMA_RESPONSE,0.0753,0.0834,0.0081,0.1667,0.0034,0.0013,0.3824,0.195,0.0,5,5,NMF
HALLMARK_KRAS_SIGNALING_DN,-0.4172,-0.4562,-0.039,-0.5291,0.0049,0.006,1.2245,0.3635,0.0,5,5,NMF
HALLMARK_KRAS_SIGNALING_UP,-0.0129,-0.0096,0.0034,0.0559,0.0038,0.0034,0.8947,0.0401,0.4836,5,5,NMF
HALLMARK_MITOTIC_SPINDLE,0.1159,0.126,0.01,0.2331,0.0022,0.0015,0.6818,0.1491,0.0,5,5,NMF
HALLMARK_MTORC1_SIGNALING,0.1183,0.1303,0.012,0.394,0.0011,0.0007,0.6364,0.2202,0.0,5,5,NMF
HALLMARK_MYC_TARGETS_V1,0.2337,0.2554,0.0217,0.4741,0.0024,0.0018,0.75,0.2718,0.0,5,5,NMF
HALLMARK_MYC_TARGETS_V2,0.0821,0.0911,0.009,0.1307,0.0056,0.0039,0.6964,0.1181,0.0,5,5,NMF
HALLMARK_MYOGENESIS,0.2552,0.2806,0.0254,0.4839,0.0029,0.0026,0.8966,0.1938,0.0,5,5,NMF
HALLMARK_NOTCH_SIGNALING,0.162,0.1816,0.0196,0.2893,0.0046,0.0045,0.9783,0.1422,0.0,5,5,NMF
HALLMARK_OXIDATIVE_PHOSPHORYLATION,0.1,0.1094,0.0095,0.2445,0.0017,0.0013,0.7647,0.117,0.0,5,5,NMF
HALLMARK_P53_PATHWAY,0.003,0.0035,0.0005,0.014,0.0011,0.001,0.9091,0.039,0.5213,5,5,NMF
HALLMARK_PANCREAS_BETA_CELLS,-0.2148,-0.2377,-0.0229,-0.1348,0.0269,0.0309,1.1487,0.094,0.0009,5,5,NMF
HALLMARK_PEROXISOME,0.0902,0.0979,0.0077,0.1799,0.0016,0.002,1.25,0.0837,0.0044,5,5,NMF
HALLMARK_PI3K_AKT_MTOR_SIGNALING,0.0921,0.0999,0.0078,0.2483,0.0009,0.0011,1.2222,0.1273,0.0,5,5,NMF
HALLMARK_PROTEIN_SECRETION,0.2499,0.2718,0.0219,0.5964,0.0015,0.0012,0.8,0.2351,0.0,5,5,NMF
HALLMARK_REACTIVE_OXYGEN_SPECIES_PATHWAY,0.0758,0.0864,0.0106,0.1837,0.0029,0.0038,1.3103,0.1078,0.0001,5,5,NMF
HALLMARK_SPERMATOGENESIS,-0.1095,-0.1177,-0.0082,-0.1078,0.0061,0.0055,0.9016,0.0631,0.0623,5,5,NMF
HALLMARK_TGF_BETA_SIGNALING,0.2149,0.239,0.0241,0.3198,0.006,0.0054,0.9,0.1319,0.0,5,5,NMF
HALLMARK_TNFA_SIGNALING_VIA_NFKB,0.0845,0.0952,0.0107,0.1842,0.0042,0.0025,0.5952,0.1307,0.0,5,5,NMF
HALLMARK_UNFOLDED_PROTEIN_RESPONSE,0.0986,0.1103,0.0117,0.3982,0.0009,0.0009,1.0,0.1972,0.0,5,5,NMF
HALLMARK_UV_RESPONSE_DN,0.1406,0.1513,0.0108,0.203,0.0029,0.0027,0.931,0.094,0.0009,5,5,NMF
HALLMARK_UV_RESPONSE_UP,0.1011,0.1117,0.0106,0.3301,0.0011,0.0009,0.8182,0.1491,0.0,5,5,NMF
HALLMARK_WNT_BETA_CATENIN_SIGNALING,0.0748,0.0824,0.0076,0.1068,0.005,0.0051,1.02,0.0642,0.0548,5,5,NMF
HALLMARK_XENOBIOTIC_METABOLISM,0.0645,0.0732,0.0087,0.2597,0.001,0.0012,1.2,0.1147,0.0,5,5,NMF
HALLMARK_ADIPOGENESIS,0.1441,0.1383,-0.0059,-0.1767,0.0013,0.0009,0.6923,0.1022,0.0002,2,2,NMF
HALLMARK_ALLOGRAFT_REJECTION,0.0268,0.0278,0.001,0.0161,0.0054,0.0026,0.4815,0.101,0.0003,2,2,NMF
HALLMARK_ANDROGEN_RESPONSE,0.149,0.143,-0.0059,-0.1272,0.0024,0.002,0.8333,0.0873,0.0026,2,2,NMF
HALLMARK_ANGIOGENESIS,0.2064,0.2018,-0.0046,-0.0654,0.0057,0.0043,0.7544,0.0792,0.0085,2,2,NMF
HALLMARK_APICAL_JUNCTION,0.1321,0.1284,-0.0037,-0.0895,0.002,0.0015,0.75,0.0689,0.0321,2,2,NMF
HALLMARK_APICAL_SURFACE,0.2711,0.2616,-0.0095,-0.1774,0.0028,0.0029,1.0357,0.1527,0.0,2,2,NMF
HALLMARK_APOPTOSIS,0.1559,0.1504,-0.0055,-0.2382,0.0006,0.0005,0.8333,0.1343,0.0,2,2,NMF
HALLMARK_BILE_ACID_METABOLISM,-0.0486,-0.0465,0.0021,0.0334,0.0044,0.0036,0.8182,0.0402,0.4828,2,2,NMF
HALLMARK_CHOLESTEROL_HOMEOSTASIS,-0.0789,-0.0742,0.0047,0.0926,0.0032,0.0019,0.5938,0.1033,0.0002,2,2,NMF
HALLMARK_COAGULATION,0.1149,0.1162,0.0012,0.0155,0.008,0.0041,0.5125,0.0792,0.0085,2,2,NMF
HALLMARK_COMPLEMENT,0.143,0.1387,-0.0044,-0.1224,0.0016,0.0009,0.5625,0.1297,0.0,2,2,NMF
HALLMARK_DNA_REPAIR,-0.0173,-0.0156,0.0017,0.0382,0.0025,0.0014,0.56,0.0827,0.0052,2,2,NMF
HALLMARK_E2F_TARGETS,-0.0017,-0.0022,-0.0004,-0.0056,0.0074,0.0038,0.5135,0.147,0.0,2,2,NMF
HALLMARK_EPITHELIAL_MESENCHYMAL_TRANSITION,0.227,0.2216,-0.0053,-0.0886,0.005,0.0022,0.44,0.1251,0.0,2,2,NMF
HALLMARK_ESTROGEN_RESPONSE_EARLY,0.2013,0.192,-0.0093,-0.1531,0.0045,0.0028,0.6222,0.1906,0.0,2,2,NMF
HALLMARK_ESTROGEN_RESPONSE_LATE,0.1461,0.1395,-0.0066,-0.1876,0.0014,0.0011,0.7857,0.0999,0.0003,2,2,NMF
HALLMARK_FATTY_ACID_METABOLISM,0.0003,0.0024,0.0022,0.047,0.0027,0.0016,0.5926,0.0815,0.0061,2,2,NMF
HALLMARK_G2M_CHECKPOINT,0.037,0.035,-0.002,-0.031,0.0056,0.003,0.5357,0.1596,0.0,2,2,NMF
HALLMARK_GLYCOLYSIS,0.0527,0.0497,-0.003,-0.1045,0.001,0.0006,0.6,0.0976,0.0005,2,2,NMF
HALLMARK_HEDGEHOG_SIGNALING,-0.0274,-0.0265,0.001,0.0106,0.0087,0.0075,0.8621,0.0413,0.4465,2,2,NMF
HALLMARK_HEME_METABOLISM,0.1267,0.1209,-0.0059,-0.1465,0.0019,0.0013,0.6842,0.1274,0.0,2,2,NMF
HALLMARK_HYPOXIA,0.1238,0.1203,-0.0035,-0.0733,0.0028,0.0016,0.5714,0.0976,0.0005,2,2,NMF
HALLMARK_IL2_STAT5_SIGNALING,0.1373,0.1318,-0.0055,-0.1459,0.0015,0.0013,0.8667,0.1022,0.0002,2,2,NMF
HALLMARK_IL6_JAK_STAT3_SIGNALING,0.2111,0.2051,-0.006,-0.134,0.0024,0.0017,0.7083,0.1102,0.0001,2,2,NMF
HALLMARK_INFLAMMATORY_RESPONSE,0.0312,0.0324,0.0011,0.018,0.0054,0.0026,0.4815,0.101,0.0003,2,2,NMF
HALLMARK_INTERFERON_ALPHA_RESPONSE,0.1812,0.1783,-0.0029,-0.0293,0.0138,0.0055,0.3986,0.1401,0.0,2,2,NMF
HALLMARK_INTERFERON_GAMMA_RESPONSE,0.0817,0.0808,-0.0008,-0.0161,0.0038,0.0014,0.3684,0.1332,0.0,2,2,NMF
HALLMARK_KRAS_SIGNALING_DN,-0.4406,-0.423,0.0176,0.2411,0.0053,0.0054,1.0189,0.1607,0.0,2,2,NMF
HALLMARK_KRAS_SIGNALING_UP,-0.0152,-0.0098,0.0054,0.0891,0.0044,0.0028,0.6364,0.0735,0.0181,2,2,NMF
HALLMARK_MITOTIC_SPINDLE,0.1232,0.1168,-0.0064,-0.1461,0.0025,0.0013,0.52,0.1171,0.0,2,2,NMF
HALLMARK_MTORC1_SIGNALING,0.1242,0.1205,-0.0038,-0.1237,0.0012,0.0006,0.5,0.1114,0.0,2,2,NMF
HALLMARK_MYC_TARGETS_V1,0.2461,0.2365,-0.0097,-0.2161,0.0025,0.0015,0.6,0.1286,0.0,2,2,NMF
HALLMARK_MYC_TARGETS_V2,0.0859,0.084,-0.0019,-0.0279,0.0059,0.0033,0.5593,0.0792,0.0085,2,2,NMF
HALLMARK_MYOGENESIS,0.2686,0.2605,-0.0081,-0.156,0.0032,0.0021,0.6562,0.124,0.0,2,2,NMF
HALLMARK_NOTCH_SIGNALING,0.1713,0.1689,-0.0023,-0.0348,0.0052,0.0038,0.7308,0.0551,0.1419,2,2,NMF
HALLMARK_OXIDATIVE_PHOSPHORYLATION,0.1037,0.1003,-0.0034,-0.0904,0.0018,0.001,0.5556,0.0999,0.0003,2,2,NMF
HALLMARK_P53_PATHWAY,0.0021,0.0027,0.0006,0.0179,0.0012,0.0009,0.75,0.0574,0.1133,2,2,NMF
HALLMARK_PANCREAS_BETA_CELLS,-0.2281,-0.2242,0.0039,0.0237,0.0282,0.0256,0.9078,0.0367,0.5991,2,2,NMF
HALLMARK_PEROXISOME,0.0951,0.0906,-0.0044,-0.1054,0.0018,0.0017,0.9444,0.0723,0.021,2,2,NMF
HALLMARK_PI3K_AKT_MTOR_SIGNALING,0.0965,0.0926,-0.0039,-0.1211,0.0011,0.001,0.9091,0.062,0.0703,2,2,NMF
HALLMARK_PROTEIN_SECRETION,0.2637,0.2511,-0.0125,-0.3445,0.0016,0.001,0.625,0.2032,0.0,2,2,NMF
HALLMARK_REACTIVE_OXYGEN_SPECIES_PATHWAY,0.0809,0.0816,0.0007,0.0116,0.0033,0.0031,0.9394,0.0344,0.6798,2,2,NMF
HALLMARK_SPERMATOGENESIS,-0.1167,-0.1106,0.006,0.0808,0.0067,0.0045,0.6716,0.0953,0.0007,2,2,NMF
HALLMARK_TGF_BETA_SIGNALING,0.2291,0.2211,-0.008,-0.1077,0.0064,0.0046,0.7188,0.1125,0.0,2,2,NMF
HALLMARK_TNFA_SIGNALING_VIA_NFKB,0.0902,0.0904,0.0003,0.0046,0.0047,0.0021,0.4468,0.1194,0.0,2,2,NMF
HALLMARK_UNFOLDED_PROTEIN_RESPONSE,0.1038,0.1016,-0.0022,-0.0742,0.001,0.0007,0.7,0.0597,0.0897,2,2,NMF
HALLMARK_UV_RESPONSE_DN,0.1502,0.1412,-0.009,-0.1735,0.0032,0.0021,0.6562,0.1297,0.0,2,2,NMF
HALLMARK_UV_RESPONSE_UP,0.1062,0.1039,-0.0023,-0.0706,0.0013,0.0009,0.6923,0.0689,0.0321,2,2,NMF
HALLMARK_WNT_BETA_CATENIN_SIGNALING,0.0789,0.0766,-0.0023,-0.0333,0.0055,0.0042,0.7636,0.0586,0.1009,2,2,NMF
HALLMARK_XENOBIOTIC_METABOLISM,0.068,0.0673,-0.0006,-0.0185,0.0012,0.001,0.8333,0.0425,0.4116,2,2,NMF
HALLMARK_ADIPOGENESIS,0.1361,0.1423,0.0062,0.1902,0.0012,0.0009,0.75,0.0873,0.0026,1,1,NMF
HALLMARK_ALLOGRAFT_REJECTION,0.0241,0.0254,0.0013,0.0217,0.0046,0.0028,0.6087,0.1217,0.0,1,1,NMF
HALLMARK_ANDROGEN_RESPONSE,0.1415,0.15,0.0084,0.1836,0.0021,0.0021,1.0,0.101,0.0003,1,1,NMF
HALLMARK_ANGIOGENESIS,0.1979,0.2091,0.0112,0.1644,0.005,0.0043,0.86,0.0723,0.021,1,1,NMF
HALLMARK_APICAL_JUNCTION,0.1252,0.1314,0.0062,0.1501,0.0018,0.0016,0.8889,0.0838,0.0044,1,1,NMF
HALLMARK_APICAL_SURFACE,0.2564,0.2704,0.014,0.2636,0.0026,0.003,1.1538,0.1906,0.0,1,1,NMF
HALLMARK_APOPTOSIS,0.1477,0.1549,0.0072,0.3199,0.0005,0.0005,1.0,0.1458,0.0,1,1,NMF
HALLMARK_BILE_ACID_METABOLISM,-0.0478,-0.0486,-0.0008,-0.0124,0.004,0.004,1.0,0.0253,0.9439,1,1,NMF
HALLMARK_CHOLESTEROL_HOMEOSTASIS,-0.0747,-0.0781,-0.0034,-0.0692,0.0028,0.002,0.7143,0.0563,0.127,1,1,NMF
HALLMARK_COAGULATION,0.1129,0.1219,0.0091,0.1212,0.007,0.0042,0.6,0.0735,0.0181,1,1,NMF
HALLMARK_COMPLEMENT,0.1345,0.141,0.0065,0.1878,0.0014,0.001,0.7143,0.1263,0.0,1,1,NMF
HALLMARK_DNA_REPAIR,-0.0161,-0.0161,-0.0001,-0.0017,0.0022,0.0015,0.6818,0.0551,0.1419,1,1,NMF
HALLMARK_E2F_TARGETS,-0.0011,-0.0022,-0.0011,-0.0145,0.0067,0.0045,0.6716,0.0918,0.0013,1,1,NMF
HALLMARK_EPITHELIAL_MESENCHYMAL_TRANSITION,0.218,0.2309,0.0129,0.2238,0.0045,0.0022,0.4889,0.1343,0.0,1,1,NMF
HALLMARK_ESTROGEN_RESPONSE_EARLY,0.1906,0.2002,0.0096,0.158,0.004,0.0033,0.825,0.0953,0.0007,1,1,NMF
HALLMARK_ESTROGEN_RESPONSE_LATE,0.1382,0.1443,0.0061,0.1739,0.0013,0.0012,0.9231,0.124,0.0,1,1,NMF
HALLMARK_FATTY_ACID_METABOLISM,0.0001,0.0013,0.0013,0.028,0.0024,0.0016,0.6667,0.0654,0.048,1,1,NMF
HALLMARK_G2M_CHECKPOINT,0.0353,0.0355,0.0002,0.0024,0.005,0.0037,0.74,0.1045,0.0001,1,1,NMF
HALLMARK_GLYCOLYSIS,0.0511,0.0527,0.0016,0.0546,0.0009,0.0007,0.7778,0.0758,0.0135,1,1,NMF
HALLMARK_HEDGEHOG_SIGNALING,-0.0273,-0.0292,-0.0019,-0.0212,0.0075,0.0083,1.1067,0.0379,0.5594,1,1,NMF
HALLMARK_HEME_METABOLISM,0.12,0.1255,0.0054,0.1358,0.0017,0.0015,0.8824,0.0551,0.1419,1,1,NMF
HALLMARK_HYPOXIA,0.1182,0.1247,0.0064,0.1387,0.0026,0.0017,0.6538,0.101,0.0003,1,1,NMF
HALLMARK_IL2_STAT5_SIGNALING,0.1297,0.1359,0.0062,0.1706,0.0013,0.0014,1.0769,0.0896,0.0019,1,1,NMF
HALLMARK_IL6_JAK_STAT3_SIGNALING,0.1997,0.2112,0.0115,0.2621,0.0021,0.0018,0.8571,0.1263,0.0,1,1,NMF
HALLMARK_INFLAMMATORY_RESPONSE,0.0292,0.032,0.0027,0.0442,0.0048,0.0029,0.6042,0.0907,0.0015,1,1,NMF
HALLMARK_INTERFERON_ALPHA_RESPONSE,0.1668,0.1752,0.0084,0.0896,0.0128,0.0047,0.3672,0.1493,0.0,1,1,NMF
HALLMARK_INTERFERON_GAMMA_RESPONSE,0.0751,0.0789,0.0038,0.0783,0.0033,0.0013,0.3939,0.155,0.0,1,1,NMF
HALLMARK_KRAS_SIGNALING_DN,-0.4178,-0.4378,-0.0201,-0.2799,0.0047,0.0056,1.1915,0.2101,0.0,1,1,NMF
HALLMARK_KRAS_SIGNALING_UP,-0.0127,-0.0097,0.003,0.0522,0.0039,0.0029,0.7436,0.0586,0.1009,1,1,NMF
HALLMARK_MITOTIC_SPINDLE,0.1172,0.1217,0.0045,0.1048,0.0022,0.0015,0.6818,0.093,0.0011,1,1,NMF
HALLMARK_MTORC1_SIGNALING,0.1178,0.1242,0.0064,0.2153,0.0011,0.0007,0.6364,0.1711,0.0,1,1,NMF
HALLMARK_MYC_TARGETS_V1,0.2336,0.2448,0.0112,0.2524,0.0023,0.0017,0.7391,0.1699,0.0,1,1,NMF
HALLMARK_MYC_TARGETS_V2,0.0803,0.0859,0.0056,0.0838,0.0055,0.0035,0.6364,0.1045,0.0001,1,1,NMF
HALLMARK_MYOGENESIS,0.2554,0.2696,0.0142,0.2794,0.0028,0.0023,0.8214,0.1194,0.0,1,1,NMF
HALLMARK_NOTCH_SIGNALING,0.1636,0.1754,0.0117,0.1744,0.0049,0.0042,0.8571,0.1022,0.0002,1,1,NMF
HALLMARK_OXIDATIVE_PHOSPHORYLATION,0.0978,0.1028,0.005,0.1339,0.0017,0.0011,0.6471,0.0964,0.0006,1,1,NMF
HALLMARK_P53_PATHWAY,0.0022,0.0023,0.0001,0.0016,0.0011,0.001,0.9091,0.031,0.7968,1,1,NMF
HALLMARK_PANCREAS_BETA_CELLS,-0.2149,-0.228,-0.0131,-0.0792,0.0253,0.029,1.1462,0.0792,0.0085,1,1,NMF
HALLMARK_PEROXISOME,0.0896,0.093,0.0034,0.0798,0.0017,0.0019,1.1176,0.0494,0.239,1,1,NMF
HALLMARK_PI3K_AKT_MTOR_SIGNALING,0.0918,0.0954,0.0036,0.1137,0.0009,0.001,1.1111,0.0631,0.062,1,1,NMF
HALLMARK_PROTEIN_SECRETION,0.2493,0.2601,0.0107,0.2888,0.0015,0.0013,0.8667,0.1366,0.0,1,1,NMF
HALLMARK_REACTIVE_OXYGEN_SPECIES_PATHWAY,0.0749,0.0828,0.0079,0.1428,0.0029,0.0032,1.1034,0.0827,0.0052,1,1,NMF
HALLMARK_SPERMATOGENESIS,-0.1106,-0.1144,-0.0038,-0.0508,0.0061,0.0049,0.8033,0.0563,0.127,1,1,NMF
HALLMARK_TGF_BETA_SIGNALING,0.2182,0.2305,0.0123,0.1654,0.0058,0.0052,0.8966,0.0654,0.048,1,1,NMF
HALLMARK_TNFA_SIGNALING_VIA_NFKB,0.084,0.0906,0.0066,0.1184,0.0043,0.002,0.4651,0.1458,0.0,1,1,NMF
HALLMARK_UNFOLDED_PROTEIN_RESPONSE,0.0985,0.1052,0.0067,0.2347,0.0009,0.0008,0.8889,0.1251,0.0,1,1,NMF
HALLMARK_UV_RESPONSE_DN,0.1421,0.1472,0.0051,0.0994,0.0029,0.0024,0.8276,0.0528,0.1761,1,1,NMF
HALLMARK_UV_RESPONSE_UP,0.0994,0.1052,0.0058,0.1886,0.0011,0.0007,0.6364,0.1206,0.0,1,1,NMF
HALLMARK_WNT_BETA_CATENIN_SIGNALING,0.0752,0.0788,0.0035,0.05,0.0052,0.0047,0.9038,0.0436,0.3785,1,1,NMF
HALLMARK_XENOBIOTIC_METABOLISM,0.0628,0.0672,0.0044,0.1356,0.0011,0.001,0.9091,0.0873,0.0026,1,1,NMF
HALLMARK_ADIPOGENESIS,0.1367,0.1481,0.0114,0.3396,0.0012,0.001,0.8333,0.1584,0.0,3,3,NMF
HALLMARK_ALLOGRAFT_REJECTION,0.0238,0.0255,0.0017,0.0277,0.0047,0.003,0.6383,0.1286,0.0,3,3,NMF
HALLMARK_ANDROGEN_RESPONSE,0.1417,0.1559,0.0142,0.2975,0.0022,0.0024,1.0909,0.1757,0.0,3,3,NMF
HALLMARK_ANGIOGENESIS,0.1966,0.2138,0.0172,0.2456,0.0049,0.0049,1.0,0.1079,0.0001,3,3,NMF
HALLMARK_APICAL_JUNCTION,0.124,0.1347,0.0107,0.2577,0.0017,0.0017,1.0,0.124,0.0,3,3,NMF
HALLMARK_APICAL_SURFACE,0.2567,0.2818,0.0251,0.4791,0.0026,0.0029,1.1154,0.3249,0.0,3,3,NMF
HALLMARK_APOPTOSIS,0.1477,0.1609,0.0131,0.5687,0.0006,0.0005,0.8333,0.2239,0.0,3,3,NMF
HALLMARK_BILE_ACID_METABOLISM,-0.046,-0.0483,-0.0023,-0.0373,0.0038,0.004,1.0526,0.0333,0.7198,3,3,NMF
HALLMARK_CHOLESTEROL_HOMEOSTASIS,-0.0735,-0.0798,-0.0062,-0.125,0.0028,0.0022,0.7857,0.062,0.0703,3,3,NMF
HALLMARK_COAGULATION,0.1079,0.1212,0.0133,0.1748,0.007,0.0047,0.6714,0.0861,0.0031,3,3,NMF
HALLMARK_COMPLEMENT,0.1345,0.1462,0.0118,0.3402,0.0014,0.001,0.7143,0.1699,0.0,3,3,NMF
HALLMARK_DNA_REPAIR,-0.0149,-0.0154,-0.0005,-0.0113,0.0022,0.0017,0.7727,0.0471,0.2894,3,3,NMF
HALLMARK_E2F_TARGETS,0.0017,0.0003,-0.0014,-0.0192,0.0067,0.0045,0.6716,0.0873,0.0026,3,3,NMF
HALLMARK_EPITHELIAL_MESENCHYMAL_TRANSITION,0.2145,0.2353,0.0208,0.3555,0.0044,0.0024,0.5455,0.1504,0.0,3,3,NMF
HALLMARK_ESTROGEN_RESPONSE_EARLY,0.1914,0.2092,0.0178,0.2949,0.004,0.0033,0.825,0.1412,0.0,3,3,NMF
HALLMARK_ESTROGEN_RESPONSE_LATE,0.1396,0.152,0.0124,0.3418,0.0013,0.0013,1.0,0.194,0.0,3,3,NMF
HALLMARK_FATTY_ACID_METABOLISM,0.0016,0.0033,0.0017,0.0376,0.0024,0.0019,0.7917,0.0494,0.239,3,3,NMF
HALLMARK_G2M_CHECKPOINT,0.0372,0.0384,0.0012,0.0183,0.005,0.0036,0.72,0.1022,0.0002,3,3,NMF
HALLMARK_GLYCOLYSIS,0.0512,0.0541,0.0029,0.0979,0.001,0.0008,0.8,0.0987,0.0004,3,3,NMF
HALLMARK_HEDGEHOG_SIGNALING,-0.0298,-0.034,-0.0041,-0.0457,0.0076,0.0089,1.1711,0.0482,0.2633,3,3,NMF
HALLMARK_HEME_METABOLISM,0.1186,0.1285,0.0099,0.242,0.0018,0.0016,0.8889,0.0861,0.0031,3,3,NMF
HALLMARK_HYPOXIA,0.1164,0.1268,0.0104,0.2224,0.0025,0.0019,0.76,0.132,0.0,3,3,NMF
HALLMARK_IL2_STAT5_SIGNALING,0.1291,0.1402,0.0111,0.3013,0.0013,0.0014,1.0769,0.1424,0.0,3,3,NMF
HALLMARK_IL6_JAK_STAT3_SIGNALING,0.1992,0.2179,0.0187,0.4152,0.002,0.002,1.0,0.1917,0.0,3,3,NMF
HALLMARK_INFLAMMATORY_RESPONSE,0.0281,0.0306,0.0026,0.0404,0.0048,0.0032,0.6667,0.0873,0.0026,3,3,NMF
HALLMARK_INTERFERON_ALPHA_RESPONSE,0.1698,0.1849,0.0151,0.1598,0.0126,0.0053,0.4206,0.1699,0.0,3,3,NMF
HALLMARK_INTERFERON_GAMMA_RESPONSE,0.0762,0.0829,0.0067,0.1345,0.0034,0.0016,0.4706,0.1573,0.0,3,3,NMF
HALLMARK_KRAS_SIGNALING_DN,-0.4184,-0.4543,-0.0358,-0.4898,0.0046,0.0061,1.3261,0.3467,0.0,3,3,NMF
HALLMARK_KRAS_SIGNALING_UP,-0.0148,-0.0137,0.0011,0.0186,0.0038,0.0035,0.9211,0.0356,0.6394,3,3,NMF
HALLMARK_MITOTIC_SPINDLE,0.1174,0.126,0.0086,0.1949,0.0022,0.0017,0.7727,0.1332,0.0,3,3,NMF
HALLMARK_MTORC1_SIGNALING,0.1184,0.1291,0.0106,0.3469,0.0011,0.0008,0.7273,0.2032,0.0,3,3,NMF
HALLMARK_MYC_TARGETS_V1,0.2354,0.2552,0.0198,0.4368,0.0023,0.0018,0.7826,0.2411,0.0,3,3,NMF
HALLMARK_MYC_TARGETS_V2,0.0837,0.0918,0.0081,0.118,0.0054,0.004,0.7407,0.0976,0.0005,3,3,NMF
HALLMARK_MYOGENESIS,0.2537,0.2777,0.024,0.4738,0.0028,0.0023,0.8214,0.1871,0.0,3,3,NMF
HALLMARK_NOTCH_SIGNALING,0.159,0.1771,0.0181,0.2683,0.0048,0.0044,0.9167,0.1286,0.0,3,3,NMF
HALLMARK_OXIDATIVE_PHOSPHORYLATION,0.0999,0.1088,0.0089,0.2276,0.0017,0.0014,0.8235,0.116,0.0,3,3,NMF
HALLMARK_P53_PATHWAY,0.0018,0.0013,-0.0005,-0.0142,0.0011,0.0012,1.0909,0.0379,0.5594,3,3,NMF
HALLMARK_PANCREAS_BETA_CELLS,-0.2174,-0.2387,-0.0212,-0.1213,0.0278,0.0334,1.2014,0.0907,0.0015,3,3,NMF
HALLMARK_PEROXISOME,0.0913,0.0988,0.0075,0.1747,0.0017,0.002,1.1765,0.0815,0.0061,3,3,NMF
HALLMARK_PI3K_AKT_MTOR_SIGNALING,0.0918,0.099,0.0072,0.2234,0.0009,0.0012,1.3333,0.1194,0.0,3,3,NMF
HALLMARK_PROTEIN_SECRETION,0.25,0.27,0.0201,0.5305,0.0015,0.0014,0.9333,0.2377,0.0,3,3,NMF
HALLMARK_REACTIVE_OXYGEN_SPECIES_PATHWAY,0.0767,0.0867,0.01,0.1758,0.0029,0.0036,1.2414,0.1137,0.0,3,3,NMF
HALLMARK_SPERMATOGENESIS,-0.1081,-0.116,-0.0079,-0.1074,0.0059,0.005,0.8475,0.0666,0.042,3,3,NMF
HALLMARK_TGF_BETA_SIGNALING,0.2143,0.235,0.0207,0.2735,0.0059,0.0056,0.9492,0.1148,0.0,3,3,NMF
HALLMARK_TNFA_SIGNALING_VIA_NFKB,0.0832,0.093,0.0098,0.1708,0.0043,0.0023,0.5349,0.1378,0.0,3,3,NMF
HALLMARK_UNFOLDED_PROTEIN_RESPONSE,0.0987,0.1091,0.0104,0.36,0.0008,0.0008,1.0,0.1734,0.0,3,3,NMF
HALLMARK_UV_RESPONSE_DN,0.1414,0.1521,0.0107,0.2051,0.0029,0.0026,0.8966,0.0804,0.0072,3,3,NMF
HALLMARK_UV_RESPONSE_UP,0.1003,0.1096,0.0093,0.2872,0.0011,0.001,0.9091,0.1274,0.0,3,3,NMF
HALLMARK_WNT_BETA_CATENIN_SIGNALING,0.0732,0.0787,0.0055,0.0775,0.0051,0.005,0.9804,0.054,0.1583,3,3,NMF
HALLMARK_XENOBIOTIC_METABOLISM,0.0636,0.0703,0.0067,0.2005,0.001,0.0012,1.2,0.101,0.0003,3,3,NMF
HALLMARK_ADIPOGENESIS,0.1376,0.1476,0.01,0.3133,0.0012,0.0009,0.75,0.1504,0.0,4,4,NMF
HALLMARK_ALLOGRAFT_REJECTION,0.0247,0.0273,0.0026,0.0412,0.0047,0.0031,0.6596,0.1171,0.0,4,4,NMF
HALLMARK_ANDROGEN_RESPONSE,0.1418,0.1535,0.0117,0.2461,0.0022,0.0024,1.0909,0.1424,0.0,4,4,NMF
HALLMARK_ANGIOGENESIS,0.1978,0.2139,0.0161,0.2294,0.005,0.0047,0.94,0.085,0.0037,4,4,NMF
HALLMARK_APICAL_JUNCTION,0.1246,0.1346,0.0099,0.2355,0.0018,0.0017,0.9444,0.1091,0.0001,4,4,NMF
HALLMARK_APICAL_SURFACE,0.2571,0.2782,0.0211,0.3937,0.0026,0.0031,1.1923,0.2928,0.0,4,4,NMF
HALLMARK_APOPTOSIS,0.1481,0.1595,0.0114,0.4864,0.0006,0.0005,0.8333,0.2021,0.0,4,4,NMF
HALLMARK_BILE_ACID_METABOLISM,-0.0477,-0.0504,-0.0026,-0.0418,0.0039,0.004,1.0256,0.031,0.7968,4,4,NMF
HALLMARK_CHOLESTEROL_HOMEOSTASIS,-0.0741,-0.0779,-0.0038,-0.0762,0.0028,0.0021,0.75,0.0586,0.1009,4,4,NMF
HALLMARK_COAGULATION,0.1108,0.1248,0.014,0.1842,0.0074,0.0042,0.5676,0.0896,0.0019,4,4,NMF
HALLMARK_COMPLEMENT,0.1347,0.1458,0.0111,0.3175,0.0014,0.001,0.7143,0.1745,0.0,4,4,NMF
HALLMARK_DNA_REPAIR,-0.0175,-0.0177,-0.0002,-0.005,0.0022,0.0016,0.7273,0.039,0.5206,4,4,NMF
HALLMARK_E2F_TARGETS,-0.002,-0.0039,-0.0019,-0.0265,0.0066,0.0041,0.6212,0.0964,0.0006,4,4,NMF
HALLMARK_EPITHELIAL_MESENCHYMAL_TRANSITION,0.2165,0.2364,0.0199,0.3315,0.0048,0.0024,0.5,0.1538,0.0,4,4,NMF
HALLMARK_ESTROGEN_RESPONSE_EARLY,0.191,0.2053,0.0143,0.2341,0.004,0.0034,0.85,0.1286,0.0,4,4,NMF
HALLMARK_ESTROGEN_RESPONSE_LATE,0.1379,0.1475,0.0096,0.27,0.0013,0.0013,1.0,0.1665,0.0,4,4,NMF
HALLMARK_FATTY_ACID_METABOLISM,0.0007,0.0033,0.0026,0.0582,0.0022,0.0019,0.8636,0.0517,0.1954,4,4,NMF
HALLMARK_G2M_CHECKPOINT,0.0346,0.0356,0.0009,0.0143,0.005,0.0032,0.64,0.116,0.0,4,4,NMF
HALLMARK_GLYCOLYSIS,0.0506,0.0533,0.0026,0.0925,0.001,0.0007,0.7,0.1033,0.0002,4,4,NMF
HALLMARK_HEDGEHOG_SIGNALING,-0.0269,-0.0306,-0.0037,-0.0412,0.0075,0.0085,1.1333,0.0413,0.4465,4,4,NMF
HALLMARK_HEME_METABOLISM,0.1201,0.128,0.0079,0.1911,0.0018,0.0016,0.8889,0.0689,0.0321,4,4,NMF
HALLMARK_HYPOXIA,0.1184,0.1285,0.0102,0.2161,0.0026,0.0018,0.6923,0.1114,0.0,4,4,NMF
HALLMARK_IL2_STAT5_SIGNALING,0.1305,0.1403,0.0098,0.2629,0.0013,0.0015,1.1538,0.1332,0.0,4,4,NMF
HALLMARK_IL6_JAK_STAT3_SIGNALING,0.2,0.217,0.017,0.373,0.0021,0.002,0.9524,0.1665,0.0,4,4,NMF
HALLMARK_INFLAMMATORY_RESPONSE,0.0286,0.0321,0.0035,0.0566,0.0047,0.0031,0.6596,0.0861,0.0031,4,4,NMF
HALLMARK_INTERFERON_ALPHA_RESPONSE,0.1689,0.1865,0.0177,0.1836,0.0126,0.0059,0.4683,0.155,0.0,4,4,NMF
HALLMARK_INTERFERON_GAMMA_RESPONSE,0.0755,0.0833,0.0078,0.1586,0.0035,0.0014,0.4,0.1745,0.0,4,4,NMF
HALLMARK_KRAS_SIGNALING_DN,-0.4186,-0.4494,-0.0309,-0.4235,0.0049,0.0058,1.1837,0.2985,0.0,4,4,NMF
HALLMARK_KRAS_SIGNALING_UP,-0.0136,-0.0108,0.0028,0.0472,0.0038,0.003,0.7895,0.0528,0.1761,4,4,NMF
HALLMARK_MITOTIC_SPINDLE,0.1162,0.1225,0.0063,0.1466,0.0022,0.0015,0.6818,0.0918,0.0013,4,4,NMF
HALLMARK_MTORC1_SIGNALING,0.1183,0.1276,0.0092,0.3114,0.0011,0.0007,0.6364,0.1952,0.0,4,4,NMF
HALLMARK_MYC_TARGETS_V1,0.234,0.2505,0.0165,0.3715,0.0023,0.0016,0.6957,0.2434,0.0,4,4,NMF
HALLMARK_MYC_TARGETS_V2,0.0819,0.0895,0.0076,0.1116,0.0056,0.0038,0.6786,0.1194,0.0,4,4,NMF
HALLMARK_MYOGENESIS,0.2553,0.2781,0.0228,0.4376,0.003,0.0025,0.8333,0.1757,0.0,4,4,NMF
HALLMARK_NOTCH_SIGNALING,0.1629,0.179,0.0161,0.2358,0.0049,0.0044,0.898,0.1022,0.0002,4,4,NMF
HALLMARK_OXIDATIVE_PHOSPHORYLATION,0.0994,0.1073,0.0079,0.2099,0.0016,0.0012,0.75,0.1228,0.0,4,4,NMF
HALLMARK_P53_PATHWAY,0.0023,0.0032,0.0009,0.0279,0.0012,0.0011,0.9167,0.0264,0.9217,4,4,NMF
HALLMARK_PANCREAS_BETA_CELLS,-0.2166,-0.2356,-0.019,-0.1138,0.0258,0.03,1.1628,0.0884,0.0022,4,4,NMF
HALLMARK_PEROXISOME,0.0897,0.0965,0.0068,0.1623,0.0016,0.0019,1.1875,0.0918,0.0013,4,4,NMF
HALLMARK_PI3K_AKT_MTOR_SIGNALING,0.092,0.0984,0.0064,0.202,0.0009,0.0011,1.2222,0.1056,0.0001,4,4,NMF
HALLMARK_PROTEIN_SECRETION,0.2502,0.266,0.0158,0.4262,0.0015,0.0013,0.8667,0.1906,0.0,4,4,NMF
HALLMARK_REACTIVE_OXYGEN_SPECIES_PATHWAY,0.0778,0.0869,0.0091,0.1612,0.0028,0.0035,1.25,0.0964,0.0006,4,4,NMF
HALLMARK_SPERMATOGENESIS,-0.1113,-0.1185,-0.0071,-0.0968,0.006,0.0049,0.8167,0.0712,0.0242,4,4,NMF
HALLMARK_TGF_BETA_SIGNALING,0.2162,0.2331,0.0169,0.2245,0.006,0.0054,0.9,0.0941,0.0009,4,4,NMF
HALLMARK_TNFA_SIGNALING_VIA_NFKB,0.0845,0.095,0.0105,0.18,0.0044,0.0024,0.5455,0.1183,0.0,4,4,NMF
HALLMARK_UNFOLDED_PROTEIN_RESPONSE,0.0987,0.1078,0.009,0.3099,0.0009,0.0008,0.8889,0.1745,0.0,4,4,NMF
HALLMARK_UV_RESPONSE_DN,0.1426,0.1506,0.008,0.1526,0.0029,0.0026,0.8966,0.0643,0.0546,4,4,NMF
HALLMARK_UV_RESPONSE_UP,0.1006,0.1099,0.0093,0.2872,0.0011,0.001,0.9091,0.1137,0.0,4,4,NMF
HALLMARK_WNT_BETA_CATENIN_SIGNALING,0.0751,0.0807,0.0055,0.0763,0.0052,0.0053,1.0192,0.0505,0.2164,4,4,NMF
HALLMARK_XENOBIOTIC_METABOLISM,0.0638,0.0708,0.007,0.2136,0.0011,0.0011,1.0,0.1217,0.0,4,4,NMF
HALLMARK_ADIPOGENESIS,0.1361,0.0578,-0.0783,-1.9381,0.0012,0.002,1.6667,0.6177,0.0,1,1,P-NMF
HALLMARK_ALLOGRAFT_REJECTION,0.0241,0.0378,0.0137,0.2038,0.0046,0.0045,0.9783,0.1768,0.0,1,1,P-NMF
HALLMARK_ANDROGEN_RESPONSE,0.1415,0.1023,-0.0393,-0.5631,0.0021,0.0076,3.619,0.3065,0.0,1,1,P-NMF
HALLMARK_ANGIOGENESIS,0.1979,0.1369,-0.061,-0.768,0.005,0.0076,1.52,0.3123,0.0,1,1,P-NMF
HALLMARK_APICAL_JUNCTION,0.1252,0.08,-0.0452,-0.9014,0.0018,0.0033,1.8333,0.4535,0.0,1,1,P-NMF
HALLMARK_APICAL_SURFACE,0.2564,0.0281,-0.2283,-2.2425,0.0026,0.0181,6.9615,0.8462,0.0,1,1,P-NMF
HALLMARK_APOPTOSIS,0.1477,0.0904,-0.0573,-1.6056,0.0005,0.002,4.0,0.6165,0.0,1,1,P-NMF
HALLMARK_BILE_ACID_METABOLISM,-0.0478,-0.0605,-0.0127,-0.1534,0.004,0.0097,2.425,0.2193,0.0,1,1,P-NMF
HALLMARK_CHOLESTEROL_HOMEOSTASIS,-0.0747,0.0719,0.1467,2.384,0.0028,0.0047,1.6786,0.7555,0.0,1,1,P-NMF
HALLMARK_COAGULATION,0.1129,0.0738,-0.0391,-0.5572,0.007,0.0029,0.4143,0.3341,0.0,1,1,P-NMF
HALLMARK_COMPLEMENT,0.1345,0.0714,-0.0632,-1.6333,0.0014,0.0016,1.1429,0.6223,0.0,1,1,P-NMF
HALLMARK_DNA_REPAIR,-0.0161,-0.0034,0.0127,0.2075,0.0022,0.0053,2.4091,0.279,0.0,1,1,P-NMF
HALLMARK_E2F_TARGETS,-0.0011,0.0402,0.0414,0.6291,0.0067,0.002,0.2985,0.3685,0.0,1,1,P-NMF
HALLMARK_EPITHELIAL_MESENCHYMAL_TRANSITION,0.218,0.1122,-0.1058,-1.5728,0.0045,0.0046,1.0222,0.6326,0.0,1,1,P-NMF
HALLMARK_ESTROGEN_RESPONSE_EARLY,0.1906,0.0893,-0.1013,-1.5914,0.004,0.0041,1.025,0.6005,0.0,1,1,P-NMF
HALLMARK_ESTROGEN_RESPONSE_LATE,0.1382,0.0746,-0.0636,-1.4618,0.0013,0.0025,1.9231,0.5063,0.0,1,1,P-NMF
HALLMARK_FATTY_ACID_METABOLISM,0.0001,0.0318,0.0318,0.5123,0.0024,0.0053,2.2083,0.3042,0.0,1,1,P-NMF
HALLMARK_G2M_CHECKPOINT,0.0353,0.0529,0.0176,0.2847,0.005,0.0026,0.52,0.2951,0.0,1,1,P-NMF
HALLMARK_GLYCOLYSIS,0.0511,0.0752,0.0241,0.5941,0.0009,0.0024,2.6667,0.4202,0.0,1,1,P-NMF
HALLMARK_HEDGEHOG_SIGNALING,-0.0273,0.0759,0.1032,0.9985,0.0075,0.0139,1.8533,0.3961,0.0,1,1,P-NMF
HALLMARK_HEME_METABOLISM,0.12,0.0634,-0.0566,-1.1775,0.0017,0.0029,1.7059,0.4202,0.0,1,1,P-NMF
HALLMARK_HYPOXIA,0.1182,0.0852,-0.033,-0.6856,0.0026,0.002,0.7692,0.3352,0.0,1,1,P-NMF
HALLMARK_IL2_STAT5_SIGNALING,0.1297,0.0839,-0.0458,-1.1141,0.0013,0.0021,1.6154,0.4822,0.0,1,1,P-NMF
HALLMARK_IL6_JAK_STAT3_SIGNALING,0.1997,0.085,-0.1147,-1.8582,0.0021,0.0055,2.619,0.698,0.0,1,1,P-NMF
HALLMARK_INFLAMMATORY_RESPONSE,0.0292,0.077,0.0478,0.6614,0.0048,0.0057,1.1875,0.2468,0.0,1,1,P-NMF
HALLMARK_INTERFERON_ALPHA_RESPONSE,0.1668,0.0642,-0.1026,-0.9696,0.0128,0.0096,0.75,0.3479,0.0,1,1,P-NMF
HALLMARK_INTERFERON_GAMMA_RESPONSE,0.0751,0.0539,-0.0212,-0.3904,0.0033,0.0025,0.7576,0.2032,0.0,1,1,P-NMF
HALLMARK_KRAS_SIGNALING_DN,-0.4178,-0.062,0.3557,3.0089,0.0047,0.0233,4.9574,0.8875,0.0,1,1,P-NMF
HALLMARK_KRAS_SIGNALING_UP,-0.0127,0.0459,0.0586,0.8821,0.0039,0.0049,1.2564,0.4214,0.0,1,1,P-NMF
HALLMARK_MITOTIC_SPINDLE,0.1172,0.0998,-0.0174,-0.2939,0.0022,0.0047,2.1364,0.2239,0.0,1,1,P-NMF
HALLMARK_MTORC1_SIGNALING,0.1178,0.0763,-0.0415,-1.0978,0.0011,0.0018,1.6364,0.4558,0.0,1,1,P-NMF
HALLMARK_MYC_TARGETS_V1,0.2336,0.1057,-0.1279,-2.3132,0.0023,0.0038,1.6522,0.8726,0.0,1,1,P-NMF
HALLMARK_MYC_TARGETS_V2,0.0803,0.0579,-0.0223,-0.2815,0.0055,0.0071,1.2909,0.2147,0.0,1,1,P-NMF
HALLMARK_MYOGENESIS,0.2554,0.1106,-0.1448,-2.3983,0.0028,0.0045,1.6071,0.8393,0.0,1,1,P-NMF
HALLMARK_NOTCH_SIGNALING,0.1636,0.1107,-0.0529,-0.6503,0.0049,0.0084,1.7143,0.2664,0.0,1,1,P-NMF
HALLMARK_OXIDATIVE_PHOSPHORYLATION,0.0978,0.0656,-0.0322,-0.5085,0.0017,0.0063,3.7059,0.3375,0.0,1,1,P-NMF
HALLMARK_P53_PATHWAY,0.0022,0.0482,0.046,1.2428,0.0011,0.0016,1.4545,0.5385,0.0,1,1,P-NMF
HALLMARK_PANCREAS_BETA_CELLS,-0.2149,-0.159,0.056,0.2237,0.0253,0.0998,3.9447,0.271,0.0,1,1,P-NMF
HALLMARK_PEROXISOME,0.0896,0.0321,-0.0576,-1.0504,0.0017,0.0043,2.5294,0.4546,0.0,1,1,P-NMF
HALLMARK_PI3K_AKT_MTOR_SIGNALING,0.0918,0.0963,0.0045,0.0913,0.0009,0.0038,4.2222,0.2078,0.0,1,1,P-NMF
HALLMARK_PROTEIN_SECRETION,0.2493,0.1349,-0.1144,-1.9724,0.0015,0.0052,3.4667,0.6728,0.0,1,1,P-NMF
HALLMARK_REACTIVE_OXYGEN_SPECIES_PATHWAY,0.0749,0.0579,-0.0171,-0.2447,0.0029,0.0068,2.3448,0.217,0.0,1,1,P-NMF
HALLMARK_SPERMATOGENESIS,-0.1106,0.0485,0.1592,2.3376,0.0061,0.0032,0.5246,0.7853,0.0,1,1,P-NMF
HALLMARK_TGF_BETA_SIGNALING,0.2182,0.0911,-0.1271,-1.4893,0.0058,0.0088,1.5172,0.5718,0.0,1,1,P-NMF
HALLMARK_TNFA_SIGNALING_VIA_NFKB,0.084,0.0647,-0.0193,-0.362,0.0043,0.0014,0.3256,0.2595,0.0,1,1,P-NMF
HALLMARK_UNFOLDED_PROTEIN_RESPONSE,0.0985,0.0804,-0.0181,-0.3801,0.0009,0.0037,4.1111,0.2032,0.0,1,1,P-NMF
HALLMARK_UV_RESPONSE_DN,0.1421,0.0792,-0.0629,-1.2541,0.0029,0.0022,0.7586,0.5591,0.0,1,1,P-NMF
HALLMARK_UV_RESPONSE_UP,0.0994,0.078,-0.0215,-0.4622,0.0011,0.0032,2.9091,0.3375,0.0,1,1,P-NMF
HALLMARK_WNT_BETA_CATENIN_SIGNALING,0.0752,0.0569,-0.0184,-0.2028,0.0052,0.0112,2.1538,0.1825,0.0,1,1,P-NMF
HALLMARK_XENOBIOTIC_METABOLISM,0.0628,0.0588,-0.004,-0.0963,0.0011,0.0024,2.1818,0.2021,0.0,1,1,P-NMF
HALLMARK_ADIPOGENESIS,0.1367,0.0626,-0.0741,-1.8421,0.0012,0.002,1.6667,0.6349,0.0,3,3,P-NMF
HALLMARK_ALLOGRAFT_REJECTION,0.0238,0.0359,0.0121,0.1741,0.0047,0.005,1.0638,0.1573,0.0,3,3,P-NMF
HALLMARK_ANDROGEN_RESPONSE,0.1417,0.092,-0.0497,-0.7174,0.0022,0.0074,3.3636,0.3364,0.0,3,3,P-NMF
HALLMARK_ANGIOGENESIS,0.1966,0.136,-0.0606,-0.7638,0.0049,0.0077,1.5714,0.3008,0.0,3,3,P-NMF
HALLMARK_APICAL_JUNCTION,0.124,0.0825,-0.0416,-0.8362,0.0017,0.0032,1.8824,0.4386,0.0,3,3,P-NMF
HALLMARK_APICAL_SURFACE,0.2567,0.0188,-0.2379,-2.5885,0.0026,0.0143,5.5,0.8565,0.0,3,3,P-NMF
HALLMARK_APOPTOSIS,0.1477,0.0856,-0.0621,-1.9289,0.0006,0.0015,2.5,0.667,0.0,3,3,P-NMF
HALLMARK_BILE_ACID_METABOLISM,-0.046,-0.0328,0.0131,0.1458,0.0038,0.0124,3.2632,0.2032,0.0,3,3,P-NMF
HALLMARK_CHOLESTEROL_HOMEOSTASIS,-0.0735,0.0724,0.1459,2.2819,0.0028,0.0053,1.8929,0.713,0.0,3,3,P-NMF
HALLMARK_COAGULATION,0.1079,0.0741,-0.0337,-0.4704,0.007,0.0033,0.4714,0.3352,0.0,3,3,P-NMF
HALLMARK_COMPLEMENT,0.1345,0.0734,-0.061,-1.5887,0.0014,0.0016,1.1429,0.6383,0.0,3,3,P-NMF
HALLMARK_DNA_REPAIR,-0.0149,-0.006,0.0089,0.1566,0.0022,0.0042,1.9091,0.2067,0.0,3,3,P-NMF
HALLMARK_E2F_TARGETS,0.0017,0.0454,0.0437,0.6783,0.0067,0.0016,0.2388,0.4455,0.0,3,3,P-NMF
HALLMARK_EPITHELIAL_MESENCHYMAL_TRANSITION,0.2145,0.1104,-0.1042,-1.6448,0.0044,0.0036,0.8182,0.6751,0.0,3,3,P-NMF
HALLMARK_ESTROGEN_RESPONSE_EARLY,0.1914,0.0804,-0.111,-1.7096,0.004,0.0045,1.125,0.6016,0.0,3,3,P-NMF
HALLMARK_ESTROGEN_RESPONSE_LATE,0.1396,0.0651,-0.0745,-1.7236,0.0013,0.0024,1.8462,0.5809,0.0,3,3,P-NMF
HALLMARK_FATTY_ACID_METABOLISM,0.0016,0.0282,0.0266,0.4647,0.0024,0.0041,1.7083,0.2354,0.0,3,3,P-NMF
HALLMARK_G2M_CHECKPOINT,0.0372,0.0503,0.0131,0.2143,0.005,0.0025,0.5,0.2951,0.0,3,3,P-NMF
HALLMARK_GLYCOLYSIS,0.0512,0.0744,0.0232,0.5559,0.001,0.0025,2.5,0.3915,0.0,3,3,P-NMF
HALLMARK_HEDGEHOG_SIGNALING,-0.0298,0.0712,0.101,0.9556,0.0076,0.0148,1.9474,0.3881,0.0,3,3,P-NMF
HALLMARK_HEME_METABOLISM,0.1186,0.0726,-0.0459,-0.9221,0.0018,0.0032,1.7778,0.3387,0.0,3,3,P-NMF
HALLMARK_HYPOXIA,0.1164,0.0849,-0.0315,-0.6425,0.0025,0.0023,0.92,0.3146,0.0,3,3,P-NMF
HALLMARK_IL2_STAT5_SIGNALING,0.1291,0.0785,-0.0506,-1.2783,0.0013,0.0018,1.3846,0.5408,0.0,3,3,P-NMF
HALLMARK_IL6_JAK_STAT3_SIGNALING,0.1992,0.0871,-0.1122,-1.8981,0.002,0.005,2.5,0.6659,0.0,3,3,P-NMF
HALLMARK_INFLAMMATORY_RESPONSE,0.0281,0.0822,0.0541,0.703,0.0048,0.007,1.4583,0.2629,0.0,3,3,P-NMF
HALLMARK_INTERFERON_ALPHA_RESPONSE,0.1698,0.0854,-0.0844,-0.7843,0.0126,0.0106,0.8413,0.2721,0.0,3,3,P-NMF
HALLMARK_INTERFERON_GAMMA_RESPONSE,0.0762,0.0551,-0.0211,-0.3881,0.0034,0.0025,0.7353,0.1883,0.0,3,3,P-NMF
HALLMARK_KRAS_SIGNALING_DN,-0.4184,-0.0616,0.3568,3.0342,0.0046,0.0231,5.0217,0.9093,0.0,3,3,P-NMF
HALLMARK_KRAS_SIGNALING_UP,-0.0148,0.0563,0.0711,1.1164,0.0038,0.0044,1.1579,0.527,0.0,3,3,P-NMF
HALLMARK_MITOTIC_SPINDLE,0.1174,0.0846,-0.0327,-0.5713,0.0022,0.0043,1.9545,0.3192,0.0,3,3,P-NMF
HALLMARK_MTORC1_SIGNALING,0.1184,0.0756,-0.0428,-1.1702,0.0011,0.0016,1.4545,0.4971,0.0,3,3,P-NMF
HALLMARK_MYC_TARGETS_V1,0.2354,0.1081,-0.1273,-2.2877,0.0023,0.0039,1.6957,0.8278,0.0,3,3,P-NMF
HALLMARK_MYC_TARGETS_V2,0.0837,0.059,-0.0247,-0.2982,0.0054,0.0083,1.537,0.2572,0.0,3,3,P-NMF
HALLMARK_MYOGENESIS,0.2537,0.1049,-0.1489,-2.6464,0.0028,0.0035,1.25,0.8565,0.0,3,3,P-NMF
HALLMARK_NOTCH_SIGNALING,0.159,0.0935,-0.0655,-0.7846,0.0048,0.0092,1.9167,0.2893,0.0,3,3,P-NMF
HALLMARK_OXIDATIVE_PHOSPHORYLATION,0.0999,0.0591,-0.0407,-0.6292,0.0017,0.0067,3.9412,0.31,0.0,3,3,P-NMF
HALLMARK_P53_PATHWAY,0.0018,0.0517,0.0499,1.2591,0.0011,0.002,1.8182,0.6016,0.0,3,3,P-NMF
HALLMARK_PANCREAS_BETA_CELLS,-0.2174,-0.1396,0.0778,0.3047,0.0278,0.1028,3.6978,0.2411,0.0,3,3,P-NMF
HALLMARK_PEROXISOME,0.0913,0.0256,-0.0657,-1.3372,0.0017,0.0031,1.8235,0.504,0.0,3,3,P-NMF
HALLMARK_PI3K_AKT_MTOR_SIGNALING,0.0918,0.0851,-0.0067,-0.1383,0.0009,0.0038,4.2222,0.2675,0.0,3,3,P-NMF
HALLMARK_PROTEIN_SECRETION,0.25,0.1313,-0.1186,-1.9178,0.0015,0.0062,4.1333,0.7233,0.0,3,3,P-NMF
HALLMARK_REACTIVE_OXYGEN_SPECIES_PATHWAY,0.0767,0.0673,-0.0094,-0.1223,0.0029,0.0089,3.069,0.209,0.0,3,3,P-NMF
HALLMARK_SPERMATOGENESIS,-0.1081,0.0529,0.161,2.525,0.0059,0.0022,0.3729,0.8576,0.0,3,3,P-NMF
HALLMARK_TGF_BETA_SIGNALING,0.2143,0.089,-0.1253,-1.4622,0.0059,0.0088,1.4915,0.5522,0.0,3,3,P-NMF
HALLMARK_TNFA_SIGNALING_VIA_NFKB,0.0832,0.0639,-0.0194,-0.3406,0.0043,0.0022,0.5116,0.2135,0.0,3,3,P-NMF
HALLMARK_UNFOLDED_PROTEIN_RESPONSE,0.0987,0.0682,-0.0305,-0.6173,0.0008,0.004,5.0,0.318,0.0,3,3,P-NMF
HALLMARK_UV_RESPONSE_DN,0.1414,0.0849,-0.0565,-1.035,0.0029,0.0031,1.069,0.4191,0.0,3,3,P-NMF
HALLMARK_UV_RESPONSE_UP,0.1003,0.0739,-0.0264,-0.5704,0.0011,0.0031,2.8182,0.3525,0.0,3,3,P-NMF
HALLMARK_WNT_BETA_CATENIN_SIGNALING,0.0732,0.0583,-0.0149,-0.1625,0.0051,0.0117,2.2941,0.1757,0.0,3,3,P-NMF
HALLMARK_XENOBIOTIC_METABOLISM,0.0636,0.0661,0.0025,0.06,0.001,0.0024,2.4,0.2078,0.0,3,3,P-NMF
HALLMARK_ADIPOGENESIS,0.1376,0.0597,-0.0779,-1.9617,0.0012,0.002,1.6667,0.6452,0.0,4,4,P-NMF
HALLMARK_ALLOGRAFT_REJECTION,0.0247,0.0314,0.0067,0.0901,0.0047,0.0064,1.3617,0.1481,0.0,4,4,P-NMF
HALLMARK_ANDROGEN_RESPONSE,0.1418,0.0777,-0.0641,-1.1204,0.0022,0.0044,2.0,0.4214,0.0,4,4,P-NMF
HALLMARK_ANGIOGENESIS,0.1978,0.1502,-0.0477,-0.5694,0.005,0.009,1.8,0.2618,0.0,4,4,P-NMF
HALLMARK_APICAL_JUNCTION,0.1246,0.0758,-0.0488,-0.9773,0.0018,0.0032,1.7778,0.4684,0.0,4,4,P-NMF
HALLMARK_APICAL_SURFACE,0.2571,0.0574,-0.1997,-1.8916,0.0026,0.0196,7.5385,0.752,0.0,4,4,P-NMF
HALLMARK_APOPTOSIS,0.1481,0.0807,-0.0674,-1.8472,0.0006,0.0021,3.5,0.6958,0.0,4,4,P-NMF
HALLMARK_BILE_ACID_METABOLISM,-0.0477,-0.0253,0.0224,0.2585,0.0039,0.0112,2.8718,0.1837,0.0,4,4,P-NMF
HALLMARK_CHOLESTEROL_HOMEOSTASIS,-0.0741,0.0629,0.1371,2.0568,0.0028,0.0061,2.1786,0.6613,0.0,4,4,P-NMF
HALLMARK_COAGULATION,0.1108,0.0808,-0.0299,-0.4044,0.0074,0.0036,0.4865,0.2445,0.0,4,4,P-NMF
HALLMARK_COMPLEMENT,0.1347,0.0781,-0.0567,-1.379,0.0014,0.0019,1.3571,0.5017,0.0,4,4,P-NMF
HALLMARK_DNA_REPAIR,-0.0175,0.0048,0.0223,0.422,0.0022,0.0034,1.5455,0.2744,0.0,4,4,P-NMF
HALLMARK_E2F_TARGETS,-0.002,0.048,0.05,0.7953,0.0066,0.0013,0.197,0.4788,0.0,4,4,P-NMF
HALLMARK_EPITHELIAL_MESENCHYMAL_TRANSITION,0.2165,0.0915,-0.1249,-1.9795,0.0048,0.0032,0.6667,0.7199,0.0,4,4,P-NMF
HALLMARK_ESTROGEN_RESPONSE_EARLY,0.191,0.0899,-0.1011,-1.5934,0.004,0.0041,1.025,0.6016,0.0,4,4,P-NMF
HALLMARK_ESTROGEN_RESPONSE_LATE,0.1379,0.0719,-0.066,-1.5339,0.0013,0.0024,1.8462,0.504,0.0,4,4,P-NMF
HALLMARK_FATTY_ACID_METABOLISM,0.0007,0.0248,0.0242,0.4291,0.0022,0.0041,1.8636,0.2319,0.0,4,4,P-NMF
HALLMARK_G2M_CHECKPOINT,0.0346,0.0538,0.0191,0.3248,0.005,0.0019,0.38,0.3215,0.0,4,4,P-NMF
HALLMARK_GLYCOLYSIS,0.0506,0.0617,0.011,0.2702,0.001,0.0024,2.4,0.2905,0.0,4,4,P-NMF
HALLMARK_HEDGEHOG_SIGNALING,-0.0269,0.0563,0.0832,0.7619,0.0075,0.0163,2.1733,0.3708,0.0,4,4,P-NMF
HALLMARK_HEME_METABOLISM,0.1201,0.0759,-0.0442,-0.9232,0.0018,0.0028,1.5556,0.3789,0.0,4,4,P-NMF
HALLMARK_HYPOXIA,0.1184,0.074,-0.0444,-0.9318,0.0026,0.0019,0.7308,0.4569,0.0,4,4,P-NMF
HALLMARK_IL2_STAT5_SIGNALING,0.1305,0.0826,-0.0479,-1.1347,0.0013,0.0022,1.6923,0.442,0.0,4,4,P-NMF
HALLMARK_IL6_JAK_STAT3_SIGNALING,0.2,0.0769,-0.1231,-2.0481,0.0021,0.0051,2.4286,0.7049,0.0,4,4,P-NMF
HALLMARK_INFLAMMATORY_RESPONSE,0.0286,0.0736,0.045,0.6117,0.0047,0.0062,1.3191,0.2457,0.0,4,4,P-NMF
HALLMARK_INTERFERON_ALPHA_RESPONSE,0.1689,0.1089,-0.06,-0.5754,0.0126,0.0091,0.7222,0.2227,0.0,4,4,P-NMF
HALLMARK_INTERFERON_GAMMA_RESPONSE,0.0755,0.0592,-0.0163,-0.3296,0.0035,0.0014,0.4,0.2423,0.0,4,4,P-NMF
HALLMARK_KRAS_SIGNALING_DN,-0.4186,-0.0504,0.3681,3.0579,0.0049,0.0241,4.9184,0.8921,0.0,4,4,P-NMF
HALLMARK_KRAS_SIGNALING_UP,-0.0136,0.054,0.0676,1.0617,0.0038,0.0043,1.1316,0.4914,0.0,4,4,P-NMF
HALLMARK_MITOTIC_SPINDLE,0.1162,0.0767,-0.0395,-0.7325,0.0022,0.0037,1.6818,0.2905,0.0,4,4,P-NMF
HALLMARK_MTORC1_SIGNALING,0.1183,0.0757,-0.0426,-1.2212,0.0011,0.0014,1.2727,0.4834,0.0,4,4,P-NMF
HALLMARK_MYC_TARGETS_V1,0.234,0.0991,-0.1349,-2.5838,0.0023,0.0031,1.3478,0.8691,0.0,4,4,P-NMF
HALLMARK_MYC_TARGETS_V2,0.0819,0.0462,-0.0357,-0.4373,0.0056,0.0078,1.3929,0.2319,0.0,4,4,P-NMF
HALLMARK_MYOGENESIS,0.2553,0.1041,-0.1512,-2.6924,0.003,0.0033,1.1,0.8588,0.0,4,4,P-NMF
HALLMARK_NOTCH_SIGNALING,0.1629,0.0634,-0.0995,-1.1798,0.0049,0.0093,1.898,0.4248,0.0,4,4,P-NMF
HALLMARK_OXIDATIVE_PHOSPHORYLATION,0.0994,0.0614,-0.0379,-0.6456,0.0016,0.0053,3.3125,0.3433,0.0,4,4,P-NMF
HALLMARK_P53_PATHWAY,0.0023,0.0436,0.0414,0.9338,0.0012,0.0027,2.25,0.5144,0.0,4,4,P-NMF
HALLMARK_PANCREAS_BETA_CELLS,-0.2166,-0.0733,0.1433,0.5759,0.0258,0.0981,3.8023,0.287,0.0,4,4,P-NMF
HALLMARK_PEROXISOME,0.0897,0.0374,-0.0523,-0.9643,0.0016,0.0043,2.6875,0.4294,0.0,4,4,P-NMF
HALLMARK_PI3K_AKT_MTOR_SIGNALING,0.092,0.0785,-0.0135,-0.2717,0.0009,0.004,4.4444,0.3111,0.0,4,4,P-NMF
HALLMARK_PROTEIN_SECRETION,0.2502,0.1344,-0.1158,-1.9088,0.0015,0.0059,3.9333,0.7222,0.0,4,4,P-NMF
HALLMARK_REACTIVE_OXYGEN_SPECIES_PATHWAY,0.0778,0.0732,-0.0045,-0.0596,0.0028,0.0087,3.1071,0.1998,0.0,4,4,P-NMF
HALLMARK_SPERMATOGENESIS,-0.1113,0.0527,0.1641,2.5242,0.006,0.0025,0.4167,0.8186,0.0,4,4,P-NMF
HALLMARK_TGF_BETA_SIGNALING,0.2162,0.0778,-0.1384,-1.7378,0.006,0.0067,1.1167,0.7003,0.0,4,4,P-NMF
HALLMARK_TNFA_SIGNALING_VIA_NFKB,0.0845,0.0581,-0.0264,-0.4541,0.0044,0.0024,0.5455,0.2445,0.0,4,4,P-NMF
HALLMARK_UNFOLDED_PROTEIN_RESPONSE,0.0987,0.0578,-0.041,-0.8866,0.0009,0.0034,3.7778,0.3892,0.0,4,4,P-NMF
HALLMARK_UV_RESPONSE_DN,0.1426,0.0874,-0.0552,-0.8756,0.0029,0.005,1.7241,0.3123,0.0,4,4,P-NMF
HALLMARK_UV_RESPONSE_UP,0.1006,0.0704,-0.0302,-0.705,0.0011,0.0025,2.2727,0.3203,0.0,4,4,P-NMF
HALLMARK_WNT_BETA_CATENIN_SIGNALING,0.0751,0.0438,-0.0313,-0.3304,0.0052,0.0128,2.4615,0.1791,0.0,4,4,P-NMF
HALLMARK_XENOBIOTIC_METABOLISM,0.0638,0.0614,-0.0024,-0.0548,0.0011,0.0027,2.4545,0.1871,0.0,4,4,P-NMF
HALLMARK_ADIPOGENESIS,0.1441,0.0552,-0.0889,-2.2571,0.0013,0.0018,1.3846,0.7153,0.0,2,2,P-NMF
HALLMARK_ALLOGRAFT_REJECTION,0.0268,0.0373,0.0105,0.145,0.0054,0.0051,0.9444,0.1378,0.0,2,2,P-NMF
HALLMARK_ANDROGEN_RESPONSE,0.149,0.0791,-0.0699,-1.0573,0.0024,0.0064,2.6667,0.4466,0.0,2,2,P-NMF
HALLMARK_ANGIOGENESIS,0.2064,0.1324,-0.074,-0.9477,0.0057,0.0065,1.1404,0.4328,0.0,2,2,P-NMF
HALLMARK_APICAL_JUNCTION,0.1321,0.0702,-0.0618,-1.2907,0.002,0.0026,1.3,0.4994,0.0,2,2,P-NMF
HALLMARK_APICAL_SURFACE,0.2711,0.0305,-0.2406,-2.3886,0.0028,0.0175,6.25,0.8358,0.0,2,2,P-NMF
HALLMARK_APOPTOSIS,0.1559,0.0773,-0.0786,-2.4447,0.0006,0.0015,2.5,0.8301,0.0,2,2,P-NMF
HALLMARK_BILE_ACID_METABOLISM,-0.0486,-0.034,0.0146,0.1687,0.0044,0.0106,2.4091,0.1894,0.0,2,2,P-NMF
HALLMARK_CHOLESTEROL_HOMEOSTASIS,-0.0789,0.0735,0.1524,2.4674,0.0032,0.0044,1.375,0.7692,0.0,2,2,P-NMF
HALLMARK_COAGULATION,0.1149,0.0861,-0.0288,-0.3761,0.008,0.0038,0.475,0.279,0.0,2,2,P-NMF
HALLMARK_COMPLEMENT,0.143,0.0709,-0.0722,-1.8494,0.0016,0.0015,0.9375,0.7038,0.0,2,2,P-NMF
HALLMARK_DNA_REPAIR,-0.0173,0.0128,0.0301,0.5376,0.0025,0.0038,1.52,0.2905,0.0,2,2,P-NMF
HALLMARK_E2F_TARGETS,-0.0017,0.0471,0.0489,0.737,0.0074,0.0014,0.1892,0.4374,0.0,2,2,P-NMF
HALLMARK_EPITHELIAL_MESENCHYMAL_TRANSITION,0.227,0.0974,-0.1296,-1.9362,0.005,0.0039,0.78,0.69,0.0,2,2,P-NMF
HALLMARK_ESTROGEN_RESPONSE_EARLY,0.2013,0.0856,-0.1157,-1.7661,0.0045,0.0041,0.9111,0.6556,0.0,2,2,P-NMF
HALLMARK_ESTROGEN_RESPONSE_LATE,0.1461,0.0712,-0.0748,-1.6123,0.0014,0.0029,2.0714,0.5568,0.0,2,2,P-NMF
HALLMARK_FATTY_ACID_METABOLISM,0.0003,0.0347,0.0344,0.5892,0.0027,0.0041,1.5185,0.279,0.0,2,2,P-NMF
HALLMARK_G2M_CHECKPOINT,0.037,0.0507,0.0137,0.2201,0.0056,0.0021,0.375,0.2744,0.0,2,2,P-NMF
HALLMARK_GLYCOLYSIS,0.0527,0.0649,0.0122,0.3023,0.001,0.0022,2.2,0.31,0.0,2,2,P-NMF
HALLMARK_HEDGEHOG_SIGNALING,-0.0274,0.0629,0.0903,0.8405,0.0087,0.0144,1.6552,0.4179,0.0,2,2,P-NMF
HALLMARK_HEME_METABOLISM,0.1267,0.0689,-0.0578,-1.1662,0.0019,0.003,1.5789,0.4753,0.0,2,2,P-NMF
HALLMARK_HYPOXIA,0.1238,0.0878,-0.036,-0.6577,0.0028,0.0032,1.1429,0.3272,0.0,2,2,P-NMF
HALLMARK_IL2_STAT5_SIGNALING,0.1373,0.0819,-0.0554,-1.2385,0.0015,0.0025,1.6667,0.535,0.0,2,2,P-NMF
HALLMARK_IL6_JAK_STAT3_SIGNALING,0.2111,0.0738,-0.1374,-2.426,0.0024,0.004,1.6667,0.7773,0.0,2,2,P-NMF
HALLMARK_INFLAMMATORY_RESPONSE,0.0312,0.0868,0.0556,0.7783,0.0054,0.0048,0.8889,0.3444,0.0,2,2,P-NMF
HALLMARK_INTERFERON_ALPHA_RESPONSE,0.1812,0.1002,-0.0809,-0.7441,0.0138,0.0099,0.7174,0.2939,0.0,2,2,P-NMF
HALLMARK_INTERFERON_GAMMA_RESPONSE,0.0817,0.0573,-0.0244,-0.4436,0.0038,0.0022,0.5789,0.2147,0.0,2,2,P-NMF
HALLMARK_KRAS_SIGNALING_DN,-0.4406,-0.0248,0.4158,3.9183,0.0053,0.0173,3.2642,0.9231,0.0,2,2,P-NMF
HALLMARK_KRAS_SIGNALING_UP,-0.0152,0.0494,0.0645,0.9047,0.0044,0.0057,1.2955,0.4328,0.0,2,2,P-NMF
HALLMARK_MITOTIC_SPINDLE,0.1232,0.0843,-0.0388,-0.7115,0.0025,0.0035,1.4,0.3077,0.0,2,2,P-NMF
HALLMARK_MTORC1_SIGNALING,0.1242,0.0824,-0.0418,-1.1077,0.0012,0.0016,1.3333,0.5121,0.0,2,2,P-NMF
HALLMARK_MYC_TARGETS_V1,0.2461,0.0934,-0.1527,-2.7961,0.0025,0.0035,1.4,0.915,0.0,2,2,P-NMF
HALLMARK_MYC_TARGETS_V2,0.0859,0.0706,-0.0153,-0.171,0.0059,0.0102,1.7288,0.1952,0.0,2,2,P-NMF
HALLMARK_MYOGENESIS,0.2686,0.0987,-0.1699,-2.6703,0.0032,0.0049,1.5312,0.822,0.0,2,2,P-NMF
HALLMARK_NOTCH_SIGNALING,0.1713,0.0728,-0.0984,-1.2375,0.0052,0.0075,1.4423,0.4811,0.0,2,2,P-NMF
HALLMARK_OXIDATIVE_PHOSPHORYLATION,0.1037,0.052,-0.0518,-0.8481,0.0018,0.0056,3.1111,0.4374,0.0,2,2,P-NMF
HALLMARK_P53_PATHWAY,0.0021,0.0435,0.0415,1.0327,0.0012,0.002,1.6667,0.5132,0.0,2,2,P-NMF
HALLMARK_PANCREAS_BETA_CELLS,-0.2281,-0.1229,0.1052,0.3892,0.0282,0.118,4.1844,0.2951,0.0,2,2,P-NMF
HALLMARK_PEROXISOME,0.0951,0.0338,-0.0613,-1.2074,0.0018,0.0034,1.8889,0.5385,0.0,2,2,P-NMF
HALLMARK_PI3K_AKT_MTOR_SIGNALING,0.0965,0.087,-0.0096,-0.2022,0.0011,0.0034,3.0909,0.2227,0.0,2,2,P-NMF
HALLMARK_PROTEIN_SECRETION,0.2637,0.1393,-0.1243,-1.9255,0.0016,0.0067,4.1875,0.7279,0.0,2,2,P-NMF
HALLMARK_REACTIVE_OXYGEN_SPECIES_PATHWAY,0.0809,0.0677,-0.0132,-0.1764,0.0033,0.008,2.4242,0.1699,0.0,2,2,P-NMF
HALLMARK_SPERMATOGENESIS,-0.1167,0.0479,0.1645,2.3546,0.0067,0.0031,0.4627,0.7727,0.0,2,2,P-NMF
HALLMARK_TGF_BETA_SIGNALING,0.2291,0.0799,-0.1491,-1.8259,0.0064,0.0069,1.0781,0.6406,0.0,2,2,P-NMF
HALLMARK_TNFA_SIGNALING_VIA_NFKB,0.0902,0.0665,-0.0236,-0.3919,0.0047,0.0026,0.5532,0.2572,0.0,2,2,P-NMF
HALLMARK_UNFOLDED_PROTEIN_RESPONSE,0.1038,0.0608,-0.0429,-0.94,0.001,0.0032,3.2,0.3674,0.0,2,2,P-NMF
HALLMARK_UV_RESPONSE_DN,0.1502,0.0899,-0.0603,-1.0524,0.0032,0.0033,1.0312,0.4179,0.0,2,2,P-NMF
HALLMARK_UV_RESPONSE_UP,0.1062,0.0621,-0.0441,-0.9907,0.0013,0.0027,2.0769,0.3869,0.0,2,2,P-NMF
HALLMARK_WNT_BETA_CATENIN_SIGNALING,0.0789,0.0348,-0.0441,-0.4699,0.0055,0.0121,2.2,0.2113,0.0,2,2,P-NMF
HALLMARK_XENOBIOTIC_METABOLISM,0.068,0.0576,-0.0104,-0.2386,0.0012,0.0026,2.1667,0.2055,0.0,2,2,P-NMF
HALLMARK_ADIPOGENESIS,0.1375,0.0586,-0.0789,-2.0066,0.0012,0.0019,1.5833,0.6456,0.0,5,5,P-NMF
HALLMARK_ALLOGRAFT_REJECTION,0.0241,0.0286,0.0045,0.0649,0.0045,0.0052,1.1556,0.1422,0.0,5,5,P-NMF
HALLMARK_ANDROGEN_RESPONSE,0.1396,0.0723,-0.0673,-1.0124,0.0021,0.0067,3.1905,0.4002,0.0,5,5,P-NMF
HALLMARK_ANGIOGENESIS,0.1979,0.1411,-0.0569,-0.6889,0.005,0.0086,1.72,0.3177,0.0,5,5,P-NMF
HALLMARK_APICAL_JUNCTION,0.1247,0.0789,-0.0459,-0.9708,0.0018,0.0027,1.5,0.4255,0.0,5,5,P-NMF
HALLMARK_APICAL_SURFACE,0.2563,0.0205,-0.2358,-2.313,0.0025,0.0182,7.28,0.8096,0.0,5,5,P-NMF
HALLMARK_APOPTOSIS,0.1481,0.0812,-0.0669,-1.9178,0.0006,0.0019,3.1667,0.6892,0.0,5,5,P-NMF
HALLMARK_BILE_ACID_METABOLISM,-0.0482,-0.0491,-0.0008,-0.0097,0.0039,0.0109,2.7949,0.1904,0.0,5,5,P-NMF
HALLMARK_CHOLESTEROL_HOMEOSTASIS,-0.0731,0.0658,0.1389,2.2209,0.0028,0.0051,1.8214,0.7064,0.0,5,5,P-NMF
HALLMARK_COAGULATION,0.1102,0.0833,-0.0269,-0.3754,0.0069,0.0033,0.4783,0.25,0.0,5,5,P-NMF
HALLMARK_COMPLEMENT,0.1348,0.0683,-0.0665,-1.8728,0.0013,0.0012,0.9231,0.6915,0.0,5,5,P-NMF
HALLMARK_DNA_REPAIR,-0.0151,0.0084,0.0235,0.393,0.0023,0.0049,2.1304,0.2913,0.0,5,5,P-NMF
HALLMARK_E2F_TARGETS,-0.0008,0.0384,0.0391,0.5808,0.0068,0.0023,0.3382,0.344,0.0,5,5,P-NMF
HALLMARK_EPITHELIAL_MESENCHYMAL_TRANSITION,0.2173,0.1004,-0.1169,-1.8392,0.0043,0.0037,0.8605,0.7339,0.0,5,5,P-NMF
HALLMARK_ESTROGEN_RESPONSE_EARLY,0.1907,0.0832,-0.1075,-1.7493,0.0041,0.0035,0.8537,0.6743,0.0,5,5,P-NMF
HALLMARK_ESTROGEN_RESPONSE_LATE,0.1391,0.0697,-0.0694,-1.6231,0.0013,0.0023,1.7692,0.5596,0.0,5,5,P-NMF
HALLMARK_FATTY_ACID_METABOLISM,0.0014,0.0347,0.0334,0.5447,0.0024,0.0051,2.125,0.3463,0.0,5,5,P-NMF
HALLMARK_G2M_CHECKPOINT,0.0356,0.0505,0.0148,0.2337,0.0051,0.003,0.5882,0.2982,0.0,5,5,P-NMF
HALLMARK_GLYCOLYSIS,0.0517,0.0669,0.0152,0.3726,0.001,0.0023,2.3,0.336,0.0,5,5,P-NMF
HALLMARK_HEDGEHOG_SIGNALING,-0.0284,0.0812,0.1097,1.0248,0.0077,0.0152,1.974,0.4461,0.0,5,5,P-NMF
HALLMARK_HEME_METABOLISM,0.1193,0.0619,-0.0574,-1.1616,0.0018,0.0031,1.7222,0.4278,0.0,5,5,P-NMF
HALLMARK_HYPOXIA,0.1186,0.0808,-0.0377,-0.7543,0.0025,0.0025,1.0,0.344,0.0,5,5,P-NMF
HALLMARK_IL2_STAT5_SIGNALING,0.1297,0.0834,-0.0462,-1.1118,0.0013,0.0021,1.6154,0.4794,0.0,5,5,P-NMF
HALLMARK_IL6_JAK_STAT3_SIGNALING,0.1987,0.0807,-0.118,-1.9511,0.0021,0.0052,2.4762,0.6823,0.0,5,5,P-NMF
HALLMARK_INFLAMMATORY_RESPONSE,0.0284,0.0896,0.0612,0.8153,0.0046,0.0067,1.4565,0.3372,0.0,5,5,P-NMF
HALLMARK_INTERFERON_ALPHA_RESPONSE,0.1684,0.0932,-0.0753,-0.7141,0.0127,0.0095,0.748,0.2959,0.0,5,5,P-NMF
HALLMARK_INTERFERON_GAMMA_RESPONSE,0.0753,0.0596,-0.0158,-0.2806,0.0034,0.003,0.8824,0.1674,0.0,5,5,P-NMF
HALLMARK_KRAS_SIGNALING_DN,-0.4172,-0.0258,0.3914,3.4531,0.0049,0.0208,4.2449,0.9186,0.0,5,5,P-NMF
HALLMARK_KRAS_SIGNALING_UP,-0.0129,0.0523,0.0653,1.0447,0.0038,0.004,1.0526,0.4507,0.0,5,5,P-NMF
HALLMARK_MITOTIC_SPINDLE,0.1159,0.0818,-0.0341,-0.6144,0.0022,0.0039,1.7727,0.3119,0.0,5,5,P-NMF
HALLMARK_MTORC1_SIGNALING,0.1183,0.0771,-0.0412,-1.1407,0.0011,0.0015,1.3636,0.4197,0.0,5,5,P-NMF
HALLMARK_MYC_TARGETS_V1,0.2337,0.0919,-0.1418,-2.5929,0.0024,0.0036,1.5,0.8498,0.0,5,5,P-NMF
HALLMARK_MYC_TARGETS_V2,0.0821,0.0648,-0.0173,-0.203,0.0056,0.0089,1.5893,0.1789,0.0,5,5,P-NMF
HALLMARK_MYOGENESIS,0.2552,0.1004,-0.1548,-2.6644,0.0029,0.0039,1.3448,0.797,0.0,5,5,P-NMF
HALLMARK_NOTCH_SIGNALING,0.162,0.0874,-0.0745,-0.8916,0.0046,0.0093,2.0217,0.3681,0.0,5,5,P-NMF
HALLMARK_OXIDATIVE_PHOSPHORYLATION,0.1,0.0567,-0.0433,-0.7114,0.0017,0.0057,3.3529,0.3922,0.0,5,5,P-NMF
HALLMARK_P53_PATHWAY,0.003,0.0413,0.0383,0.9458,0.0011,0.0022,2.0,0.4369,0.0,5,5,P-NMF
HALLMARK_PANCREAS_BETA_CELLS,-0.2148,-0.1383,0.0765,0.3089,0.0269,0.0959,3.5651,0.2729,0.0,5,5,P-NMF
HALLMARK_PEROXISOME,0.0902,0.0303,-0.0599,-1.12,0.0016,0.0041,2.5625,0.4702,0.0,5,5,P-NMF
HALLMARK_PI3K_AKT_MTOR_SIGNALING,0.0921,0.083,-0.0091,-0.1829,0.0009,0.0041,4.5556,0.2878,0.0,5,5,P-NMF
HALLMARK_PROTEIN_SECRETION,0.2499,0.1426,-0.1073,-1.8672,0.0015,0.0051,3.4,0.7454,0.0,5,5,P-NMF
HALLMARK_REACTIVE_OXYGEN_SPECIES_PATHWAY,0.0758,0.0681,-0.0077,-0.1064,0.0029,0.0075,2.5862,0.1583,0.0,5,5,P-NMF
HALLMARK_SPERMATOGENESIS,-0.1095,0.0478,0.1573,2.3171,0.0061,0.0031,0.5082,0.7878,0.0,5,5,P-NMF
HALLMARK_TGF_BETA_SIGNALING,0.2149,0.0969,-0.118,-1.3943,0.006,0.0083,1.3833,0.4966,0.0,5,5,P-NMF
HALLMARK_TNFA_SIGNALING_VIA_NFKB,0.0845,0.0677,-0.0168,-0.3061,0.0042,0.0018,0.4286,0.2133,0.0,5,5,P-NMF
HALLMARK_UNFOLDED_PROTEIN_RESPONSE,0.0986,0.0688,-0.0298,-0.6212,0.0009,0.0037,4.1111,0.2775,0.0,5,5,P-NMF
HALLMARK_UV_RESPONSE_DN,0.1406,0.0769,-0.0636,-1.1587,0.0029,0.0031,1.069,0.5115,0.0,5,5,P-NMF
HALLMARK_UV_RESPONSE_UP,0.1011,0.0798,-0.0213,-0.4873,0.0011,0.0027,2.4545,0.2569,0.0,5,5,P-NMF
HALLMARK_WNT_BETA_CATENIN_SIGNALING,0.0748,0.0517,-0.0231,-0.2687,0.005,0.0097,1.94,0.1674,0.0,5,5,P-NMF
HALLMARK_XENOBIOTIC_METABOLISM,0.0645,0.0656,0.0011,0.0264,0.001,0.0022,2.2,0.1697,0.0,5,5,P-NMF
HALLMARK_ADIPOGENESIS,0.1376,0.1492,0.0116,0.3404,0.0012,0.0012,1.0,0.1515,0.0,4,4,DP-PGM ε=4
HALLMARK_ALLOGRAFT_REJECTION,0.0247,0.0266,0.0019,0.0336,0.0047,0.0016,0.3404,0.1883,0.0,4,4,DP-PGM ε=4
HALLMARK_ANDROGEN_RESPONSE,0.1418,0.1533,0.0115,0.2562,0.0022,0.0018,0.8182,0.085,0.0037,4,4,DP-PGM ε=4
HALLMARK_ANGIOGENESIS,0.1978,0.2257,0.0279,0.378,0.005,0.0058,1.16,0.1607,0.0,4,4,DP-PGM ε=4
HALLMARK_APICAL_JUNCTION,0.1246,0.137,0.0124,0.296,0.0018,0.0017,0.9444,0.1206,0.0,4,4,DP-PGM ε=4
HALLMARK_APICAL_SURFACE,0.2571,0.2723,0.0151,0.269,0.0026,0.0037,1.4231,0.2526,0.0,4,4,DP-PGM ε=4
HALLMARK_APOPTOSIS,0.1481,0.1702,0.0221,0.887,0.0006,0.0007,1.1667,0.3295,0.0,4,4,DP-PGM ε=4
HALLMARK_BILE_ACID_METABOLISM,-0.0477,-0.0444,0.0034,0.0542,0.0039,0.0038,0.9744,0.0356,0.6394,4,4,DP-PGM ε=4
HALLMARK_CHOLESTEROL_HOMEOSTASIS,-0.0741,-0.0898,-0.0157,-0.3191,0.0028,0.002,0.7143,0.124,0.0,4,4,DP-PGM ε=4
HALLMARK_COAGULATION,0.1108,0.1303,0.0195,0.2707,0.0074,0.003,0.4054,0.1527,0.0,4,4,DP-PGM ε=4
HALLMARK_COMPLEMENT,0.1347,0.1505,0.0157,0.4714,0.0014,0.0008,0.5714,0.2308,0.0,4,4,DP-PGM ε=4
HALLMARK_DNA_REPAIR,-0.0175,-0.0254,-0.0079,-0.197,0.0022,0.0011,0.5,0.1607,0.0,4,4,DP-PGM ε=4
HALLMARK_E2F_TARGETS,-0.002,-0.0018,0.0002,0.003,0.0066,0.0026,0.3939,0.1734,0.0,4,4,DP-PGM ε=4
HALLMARK_EPITHELIAL_MESENCHYMAL_TRANSITION,0.2165,0.2488,0.0324,0.5813,0.0048,0.0014,0.2917,0.279,0.0,4,4,DP-PGM ε=4
HALLMARK_ESTROGEN_RESPONSE_EARLY,0.191,0.2149,0.0239,0.4096,0.004,0.0028,0.7,0.147,0.0,4,4,DP-PGM ε=4
HALLMARK_ESTROGEN_RESPONSE_LATE,0.1379,0.1521,0.0143,0.3998,0.0013,0.0013,1.0,0.2078,0.0,4,4,DP-PGM ε=4
HALLMARK_FATTY_ACID_METABOLISM,0.0007,-0.0036,-0.0043,-0.1021,0.0022,0.0013,0.5909,0.0896,0.0019,4,4,DP-PGM ε=4
HALLMARK_G2M_CHECKPOINT,0.0346,0.0386,0.004,0.0654,0.005,0.0024,0.48,0.1791,0.0,4,4,DP-PGM ε=4
HALLMARK_GLYCOLYSIS,0.0506,0.065,0.0144,0.4681,0.001,0.0009,0.9,0.217,0.0,4,4,DP-PGM ε=4
HALLMARK_HEDGEHOG_SIGNALING,-0.0269,-0.0514,-0.0245,-0.2711,0.0075,0.0088,1.1733,0.1768,0.0,4,4,DP-PGM ε=4
HALLMARK_HEME_METABOLISM,0.1201,0.1363,0.0162,0.4261,0.0018,0.0011,0.6111,0.1412,0.0,4,4,DP-PGM ε=4
HALLMARK_HYPOXIA,0.1184,0.1322,0.0138,0.3234,0.0026,0.001,0.3846,0.2101,0.0,4,4,DP-PGM ε=4
HALLMARK_IL2_STAT5_SIGNALING,0.1305,0.1449,0.0145,0.3816,0.0013,0.0015,1.1538,0.1814,0.0,4,4,DP-PGM ε=4
HALLMARK_IL6_JAK_STAT3_SIGNALING,0.2,0.2271,0.0271,0.6479,0.0021,0.0014,0.6667,0.2549,0.0,4,4,DP-PGM ε=4
HALLMARK_INFLAMMATORY_RESPONSE,0.0286,0.0239,-0.0047,-0.0784,0.0047,0.0025,0.5319,0.1045,0.0001,4,4,DP-PGM ε=4
HALLMARK_INTERFERON_ALPHA_RESPONSE,0.1689,0.1972,0.0283,0.3145,0.0126,0.0036,0.2857,0.2583,0.0,4,4,DP-PGM ε=4
HALLMARK_INTERFERON_GAMMA_RESPONSE,0.0755,0.0877,0.0122,0.2589,0.0035,0.0009,0.2571,0.24,0.0,4,4,DP-PGM ε=4
HALLMARK_KRAS_SIGNALING_DN,-0.4186,-0.4786,-0.06,-0.9657,0.0049,0.0029,0.5918,0.4214,0.0,4,4,DP-PGM ε=4
HALLMARK_KRAS_SIGNALING_UP,-0.0136,-0.014,-0.0004,-0.007,0.0038,0.0025,0.6579,0.0712,0.0242,4,4,DP-PGM ε=4
HALLMARK_MITOTIC_SPINDLE,0.1162,0.1278,0.0116,0.2913,0.0022,0.001,0.4545,0.1814,0.0,4,4,DP-PGM ε=4
HALLMARK_MTORC1_SIGNALING,0.1183,0.1319,0.0136,0.4272,0.0011,0.0009,0.8182,0.209,0.0,4,4,DP-PGM ε=4
HALLMARK_MYC_TARGETS_V1,0.234,0.2647,0.0306,0.7209,0.0023,0.0013,0.5652,0.3881,0.0,4,4,DP-PGM ε=4
HALLMARK_MYC_TARGETS_V2,0.0819,0.0959,0.014,0.2006,0.0056,0.0041,0.7321,0.1435,0.0,4,4,DP-PGM ε=4
HALLMARK_MYOGENESIS,0.2553,0.2825,0.0273,0.5508,0.003,0.0019,0.6333,0.1986,0.0,4,4,DP-PGM ε=4
HALLMARK_NOTCH_SIGNALING,0.1629,0.1813,0.0185,0.2727,0.0049,0.0043,0.8776,0.1297,0.0,4,4,DP-PGM ε=4
HALLMARK_OXIDATIVE_PHOSPHORYLATION,0.0994,0.1079,0.0085,0.2424,0.0016,0.0008,0.5,0.1791,0.0,4,4,DP-PGM ε=4
HALLMARK_P53_PATHWAY,0.0023,0.0042,0.0019,0.0602,0.0012,0.0008,0.6667,0.0666,0.042,4,4,DP-PGM ε=4
HALLMARK_PANCREAS_BETA_CELLS,-0.2166,-0.2283,-0.0117,-0.0697,0.0258,0.0302,1.1705,0.1825,0.0,4,4,DP-PGM ε=4
HALLMARK_PEROXISOME,0.0897,0.1063,0.0167,0.3994,0.0016,0.0019,1.1875,0.1917,0.0,4,4,DP-PGM ε=4
HALLMARK_PI3K_AKT_MTOR_SIGNALING,0.092,0.0967,0.0047,0.1535,0.0009,0.001,1.1111,0.0873,0.0026,4,4,DP-PGM ε=4
HALLMARK_PROTEIN_SECRETION,0.2502,0.279,0.0288,0.86,0.0015,0.0008,0.5333,0.3571,0.0,4,4,DP-PGM ε=4
HALLMARK_REACTIVE_OXYGEN_SPECIES_PATHWAY,0.0778,0.0834,0.0056,0.098,0.0028,0.0038,1.3571,0.0827,0.0052,4,4,DP-PGM ε=4
HALLMARK_SPERMATOGENESIS,-0.1113,-0.1216,-0.0103,-0.1518,0.006,0.0033,0.55,0.1366,0.0,4,4,DP-PGM ε=4
HALLMARK_TGF_BETA_SIGNALING,0.2162,0.2326,0.0164,0.2225,0.006,0.0048,0.8,0.0781,0.0099,4,4,DP-PGM ε=4
HALLMARK_TNFA_SIGNALING_VIA_NFKB,0.0845,0.0971,0.0126,0.2333,0.0044,0.0015,0.3409,0.2193,0.0,4,4,DP-PGM ε=4
HALLMARK_UNFOLDED_PROTEIN_RESPONSE,0.0987,0.1122,0.0135,0.4494,0.0009,0.0009,1.0,0.1734,0.0,4,4,DP-PGM ε=4
HALLMARK_UV_RESPONSE_DN,0.1426,0.1629,0.0203,0.4311,0.0029,0.0015,0.5172,0.1894,0.0,4,4,DP-PGM ε=4
HALLMARK_UV_RESPONSE_UP,0.1006,0.1145,0.0139,0.4601,0.0011,0.0007,0.6364,0.2147,0.0,4,4,DP-PGM ε=4
HALLMARK_WNT_BETA_CATENIN_SIGNALING,0.0751,0.0742,-0.0009,-0.0131,0.0052,0.0047,0.9038,0.0356,0.6394,4,4,DP-PGM ε=4
HALLMARK_XENOBIOTIC_METABOLISM,0.0638,0.0704,0.0067,0.207,0.0011,0.001,0.9091,0.1022,0.0002,4,4,DP-PGM ε=4
HALLMARK_ADIPOGENESIS,0.1375,0.1607,0.0232,0.6818,0.0012,0.0011,0.9167,0.3142,0.0,5,5,DP-PGM ε=4
HALLMARK_ALLOGRAFT_REJECTION,0.0241,0.0232,-0.0009,-0.0169,0.0045,0.0015,0.3333,0.1697,0.0,5,5,DP-PGM ε=4
HALLMARK_ANDROGEN_RESPONSE,0.1396,0.1655,0.0259,0.5394,0.0021,0.0025,1.1905,0.2626,0.0,5,5,DP-PGM ε=4
HALLMARK_ANGIOGENESIS,0.1979,0.2307,0.0327,0.4519,0.005,0.0055,1.1,0.1927,0.0,5,5,DP-PGM ε=4
HALLMARK_APICAL_JUNCTION,0.1247,0.1413,0.0166,0.4423,0.0018,0.0011,0.6111,0.1938,0.0,5,5,DP-PGM ε=4
HALLMARK_APICAL_SURFACE,0.2563,0.2804,0.0242,0.398,0.0025,0.0048,1.92,0.3819,0.0,5,5,DP-PGM ε=4
HALLMARK_APOPTOSIS,0.1481,0.1697,0.0217,0.9654,0.0006,0.0005,0.8333,0.3796,0.0,5,5,DP-PGM ε=4
HALLMARK_BILE_ACID_METABOLISM,-0.0482,-0.0528,-0.0046,-0.0735,0.0039,0.0039,1.0,0.0677,0.0369,5,5,DP-PGM ε=4
HALLMARK_CHOLESTEROL_HOMEOSTASIS,-0.0731,-0.0781,-0.0049,-0.0994,0.0028,0.0021,0.75,0.0665,0.0422,5,5,DP-PGM ε=4
HALLMARK_COAGULATION,0.1102,0.127,0.0168,0.2398,0.0069,0.0029,0.4203,0.1674,0.0,5,5,DP-PGM ε=4
HALLMARK_COMPLEMENT,0.1348,0.1512,0.0163,0.5256,0.0013,0.0006,0.4615,0.2787,0.0,5,5,DP-PGM ε=4
HALLMARK_DNA_REPAIR,-0.0151,-0.0163,-0.0011,-0.0276,0.0023,0.0012,0.5217,0.0998,0.0003,5,5,DP-PGM ε=4
HALLMARK_E2F_TARGETS,-0.0008,-0.004,-0.0032,-0.0445,0.0068,0.0035,0.5147,0.1216,0.0,5,5,DP-PGM ε=4
HALLMARK_EPITHELIAL_MESENCHYMAL_TRANSITION,0.2173,0.2445,0.0272,0.5069,0.0043,0.0014,0.3256,0.2615,0.0,5,5,DP-PGM ε=4
HALLMARK_ESTROGEN_RESPONSE_EARLY,0.1907,0.2228,0.0322,0.5646,0.0041,0.0024,0.5854,0.1938,0.0,5,5,DP-PGM ε=4
HALLMARK_ESTROGEN_RESPONSE_LATE,0.1391,0.1621,0.023,0.6609,0.0013,0.0011,0.8462,0.2672,0.0,5,5,DP-PGM ε=4
HALLMARK_FATTY_ACID_METABOLISM,0.0014,0.0088,0.0075,0.1693,0.0024,0.0015,0.625,0.133,0.0,5,5,DP-PGM ε=4
HALLMARK_G2M_CHECKPOINT,0.0356,0.039,0.0033,0.0507,0.0051,0.0035,0.6863,0.094,0.0009,5,5,DP-PGM ε=4
HALLMARK_GLYCOLYSIS,0.0517,0.0555,0.0038,0.1282,0.001,0.0008,0.8,0.0894,0.0019,5,5,DP-PGM ε=4
HALLMARK_HEDGEHOG_SIGNALING,-0.0284,-0.0326,-0.0042,-0.0482,0.0077,0.0076,0.987,0.0654,0.0482,5,5,DP-PGM ε=4
HALLMARK_HEME_METABOLISM,0.1193,0.1429,0.0237,0.5786,0.0018,0.0016,0.8889,0.2167,0.0,5,5,DP-PGM ε=4
HALLMARK_HYPOXIA,0.1186,0.1392,0.0207,0.474,0.0025,0.0013,0.52,0.2431,0.0,5,5,DP-PGM ε=4
HALLMARK_IL2_STAT5_SIGNALING,0.1297,0.146,0.0163,0.4708,0.0013,0.0011,0.8462,0.18,0.0,5,5,DP-PGM ε=4
HALLMARK_IL6_JAK_STAT3_SIGNALING,0.1987,0.2269,0.0282,0.69,0.0021,0.0013,0.619,0.2638,0.0,5,5,DP-PGM ε=4
HALLMARK_INFLAMMATORY_RESPONSE,0.0284,0.0288,0.0004,0.0062,0.0046,0.0032,0.6957,0.0516,0.1959,5,5,DP-PGM ε=4
HALLMARK_INTERFERON_ALPHA_RESPONSE,0.1684,0.1879,0.0195,0.2145,0.0127,0.0039,0.3071,0.2167,0.0,5,5,DP-PGM ε=4
HALLMARK_INTERFERON_GAMMA_RESPONSE,0.0753,0.0847,0.0094,0.2003,0.0034,0.001,0.2941,0.2248,0.0,5,5,DP-PGM ε=4
HALLMARK_KRAS_SIGNALING_DN,-0.4172,-0.4781,-0.0609,-0.9601,0.0049,0.0031,0.6327,0.422,0.0,5,5,DP-PGM ε=4
HALLMARK_KRAS_SIGNALING_UP,-0.0129,-0.0228,-0.0098,-0.1642,0.0038,0.0033,0.8684,0.0986,0.0004,5,5,DP-PGM ε=4
HALLMARK_MITOTIC_SPINDLE,0.1159,0.1326,0.0167,0.413,0.0022,0.001,0.4545,0.2454,0.0,5,5,DP-PGM ε=4
HALLMARK_MTORC1_SIGNALING,0.1183,0.1348,0.0164,0.5512,0.0011,0.0007,0.6364,0.2867,0.0,5,5,DP-PGM ε=4
HALLMARK_MYC_TARGETS_V1,0.2337,0.2679,0.0342,0.7584,0.0024,0.0017,0.7083,0.336,0.0,5,5,DP-PGM ε=4
HALLMARK_MYC_TARGETS_V2,0.0821,0.0975,0.0154,0.2218,0.0056,0.004,0.7143,0.1491,0.0,5,5,DP-PGM ε=4
HALLMARK_MYOGENESIS,0.2552,0.2878,0.0326,0.5926,0.0029,0.0032,1.1034,0.2856,0.0,5,5,DP-PGM ε=4
HALLMARK_NOTCH_SIGNALING,0.162,0.1862,0.0243,0.3687,0.0046,0.004,0.8696,0.1571,0.0,5,5,DP-PGM ε=4
HALLMARK_OXIDATIVE_PHOSPHORYLATION,0.1,0.1187,0.0187,0.5222,0.0017,0.0009,0.5294,0.2947,0.0,5,5,DP-PGM ε=4
HALLMARK_P53_PATHWAY,0.003,0.0038,0.0008,0.0237,0.0011,0.001,0.9091,0.0562,0.1274,5,5,DP-PGM ε=4
HALLMARK_PANCREAS_BETA_CELLS,-0.2148,-0.2331,-0.0183,-0.1095,0.0269,0.029,1.0781,0.1663,0.0,5,5,DP-PGM ε=4
HALLMARK_PEROXISOME,0.0902,0.1055,0.0154,0.3393,0.0016,0.0025,1.5625,0.1709,0.0,5,5,DP-PGM ε=4
HALLMARK_PI3K_AKT_MTOR_SIGNALING,0.0921,0.1044,0.0123,0.3921,0.0009,0.0011,1.2222,0.1915,0.0,5,5,DP-PGM ε=4
HALLMARK_PROTEIN_SECRETION,0.2499,0.2882,0.0383,1.0839,0.0015,0.001,0.6667,0.4323,0.0,5,5,DP-PGM ε=4
HALLMARK_REACTIVE_OXYGEN_SPECIES_PATHWAY,0.0758,0.0935,0.0177,0.3098,0.0029,0.0036,1.2414,0.1479,0.0,5,5,DP-PGM ε=4
HALLMARK_SPERMATOGENESIS,-0.1095,-0.122,-0.0125,-0.1745,0.0061,0.0041,0.6721,0.0929,0.0011,5,5,DP-PGM ε=4
HALLMARK_TGF_BETA_SIGNALING,0.2149,0.253,0.0382,0.529,0.006,0.0044,0.7333,0.1778,0.0,5,5,DP-PGM ε=4
HALLMARK_TNFA_SIGNALING_VIA_NFKB,0.0845,0.1015,0.017,0.3159,0.0042,0.0016,0.381,0.2076,0.0,5,5,DP-PGM ε=4
HALLMARK_UNFOLDED_PROTEIN_RESPONSE,0.0986,0.1172,0.0186,0.6288,0.0009,0.0009,1.0,0.2603,0.0,5,5,DP-PGM ε=4
HALLMARK_UV_RESPONSE_DN,0.1406,0.1646,0.024,0.5155,0.0029,0.0014,0.4828,0.2259,0.0,5,5,DP-PGM ε=4
HALLMARK_UV_RESPONSE_UP,0.1011,0.115,0.0139,0.4606,0.0011,0.0007,0.6364,0.219,0.0,5,5,DP-PGM ε=4
HALLMARK_WNT_BETA_CATENIN_SIGNALING,0.0748,0.0738,-0.001,-0.0145,0.005,0.0053,1.06,0.047,0.2901,5,5,DP-PGM ε=4
HALLMARK_XENOBIOTIC_METABOLISM,0.0645,0.0741,0.0096,0.3048,0.001,0.0009,0.9,0.1491,0.0,5,5,DP-PGM ε=4
HALLMARK_ADIPOGENESIS,0.1367,0.1601,0.0234,0.7211,0.0012,0.0009,0.75,0.3088,0.0,3,3,DP-PGM ε=4
HALLMARK_ALLOGRAFT_REJECTION,0.0238,0.0271,0.0033,0.0585,0.0047,0.0018,0.383,0.1676,0.0,3,3,DP-PGM ε=4
HALLMARK_ANDROGEN_RESPONSE,0.1417,0.158,0.0163,0.3489,0.0022,0.0022,1.0,0.1458,0.0,3,3,DP-PGM ε=4
HALLMARK_ANGIOGENESIS,0.1966,0.2202,0.0236,0.3196,0.0049,0.006,1.2245,0.147,0.0,3,3,DP-PGM ε=4
HALLMARK_APICAL_JUNCTION,0.124,0.1442,0.0202,0.4999,0.0017,0.0015,0.8824,0.2158,0.0,3,3,DP-PGM ε=4
HALLMARK_APICAL_SURFACE,0.2567,0.297,0.0403,0.7749,0.0026,0.0029,1.1154,0.4317,0.0,3,3,DP-PGM ε=4
HALLMARK_APOPTOSIS,0.1477,0.1664,0.0187,0.8434,0.0006,0.0004,0.6667,0.3284,0.0,3,3,DP-PGM ε=4
HALLMARK_BILE_ACID_METABOLISM,-0.046,-0.0562,-0.0103,-0.1682,0.0038,0.0037,0.9737,0.1332,0.0,3,3,DP-PGM ε=4
HALLMARK_CHOLESTEROL_HOMEOSTASIS,-0.0735,-0.0846,-0.0111,-0.2263,0.0028,0.002,0.7143,0.0964,0.0006,3,3,DP-PGM ε=4
HALLMARK_COAGULATION,0.1079,0.1287,0.0208,0.2924,0.007,0.0032,0.4571,0.1573,0.0,3,3,DP-PGM ε=4
HALLMARK_COMPLEMENT,0.1345,0.1515,0.017,0.5189,0.0014,0.0008,0.5714,0.24,0.0,3,3,DP-PGM ε=4
HALLMARK_DNA_REPAIR,-0.0149,-0.0178,-0.0029,-0.0711,0.0022,0.001,0.4545,0.1171,0.0,3,3,DP-PGM ε=4
HALLMARK_E2F_TARGETS,0.0017,0.0057,0.0039,0.0558,0.0067,0.0033,0.4925,0.1848,0.0,3,3,DP-PGM ε=4
HALLMARK_EPITHELIAL_MESENCHYMAL_TRANSITION,0.2145,0.2436,0.029,0.5087,0.0044,0.0021,0.4773,0.217,0.0,3,3,DP-PGM ε=4
HALLMARK_ESTROGEN_RESPONSE_EARLY,0.1914,0.2189,0.0275,0.4475,0.004,0.0036,0.9,0.2124,0.0,3,3,DP-PGM ε=4
HALLMARK_ESTROGEN_RESPONSE_LATE,0.1396,0.1603,0.0208,0.6202,0.0013,0.0009,0.6923,0.2595,0.0,3,3,DP-PGM ε=4
HALLMARK_FATTY_ACID_METABOLISM,0.0016,0.0016,0.0,-0.0007,0.0024,0.0014,0.5833,0.0815,0.0061,3,3,DP-PGM ε=4
HALLMARK_G2M_CHECKPOINT,0.0372,0.0445,0.0073,0.1158,0.005,0.0029,0.58,0.1894,0.0,3,3,DP-PGM ε=4
HALLMARK_GLYCOLYSIS,0.0512,0.0577,0.0065,0.23,0.001,0.0006,0.6,0.1401,0.0,3,3,DP-PGM ε=4
HALLMARK_HEDGEHOG_SIGNALING,-0.0298,-0.0252,0.0046,0.0491,0.0076,0.0102,1.3421,0.0884,0.0022,3,3,DP-PGM ε=4
HALLMARK_HEME_METABOLISM,0.1186,0.1387,0.0201,0.5374,0.0018,0.001,0.5556,0.1963,0.0,3,3,DP-PGM ε=4
HALLMARK_HYPOXIA,0.1164,0.1388,0.0224,0.5279,0.0025,0.0011,0.44,0.2664,0.0,3,3,DP-PGM ε=4
HALLMARK_IL2_STAT5_SIGNALING,0.1291,0.1482,0.0191,0.516,0.0013,0.0014,1.0769,0.2365,0.0,3,3,DP-PGM ε=4
HALLMARK_IL6_JAK_STAT3_SIGNALING,0.1992,0.2308,0.0316,0.7525,0.002,0.0015,0.75,0.2836,0.0,3,3,DP-PGM ε=4
HALLMARK_INFLAMMATORY_RESPONSE,0.0281,0.0329,0.0048,0.0788,0.0048,0.0026,0.5417,0.1114,0.0,3,3,DP-PGM ε=4
HALLMARK_INTERFERON_ALPHA_RESPONSE,0.1698,0.1989,0.0291,0.3228,0.0126,0.0037,0.2937,0.2572,0.0,3,3,DP-PGM ε=4
HALLMARK_INTERFERON_GAMMA_RESPONSE,0.0762,0.0834,0.0072,0.1539,0.0034,0.001,0.2941,0.2124,0.0,3,3,DP-PGM ε=4
HALLMARK_KRAS_SIGNALING_DN,-0.4184,-0.4945,-0.076,-1.2613,0.0046,0.0027,0.587,0.5476,0.0,3,3,DP-PGM ε=4
HALLMARK_KRAS_SIGNALING_UP,-0.0148,-0.0206,-0.0058,-0.0996,0.0038,0.003,0.7895,0.0861,0.0031,3,3,DP-PGM ε=4
HALLMARK_MITOTIC_SPINDLE,0.1174,0.1397,0.0223,0.5292,0.0022,0.0013,0.5909,0.2526,0.0,3,3,DP-PGM ε=4
HALLMARK_MTORC1_SIGNALING,0.1184,0.1352,0.0168,0.5363,0.0011,0.0009,0.8182,0.256,0.0,3,3,DP-PGM ε=4
HALLMARK_MYC_TARGETS_V1,0.2354,0.2737,0.0383,0.8886,0.0023,0.0014,0.6087,0.4248,0.0,3,3,DP-PGM ε=4
HALLMARK_MYC_TARGETS_V2,0.0837,0.0905,0.0068,0.1079,0.0054,0.0026,0.4815,0.1515,0.0,3,3,DP-PGM ε=4
HALLMARK_MYOGENESIS,0.2537,0.2906,0.0369,0.7411,0.0028,0.0021,0.75,0.3031,0.0,3,3,DP-PGM ε=4
HALLMARK_NOTCH_SIGNALING,0.159,0.1873,0.0283,0.4224,0.0048,0.0042,0.875,0.1837,0.0,3,3,DP-PGM ε=4
HALLMARK_OXIDATIVE_PHOSPHORYLATION,0.0999,0.1122,0.0123,0.3304,0.0017,0.001,0.5882,0.1906,0.0,3,3,DP-PGM ε=4
HALLMARK_P53_PATHWAY,0.0018,0.0028,0.0011,0.0357,0.0011,0.0007,0.6364,0.0941,0.0009,3,3,DP-PGM ε=4
HALLMARK_PANCREAS_BETA_CELLS,-0.2174,-0.2301,-0.0126,-0.076,0.0278,0.0273,0.982,0.1378,0.0,3,3,DP-PGM ε=4
HALLMARK_PEROXISOME,0.0913,0.0993,0.0081,0.1938,0.0017,0.0018,1.0588,0.0827,0.0052,3,3,DP-PGM ε=4
HALLMARK_PI3K_AKT_MTOR_SIGNALING,0.0918,0.1034,0.0116,0.3502,0.0009,0.0013,1.4444,0.163,0.0,3,3,DP-PGM ε=4
HALLMARK_PROTEIN_SECRETION,0.25,0.2887,0.0388,0.9935,0.0015,0.0016,1.0667,0.3869,0.0,3,3,DP-PGM ε=4
HALLMARK_REACTIVE_OXYGEN_SPECIES_PATHWAY,0.0767,0.0943,0.0176,0.2926,0.0029,0.0044,1.5172,0.1343,0.0,3,3,DP-PGM ε=4
HALLMARK_SPERMATOGENESIS,-0.1081,-0.117,-0.0089,-0.123,0.0059,0.0045,0.7627,0.085,0.0037,3,3,DP-PGM ε=4
HALLMARK_TGF_BETA_SIGNALING,0.2143,0.2375,0.0232,0.3141,0.0059,0.005,0.8475,0.1022,0.0002,3,3,DP-PGM ε=4
HALLMARK_TNFA_SIGNALING_VIA_NFKB,0.0832,0.0934,0.0102,0.1817,0.0043,0.002,0.4651,0.1688,0.0,3,3,DP-PGM ε=4
HALLMARK_UNFOLDED_PROTEIN_RESPONSE,0.0987,0.1094,0.0107,0.3554,0.0008,0.001,1.25,0.1665,0.0,3,3,DP-PGM ε=4
HALLMARK_UV_RESPONSE_DN,0.1414,0.163,0.0216,0.4272,0.0029,0.0022,0.7586,0.1504,0.0,3,3,DP-PGM ε=4
HALLMARK_UV_RESPONSE_UP,0.1003,0.113,0.0127,0.4334,0.0011,0.0006,0.5455,0.225,0.0,3,3,DP-PGM ε=4
HALLMARK_WNT_BETA_CATENIN_SIGNALING,0.0732,0.082,0.0088,0.129,0.0051,0.0043,0.8431,0.0758,0.0135,3,3,DP-PGM ε=4
HALLMARK_XENOBIOTIC_METABOLISM,0.0636,0.0744,0.0108,0.3575,0.001,0.0008,0.8,0.1722,0.0,3,3,DP-PGM ε=4
HALLMARK_ADIPOGENESIS,0.1361,0.1525,0.0164,0.529,0.0012,0.0007,0.5833,0.225,0.0,1,1,DP-PGM ε=4
HALLMARK_ALLOGRAFT_REJECTION,0.0241,0.029,0.0049,0.0857,0.0046,0.002,0.4348,0.1848,0.0,1,1,DP-PGM ε=4
HALLMARK_ANDROGEN_RESPONSE,0.1415,0.1573,0.0158,0.3631,0.0021,0.0017,0.8095,0.1217,0.0,1,1,DP-PGM ε=4
HALLMARK_ANGIOGENESIS,0.1979,0.2214,0.0235,0.332,0.005,0.005,1.0,0.1561,0.0,1,1,DP-PGM ε=4
HALLMARK_APICAL_JUNCTION,0.1252,0.1369,0.0117,0.3109,0.0018,0.0011,0.6111,0.1906,0.0,1,1,DP-PGM ε=4
HALLMARK_APICAL_SURFACE,0.2564,0.2799,0.0235,0.4152,0.0026,0.0038,1.4615,0.3662,0.0,1,1,DP-PGM ε=4
HALLMARK_APOPTOSIS,0.1477,0.1667,0.0191,0.86,0.0005,0.0005,1.0,0.3387,0.0,1,1,DP-PGM ε=4
HALLMARK_BILE_ACID_METABOLISM,-0.0478,-0.0587,-0.0109,-0.1881,0.004,0.0027,0.675,0.1125,0.0,1,1,DP-PGM ε=4
HALLMARK_CHOLESTEROL_HOMEOSTASIS,-0.0747,-0.0824,-0.0077,-0.1549,0.0028,0.0021,0.75,0.07,0.0279,1,1,DP-PGM ε=4
HALLMARK_COAGULATION,0.1129,0.126,0.0132,0.1898,0.007,0.0026,0.3714,0.1504,0.0,1,1,DP-PGM ε=4
HALLMARK_COMPLEMENT,0.1345,0.1455,0.0109,0.3349,0.0014,0.0007,0.5,0.2078,0.0,1,1,DP-PGM ε=4
HALLMARK_DNA_REPAIR,-0.0161,-0.0144,0.0016,0.0412,0.0022,0.0009,0.4091,0.1481,0.0,1,1,DP-PGM ε=4
HALLMARK_E2F_TARGETS,-0.0011,0.0034,0.0045,0.0656,0.0067,0.0029,0.4328,0.1975,0.0,1,1,DP-PGM ε=4
HALLMARK_EPITHELIAL_MESENCHYMAL_TRANSITION,0.218,0.2434,0.0254,0.4732,0.0045,0.0013,0.2889,0.2514,0.0,1,1,DP-PGM ε=4
HALLMARK_ESTROGEN_RESPONSE_EARLY,0.1906,0.2156,0.025,0.4468,0.004,0.0022,0.55,0.1458,0.0,1,1,DP-PGM ε=4
HALLMARK_ESTROGEN_RESPONSE_LATE,0.1382,0.1544,0.0162,0.4618,0.0013,0.0012,0.9231,0.2101,0.0,1,1,DP-PGM ε=4
HALLMARK_FATTY_ACID_METABOLISM,0.0001,0.0029,0.0028,0.0651,0.0024,0.0014,0.5833,0.0873,0.0026,1,1,DP-PGM ε=4
HALLMARK_G2M_CHECKPOINT,0.0353,0.0434,0.008,0.1299,0.005,0.0026,0.52,0.178,0.0,1,1,DP-PGM ε=4
HALLMARK_GLYCOLYSIS,0.0511,0.0562,0.0051,0.1578,0.0009,0.0011,1.2222,0.0999,0.0003,1,1,DP-PGM ε=4
HALLMARK_HEDGEHOG_SIGNALING,-0.0273,-0.0288,-0.0015,-0.0165,0.0075,0.0082,1.0933,0.0425,0.4116,1,1,DP-PGM ε=4
HALLMARK_HEME_METABOLISM,0.12,0.1376,0.0176,0.4509,0.0017,0.0014,0.8235,0.163,0.0,1,1,DP-PGM ε=4
HALLMARK_HYPOXIA,0.1182,0.1321,0.0139,0.3258,0.0026,0.001,0.3846,0.2113,0.0,1,1,DP-PGM ε=4
HALLMARK_IL2_STAT5_SIGNALING,0.1297,0.1481,0.0184,0.5258,0.0013,0.0011,0.8462,0.2273,0.0,1,1,DP-PGM ε=4
HALLMARK_IL6_JAK_STAT3_SIGNALING,0.1997,0.2237,0.024,0.5953,0.0021,0.0012,0.5714,0.2583,0.0,1,1,DP-PGM ε=4
HALLMARK_INFLAMMATORY_RESPONSE,0.0292,0.0326,0.0034,0.0582,0.0048,0.0021,0.4375,0.132,0.0,1,1,DP-PGM ε=4
HALLMARK_INTERFERON_ALPHA_RESPONSE,0.1668,0.194,0.0272,0.2993,0.0128,0.0038,0.2969,0.2354,0.0,1,1,DP-PGM ε=4
HALLMARK_INTERFERON_GAMMA_RESPONSE,0.0751,0.0833,0.0082,0.1742,0.0033,0.0011,0.3333,0.2078,0.0,1,1,DP-PGM ε=4
HALLMARK_KRAS_SIGNALING_DN,-0.4178,-0.4757,-0.0579,-0.9318,0.0047,0.003,0.6383,0.4168,0.0,1,1,DP-PGM ε=4
HALLMARK_KRAS_SIGNALING_UP,-0.0127,-0.0223,-0.0095,-0.1651,0.0039,0.0028,0.7179,0.1125,0.0,1,1,DP-PGM ε=4
HALLMARK_MITOTIC_SPINDLE,0.1172,0.1393,0.0222,0.5108,0.0022,0.0015,0.6818,0.2377,0.0,1,1,DP-PGM ε=4
HALLMARK_MTORC1_SIGNALING,0.1178,0.1315,0.0137,0.4616,0.0011,0.0007,0.6364,0.2583,0.0,1,1,DP-PGM ε=4
HALLMARK_MYC_TARGETS_V1,0.2336,0.2611,0.0276,0.6299,0.0023,0.0016,0.6957,0.3008,0.0,1,1,DP-PGM ε=4
HALLMARK_MYC_TARGETS_V2,0.0803,0.0965,0.0163,0.2427,0.0055,0.0035,0.6364,0.1642,0.0,1,1,DP-PGM ε=4
HALLMARK_MYOGENESIS,0.2554,0.2782,0.0228,0.4342,0.0028,0.0027,0.9643,0.1676,0.0,1,1,DP-PGM ε=4
HALLMARK_NOTCH_SIGNALING,0.1636,0.1816,0.0179,0.2735,0.0049,0.0037,0.7551,0.1355,0.0,1,1,DP-PGM ε=4
HALLMARK_OXIDATIVE_PHOSPHORYLATION,0.0978,0.1077,0.0099,0.2818,0.0017,0.0008,0.4706,0.1825,0.0,1,1,DP-PGM ε=4
HALLMARK_P53_PATHWAY,0.0022,0.0035,0.0013,0.043,0.0011,0.0008,0.7273,0.0631,0.062,1,1,DP-PGM ε=4
HALLMARK_PANCREAS_BETA_CELLS,-0.2149,-0.2395,-0.0246,-0.1494,0.0253,0.0289,1.1423,0.2067,0.0,1,1,DP-PGM ε=4
HALLMARK_PEROXISOME,0.0896,0.0984,0.0088,0.2183,0.0017,0.0015,0.8824,0.0873,0.0026,1,1,DP-PGM ε=4
HALLMARK_PI3K_AKT_MTOR_SIGNALING,0.0918,0.1037,0.012,0.3854,0.0009,0.001,1.1111,0.1734,0.0,1,1,DP-PGM ε=4
HALLMARK_PROTEIN_SECRETION,0.2493,0.2795,0.0301,0.8314,0.0015,0.0011,0.7333,0.3169,0.0,1,1,DP-PGM ε=4
HALLMARK_REACTIVE_OXYGEN_SPECIES_PATHWAY,0.0749,0.0909,0.0159,0.2727,0.0029,0.0039,1.3448,0.1596,0.0,1,1,DP-PGM ε=4
HALLMARK_SPERMATOGENESIS,-0.1106,-0.1198,-0.0092,-0.1288,0.0061,0.004,0.6557,0.0987,0.0004,1,1,DP-PGM ε=4
HALLMARK_TGF_BETA_SIGNALING,0.2182,0.2389,0.0207,0.2916,0.0058,0.0043,0.7414,0.1022,0.0002,1,1,DP-PGM ε=4
HALLMARK_TNFA_SIGNALING_VIA_NFKB,0.084,0.096,0.012,0.2296,0.0043,0.0012,0.2791,0.2354,0.0,1,1,DP-PGM ε=4
HALLMARK_UNFOLDED_PROTEIN_RESPONSE,0.0985,0.1182,0.0197,0.6448,0.0009,0.001,1.1111,0.2721,0.0,1,1,DP-PGM ε=4
HALLMARK_UV_RESPONSE_DN,0.1421,0.1564,0.0143,0.2772,0.0029,0.0024,0.8276,0.1561,0.0,1,1,DP-PGM ε=4
HALLMARK_UV_RESPONSE_UP,0.0994,0.1086,0.0092,0.3119,0.0011,0.0006,0.5455,0.1825,0.0,1,1,DP-PGM ε=4
HALLMARK_WNT_BETA_CATENIN_SIGNALING,0.0752,0.081,0.0058,0.0807,0.0052,0.005,0.9615,0.0482,0.2633,1,1,DP-PGM ε=4
HALLMARK_XENOBIOTIC_METABOLISM,0.0628,0.0656,0.0028,0.0821,0.0011,0.0013,1.1818,0.062,0.0703,1,1,DP-PGM ε=4
HALLMARK_ADIPOGENESIS,0.1441,0.1573,0.0131,0.381,0.0013,0.001,0.7692,0.1653,0.0,2,2,DP-PGM ε=4
HALLMARK_ALLOGRAFT_REJECTION,0.0268,0.0279,0.0011,0.0186,0.0054,0.0015,0.2778,0.1894,0.0,2,2,DP-PGM ε=4
HALLMARK_ANDROGEN_RESPONSE,0.149,0.1625,0.0135,0.29,0.0024,0.002,0.8333,0.0987,0.0004,2,2,DP-PGM ε=4
HALLMARK_ANGIOGENESIS,0.2064,0.217,0.0106,0.1417,0.0057,0.0055,0.9649,0.0827,0.0052,2,2,DP-PGM ε=4
HALLMARK_APICAL_JUNCTION,0.1321,0.1441,0.012,0.2889,0.002,0.0015,0.75,0.1378,0.0,2,2,DP-PGM ε=4
HALLMARK_APICAL_SURFACE,0.2711,0.2859,0.0149,0.2547,0.0028,0.004,1.4286,0.2526,0.0,2,2,DP-PGM ε=4
HALLMARK_APOPTOSIS,0.1559,0.1695,0.0136,0.5671,0.0006,0.0006,1.0,0.2503,0.0,2,2,DP-PGM ε=4
HALLMARK_BILE_ACID_METABOLISM,-0.0486,-0.0567,-0.008,-0.1288,0.0044,0.0034,0.7727,0.0953,0.0007,2,2,DP-PGM ε=4
HALLMARK_CHOLESTEROL_HOMEOSTASIS,-0.0789,-0.0826,-0.0037,-0.0725,0.0032,0.002,0.625,0.0666,0.042,2,2,DP-PGM ε=4
HALLMARK_COAGULATION,0.1149,0.1271,0.0122,0.1647,0.008,0.0029,0.3625,0.1447,0.0,2,2,DP-PGM ε=4
HALLMARK_COMPLEMENT,0.143,0.1525,0.0095,0.276,0.0016,0.0008,0.5,0.186,0.0,2,2,DP-PGM ε=4
HALLMARK_DNA_REPAIR,-0.0173,-0.0127,0.0046,0.1119,0.0025,0.0009,0.36,0.1688,0.0,2,2,DP-PGM ε=4
HALLMARK_E2F_TARGETS,-0.0017,-0.0023,-0.0006,-0.008,0.0074,0.0026,0.3514,0.1986,0.0,2,2,DP-PGM ε=4
HALLMARK_EPITHELIAL_MESENCHYMAL_TRANSITION,0.227,0.2453,0.0183,0.3182,0.005,0.0015,0.3,0.2239,0.0,2,2,DP-PGM ε=4
HALLMARK_ESTROGEN_RESPONSE_EARLY,0.2013,0.2216,0.0204,0.309,0.0045,0.0042,0.9333,0.1447,0.0,2,2,DP-PGM ε=4
HALLMARK_ESTROGEN_RESPONSE_LATE,0.1461,0.1593,0.0133,0.3592,0.0014,0.0013,0.9286,0.1757,0.0,2,2,DP-PGM ε=4
HALLMARK_FATTY_ACID_METABOLISM,0.0003,-0.0052,-0.0055,-0.123,0.0027,0.0013,0.4815,0.1297,0.0,2,2,DP-PGM ε=4
HALLMARK_G2M_CHECKPOINT,0.037,0.0377,0.0007,0.0102,0.0056,0.0026,0.4643,0.1527,0.0,2,2,DP-PGM ε=4
HALLMARK_GLYCOLYSIS,0.0527,0.0576,0.0049,0.1669,0.001,0.0007,0.7,0.1171,0.0,2,2,DP-PGM ε=4
HALLMARK_HEDGEHOG_SIGNALING,-0.0274,-0.0222,0.0053,0.0571,0.0087,0.0083,0.954,0.0597,0.0897,2,2,DP-PGM ε=4
HALLMARK_HEME_METABOLISM,0.1267,0.1391,0.0124,0.3105,0.0019,0.0013,0.6842,0.1171,0.0,2,2,DP-PGM ε=4
HALLMARK_HYPOXIA,0.1238,0.1335,0.0098,0.2199,0.0028,0.0011,0.3929,0.178,0.0,2,2,DP-PGM ε=4
HALLMARK_IL2_STAT5_SIGNALING,0.1373,0.1463,0.009,0.2285,0.0015,0.0016,1.0667,0.1584,0.0,2,2,DP-PGM ε=4
HALLMARK_IL6_JAK_STAT3_SIGNALING,0.2111,0.2358,0.0247,0.5692,0.0024,0.0014,0.5833,0.2101,0.0,2,2,DP-PGM ε=4
HALLMARK_INFLAMMATORY_RESPONSE,0.0312,0.0292,-0.002,-0.0312,0.0054,0.0029,0.537,0.101,0.0003,2,2,DP-PGM ε=4
HALLMARK_INTERFERON_ALPHA_RESPONSE,0.1812,0.1915,0.0103,0.1112,0.0138,0.0035,0.2536,0.2113,0.0,2,2,DP-PGM ε=4
HALLMARK_INTERFERON_GAMMA_RESPONSE,0.0817,0.0898,0.0081,0.1664,0.0038,0.001,0.2632,0.225,0.0,2,2,DP-PGM ε=4
HALLMARK_KRAS_SIGNALING_DN,-0.4406,-0.4909,-0.0503,-0.7893,0.0053,0.0028,0.5283,0.3525,0.0,2,2,DP-PGM ε=4
HALLMARK_KRAS_SIGNALING_UP,-0.0152,-0.0259,-0.0107,-0.1708,0.0044,0.0034,0.7727,0.1148,0.0,2,2,DP-PGM ε=4
HALLMARK_MITOTIC_SPINDLE,0.1232,0.1388,0.0157,0.3726,0.0025,0.001,0.4,0.2308,0.0,2,2,DP-PGM ε=4
HALLMARK_MTORC1_SIGNALING,0.1242,0.139,0.0147,0.484,0.0012,0.0006,0.5,0.2939,0.0,2,2,DP-PGM ε=4
HALLMARK_MYC_TARGETS_V1,0.2461,0.2663,0.0201,0.4481,0.0025,0.0016,0.64,0.2319,0.0,2,2,DP-PGM ε=4
HALLMARK_MYC_TARGETS_V2,0.0859,0.0949,0.009,0.1308,0.0059,0.0036,0.6102,0.1228,0.0,2,2,DP-PGM ε=4
HALLMARK_MYOGENESIS,0.2686,0.2889,0.0203,0.3631,0.0032,0.003,0.9375,0.186,0.0,2,2,DP-PGM ε=4
HALLMARK_NOTCH_SIGNALING,0.1713,0.1978,0.0266,0.3871,0.0052,0.0042,0.8077,0.1607,0.0,2,2,DP-PGM ε=4
HALLMARK_OXIDATIVE_PHOSPHORYLATION,0.1037,0.1109,0.0072,0.1967,0.0018,0.0009,0.5,0.1619,0.0,2,2,DP-PGM ε=4
HALLMARK_P53_PATHWAY,0.0021,0.0009,-0.0011,-0.0339,0.0012,0.001,0.8333,0.0413,0.4465,2,2,DP-PGM ε=4
HALLMARK_PANCREAS_BETA_CELLS,-0.2281,-0.2412,-0.0131,-0.0783,0.0282,0.0274,0.9716,0.1332,0.0,2,2,DP-PGM ε=4
HALLMARK_PEROXISOME,0.0951,0.1014,0.0063,0.1432,0.0018,0.0021,1.1667,0.0792,0.0085,2,2,DP-PGM ε=4
HALLMARK_PI3K_AKT_MTOR_SIGNALING,0.0965,0.1049,0.0084,0.2436,0.0011,0.0013,1.1818,0.1389,0.0,2,2,DP-PGM ε=4
HALLMARK_PROTEIN_SECRETION,0.2637,0.2889,0.0253,0.6758,0.0016,0.0012,0.75,0.2652,0.0,2,2,DP-PGM ε=4
HALLMARK_REACTIVE_OXYGEN_SPECIES_PATHWAY,0.0809,0.0898,0.0089,0.1426,0.0033,0.0045,1.3636,0.1148,0.0,2,2,DP-PGM ε=4
HALLMARK_SPERMATOGENESIS,-0.1167,-0.1237,-0.0071,-0.1013,0.0067,0.0031,0.4627,0.1183,0.0,2,2,DP-PGM ε=4
HALLMARK_TGF_BETA_SIGNALING,0.2291,0.2486,0.0195,0.2678,0.0064,0.0042,0.6562,0.1228,0.0,2,2,DP-PGM ε=4
HALLMARK_TNFA_SIGNALING_VIA_NFKB,0.0902,0.098,0.0078,0.1328,0.0047,0.0022,0.4681,0.1286,0.0,2,2,DP-PGM ε=4
HALLMARK_UNFOLDED_PROTEIN_RESPONSE,0.1038,0.1184,0.0146,0.4577,0.001,0.0011,1.1,0.1952,0.0,2,2,DP-PGM ε=4
HALLMARK_UV_RESPONSE_DN,0.1502,0.1587,0.0085,0.1693,0.0032,0.0018,0.5625,0.124,0.0,2,2,DP-PGM ε=4
HALLMARK_UV_RESPONSE_UP,0.1062,0.1169,0.0107,0.34,0.0013,0.0007,0.5385,0.1917,0.0,2,2,DP-PGM ε=4
HALLMARK_WNT_BETA_CATENIN_SIGNALING,0.0789,0.0757,-0.0032,-0.046,0.0055,0.0042,0.7636,0.0631,0.062,2,2,DP-PGM ε=4
HALLMARK_XENOBIOTIC_METABOLISM,0.068,0.0719,0.004,0.1231,0.0012,0.0009,0.75,0.1045,0.0001,2,2,DP-PGM ε=4
